zone_id,hour_of_week,mean,std,n
1,5,1.0,0.0,1
1,6,1.0,0.0,1
1,10,1.0,0.0,2
1,13,1.2,0.4,5
1,14,1.0,0.0,1
1,15,1.0,0.0,2
1,16,1.0,0.0,2
1,17,1.0,0.0,1
1,18,1.0,0.0,3
1,19,1.0,0.0,1
1,20,1.0,0.0,1
1,32,1.0,0.0,1
1,33,1.0,0.0,2
1,35,1.0,0.0,1
1,36,1.0,0.0,1
1,37,1.0,0.0,1
1,38,1.0,0.0,3
1,39,3.0,0.0,1
1,40,1.0,0.0,1
1,41,1.0,0.0,1
1,46,1.0,0.0,1
1,52,1.0,0.0,1
1,55,1.0,0.0,1
1,58,1.0,0.0,1
1,59,1.0,0.0,1
1,61,1.0,0.0,1
1,62,1.3333333333333333,0.4714045207910317,3
1,63,1.3333333333333333,0.4714045207910317,3
1,64,1.0,0.0,3
1,65,1.0,0.0,1
1,66,1.0,0.0,1
1,70,1.0,0.0,1
1,73,1.0,0.0,1
1,75,1.0,0.0,1
1,80,1.0,0.0,1
1,81,1.0,0.0,2
1,86,1.0,0.0,2
1,87,1.0,0.0,2
1,88,1.0,0.0,2
1,89,1.0,0.0,2
1,90,1.5,0.5,2
1,91,1.0,0.0,1
1,92,1.0,0.0,1
1,94,1.0,0.0,1
1,99,1.0,0.0,1
1,101,1.0,0.0,1
1,102,1.0,0.0,1
1,103,2.5,1.5,2
1,104,1.0,0.0,1
1,105,2.0,0.0,1
1,107,1.0,0.0,2
1,108,1.0,0.0,5
1,110,1.0,0.0,2
1,111,1.0,0.0,1
1,113,1.5,0.8660254037844386,4
1,116,1.0,0.0,2
1,130,1.0,0.0,1
1,131,1.0,0.0,1
1,132,1.5,0.5,2
1,133,2.0,0.0,1
1,134,1.5,0.5,2
1,135,1.0,0.0,3
1,136,1.4,0.4898979485566356,5
1,137,1.0,0.0,2
1,138,1.0,0.0,3
1,139,1.0,0.0,1
1,140,1.0,0.0,1
1,147,1.0,0.0,1
1,148,1.0,0.0,1
1,152,1.5,0.5,2
1,154,1.0,0.0,3
1,155,1.0,0.0,1
1,156,1.0,0.0,1
1,157,1.3333333333333333,0.4714045207910317,3
1,158,1.0,0.0,4
1,159,1.3333333333333333,0.4714045207910317,3
1,160,1.6666666666666667,0.4714045207910317,3
1,161,1.6666666666666667,0.9428090415820634,3
1,162,1.0,0.0,3
1,163,1.0,0.0,3
1,164,1.0,0.0,1
2,37,1.0,0.0,1
2,71,1.0,0.0,1
2,101,1.0,0.0,1
2,113,1.0,0.0,1
3,1,1.0,0.0,1
3,4,1.0,0.0,1
3,5,1.0,0.0,1
3,6,1.0,0.0,1
3,8,1.0,0.0,1
3,9,1.0,0.0,1
3,10,1.0,0.0,1
3,11,1.0,0.0,3
3,12,1.0,0.0,1
3,13,1.0,0.0,2
3,14,1.0,0.0,1
3,15,1.0,0.0,1
3,18,2.0,0.0,1
3,27,1.0,0.0,1
3,28,1.0,0.0,1
3,29,1.0,0.0,3
3,30,1.0,0.0,2
3,31,1.0,0.0,1
3,32,1.0,0.0,5
3,33,1.0,0.0,2
3,34,1.5,0.5,2
3,35,1.25,0.4330127018922193,4
3,36,1.0,0.0,1
3,37,1.0,0.0,1
3,38,1.0,0.0,1
3,39,1.0,0.0,1
3,40,1.0,0.0,2
3,42,1.0,0.0,1
3,47,1.0,0.0,1
3,53,1.0,0.0,1
3,56,1.1666666666666667,0.3726779962499649,6
3,57,1.25,0.4330127018922193,4
3,58,2.0,0.0,1
3,59,1.0,0.0,2
3,60,1.0,0.0,2
3,61,1.0,0.0,3
3,62,1.0,0.0,3
3,63,1.0,0.0,1
3,64,1.0,0.0,1
3,68,1.0,0.0,1
3,69,1.0,0.0,1
3,76,1.0,0.0,1
3,77,1.0,0.0,3
3,78,1.0,0.0,1
3,79,1.0,0.0,1
3,80,1.25,0.4330127018922193,4
3,81,1.0,0.0,2
3,82,1.0,0.0,1
3,83,1.0,0.0,2
3,84,1.0,0.0,2
3,85,1.3333333333333333,0.4714045207910317,3
3,86,1.0,0.0,1
3,87,1.0,0.0,2
3,90,1.0,0.0,2
3,93,1.0,0.0,1
3,95,1.0,0.0,1
3,100,1.0,0.0,1
3,101,1.0,0.0,5
3,102,1.3333333333333333,0.4714045207910317,3
3,104,1.3333333333333333,0.4714045207910317,3
3,105,1.0,0.0,3
3,106,2.3333333333333335,0.4714045207910317,3
3,107,1.0,0.0,2
3,108,1.0,0.0,2
3,109,1.0,0.0,2
3,110,1.0,0.0,1
3,111,1.0,0.0,1
3,112,1.0,0.0,1
3,114,1.0,0.0,3
3,120,1.0,0.0,1
3,126,1.0,0.0,2
3,129,1.25,0.4330127018922193,4
3,130,2.0,0.0,1
3,131,1.0,0.0,1
3,133,1.0,0.0,2
3,135,1.0,0.0,1
3,137,1.0,0.0,1
3,138,1.0,0.0,4
3,149,1.0,0.0,1
3,150,1.0,0.0,1
3,151,1.0,0.0,1
3,152,1.0,0.0,2
3,153,1.0,0.0,1
3,157,1.0,0.0,2
3,158,1.0,0.0,1
3,159,1.0,0.0,1
3,160,1.0,0.0,3
3,161,1.0,0.0,1
3,162,1.0,0.0,1
3,164,1.0,0.0,2
3,166,1.0,0.0,1
3,167,1.0,0.0,1
4,0,2.1666666666666665,1.2133516482134197,6
4,1,1.5,0.5,2
4,2,2.0,0.816496580927726,3
4,3,1.0,0.0,2
4,4,1.0,0.0,2
4,5,1.3333333333333333,0.4714045207910317,3
4,6,1.6,0.4898979485566356,5
4,7,2.7142857142857144,1.1605769149479943,7
4,8,5.166666666666667,3.0230595245361753,6
4,9,3.5714285714285716,1.049781318335648,7
4,10,2.4285714285714284,0.9035079029052513,7
4,11,1.8571428571428572,0.6388765649999398,7
4,12,2.375,1.1110243021644486,8
4,13,2.7142857142857144,1.979486637221574,7
4,14,2.375,1.5761900266148114,8
4,15,3.3333333333333335,0.9428090415820634,6
4,16,3.2857142857142856,2.4327694808466287,7
4,17,3.6666666666666665,1.4907119849998598,6
4,18,2.375,0.9921567416492215,8
4,19,3.5714285714285716,1.8405855323893037,7
4,20,3.1666666666666665,0.8975274678557507,6
4,21,2.857142857142857,1.5518257844571737,7
4,22,3.857142857142857,1.6413036132965795,7
4,23,3.5,1.2583057392117916,6
4,24,2.375,1.1110243021644486,8
4,25,2.7142857142857144,0.6998542122237652,7
4,26,3.142857142857143,0.8329931278350429,7
4,27,1.25,0.4330127018922193,4
4,28,1.0,0.0,2
4,29,2.6666666666666665,2.3570226039551585,3
4,30,2.5,0.7637626158259734,6
4,31,3.2857142857142856,2.5475077857324298,7
4,32,7.0,2.0,7
4,33,3.625,2.117634293262177,8
4,34,2.75,1.0897247358851685,8
4,35,3.0,1.1952286093343936,7
4,36,2.0,0.7559289460184544,7
4,37,2.857142857142857,1.7261494247992246,7
4,38,4.125,1.7633419974582356,8
4,39,3.5,2.29128784747792,8
4,40,3.5,2.692582403567252,8
4,41,4.25,1.713913650100261,8
4,42,3.2857142857142856,2.1189138534559038,7
4,43,3.625,2.496873044429772,8
4,44,3.5714285714285716,1.6781914463529615,7
4,45,4.125,2.7128168017763383,8
4,46,10.0,3.9641248358604595,7
4,47,6.125,5.206666399914632,8
4,48,4.571428571428571,2.498979383505129,7
4,49,4.285714285714286,4.130523512800274,7
4,50,3.142857142857143,3.6811710647786073,7
4,51,2.0,1.0,2
4,52,2.3333333333333335,0.9428090415820634,3
4,53,3.0,0.0,1
4,54,2.5,1.6072751268321592,6
4,55,4.777777777777778,3.8232556742411674,9
4,56,5.625,1.653594569415369,8
4,57,4.555555555555555,2.266230894930126,9
4,58,2.888888888888889,1.0999438818457405,9
4,59,3.2222222222222223,1.3966450099973928,9
4,60,3.25,1.479019945774904,8
4,61,3.0,1.4142135623730951,9
4,62,2.875,1.0532687216470449,8
4,63,2.7777777777777777,2.042752923427804,9
4,64,3.25,1.1989578808281798,8
4,65,4.333333333333333,2.6246692913372702,9
4,66,6.111111111111111,2.5579698740491863,9
4,67,4.25,2.1065374432940898,8
4,68,4.888888888888889,2.5141574442188355,9
4,69,7.111111111111111,4.817662975261955,9
4,70,9.333333333333334,4.784233364802441,9
4,71,6.111111111111111,3.9283710065919304,9
4,72,5.555555555555555,3.235604395235786,9
4,73,4.375,3.4977671449083054,8
4,74,3.6,4.2708313008125245,5
4,75,1.75,1.299038105676658,4
4,76,1.6666666666666667,0.4714045207910317,3
4,77,1.25,0.4330127018922193,4
4,78,1.7142857142857142,0.880630571852711,7
4,79,4.0,1.8027756377319946,8
4,80,6.777777777777778,3.4889596595794625,9
4,81,5.0,2.9059326290271157,9
4,82,2.75,1.0897247358851685,8
4,83,2.4444444444444446,1.2570787221094177,9
4,84,2.857142857142857,1.5518257844571735,7
4,85,3.875,1.6153559979150107,8
4,86,4.714285714285714,2.4907993963089563,7
4,87,4.625,2.8695600708122493,8
4,88,2.857142857142857,1.2453996981544782,7
4,89,3.111111111111111,2.3306863292670035,9
4,90,6.222222222222222,4.184037863058385,9
4,91,3.888888888888889,1.5947444549341472,9
4,92,4.666666666666667,3.018461712712472,9
4,93,5.333333333333333,2.211083193570267,9
4,94,14.75,7.39509972887452,8
4,95,10.777777777777779,5.593205754956986,9
4,96,15.25,7.774155902733106,8
4,97,10.125,6.2935979375870525,8
4,98,7.375,3.5333235062756425,8
4,99,4.142857142857143,3.7579846965616874,7
4,100,2.6666666666666665,2.4267032964268394,6
4,101,1.6666666666666667,0.4714045207910317,3
4,102,2.4285714285714284,0.7284313590846836,7
4,103,3.8333333333333335,2.1147629234082532,6
4,104,4.333333333333333,3.39934634239519,9
4,105,4.5,3.122498999199199,8
4,106,3.75,2.222048604328897,8
4,107,2.25,1.0897247358851685,8
4,108,2.6666666666666665,2.3570226039551585,9
4,109,2.7777777777777777,2.698879511442471,9
4,110,5.0,5.220153254455275,8
4,111,5.111111111111111,4.6294814791110355,9
4,112,5.625,5.633327169621874,8
4,113,6.777777777777778,5.730576425878946,9
4,114,8.777777777777779,7.098947931094795,9
4,115,7.555555555555555,4.166296279833928,9
4,116,4.666666666666667,2.449489742783178,9
4,117,9.555555555555555,4.597369081239378,9
4,118,11.0,5.14241620684717,9
4,119,19.666666666666668,8.615231988880057,9
4,120,36.111111111111114,15.437648384851915,9
4,121,49.22222222222222,24.270593902808844,9
4,122,50.111111111111114,26.375259638298427,9
4,123,26.77777777777778,14.823238345979883,9
4,124,9.0,5.0990195135927845,9
4,125,1.4285714285714286,0.4948716593053935,7
4,126,1.5,0.8660254037844386,4
4,127,1.8,0.7483314773547883,5
4,128,1.4285714285714286,0.4948716593053935,7
4,129,3.2222222222222223,1.8121673811444545,9
4,130,2.875,1.0532687216470449,8
4,131,2.2857142857142856,1.2777531299998797,7
4,132,3.7777777777777777,1.617802197617893,9
4,133,3.857142857142857,1.5518257844571737,7
4,134,3.0,1.4907119849998598,9
4,135,4.0,1.9436506316151,9
4,136,6.666666666666667,4.346134936801766,9
4,137,7.888888888888889,5.384018417593652,9
4,138,8.444444444444445,7.0728135390397995,9
4,139,9.0,6.765927710061479,9
4,140,10.11111111111111,5.425135829214979,9
4,141,10.555555555555555,5.166367972250075,9
4,142,13.444444444444445,6.881716696534232,9
4,143,24.444444444444443,13.039351646382755,9
4,144,29.333333333333332,14.11854572303158,9
4,145,49.888888888888886,24.950815815851456,9
4,146,42.22222222222222,22.78780267198406,9
4,147,22.333333333333332,13.432961119739923,9
4,148,5.777777777777778,3.1894889098682944,9
4,149,2.75,1.920286436967152,4
4,150,1.6666666666666667,0.9428090415820634,3
4,151,1.3333333333333333,0.4714045207910317,3
4,152,1.5,0.5,6
4,153,1.8571428571428572,1.355261854357877,7
4,154,3.875,2.6190408549696205,8
4,155,3.625,2.057759704144291,8
4,156,4.857142857142857,3.681171064778607,7
4,157,4.125,3.7228181529588578,8
4,158,4.0,2.8722813232690143,8
4,159,4.888888888888889,4.254264382017032,9
4,160,4.555555555555555,1.640535895581489,9
4,161,5.444444444444445,1.4229164972072998,9
4,162,5.0,3.559026084010437,9
4,163,4.888888888888889,2.0245407953653998,9
4,164,3.2222222222222223,1.3966450099973928,9
4,165,3.7777777777777777,2.298684540619689,9
4,166,4.111111111111111,3.7251232476089355,9
4,167,2.0,0.7559289460184544,7
5,149,1.0,0.0,1
6,19,1.0,0.0,1
6,27,1.0,0.0,1
6,38,1.0,0.0,1
6,40,1.0,0.0,1
6,49,1.0,0.0,1
6,60,1.0,0.0,1
6,61,1.0,0.0,1
6,63,1.0,0.0,1
6,71,1.0,0.0,1
6,96,1.0,0.0,1
6,110,1.0,0.0,1
6,113,1.0,0.0,1
6,118,1.0,0.0,1
6,119,1.0,0.0,1
6,124,1.0,0.0,1
6,147,1.0,0.0,1
6,164,1.0,0.0,1
7,0,3.0,2.6186146828319083,7
7,1,1.75,0.82915619758885,4
7,2,1.25,0.4330127018922193,4
7,3,2.0,1.5491933384829668,5
7,4,3.2,3.4871191548325386,5
7,5,1.8,0.4,5
7,6,2.4285714285714284,1.178030178747903,7
7,7,5.25,6.475916923494309,8
7,8,5.0,2.0,8
7,9,2.857142857142857,1.4568627181693672,7
7,10,1.875,0.5994789404140899,8
7,11,3.375,2.057759704144291,8
7,12,3.7142857142857144,0.880630571852711,7
7,13,2.625,1.4086784586980805,8
7,14,2.7142857142857144,0.6998542122237652,7
7,15,2.5,1.0,8
7,16,1.7142857142857142,1.0301575072754257,7
7,17,2.0,1.3228756555322954,8
7,18,1.7142857142857142,0.6998542122237652,7
7,19,1.2,0.4,5
7,20,1.0,0.0,4
7,21,1.4,0.4898979485566356,5
7,22,1.125,0.33071891388307384,8
7,23,1.6666666666666667,0.7453559924999299,6
7,24,2.125,1.5360257159305635,8
7,25,1.0,0.0,3
7,26,1.0,0.0,1
7,27,1.3333333333333333,0.4714045207910317,3
7,28,2.142857142857143,1.1248582677159729,7
7,29,2.0,1.0,6
7,30,1.1666666666666667,0.3726779962499649,6
7,31,2.7142857142857144,2.602981022612657,7
7,32,3.375,1.5761900266148114,8
7,33,3.2857142857142856,1.6659862556700857,7
7,34,2.857142857142857,1.355261854357877,7
7,35,3.4285714285714284,1.5907898179514348,7
7,36,3.125,1.899835519196333,8
7,37,2.7142857142857144,1.0301575072754257,7
7,38,1.5714285714285714,0.7284313590846836,7
7,39,2.1666666666666665,1.2133516482134197,6
7,40,2.8333333333333335,1.7716909687891083,6
7,41,2.5714285714285716,1.498298354528788,7
7,42,2.0,1.0690449676496976,7
7,43,1.7142857142857142,0.45175395145262565,7
7,44,2.2857142857142856,0.880630571852711,7
7,45,1.6,0.4898979485566356,5
7,46,1.75,1.299038105676658,4
7,47,1.8,0.9797958971132713,5
7,48,1.1428571428571428,0.3499271061118826,7
7,49,1.0,0.0,5
7,50,1.6,0.8,5
7,51,1.0,0.0,3
7,52,1.3333333333333333,0.7453559924999299,6
7,53,2.5714285714285716,1.3997084244475304,7
7,54,2.625,1.1110243021644486,8
7,55,2.2222222222222223,1.4740554623801776,9
7,56,5.666666666666667,2.403700850309326,9
7,57,3.3333333333333335,1.9436506316150999,9
7,58,3.0,1.224744871391589,8
7,59,4.375,2.2878756522153907,8
7,60,3.3333333333333335,1.8856180831641267,9
7,61,4.375,2.7357585785299112,8
7,62,2.5555555555555554,1.0657403385139377,9
7,63,3.125,1.8328597873268975,8
7,64,2.75,1.0897247358851685,8
7,65,1.7142857142857142,1.0301575072754254,7
7,66,1.3333333333333333,0.4714045207910317,6
7,67,1.5714285714285714,1.049781318335648,7
7,68,1.5714285714285714,0.7284313590846835,7
7,69,1.875,1.3635890143294642,8
7,70,1.6666666666666667,0.4714045207910317,6
7,71,2.3333333333333335,1.3743685418725535,6
7,72,2.2857142857142856,1.577908716741037,7
7,73,2.0,1.0954451150103321,5
7,74,1.4285714285714286,0.7284313590846835,7
7,75,1.5,0.5,6
7,76,2.142857142857143,0.989743318610787,7
7,77,2.142857142857143,1.355261854357877,7
7,78,2.3333333333333335,1.5634719199411433,9
7,79,2.5,1.118033988749895,8
7,80,3.111111111111111,1.852592444503674,9
7,81,2.75,1.0897247358851685,8
7,82,2.4444444444444446,1.1653431646335017,9
7,83,4.0,1.632993161855452,9
7,84,3.75,1.1989578808281798,8
7,85,2.625,1.4947825928876748,8
7,86,2.888888888888889,1.1967032904743342,9
7,87,3.111111111111111,1.4487116456005886,9
7,88,3.25,0.9682458365518543,8
7,89,2.4285714285714284,1.7612611437054215,7
7,90,2.2222222222222223,1.3966450099973926,9
7,91,1.6,0.4898979485566356,5
7,92,2.0,1.0,8
7,93,1.625,0.6959705453537527,8
7,94,2.2857142857142856,1.0301575072754257,7
7,95,2.4444444444444446,1.1653431646335017,9
7,96,1.8571428571428572,1.355261854357877,7
7,97,1.5714285714285714,0.9035079029052512,7
7,98,1.5714285714285714,0.4948716593053935,7
7,99,1.4,0.4898979485566356,5
7,100,2.0,1.3093073414159542,7
7,101,1.8571428571428572,0.6388765649999398,7
7,102,1.5714285714285714,0.7284313590846835,7
7,103,2.7142857142857144,1.2777531299998797,7
7,104,3.0,1.5634719199411433,9
7,105,2.4285714285714284,1.3997084244475304,7
7,106,2.142857142857143,0.9897433186107869,7
7,107,2.0,0.7071067811865476,8
7,108,3.0,2.309401076758503,9
7,109,4.625,2.394655507583502,8
7,110,2.3333333333333335,0.816496580927726,9
7,111,3.5555555555555554,1.4229164972072998,9
7,112,2.625,1.3169567191065923,8
7,113,3.125,1.165922381636102,8
7,114,3.142857142857143,1.124858267715973,7
7,115,2.6666666666666665,1.699673171197595,6
7,116,2.0,1.1547005383792515,6
7,117,2.75,1.1989578808281798,8
7,118,2.75,1.299038105676658,4
7,119,2.857142857142857,2.5872528966106905,7
7,120,2.25,1.713913650100261,8
7,121,2.625,1.1110243021644486,8
7,122,2.25,1.0897247358851685,8
7,123,2.75,1.8540496217739157,8
7,124,3.5,2.345207879911715,8
7,125,2.3333333333333335,0.9428090415820634,6
7,126,2.375,1.1110243021644486,8
7,127,2.111111111111111,1.0999438818457405,9
7,128,3.111111111111111,1.4487116456005886,9
7,129,3.111111111111111,0.9938079899999066,9
7,130,3.2222222222222223,1.547598697464902,9
7,131,2.625,0.8569568250501305,8
7,132,3.0,1.4907119849998598,9
7,133,3.0,1.7728105208558367,7
7,134,2.7777777777777777,2.096440251568134,9
7,135,3.0,2.309401076758503,9
7,136,3.111111111111111,1.5947444549341472,9
7,137,2.6666666666666665,1.4907119849998598,9
7,138,2.3333333333333335,0.6666666666666666,9
7,139,2.0,1.0,8
7,140,1.75,0.82915619758885,8
7,141,2.5714285714285716,1.178030178747903,7
7,142,2.5714285714285716,0.9035079029052513,7
7,143,3.2222222222222223,2.199887763691481,9
7,144,3.875,3.7228181529588578,8
7,145,3.75,1.984313483298443,8
7,146,3.4285714285714284,4.370588154508101,7
7,147,2.125,1.2686114456365274,8
7,148,2.6666666666666665,1.4142135623730951,9
7,149,1.875,0.7806247497997998,8
7,150,1.75,0.82915619758885,8
7,151,1.875,0.7806247497997998,8
7,152,3.2222222222222223,1.8121673811444545,9
7,153,3.142857142857143,1.5518257844571737,7
7,154,2.625,1.3169567191065923,8
7,155,3.2857142857142856,0.880630571852711,7
7,156,2.875,1.3635890143294642,8
7,157,3.0,1.3093073414159542,7
7,158,2.875,1.4523687548277813,8
7,159,3.111111111111111,1.852592444503674,9
7,160,2.4285714285714284,1.049781318335648,7
7,161,1.375,0.6959705453537527,8
7,162,3.857142857142857,2.2946254863155726,7
7,163,2.6666666666666665,2.6666666666666665,9
7,164,3.25,4.866980583482946,8
7,165,3.7777777777777777,3.010270485365348,9
7,166,4.857142857142857,3.0904725218262765,7
7,167,3.875,4.166458328124739,8
8,0,1.0,0.0,1
8,12,1.0,0.0,1
8,13,1.0,0.0,1
8,34,1.0,0.0,1
8,37,1.0,0.0,1
8,39,1.0,0.0,1
8,49,1.0,0.0,1
8,56,1.0,0.0,1
8,58,1.0,0.0,1
8,62,1.0,0.0,1
8,63,1.0,0.0,1
8,65,1.0,0.0,1
8,88,1.0,0.0,1
8,90,1.0,0.0,1
8,92,1.0,0.0,1
8,97,1.0,0.0,1
8,109,1.0,0.0,1
8,112,1.0,0.0,1
8,113,1.0,0.0,1
8,120,1.0,0.0,1
8,139,1.0,0.0,1
8,144,1.0,0.0,1
8,155,1.0,0.0,1
8,157,1.0,0.0,1
8,158,1.0,0.0,2
8,159,1.0,0.0,1
8,160,1.0,0.0,1
8,163,1.0,0.0,1
8,164,1.0,0.0,1
8,165,1.0,0.0,1
8,166,1.0,0.0,1
9,4,1.0,0.0,1
9,5,1.0,0.0,2
9,7,1.0,0.0,1
9,9,1.0,0.0,1
9,11,1.0,0.0,1
9,12,1.0,0.0,2
9,13,2.0,0.0,1
9,14,1.0,0.0,1
9,18,1.0,0.0,1
9,28,1.0,0.0,1
9,29,1.0,0.0,2
9,33,1.0,0.0,2
9,34,1.5,0.5,2
9,36,2.0,0.0,1
9,38,1.5,0.5,2
9,47,1.0,0.0,1
9,52,1.0,0.0,2
9,53,1.0,0.0,2
9,54,1.0,0.0,1
9,57,1.3333333333333333,0.4714045207910317,3
9,59,1.0,0.0,3
9,60,1.5,0.7637626158259734,6
9,61,1.6,0.4898979485566356,5
9,62,1.0,0.0,2
9,65,1.0,0.0,1
9,66,1.0,0.0,2
9,76,1.0,0.0,2
9,77,1.0,0.0,4
9,79,1.0,0.0,1
9,80,2.0,0.0,1
9,84,1.0,0.0,1
9,86,2.0,0.0,1
9,87,2.0,0.0,1
9,91,1.0,0.0,1
9,102,1.0,0.0,2
9,104,1.0,0.0,2
9,105,1.0,0.0,2
9,107,1.0,0.0,1
9,108,1.0,0.0,1
9,109,1.0,0.0,3
9,110,1.0,0.0,2
9,112,1.0,0.0,1
9,113,1.0,0.0,1
9,114,1.0,0.0,3
9,115,1.0,0.0,1
9,119,3.0,0.0,1
9,121,1.0,0.0,1
9,128,1.0,0.0,1
9,129,1.0,0.0,2
9,134,1.0,0.0,2
9,138,1.0,0.0,1
9,145,1.0,0.0,1
9,152,1.5,0.5,2
9,157,1.0,0.0,1
9,162,1.0,0.0,2
10,0,1.3333333333333333,0.4714045207910317,3
10,1,1.0,0.0,3
10,2,1.0,0.0,1
10,5,1.8,0.7483314773547883,5
10,6,2.0,1.0690449676496976,7
10,7,2.0,1.2649110640673518,5
10,8,2.4285714285714284,1.498298354528788,7
10,9,1.6666666666666667,0.9428090415820634,3
10,10,1.3333333333333333,0.4714045207910317,3
10,11,1.8333333333333333,0.6871842709362768,6
10,12,2.3333333333333335,1.3743685418725535,6
10,13,2.142857142857143,1.2453996981544782,7
10,14,3.0,2.2038926600773587,7
10,15,2.2857142857142856,1.0301575072754257,7
10,16,3.25,1.1989578808281798,8
10,17,2.4,1.9595917942265424,5
10,18,1.75,1.299038105676658,4
10,19,2.4285714285714284,1.2936264483053452,7
10,20,1.4,0.4898979485566356,5
10,21,1.7142857142857142,0.6998542122237652,7
10,22,1.5714285714285714,1.049781318335648,7
10,23,1.4,0.4898979485566356,5
10,24,1.25,0.4330127018922193,4
10,28,1.0,0.0,1
10,29,1.375,0.6959705453537527,8
10,30,2.2,1.16619037896906,5
10,31,4.0,2.0976176963403033,5
10,32,1.7142857142857142,0.6998542122237652,7
10,33,2.0,1.0,4
10,34,3.3333333333333335,0.9428090415820634,3
10,35,2.0,0.816496580927726,6
10,36,1.5,0.7637626158259734,6
10,37,1.1666666666666667,0.3726779962499649,6
10,38,1.8571428571428572,0.6388765649999398,7
10,39,1.5,0.7637626158259734,6
10,40,4.125,1.3635890143294642,8
10,41,1.6666666666666667,0.74535599249993,6
10,42,1.875,1.0532687216470449,8
10,43,2.0,0.816496580927726,6
10,44,1.8333333333333333,0.6871842709362768,6
10,45,2.0,0.6324555320336759,5
10,46,1.1666666666666667,0.3726779962499649,6
10,47,1.5,0.5,4
10,48,1.3333333333333333,0.4714045207910317,3
10,49,1.0,0.0,1
10,51,1.0,0.0,1
10,53,1.7142857142857142,0.6998542122237652,7
10,54,2.4,1.3564659966250536,5
10,55,2.4444444444444446,1.1653431646335017,9
10,56,1.875,0.7806247497997998,8
10,57,1.7142857142857142,0.6998542122237652,7
10,58,1.5,0.8660254037844386,4
10,59,2.0,1.6903085094570331,7
10,60,2.0,0.5345224838248488,7
10,61,2.0,1.2649110640673518,5
10,62,2.875,0.7806247497997998,8
10,63,2.6666666666666665,1.0540925533894598,9
10,64,4.125,2.027159342528357,8
10,65,1.5,0.5,6
10,66,2.142857142857143,0.8329931278350429,7
10,67,2.111111111111111,1.1967032904743342,9
10,68,1.5714285714285714,0.7284313590846836,7
10,69,1.25,0.4330127018922193,4
10,70,1.3333333333333333,0.4714045207910317,6
10,71,1.0,0.0,4
10,72,1.5,0.5,2
10,73,1.0,0.0,1
10,76,1.0,0.0,5
10,77,1.1428571428571428,0.3499271061118826,7
10,78,2.0,0.8660254037844386,8
10,79,2.0,1.1952286093343936,7
10,80,1.8571428571428572,0.8329931278350429,7
10,81,1.875,0.7806247497997998,8
10,82,2.142857142857143,0.989743318610787,7
10,83,1.3333333333333333,0.4714045207910317,6
10,84,2.2857142857142856,0.6998542122237652,7
10,85,2.8333333333333335,1.7716909687891083,6
10,86,2.875,1.165922381636102,8
10,87,2.625,0.8569568250501305,8
10,88,4.25,1.3919410907075054,8
10,89,1.1666666666666667,0.3726779962499649,6
10,90,2.1666666666666665,0.6871842709362768,6
10,91,2.2857142857142856,1.0301575072754257,7
10,92,1.8571428571428572,0.989743318610787,7
10,93,1.6666666666666667,0.7453559924999299,6
10,94,1.7142857142857142,0.45175395145262565,7
10,95,1.4,0.8000000000000002,5
10,96,1.0,0.0,1
10,97,1.0,0.0,3
10,98,1.0,0.0,2
10,100,1.0,0.0,1
10,101,1.5,0.5,6
10,102,2.2857142857142856,1.749635530559413,7
10,103,2.4444444444444446,1.2570787221094177,9
10,104,2.3333333333333335,1.247219128924647,6
10,105,2.0,0.8944271909999159,5
10,106,1.8,0.4,5
10,107,2.0,0.816496580927726,6
10,108,1.8333333333333333,1.0671873729054748,6
10,109,2.0,0.9258200997725514,7
10,110,2.2222222222222223,0.9162456945817024,9
10,111,2.125,1.2686114456365274,8
10,112,4.125,2.368411915187052,8
10,113,2.0,0.816496580927726,6
10,114,1.5555555555555556,0.4969039949999533,9
10,115,2.2857142857142856,1.0301575072754257,7
10,116,1.625,0.9921567416492215,8
10,117,1.75,0.82915619758885,8
10,118,1.8571428571428572,0.8329931278350429,7
10,119,1.2,0.4000000000000001,5
10,120,2.0,0.0,2
10,122,1.0,0.0,1
10,124,1.0,0.0,4
10,125,1.0,0.0,3
10,126,1.6,0.8,5
10,127,1.2857142857142858,0.45175395145262565,7
10,128,2.142857142857143,1.2453996981544782,7
10,129,1.4285714285714286,0.4948716593053935,7
10,130,1.5,0.7637626158259734,6
10,131,1.375,0.6959705453537527,8
10,132,1.25,0.4330127018922193,4
10,133,1.5714285714285714,0.7284313590846836,7
10,134,2.0,1.0,6
10,135,3.5,2.140872096444188,6
10,136,2.0,1.247219128924647,9
10,137,1.7142857142857142,1.0301575072754254,7
10,138,1.6666666666666667,0.6666666666666666,9
10,139,2.625,1.3169567191065923,8
10,140,1.8,1.1661903789690602,5
10,141,1.0,0.0,6
10,142,1.7142857142857142,1.0301575072754254,7
10,143,1.6666666666666667,0.74535599249993,6
10,144,1.75,0.82915619758885,4
10,145,1.0,0.0,1
10,146,1.0,0.0,2
10,147,1.0,0.0,1
10,148,1.0,0.0,1
10,149,1.0,0.0,2
10,150,1.25,0.4330127018922193,4
10,151,1.0,0.0,7
10,152,1.4,0.4898979485566356,5
10,153,1.6,0.4898979485566356,5
10,154,1.75,0.6614378277661477,8
10,155,1.1666666666666667,0.3726779962499649,6
10,156,1.4,0.4898979485566356,5
10,157,1.8,0.7483314773547883,5
10,158,2.4285714285714284,1.178030178747903,7
10,159,2.888888888888889,0.9938079899999066,9
10,160,2.0,1.0690449676496976,7
10,161,2.2857142857142856,1.1605769149479943,7
10,162,1.6666666666666667,0.4714045207910317,6
10,163,2.4,1.8547236990991407,5
10,164,1.5714285714285714,0.7284313590846835,7
10,165,2.125,0.7806247497997998,8
10,166,1.6666666666666667,1.1055415967851332,6
10,167,1.5,0.7071067811865476,8
11,1,1.0,0.0,2
11,5,1.0,0.0,2
11,6,1.0,0.0,4
11,8,2.0,0.0,1
11,9,1.0,0.0,2
11,10,1.0,0.0,1
11,12,1.0,0.0,1
11,13,1.0,0.0,1
11,15,1.0,0.0,2
11,17,1.0,0.0,1
11,29,1.0,0.0,3
11,30,1.0,0.0,2
11,31,1.0,0.0,1
11,32,1.0,0.0,1
11,33,2.0,1.0,2
11,34,1.0,0.0,1
11,35,1.0,0.0,2
11,48,1.0,0.0,1
11,49,1.0,0.0,1
11,53,1.0,0.0,2
11,56,1.0,0.0,1
11,57,1.0,0.0,3
11,58,1.0,0.0,1
11,61,1.0,0.0,1
11,63,1.0,0.0,1
11,67,2.0,0.0,1
11,69,1.0,0.0,1
11,72,1.0,0.0,1
11,75,1.0,0.0,1
11,76,1.0,0.0,1
11,77,1.0,0.0,3
11,78,1.0,0.0,4
11,80,1.0,0.0,1
11,82,1.0,0.0,1
11,87,1.0,0.0,1
11,91,1.0,0.0,3
11,93,1.0,0.0,1
11,101,1.0,0.0,4
11,102,1.25,0.4330127018922193,4
11,105,1.5,0.5,2
11,106,1.0,0.0,1
11,107,2.0,0.0,1
11,111,1.0,0.0,1
11,113,1.0,0.0,1
11,114,1.0,0.0,1
11,118,1.5,0.5,2
11,125,1.0,0.0,1
11,130,1.0,0.0,2
11,133,1.0,0.0,1
11,141,1.0,0.0,1
11,142,1.0,0.0,1
11,143,1.0,0.0,1
11,146,1.0,0.0,2
11,156,1.0,0.0,1
11,159,1.0,0.0,1
11,162,1.0,0.0,1
11,164,1.0,0.0,1
11,165,1.0,0.0,1
11,167,1.0,0.0,1
12,7,1.0,0.0,1
12,8,1.0,0.0,4
12,9,1.25,0.4330127018922193,4
12,10,1.25,0.4330127018922193,4
12,11,1.8571428571428572,0.9897433186107869,7
12,12,3.875,2.2603926650031405,8
12,13,5.125,2.2043990110685496,8
12,14,4.428571428571429,2.1285234893930487,7
12,15,4.625,1.8666480653835098,8
12,16,5.0,2.179449471770337,8
12,17,2.3333333333333335,1.247219128924647,6
12,18,1.6,0.4898979485566356,5
12,19,1.4,0.8,5
12,20,1.0,0.0,2
12,21,1.0,0.0,1
12,24,1.0,0.0,1
12,29,1.0,0.0,1
12,30,1.0,0.0,1
12,31,1.0,0.0,1
12,32,1.0,0.0,1
12,33,1.2,0.4,5
12,34,2.1666666666666665,1.4624940645653537,6
12,35,3.5,1.5,6
12,36,4.571428571428571,1.761261143705422,7
12,37,4.75,2.48746859276655,8
12,38,5.428571428571429,2.0603150145508513,7
12,39,4.625,1.5761900266148114,8
12,40,5.857142857142857,3.2261685116103473,7
12,41,3.3333333333333335,2.0548046676563256,6
12,42,1.2,0.4000000000000001,5
12,43,1.1428571428571428,0.3499271061118826,7
12,44,1.5,0.5,2
12,45,1.0,0.0,3
12,46,2.0,0.0,2
12,48,1.0,0.0,2
12,55,1.0,0.0,1
12,56,1.3333333333333333,0.4714045207910317,6
12,57,1.3333333333333333,0.7453559924999299,6
12,58,2.3333333333333335,1.3743685418725535,6
12,59,3.111111111111111,1.286204100310025,9
12,60,3.7142857142857144,1.979486637221574,7
12,61,3.4444444444444446,4.4748956812449485,9
12,62,6.0,3.5901098714230026,9
12,63,5.5,1.7320508075688772,8
12,64,4.625,3.461845606031557,8
12,65,2.2222222222222223,1.314684396244359,9
12,66,2.125,1.0532687216470449,8
12,67,2.3333333333333335,1.247219128924647,3
12,68,1.0,0.0,3
12,69,2.6,1.3564659966250536,5
12,70,5.0,1.0,2
12,71,1.0,0.0,3
12,72,1.0,0.0,1
12,77,1.0,0.0,1
12,79,1.0,0.0,1
12,80,1.6666666666666667,0.4714045207910317,3
12,81,1.8333333333333333,1.21335164821342,6
12,82,1.6666666666666667,0.7453559924999299,6
12,83,3.125,2.6190408549696205,8
12,84,5.0,2.32992949004287,7
12,85,3.4444444444444446,2.2166597048066667,9
12,86,4.222222222222222,0.9162456945817024,9
12,87,6.555555555555555,4.1126123385159445,9
12,88,2.75,1.1989578808281798,8
12,89,2.111111111111111,1.3698697784375504,9
12,90,1.5714285714285714,1.3997084244475306,7
12,91,1.6,0.8,5
12,92,2.0,0.7071067811865476,4
12,93,2.0,1.1547005383792515,6
12,94,1.0,0.0,1
12,95,1.0,0.0,4
12,96,1.5,0.5,2
12,97,1.0,0.0,1
12,104,1.7142857142857142,1.0301575072754254,7
12,105,1.8571428571428572,0.8329931278350429,7
12,106,2.125,1.2686114456365274,8
12,107,3.5555555555555554,2.0061633428075325,9
12,108,5.444444444444445,2.3622546250521443,9
12,109,4.666666666666667,1.9436506316151,9
12,110,6.111111111111111,2.182986967154278,9
12,111,8.222222222222221,2.8196838978776713,9
12,112,7.222222222222222,2.4845199749997664,9
12,113,3.625,1.4947825928876748,8
12,114,2.142857142857143,0.9897433186107869,7
12,115,2.3333333333333335,1.3743685418725535,6
12,116,1.2,0.4,5
12,117,1.0,0.0,2
12,118,1.0,0.0,4
12,119,1.0,0.0,3
12,120,1.0,0.0,1
12,121,2.0,0.0,1
12,122,2.0,0.0,1
12,128,1.0,0.0,1
12,129,1.875,1.0532687216470449,8
12,130,2.5714285714285716,1.049781318335648,7
12,131,3.7777777777777777,1.6850834320114558,9
12,132,6.666666666666667,3.0550504633038935,9
12,133,9.333333333333334,5.868938953886336,9
12,134,10.11111111111111,4.280302285390715,9
12,135,10.444444444444445,4.085505846855607,9
12,136,6.555555555555555,1.4989708403591155,9
12,137,3.888888888888889,2.23330569358242,9
12,138,1.875,0.9270248108869579,8
12,139,1.0,0.0,4
12,140,1.0,0.0,1
12,141,1.6666666666666667,0.9428090415820634,6
12,142,1.0,0.0,4
12,143,1.3333333333333333,0.4714045207910317,6
12,144,1.0,0.0,1
12,145,1.0,0.0,2
12,150,1.0,0.0,2
12,151,1.5,0.5,2
12,152,1.5,0.5,2
12,153,1.5,0.8660254037844386,4
12,154,2.375,1.2183492931011204,8
12,155,3.75,1.299038105676658,8
12,156,4.888888888888889,2.68512132746546,9
12,157,7.444444444444445,3.5624932315291997,9
12,158,7.0,2.788866755113585,9
12,159,6.0,4.8218253804964775,8
12,160,5.333333333333333,3.0368111930480994,6
12,161,1.75,0.82915619758885,8
12,162,1.1666666666666667,0.3726779962499649,6
12,163,2.0,0.816496580927726,3
12,164,1.5,0.5,4
12,165,1.0,0.0,1
12,166,1.0,0.0,2
13,0,1.0,0.0,2
13,2,1.0,0.0,3
13,3,1.0,0.0,2
13,4,1.2,0.4000000000000001,5
13,5,2.4285714285714284,1.8405855323893037,7
13,6,6.714285714285714,3.953815000885156,7
13,7,17.125,8.57959060794861,8
13,8,25.125,11.868419229198134,8
13,9,25.0,8.411301920630361,8
13,10,22.0,7.7781745930520225,8
13,11,24.375,7.79322622538317,8
13,12,30.0,10.037429949942366,8
13,13,33.375,8.774074025217704,8
13,14,33.625,7.105235745561156,8
13,15,40.25,8.0583807306431,8
13,16,43.875,10.042876828877272,8
13,17,57.25,15.990231392947383,8
13,18,56.5,16.792855623746664,8
13,19,35.625,11.831499271013797,8
13,20,28.0,7.158910531638177,8
13,21,19.75,8.728545125048045,8
13,22,8.75,2.5860201081971503,8
13,23,3.2857142857142856,2.1189138534559038,7
13,24,1.625,0.9921567416492215,8
13,25,1.25,0.4330127018922193,4
13,26,2.0,0.0,1
13,27,1.0,0.0,1
13,28,1.0,0.0,3
13,29,2.8333333333333335,1.0671873729054748,6
13,30,6.571428571428571,2.0603150145508513,7
13,31,19.375,6.688376110835873,8
13,32,31.75,9.470348462437906,8
13,33,31.75,10.021851126413722,8
13,34,29.25,5.80409338312195,8
13,35,33.625,7.8888766627448295,8
13,36,37.125,4.428247395979588,8
13,37,47.375,6.556247020971678,8
13,38,44.5,4.272001872658765,8
13,39,49.625,6.081478027585071,8
13,40,56.625,13.864861160502112,8
13,41,65.75,12.537443918119834,8
13,42,66.25,16.52082019755678,8
13,43,52.625,17.839124838399446,8
13,44,44.5,17.073371078963874,8
13,45,31.625,13.17134674207615,8
13,46,17.75,9.093266739736606,8
13,47,9.0,5.894913061275798,8
13,48,1.75,0.6614378277661477,8
13,49,1.0,0.0,2
13,50,1.3333333333333333,0.4714045207910317,3
13,51,2.0,0.0,1
13,52,1.8,0.7483314773547883,5
13,53,2.375,1.2183492931011204,8
13,54,5.888888888888889,1.7916128329552332,9
13,55,20.0,7.9021797274197985,9
13,56,35.111111111111114,13.37031907243673,9
13,57,33.77777777777778,10.921719215273939,9
13,58,28.88888888888889,3.9283710065919304,9
13,59,37.0,6.4635731432217725,9
13,60,40.77777777777778,9.840706589104235,9
13,61,50.333333333333336,8.981462390204985,9
13,62,51.333333333333336,11.661903789690601,9
13,63,53.888888888888886,6.822258414670556,9
13,64,62.22222222222222,16.280716458284683,9
13,65,63.666666666666664,18.517259216441534,9
13,66,66.66666666666667,20.596655607700544,9
13,67,60.111111111111114,28.807577878222887,9
13,68,46.666666666666664,21.385353243127252,9
13,69,36.44444444444444,20.210619381960296,9
13,70,20.22222222222222,10.260796782769063,9
13,71,8.75,3.992179855667828,8
13,72,2.375,1.4086784586980805,8
13,73,1.6666666666666667,0.4714045207910317,3
13,74,1.0,0.0,3
13,75,1.0,0.0,1
13,76,1.4,0.4898979485566356,5
13,77,3.5,1.118033988749895,8
13,78,6.555555555555555,2.454524670486058,9
13,79,18.333333333333332,10.96458946893235,9
13,80,33.44444444444444,13.275801805550085,9
13,81,30.77777777777778,12.22727168421092,9
13,82,28.333333333333332,8.32666399786453,9
13,83,38.22222222222222,10.809232450680275,9
13,84,44.22222222222222,11.573703697777587,9
13,85,47.44444444444444,12.093259014022932,9
13,86,51.333333333333336,11.294049564064943,9
13,87,50.666666666666664,9.899494936611665,9
13,88,57.22222222222222,19.94312901883073,9
13,89,64.33333333333333,21.39054827617926,9
13,90,68.55555555555556,29.593960011052975,9
13,91,55.0,25.78113005022601,9
13,92,45.44444444444444,21.633878324471198,9
13,93,38.0,20.22649527503742,9
13,94,20.11111111111111,12.087132225308812,9
13,95,13.555555555555555,10.318388236661244,9
13,96,4.25,2.6339134382131846,8
13,97,2.5,1.118033988749895,4
13,98,1.5,0.5,2
13,99,1.4,0.4898979485566356,5
13,100,1.7142857142857142,0.45175395145262565,7
13,101,3.25,1.5612494995995996,8
13,102,7.0,3.8078865529319543,8
13,103,12.875,5.158427570490837,8
13,104,26.77777777777778,11.754694360389506,9
13,105,24.88888888888889,7.248669524577818,9
13,106,27.77777777777778,5.749932903526938,9
13,107,34.55555555555556,9.844469525927416,9
13,108,40.333333333333336,6.733003292241385,9
13,109,45.55555555555556,6.184408911144776,9
13,110,50.44444444444444,7.833136325339808,9
13,111,53.44444444444444,8.193644028705165,9
13,112,56.22222222222222,12.603154611954878,9
13,113,65.88888888888889,19.318640649466253,9
13,114,67.55555555555556,23.97735557243362,9
13,115,53.22222222222222,18.83128471322701,9
13,116,30.444444444444443,13.39246148739499,9
13,117,20.88888888888889,8.292492514242351,9
13,118,12.11111111111111,5.877347180194753,9
13,119,8.555555555555555,4.297573245736381,9
13,120,5.444444444444445,3.2697642154582582,9
13,121,3.375,2.2878756522153907,8
13,122,2.8,0.7483314773547882,5
13,123,2.0,1.0954451150103321,5
13,124,2.125,1.0532687216470449,8
13,125,1.5,0.7071067811865476,8
13,126,2.5714285714285716,2.2587697572631282,7
13,127,5.777777777777778,2.57240820062005,9
13,128,10.666666666666666,4.189935029992179,9
13,129,13.555555555555555,5.27280467453541,9
13,130,30.88888888888889,10.343483664655137,9
13,131,36.55555555555556,8.629550150643377,9
13,132,43.22222222222222,9.15032212885035,9
13,133,46.77777777777778,12.371811847706937,9
13,134,48.77777777777778,10.891156226526975,9
13,135,52.666666666666664,9.865765724632494,9
13,136,47.666666666666664,11.035296904831233,9
13,137,45.22222222222222,11.602468873072546,9
13,138,44.22222222222222,15.661543685642355,9
13,139,35.0,10.96458946893235,9
13,140,23.22222222222222,9.052658023141635,9
13,141,16.88888888888889,5.152010275275392,9
13,142,11.0,4.898979485566356,9
13,143,8.444444444444445,5.599823630379623,9
13,144,6.125,2.7128168017763383,8
13,145,4.142857142857143,3.943478211954932,7
13,146,2.3333333333333335,0.9428090415820634,6
13,147,1.25,0.4330127018922193,4
13,148,1.6,0.8,5
13,149,2.125,1.3635890143294642,8
13,150,3.4285714285714284,1.5907898179514348,7
13,151,4.5,2.0,8
13,152,9.777777777777779,4.0764302950764755,9
13,153,14.777777777777779,4.98392477600129,9
13,154,25.11111111111111,6.09998988058258,9
13,155,28.555555555555557,8.499818443957901,9
13,156,36.0,9.521904571390467,9
13,157,36.22222222222222,7.9690760342404925,9
13,158,35.333333333333336,8.013876853447538,9
13,159,32.111111111111114,6.887096541027438,9
13,160,29.22222222222222,4.0490815907307995,9
13,161,32.22222222222222,3.520662115056635,9
13,162,24.666666666666668,5.734883511361751,9
13,163,15.11111111111111,6.983225049986964,9
13,164,12.222222222222221,7.114582486036499,9
13,165,9.11111111111111,7.723620976436785,9
13,166,4.875,2.8034576865007255,8
13,167,2.625,0.8569568250501305,8
14,0,1.6666666666666667,0.9428090415820634,3
14,2,1.0,0.0,2
14,3,1.0,0.0,2
14,4,1.2,0.4000000000000001,5
14,6,1.25,0.4330127018922193,4
14,7,2.25,1.6393596310755,4
14,8,1.5,0.5,4
14,9,1.25,0.4330127018922193,4
14,10,1.0,0.0,2
14,11,1.0,0.0,5
14,12,1.4,0.8000000000000002,5
14,13,1.0,0.0,2
14,14,2.0,0.816496580927726,3
14,15,1.0,0.0,2
14,16,1.0,0.0,4
14,17,1.0,0.0,2
14,18,1.0,0.0,2
14,19,1.4,0.4898979485566356,5
14,20,1.0,0.0,3
14,22,1.0,0.0,1
14,23,2.0,1.0,2
14,24,1.0,0.0,1
14,25,1.0,0.0,2
14,26,1.0,0.0,2
14,27,1.0,0.0,3
14,28,1.0,0.0,4
14,29,1.0,0.0,1
14,30,1.5,0.5,2
14,31,1.25,0.4330127018922193,4
14,32,1.25,0.4330127018922193,4
14,33,1.0,0.0,2
14,34,1.6666666666666667,0.4714045207910317,3
14,35,1.6666666666666667,1.1055415967851332,6
14,36,2.2,0.7483314773547882,5
14,37,1.25,0.4330127018922193,4
14,38,1.5,0.5,2
14,39,1.0,0.0,2
14,40,1.3333333333333333,0.4714045207910317,3
14,41,1.0,0.0,3
14,42,1.0,0.0,2
14,43,1.0,0.0,2
14,44,1.0,0.0,1
14,45,1.0,0.0,2
14,47,1.0,0.0,2
14,49,1.0,0.0,1
14,50,1.0,0.0,1
14,51,1.2,0.4000000000000001,5
14,52,1.25,0.4330127018922193,4
14,53,1.0,0.0,2
14,54,1.3333333333333333,0.4714045207910317,3
14,55,1.7142857142857142,0.880630571852711,7
14,56,1.3333333333333333,0.4714045207910317,6
14,57,1.0,0.0,2
14,58,1.2,0.4,5
14,59,1.7142857142857142,0.880630571852711,7
14,60,1.25,0.4330127018922193,4
14,61,1.75,0.4330127018922193,4
14,62,1.0,0.0,3
14,63,1.3333333333333333,0.4714045207910317,3
14,64,1.4,0.8,5
14,65,1.0,0.0,1
14,66,1.0,0.0,1
14,67,1.0,0.0,1
14,68,1.0,0.0,2
14,69,1.0,0.0,1
14,70,1.0,0.0,3
14,71,1.0,0.0,2
14,73,1.0,0.0,3
14,74,1.0,0.0,1
14,75,1.0,0.0,8
14,76,1.0,0.0,2
14,78,1.0,0.0,2
14,79,1.5,0.5,6
14,80,1.4,0.4898979485566356,5
14,81,1.0,0.0,2
14,82,1.6666666666666667,0.9428090415820634,3
14,83,1.6666666666666667,0.4714045207910317,3
14,84,1.3333333333333333,0.4714045207910317,3
14,85,1.5,0.7637626158259734,6
14,86,1.25,0.4330127018922193,4
14,87,1.0,0.0,3
14,88,1.0,0.0,2
14,90,1.0,0.0,3
14,91,1.2,0.4000000000000001,5
14,92,1.5,0.5,2
14,93,1.0,0.0,2
14,94,1.0,0.0,2
14,95,1.0,0.0,1
14,96,1.0,0.0,4
14,97,2.0,0.0,1
14,99,1.0,0.0,4
14,100,1.0,0.0,5
14,101,1.0,0.0,2
14,102,1.2,0.4,5
14,103,2.75,0.82915619758885,4
14,104,1.0,0.0,4
14,105,1.5,0.5,2
14,106,1.0,0.0,2
14,107,2.0,0.816496580927726,3
14,108,1.4285714285714286,0.4948716593053935,7
14,109,1.4,0.4898979485566356,5
14,110,3.0,0.0,1
14,111,1.0,0.0,2
14,112,1.0,0.0,1
14,113,1.0,0.0,3
14,114,1.0,0.0,1
14,115,1.0,0.0,1
14,116,1.0,0.0,3
14,118,1.0,0.0,3
14,119,1.5,0.5,2
14,120,1.0,0.0,4
14,121,1.0,0.0,1
14,123,1.0,0.0,3
14,124,1.0,0.0,9
14,125,1.0,0.0,1
14,127,1.0,0.0,3
14,128,1.0,0.0,1
14,129,1.0,0.0,2
14,130,2.0,0.0,1
14,131,1.0,0.0,1
14,132,1.0,0.0,1
14,134,1.0,0.0,1
14,135,1.2,0.4,5
14,136,1.0,0.0,2
14,137,1.0,0.0,2
14,138,1.0,0.0,3
14,139,1.0,0.0,3
14,140,1.0,0.0,2
14,141,1.0,0.0,3
14,142,1.0,0.0,2
14,143,2.0,0.0,1
14,144,1.0,0.0,1
14,145,1.0,0.0,2
14,146,1.0,0.0,2
14,147,1.0,0.0,3
14,148,1.2,0.4000000000000001,5
14,151,1.0,0.0,2
14,152,1.5,0.5,2
14,155,1.0,0.0,1
14,157,1.5,0.5,2
14,158,1.0,0.0,1
14,160,1.0,0.0,1
14,161,1.0,0.0,1
14,162,1.2,0.4,5
14,163,1.0,0.0,2
14,165,2.0,1.0,2
14,166,1.3333333333333333,0.4714045207910317,3
14,167,1.5,0.5,2
15,1,1.0,0.0,1
15,6,1.0,0.0,1
15,7,1.0,0.0,1
15,8,1.0,0.0,1
15,13,1.0,0.0,2
15,14,1.0,0.0,1
15,20,1.0,0.0,1
15,21,1.0,0.0,1
15,23,1.0,0.0,1
15,28,1.0,0.0,1
15,30,1.0,0.0,1
15,33,1.0,0.0,2
15,36,1.0,0.0,1
15,41,1.0,0.0,1
15,55,1.0,0.0,1
15,56,2.0,0.0,1
15,57,1.0,0.0,2
15,59,1.0,0.0,2
15,60,1.0,0.0,1
15,64,1.0,0.0,1
15,65,1.0,0.0,2
15,78,1.0,0.0,1
15,81,1.0,0.0,1
15,82,1.0,0.0,2
15,83,1.0,0.0,1
15,84,1.5,0.5,2
15,90,1.0,0.0,2
15,93,1.0,0.0,1
15,102,1.0,0.0,1
15,103,1.0,0.0,1
15,104,1.0,0.0,1
15,105,1.0,0.0,3
15,106,1.0,0.0,1
15,107,1.0,0.0,1
15,109,1.0,0.0,1
15,110,1.0,0.0,1
15,135,1.0,0.0,1
15,136,2.0,0.0,1
15,145,1.0,0.0,1
15,152,1.0,0.0,1
15,155,1.0,0.0,1
15,156,1.0,0.0,1
15,157,1.0,0.0,1
15,165,1.0,0.0,1
15,167,1.0,0.0,1
16,3,1.0,0.0,1
16,4,1.0,0.0,1
16,6,1.0,0.0,1
16,9,1.0,0.0,1
16,10,1.0,0.0,1
16,11,1.0,0.0,1
16,12,1.0,0.0,1
16,14,1.0,0.0,2
16,15,1.0,0.0,3
16,16,1.0,0.0,2
16,17,1.0,0.0,1
16,19,1.0,0.0,1
16,25,1.0,0.0,1
16,32,1.0,0.0,1
16,34,1.0,0.0,1
16,36,2.0,0.0,1
16,37,1.0,0.0,2
16,38,1.0,0.0,3
16,39,1.0,0.0,2
16,40,1.25,0.4330127018922193,4
16,54,1.0,0.0,1
16,56,1.0,0.0,1
16,57,1.0,0.0,1
16,58,1.0,0.0,1
16,59,1.0,0.0,1
16,60,2.0,1.0,2
16,61,1.0,0.0,1
16,62,1.0,0.0,2
16,63,2.0,0.0,1
16,64,1.0,0.0,1
16,65,1.0,0.0,1
16,66,1.0,0.0,1
16,69,1.0,0.0,1
16,70,1.0,0.0,2
16,78,1.0,0.0,1
16,82,1.0,0.0,1
16,83,1.0,0.0,1
16,84,1.0,0.0,2
16,85,1.0,0.0,2
16,87,1.0,0.0,4
16,89,1.0,0.0,1
16,90,1.0,0.0,2
16,94,1.0,0.0,1
16,108,1.0,0.0,4
16,109,1.0,0.0,1
16,110,1.0,0.0,2
16,111,1.0,0.0,2
16,112,1.0,0.0,1
16,115,1.0,0.0,2
16,117,1.0,0.0,1
16,128,1.0,0.0,1
16,129,1.0,0.0,1
16,133,1.0,0.0,1
16,134,1.0,0.0,1
16,135,1.0,0.0,1
16,142,1.0,0.0,2
16,146,1.0,0.0,1
16,147,1.0,0.0,1
16,161,1.0,0.0,1
16,162,1.0,0.0,1
16,163,1.0,0.0,1
16,165,1.0,0.0,1
16,166,1.0,0.0,1
17,0,1.0,0.0,2
17,4,1.6666666666666667,0.9428090415820634,3
17,5,1.0,0.0,4
17,6,1.6666666666666667,0.4714045207910317,3
17,7,1.5714285714285714,0.9035079029052513,7
17,8,1.5,0.7637626158259734,6
17,9,2.0,0.8944271909999159,5
17,10,1.0,0.0,3
17,11,1.25,0.4330127018922193,4
17,12,1.0,0.0,5
17,13,1.2,0.4000000000000001,5
17,14,1.6,0.8,5
17,15,1.4,0.8,5
17,16,1.0,0.0,4
17,17,1.6,0.8,5
17,18,1.5,0.5,4
17,19,2.0,0.0,1
17,20,1.3333333333333333,0.4714045207910317,3
17,21,1.0,0.0,3
17,22,2.0,0.0,1
17,23,1.0,0.0,2
17,24,1.0,0.0,2
17,25,1.0,0.0,1
17,28,1.8571428571428572,1.124858267715973,7
17,29,1.25,0.4330127018922193,4
17,30,1.5,0.5,4
17,31,1.7142857142857142,0.6998542122237652,7
17,32,2.0,0.7559289460184544,7
17,33,1.2857142857142858,0.45175395145262565,7
17,34,1.3333333333333333,0.4714045207910317,3
17,35,1.5,0.8660254037844386,4
17,36,1.25,0.4330127018922193,4
17,37,1.3333333333333333,0.4714045207910317,3
17,38,1.6666666666666667,0.9428090415820634,3
17,39,2.0,1.0,2
17,40,1.5,0.5,2
17,41,1.75,0.82915619758885,4
17,42,1.3333333333333333,0.4714045207910317,3
17,43,1.0,0.0,1
17,45,1.0,0.0,2
17,46,1.0,0.0,2
17,47,1.0,0.0,1
17,48,1.0,0.0,5
17,49,1.0,0.0,2
17,50,1.0,0.0,1
17,51,1.0,0.0,1
17,52,1.0,0.0,3
17,53,1.0,0.0,3
17,54,1.0,0.0,6
17,55,1.75,0.6614378277661477,8
17,56,3.0,1.8516401995451028,7
17,57,2.0,0.816496580927726,3
17,58,1.3333333333333333,0.74535599249993,6
17,59,1.7142857142857142,0.880630571852711,7
17,60,1.0,0.0,5
17,61,2.3333333333333335,1.247219128924647,3
17,62,1.5,0.5,4
17,63,1.3333333333333333,0.4714045207910317,3
17,64,1.75,0.82915619758885,4
17,65,1.0,0.0,3
17,66,1.0,0.0,2
17,67,1.0,0.0,3
17,68,1.0,0.0,3
17,69,1.0,0.0,4
17,70,1.5,0.5,2
17,71,1.1666666666666667,0.3726779962499649,6
17,72,1.3333333333333333,0.4714045207910317,3
17,73,1.5,0.5,2
17,74,1.0,0.0,2
17,75,1.0,0.0,2
17,76,1.0,0.0,4
17,77,2.0,0.816496580927726,3
17,78,2.0,0.7071067811865476,4
17,79,1.8571428571428572,0.8329931278350429,7
17,80,2.4,0.8,5
17,81,1.8571428571428572,0.6388765649999399,7
17,82,2.0,0.816496580927726,6
17,83,1.5,0.5,4
17,84,1.0,0.0,4
17,85,2.0,1.0,2
17,86,1.25,0.4330127018922193,4
17,87,1.0,0.0,1
17,88,1.3333333333333333,0.4714045207910317,3
17,89,1.75,0.82915619758885,4
17,90,1.6666666666666667,0.7453559924999299,6
17,91,1.3333333333333333,0.4714045207910317,6
17,92,1.25,0.4330127018922193,4
17,93,1.0,0.0,2
17,94,2.0,0.0,1
17,95,1.5,0.5,2
17,96,1.0,0.0,4
17,97,1.0,0.0,2
17,98,1.0,0.0,2
17,99,1.0,0.0,1
17,100,1.3333333333333333,0.4714045207910317,6
17,101,1.8,0.7483314773547883,5
17,102,1.25,0.4330127018922193,4
17,103,1.5714285714285714,1.049781318335648,7
17,104,2.0,1.0954451150103321,5
17,105,1.6,0.8,5
17,106,2.5,1.6583123951777,4
17,107,1.5,0.5,6
17,108,1.75,0.82915619758885,4
17,109,2.25,1.0897247358851685,4
17,110,1.75,0.4330127018922193,4
17,111,1.0,0.0,3
17,112,1.0,0.0,2
17,113,1.5,0.7637626158259734,6
17,114,2.0,1.224744871391589,4
17,115,1.1666666666666667,0.3726779962499649,6
17,116,1.0,0.0,2
17,117,1.0,0.0,2
17,119,1.2,0.4,5
17,120,1.4,0.4898979485566356,5
17,121,2.0,0.816496580927726,3
17,122,1.0,0.0,2
17,123,1.0,0.0,2
17,124,1.2857142857142858,0.6998542122237652,7
17,125,1.0,0.0,1
17,126,1.0,0.0,4
17,127,1.0,0.0,1
17,128,2.0,0.816496580927726,3
17,129,1.3333333333333333,0.47140452079103173,6
17,130,1.3333333333333333,0.4714045207910317,6
17,131,1.4,0.4898979485566356,5
17,132,2.0,0.0,1
17,133,1.5,0.5,2
17,134,2.0,0.0,1
17,135,1.0,0.0,2
17,136,1.0,0.0,2
17,137,1.4,0.4898979485566356,5
17,138,1.0,0.0,3
17,139,1.75,0.82915619758885,4
17,140,2.0,0.0,1
17,141,2.0,0.0,1
17,142,1.0,0.0,2
17,143,1.75,0.82915619758885,4
17,144,5.0,5.656854249492381,3
17,145,2.5,1.5,6
17,146,1.0,0.0,2
17,147,1.1428571428571428,0.34992710611188266,7
17,148,1.6666666666666667,0.74535599249993,6
17,149,1.0,0.0,1
17,150,1.5,0.5,4
17,151,1.0,0.0,2
17,152,1.5714285714285714,0.7284313590846836,7
17,153,1.2,0.4000000000000001,5
17,154,1.625,0.4841229182759271,8
17,155,1.8333333333333333,0.6871842709362768,6
17,156,1.6,0.8,5
17,157,1.5,0.5,4
17,158,1.5,0.5,4
17,159,1.4,0.8,5
17,161,2.0,1.0,2
17,162,1.3333333333333333,0.4714045207910317,3
17,163,2.0,0.816496580927726,3
17,164,1.3333333333333333,0.7453559924999299,6
17,165,1.75,0.82915619758885,4
17,166,1.0,0.0,2
17,167,1.3333333333333333,0.4714045207910317,3
18,0,1.0,0.0,1
18,1,1.5,0.5,2
18,4,1.0,0.0,2
18,5,1.0,0.0,2
18,6,1.1666666666666667,0.37267799624996495,6
18,7,1.0,0.0,3
18,8,1.5,0.5,4
18,9,1.0,0.0,3
18,10,1.0,0.0,3
18,11,4.0,0.0,1
18,12,1.3333333333333333,0.4714045207910317,6
18,13,1.0,0.0,2
18,14,1.0,0.0,1
18,15,1.0,0.0,1
18,17,3.0,0.0,1
18,18,1.0,0.0,2
18,19,2.0,0.0,1
18,20,1.0,0.0,2
18,21,1.0,0.0,1
18,28,1.0,0.0,2
18,30,1.0,0.0,3
18,31,1.0,0.0,2
18,32,2.0,0.0,1
18,33,1.0,0.0,3
18,34,1.3333333333333333,0.4714045207910317,3
18,35,1.5,0.5,2
18,36,1.0,0.0,2
18,37,1.0,0.0,2
18,38,1.0,0.0,1
18,39,1.0,0.0,1
18,40,1.0,0.0,1
18,41,1.0,0.0,2
18,42,1.0,0.0,1
18,43,1.0,0.0,1
18,47,1.0,0.0,1
18,49,1.0,0.0,2
18,51,1.0,0.0,1
18,53,1.0,0.0,1
18,54,1.1428571428571428,0.3499271061118826,7
18,55,1.0,0.0,1
18,56,1.0,0.0,2
18,57,1.0,0.0,3
18,58,1.5,0.5,2
18,59,1.0,0.0,3
18,60,1.0,0.0,3
18,61,1.0,0.0,3
18,62,1.0,0.0,1
18,63,1.0,0.0,2
18,64,1.0,0.0,1
18,65,1.0,0.0,4
18,66,1.0,0.0,1
18,67,1.0,0.0,1
18,68,1.0,0.0,1
18,69,1.0,0.0,1
18,70,1.0,0.0,1
18,73,1.0,0.0,1
18,75,1.0,0.0,1
18,76,1.0,0.0,2
18,78,1.0,0.0,3
18,79,1.0,0.0,5
18,80,1.0,0.0,1
18,81,2.0,0.816496580927726,3
18,82,1.2,0.4,5
18,83,1.5,0.5,4
18,84,1.4,0.4898979485566356,5
18,85,1.0,0.0,2
18,86,1.0,0.0,1
18,87,1.0,0.0,1
18,88,2.0,0.0,1
18,89,1.0,0.0,1
18,90,1.0,0.0,1
18,91,1.0,0.0,1
18,92,1.0,0.0,1
18,95,1.0,0.0,1
18,97,1.0,0.0,1
18,99,2.0,0.0,1
18,100,1.0,0.0,4
18,101,2.0,0.0,1
18,102,1.0,0.0,6
18,103,1.5,0.5,4
18,104,1.5,0.5,2
18,105,1.3333333333333333,0.4714045207910317,3
18,106,1.0,0.0,2
18,107,1.0,0.0,1
18,108,1.0,0.0,2
18,109,2.0,0.0,1
18,110,1.25,0.4330127018922193,4
18,111,1.0,0.0,1
18,112,1.0,0.0,3
18,113,1.0,0.0,1
18,114,1.3333333333333333,0.4714045207910317,3
18,118,1.0,0.0,1
18,119,1.0,0.0,1
18,120,1.0,0.0,1
18,124,1.0,0.0,1
18,126,1.0,0.0,2
18,127,1.3333333333333333,0.4714045207910317,3
18,128,1.0,0.0,1
18,129,1.0,0.0,2
18,130,1.0,0.0,1
18,131,2.0,0.0,2
18,132,2.5,0.5,2
18,133,1.0,0.0,1
18,134,1.0,0.0,2
18,135,1.0,0.0,1
18,136,1.0,0.0,2
18,137,1.0,0.0,2
18,139,1.0,0.0,1
18,141,1.0,0.0,1
18,142,1.0,0.0,1
18,143,1.0,0.0,1
18,150,1.0,0.0,1
18,151,1.3333333333333333,0.4714045207910317,3
18,152,1.5,0.5,2
18,153,1.0,0.0,1
18,154,1.0,0.0,3
18,155,1.3333333333333333,0.4714045207910317,3
18,156,1.0,0.0,2
18,158,1.0,0.0,2
18,161,1.5,0.5,2
18,162,3.0,0.0,1
18,163,1.0,0.0,2
18,164,2.0,0.0,1
18,165,1.0,0.0,1
18,166,1.0,0.0,3
18,167,1.0,0.0,1
19,0,1.0,0.0,1
19,4,1.0,0.0,1
19,5,1.0,0.0,1
19,6,1.0,0.0,1
19,7,1.0,0.0,3
19,8,1.0,0.0,1
19,11,1.0,0.0,1
19,13,1.0,0.0,3
19,17,1.0,0.0,2
19,18,1.0,0.0,1
19,19,1.0,0.0,1
19,27,1.0,0.0,2
19,30,1.0,0.0,1
19,31,1.0,0.0,1
19,32,1.5,0.5,2
19,33,1.0,0.0,1
19,34,2.0,0.0,2
19,35,1.0,0.0,2
19,36,1.0,0.0,2
19,38,1.0,0.0,3
19,39,1.0,0.0,1
19,40,1.0,0.0,3
19,47,1.0,0.0,1
19,51,1.0,0.0,2
19,54,1.0,0.0,5
19,55,1.0,0.0,3
19,56,1.0,0.0,1
19,57,1.0,0.0,2
19,58,1.0,0.0,1
19,59,1.0,0.0,2
19,60,1.0,0.0,3
19,61,1.3333333333333333,0.4714045207910317,3
19,62,1.0,0.0,1
19,63,1.5,0.5,2
19,64,1.0,0.0,3
19,66,1.0,0.0,1
19,67,1.0,0.0,1
19,69,1.0,0.0,1
19,71,1.0,0.0,1
19,75,1.0,0.0,1
19,76,1.0,0.0,2
19,78,1.0,0.0,1
19,79,1.0,0.0,3
19,80,1.0,0.0,1
19,81,1.0,0.0,3
19,82,1.3333333333333333,0.4714045207910317,3
19,83,1.0,0.0,2
19,84,1.0,0.0,1
19,86,1.0,0.0,2
19,88,1.0,0.0,2
19,92,1.0,0.0,1
19,99,1.0,0.0,1
19,103,1.0,0.0,1
19,104,1.0,0.0,1
19,105,1.0,0.0,2
19,106,1.3333333333333333,0.4714045207910317,3
19,107,1.0,0.0,1
19,108,1.0,0.0,1
19,109,1.5,0.5,2
19,110,1.0,0.0,3
19,112,1.0,0.0,3
19,113,1.0,0.0,1
19,117,1.0,0.0,1
19,119,1.0,0.0,1
19,120,1.0,0.0,1
19,122,1.0,0.0,1
19,126,1.0,0.0,2
19,128,1.0,0.0,1
19,129,1.0,0.0,2
19,130,1.0,0.0,1
19,131,1.0,0.0,1
19,135,1.0,0.0,2
19,137,1.0,0.0,1
19,139,1.0,0.0,1
19,140,1.0,0.0,1
19,141,1.0,0.0,2
19,143,1.0,0.0,1
19,145,1.0,0.0,1
19,151,1.0,0.0,1
19,164,1.0,0.0,1
19,165,1.0,0.0,2
19,167,1.0,0.0,2
20,0,1.0,0.0,1
20,1,2.0,0.0,1
20,5,1.0,0.0,2
20,6,1.0,0.0,1
20,7,1.0,0.0,1
20,8,1.0,0.0,3
20,9,1.0,0.0,3
20,11,1.0,0.0,1
20,13,1.0,0.0,2
20,14,1.0,0.0,1
20,15,1.0,0.0,2
20,16,1.0,0.0,2
20,17,1.0,0.0,3
20,18,2.0,0.0,1
20,28,1.0,0.0,1
20,29,2.0,0.6324555320336759,5
20,30,1.0,0.0,2
20,31,1.5,0.5,2
20,32,1.0,0.0,2
20,33,1.0,0.0,2
20,34,1.0,0.0,2
20,35,1.0,0.0,1
20,36,1.0,0.0,1
20,37,1.0,0.0,1
20,38,1.0,0.0,1
20,39,1.0,0.0,1
20,40,1.0,0.0,2
20,41,1.0,0.0,1
20,50,1.0,0.0,1
20,53,1.0,0.0,1
20,54,1.0,0.0,2
20,55,1.0,0.0,1
20,56,1.0,0.0,2
20,57,1.0,0.0,3
20,58,1.0,0.0,3
20,59,1.0,0.0,2
20,60,1.0,0.0,5
20,61,1.0,0.0,4
20,62,1.0,0.0,1
20,63,1.0,0.0,4
20,64,1.0,0.0,1
20,65,1.0,0.0,3
20,66,1.0,0.0,3
20,67,1.0,0.0,1
20,70,1.0,0.0,1
20,71,1.0,0.0,1
20,72,1.0,0.0,1
20,77,1.0,0.0,1
20,78,1.0,0.0,1
20,79,1.0,0.0,2
20,80,1.0,0.0,1
20,82,1.0,0.0,2
20,83,1.5,0.5,2
20,84,1.0,0.0,2
20,85,1.0,0.0,3
20,88,1.0,0.0,3
20,89,1.5,0.5,2
20,90,2.0,0.0,1
20,92,2.0,0.0,1
20,95,1.0,0.0,1
20,101,1.0,0.0,3
20,102,1.0,0.0,2
20,103,1.0,0.0,2
20,104,1.3333333333333333,0.4714045207910317,3
20,105,1.0,0.0,4
20,106,1.6666666666666667,0.9428090415820634,3
20,107,1.0,0.0,3
20,108,1.0,0.0,3
20,110,1.0,0.0,3
20,111,2.0,0.0,1
20,112,1.0,0.0,3
20,113,1.0,0.0,4
20,117,1.0,0.0,2
20,124,1.0,0.0,1
20,127,1.5,0.5,2
20,128,1.3333333333333333,0.4714045207910317,3
20,130,1.0,0.0,1
20,131,1.0,0.0,1
20,132,1.0,0.0,1
20,133,2.0,0.0,1
20,135,1.0,0.0,1
20,136,1.0,0.0,1
20,137,1.0,0.0,2
20,139,1.0,0.0,1
20,140,1.0,0.0,1
20,141,1.0,0.0,1
20,143,1.5,0.5,2
20,144,1.0,0.0,1
20,146,1.0,0.0,1
20,147,1.0,0.0,1
20,149,1.0,0.0,1
20,151,1.0,0.0,1
20,152,1.0,0.0,1
20,154,1.0,0.0,2
20,158,1.0,0.0,1
20,160,2.0,0.0,1
20,161,1.0,0.0,1
20,162,1.0,0.0,1
20,164,1.0,0.0,1
20,165,1.0,0.0,2
20,166,1.0,0.0,1
21,0,1.0,0.0,1
21,1,1.0,0.0,1
21,5,1.0,0.0,1
21,6,1.0,0.0,4
21,7,1.0,0.0,2
21,8,1.0,0.0,1
21,9,1.0,0.0,2
21,10,1.3333333333333333,0.4714045207910317,3
21,12,1.5,0.5,2
21,13,1.0,0.0,1
21,14,1.5,0.5,2
21,15,1.0,0.0,2
21,16,1.3333333333333333,0.4714045207910317,3
21,17,1.0,0.0,2
21,18,1.0,0.0,1
21,21,2.0,0.0,1
21,26,1.0,0.0,1
21,28,1.0,0.0,2
21,30,1.0,0.0,2
21,31,2.0,0.0,1
21,32,1.6666666666666667,0.4714045207910317,3
21,33,1.0,0.0,1
21,34,1.0,0.0,1
21,35,1.75,0.82915619758885,4
21,36,1.0,0.0,3
21,37,1.2,0.4,5
21,38,1.0,0.0,1
21,39,1.0,0.0,3
21,40,1.0,0.0,1
21,42,1.0,0.0,1
21,45,1.0,0.0,1
21,52,1.0,0.0,2
21,54,1.1666666666666667,0.3726779962499649,6
21,55,1.0,0.0,1
21,56,1.6666666666666667,0.4714045207910317,3
21,57,1.4,0.8,5
21,58,1.0,0.0,1
21,59,1.0,0.0,2
21,60,1.0,0.0,2
21,61,1.0,0.0,1
21,62,1.0,0.0,2
21,63,1.0,0.0,2
21,64,1.2,0.4,5
21,65,1.0,0.0,2
21,71,1.0,0.0,2
21,73,1.0,0.0,1
21,76,1.0,0.0,1
21,77,1.0,0.0,1
21,78,1.0,0.0,1
21,79,1.0,0.0,1
21,80,1.5,0.5,2
21,81,1.0,0.0,1
21,82,1.3333333333333333,0.4714045207910317,3
21,83,1.0,0.0,2
21,84,1.0,0.0,2
21,86,1.0,0.0,3
21,87,1.0,0.0,1
21,88,1.0,0.0,1
21,89,1.0,0.0,1
21,90,1.0,0.0,1
21,94,1.0,0.0,1
21,99,1.0,0.0,1
21,101,1.0,0.0,1
21,102,1.0,0.0,1
21,103,1.0,0.0,3
21,104,1.0,0.0,3
21,105,2.0,0.0,1
21,106,1.0,0.0,2
21,107,1.0,0.0,3
21,109,1.0,0.0,2
21,112,1.0,0.0,1
21,121,1.0,0.0,1
21,124,1.0,0.0,1
21,129,1.0,0.0,1
21,130,1.0,0.0,1
21,131,1.0,0.0,1
21,136,1.0,0.0,1
21,142,2.0,0.0,1
21,152,1.0,0.0,1
21,153,1.0,0.0,2
21,154,1.0,0.0,2
21,158,1.0,0.0,4
21,159,1.0,0.0,3
21,161,1.0,0.0,1
21,165,1.0,0.0,2
21,166,1.0,0.0,1
21,167,1.0,0.0,1
22,1,1.0,0.0,1
22,4,1.0,0.0,1
22,5,1.0,0.0,1
22,6,1.2,0.4,5
22,7,2.142857142857143,1.2453996981544782,7
22,10,1.3333333333333333,0.4714045207910317,3
22,11,1.0,0.0,2
22,12,1.0,0.0,1
22,13,1.0,0.0,2
22,14,1.0,0.0,2
22,15,1.3333333333333333,0.4714045207910317,3
22,16,1.5,0.5,2
22,17,1.0,0.0,2
22,20,1.0,0.0,1
22,29,1.0,0.0,2
22,30,1.0,0.0,1
22,31,1.2,0.4000000000000001,5
22,32,1.0,0.0,4
22,33,1.7142857142857142,0.6998542122237652,7
22,34,1.0,0.0,1
22,35,1.0,0.0,3
22,36,1.2,0.4,5
22,38,1.0,0.0,1
22,39,1.0,0.0,1
22,41,1.0,0.0,2
22,46,1.0,0.0,1
22,48,1.0,0.0,2
22,52,1.0,0.0,1
22,53,1.0,0.0,3
22,54,1.1666666666666667,0.3726779962499649,6
22,55,2.142857142857143,1.124858267715973,7
22,56,1.6,0.8,5
22,57,1.0,0.0,2
22,58,1.5,0.5,2
22,59,1.0,0.0,2
22,60,1.3333333333333333,0.4714045207910317,3
22,61,1.2,0.4,5
22,62,1.0,0.0,3
22,63,1.5,0.5,2
22,69,1.0,0.0,1
22,75,1.0,0.0,1
22,76,1.0,0.0,1
22,77,1.0,0.0,4
22,78,1.25,0.4330127018922193,4
22,79,1.4285714285714286,1.0497813183356477,7
22,80,2.0,0.0,1
22,81,1.4285714285714286,0.7284313590846836,7
22,82,1.25,0.4330127018922193,4
22,83,1.0,0.0,2
22,84,1.0,0.0,5
22,85,1.0,0.0,1
22,86,1.7142857142857142,0.8806305718527109,7
22,90,1.0,0.0,1
22,91,1.0,0.0,2
22,94,2.0,0.0,1
22,95,1.0,0.0,1
22,98,1.0,0.0,1
22,102,1.0,0.0,4
22,103,1.5,0.5,2
22,104,1.5,0.5,4
22,105,1.2,0.4000000000000001,5
22,106,1.25,0.4330127018922193,4
22,107,1.0,0.0,4
22,108,1.5,0.5,2
22,109,2.0,0.816496580927726,3
22,110,1.6,0.8,5
22,111,1.5,0.5,2
22,112,1.0,0.0,2
22,113,1.0,0.0,1
22,114,1.0,0.0,1
22,120,1.0,0.0,2
22,122,1.0,0.0,1
22,123,1.0,0.0,1
22,125,1.0,0.0,1
22,129,1.0,0.0,1
22,130,1.0,0.0,1
22,131,1.25,0.4330127018922193,4
22,132,1.3333333333333333,0.4714045207910317,3
22,134,1.0,0.0,1
22,135,2.0,0.0,1
22,136,1.0,0.0,3
22,137,1.0,0.0,1
22,143,1.0,0.0,1
22,144,1.0,0.0,1
22,152,1.0,0.0,2
22,153,1.0,0.0,2
22,155,1.0,0.0,3
22,156,1.0,0.0,1
22,162,1.0,0.0,1
22,165,1.0,0.0,2
22,167,1.0,0.0,1
23,35,1.0,0.0,1
23,61,1.0,0.0,1
23,62,1.0,0.0,1
23,74,1.0,0.0,1
23,86,1.0,0.0,1
23,136,1.0,0.0,1
23,143,1.0,0.0,2
23,153,4.0,0.0,1
24,0,3.4,3.3823069050575527,5
24,1,2.2,1.469693845669907,5
24,2,2.0,1.4142135623730951,3
24,4,1.6666666666666667,0.9428090415820634,3
24,5,2.5714285714285716,1.049781318335648,7
24,6,5.875,2.8476964374736293,8
24,7,17.625,7.105235745561156,8
24,8,18.375,9.205127647132331,8
24,9,13.5,3.6742346141747673,8
24,10,15.0,3.840572873934304,8
24,11,11.25,1.8540496217739157,8
24,12,15.0,4.795831523312719,8
24,13,11.625,2.1758618981911515,8
24,14,14.375,3.1598061649411346,8
24,15,15.0,3.0413812651491097,8
24,16,13.25,4.437059837324712,8
24,17,22.0,7.19374728496908,8
24,18,13.125,3.295356581616017,8
24,19,9.875,3.2572035551988456,8
24,20,9.25,3.307189138830738,8
24,21,6.0,2.6457513110645907,8
24,22,4.625,3.3888604279314896,8
24,23,2.875,1.964529205687714,8
24,24,2.0,1.5,8
24,25,1.3333333333333333,0.4714045207910317,3
24,26,2.0,1.0,2
24,27,2.0,1.0,2
24,28,1.6,0.4898979485566356,5
24,29,3.0,1.927248223318863,7
24,30,6.571428571428571,2.3819045715047236,7
24,31,21.875,7.865073108369686,8
24,32,19.25,5.11737237261468,8
24,33,18.375,3.1991209730174317,8
24,34,16.25,4.789311015167004,8
24,35,13.875,2.7128168017763383,8
24,36,15.75,3.3819373146171707,8
24,37,15.25,6.359048670988452,8
24,38,16.0,5.612486080160912,8
24,39,17.5,7.433034373659253,8
24,40,13.0,2.7838821814150108,8
24,41,19.0,4.924428900898052,8
24,42,19.25,9.575359001102779,8
24,43,13.25,4.115519408288582,8
24,44,7.75,2.165063509461097,8
24,45,7.0,2.345207879911715,8
24,46,4.625,2.341874249399399,8
24,47,4.125,2.027159342528357,8
24,48,2.75,1.299038105676658,8
24,49,2.0,1.5491933384829668,5
24,50,1.3333333333333333,0.4714045207910317,6
24,51,2.2,1.16619037896906,5
24,52,2.4,1.019803902718557,5
24,53,2.5,1.5,8
24,54,4.625,2.2878756522153907,8
24,55,20.0,5.9066817155564495,9
24,56,23.0,9.404490653110589,9
24,57,18.88888888888889,5.762801102173307,9
24,58,17.77777777777778,4.589305872902974,9
24,59,14.777777777777779,2.8588178511708016,9
24,60,15.444444444444445,3.5624932315291993,9
24,61,14.555555555555555,3.337034981706935,9
24,62,15.666666666666666,4.346134936801765,9
24,63,18.88888888888889,5.445578113263487,9
24,64,11.444444444444445,2.3622546250521443,9
24,65,19.11111111111111,5.62621728940985,9
24,66,15.555555555555555,5.438772555786852,9
24,67,13.333333333333334,5.033222956847166,9
24,68,8.88888888888889,2.23330569358242,9
24,69,8.11111111111111,2.806517986736686,9
24,70,5.888888888888889,2.1829869671542776,9
24,71,3.2222222222222223,1.9309052441091963,9
24,72,1.75,0.82915619758885,8
24,73,1.5,0.7071067811865476,8
24,74,1.25,0.4330127018922193,4
24,75,1.6666666666666667,0.4714045207910317,3
24,76,1.4,0.4898979485566356,5
24,77,3.375,1.653594569415369,8
24,78,4.222222222222222,1.6850834320114558,9
24,79,19.666666666666668,7.916228058025278,9
24,80,21.77777777777778,5.807615264609769,9
24,81,15.0,6.944222218666553,9
24,82,18.444444444444443,2.454524670486058,9
24,83,13.333333333333334,2.788866755113585,9
24,84,15.555555555555555,2.871743996293352,9
24,85,19.0,6.306962642808167,9
24,86,17.555555555555557,5.717635702341603,9
24,87,18.666666666666668,4.396968652757639,9
24,88,16.0,3.7416573867739413,9
24,89,18.77777777777778,6.459751934999392,9
24,90,15.222222222222221,5.573304979548645,9
24,91,13.777777777777779,3.7350525142159134,9
24,92,9.333333333333334,3.366501646120693,9
24,93,9.222222222222221,3.2923405311175675,9
24,94,8.0,2.494438257849294,9
24,95,5.888888888888889,2.8846122190549264,9
24,96,3.2222222222222223,2.528845928164676,9
24,97,2.0,1.0690449676496976,7
24,98,2.1666666666666665,0.6871842709362768,6
24,99,1.5714285714285714,0.4948716593053935,7
24,100,3.2,1.6,5
24,101,3.125,1.3635890143294642,8
24,102,4.555555555555555,2.006163342807532,9
24,103,18.22222222222222,8.363648562915028,9
24,104,18.88888888888889,7.475061418468516,9
24,105,15.666666666666666,4.83045891539648,9
24,106,19.11111111111111,4.067334492827361,9
24,107,16.333333333333332,4.714045207910317,9
24,108,14.11111111111111,3.725123247608935,9
24,109,15.444444444444445,6.897843642297225,9
24,110,20.555555555555557,5.397759022884943,9
24,111,20.666666666666668,5.456901847914967,9
24,112,19.333333333333332,6.92820323027551,9
24,113,21.333333333333332,4.898979485566356,9
24,114,21.11111111111111,5.566655577722377,9
24,115,17.11111111111111,5.465943944999486,9
24,116,10.222222222222221,2.7397395568751004,9
24,117,8.777777777777779,3.8522079607466035,9
24,118,9.555555555555555,3.0225490019412096,9
24,119,5.555555555555555,2.586765939293959,9
24,120,6.888888888888889,2.8458329944145997,9
24,121,2.111111111111111,0.5665577237325317,9
24,122,1.5,0.7071067811865476,8
24,123,2.0,1.0954451150103321,5
24,124,1.5714285714285714,0.9035079029052512,7
24,125,2.5,1.2583057392117916,6
24,126,2.7777777777777777,0.6285393610547089,9
24,127,7.555555555555555,3.5935470286213844,9
24,128,11.222222222222221,4.755763235340599,9
24,129,15.11111111111111,5.173531878587918,9
24,130,13.0,4.521553322083512,9
24,131,15.444444444444445,4.833014037984788,9
24,132,19.333333333333332,5.962847939999439,9
24,133,18.88888888888889,7.156107639157608,9
24,134,17.88888888888889,5.1086950811433995,9
24,135,18.0,6.497862896539309,9
24,136,17.0,3.8873012632302,9
24,137,19.444444444444443,7.304657739508267,9
24,138,21.11111111111111,10.397055613590743,9
24,139,17.22222222222222,6.729335079878543,9
24,140,13.222222222222221,5.2446327649804205,9
24,141,9.88888888888889,4.9541104021351,9
24,142,9.11111111111111,5.626217289409849,9
24,143,8.444444444444445,4.499657051403686,9
24,144,6.125,3.179524335494226,8
24,145,4.444444444444445,3.3701668640229117,9
24,146,2.375,1.8666480653835098,8
24,147,2.4,0.4898979485566356,5
24,148,2.0,0.9428090415820634,9
24,149,2.0,0.9428090415820634,9
24,150,3.7777777777777777,1.9876159799998132,9
24,151,6.0,3.1622776601683795,9
24,152,10.88888888888889,4.306182750016911,9
24,153,17.333333333333332,5.57773351022717,9
24,154,18.666666666666668,7.086763875156433,9
24,155,14.666666666666666,4.136557881996952,9
24,156,18.22222222222222,4.8711800481739935,9
24,157,20.22222222222222,6.646265079439191,9
24,158,16.333333333333332,4.714045207910317,9
24,159,15.88888888888889,4.067334492827361,9
24,160,19.666666666666668,3.231786571610886,9
24,161,16.22222222222222,3.705184889007348,9
24,162,14.222222222222221,4.802262841105402,9
24,163,11.777777777777779,4.391349521193223,9
24,164,10.666666666666666,4.109609335312651,9
24,165,8.666666666666666,6.666666666666667,9
24,166,6.222222222222222,4.49141842920172,9
24,167,6.375,4.846067993745032,8
25,0,1.3333333333333333,0.4714045207910317,3
25,1,1.5,0.5,2
25,2,1.0,0.0,1
25,4,1.6666666666666667,0.4714045207910317,3
25,5,1.2,0.4,5
25,6,1.7142857142857142,0.6998542122237652,7
25,7,1.6666666666666667,0.7453559924999299,6
25,8,3.142857142857143,1.9587584572574412,7
25,9,3.0,1.0690449676496976,7
25,10,1.5714285714285714,0.4948716593053935,7
25,11,1.8333333333333333,1.0671873729054748,6
25,12,1.5714285714285714,0.4948716593053935,7
25,13,1.75,0.4330127018922193,4
25,14,1.1666666666666667,0.3726779962499649,6
25,15,2.5,1.7320508075688772,8
25,16,1.625,0.6959705453537527,8
25,17,3.375,1.5761900266148114,8
25,18,2.8,0.9797958971132712,5
25,19,1.4285714285714286,0.4948716593053935,7
25,20,1.6666666666666667,0.9428090415820634,6
25,21,1.8333333333333333,1.0671873729054748,6
25,22,2.857142857142857,1.8070158058105026,7
25,23,2.8333333333333335,1.5723301886761005,6
25,24,1.3333333333333333,0.4714045207910317,3
25,25,1.3333333333333333,0.4714045207910317,3
25,26,1.0,0.0,1
25,27,1.0,0.0,2
25,28,1.0,0.0,1
25,29,2.5,1.5,2
25,30,2.125,0.9270248108869579,8
25,31,1.0,0.0,4
25,32,3.0,1.5275252316519468,6
25,33,1.6,0.8,5
25,34,2.1666666666666665,0.6871842709362768,6
25,35,2.375,1.2183492931011204,8
25,36,2.0,1.0954451150103321,5
25,37,2.25,1.0897247358851685,8
25,38,1.4285714285714286,0.7284313590846835,7
25,39,2.142857142857143,1.124858267715973,7
25,40,2.8333333333333335,1.5723301886761007,6
25,41,3.25,1.3919410907075054,8
25,42,2.5,1.5811388300841898,8
25,43,2.125,1.165922381636102,8
25,44,1.8333333333333333,0.6871842709362768,6
25,45,2.5714285714285716,1.5907898179514348,7
25,46,3.5,1.707825127659933,6
25,47,2.25,1.479019945774904,8
25,48,2.5,0.8660254037844386,4
25,49,1.25,0.4330127018922193,4
25,51,1.0,0.0,1
25,52,1.0,0.0,3
25,53,2.0,0.0,1
25,54,1.75,0.82915619758885,8
25,55,1.4,0.8000000000000002,5
25,56,2.2222222222222223,1.547598697464902,9
25,57,2.125,1.2686114456365274,8
25,58,2.0,1.0,8
25,59,2.2857142857142856,1.2777531299998797,7
25,60,2.5,1.5,8
25,61,2.6666666666666665,1.3743685418725535,6
25,62,1.8,0.7483314773547883,5
25,63,2.75,1.299038105676658,8
25,64,2.3333333333333335,1.247219128924647,9
25,65,2.3333333333333335,0.9428090415820634,6
25,66,2.0,0.8660254037844386,8
25,67,2.875,1.5360257159305635,8
25,68,2.1666666666666665,0.8975274678557507,6
25,69,2.625,1.3169567191065923,8
25,70,4.625,2.54644359843292,8
25,71,3.0,1.5,8
25,72,2.75,2.680951323690902,8
25,73,2.4,2.8,5
25,75,1.0,0.0,1
25,76,1.0,0.0,2
25,77,1.0,0.0,3
25,78,2.6666666666666665,1.1055415967851334,6
25,79,2.1666666666666665,1.0671873729054748,6
25,80,1.5,0.7637626158259734,6
25,81,1.5,0.7637626158259734,6
25,82,2.125,1.0532687216470449,8
25,83,1.7142857142857142,0.6998542122237652,7
25,84,2.0,1.1547005383792515,6
25,85,1.5,1.0,8
25,86,1.5714285714285714,0.7284313590846835,7
25,87,2.5714285714285716,1.2936264483053452,7
25,88,2.2222222222222223,1.314684396244359,9
25,89,5.0,3.854496446637726,7
25,90,2.875,1.899835519196333,8
25,91,2.25,1.479019945774904,8
25,92,1.5714285714285714,0.4948716593053935,7
25,93,2.5,1.224744871391589,8
25,94,3.7777777777777777,2.249828525701843,9
25,95,4.714285714285714,4.060762972443398,7
25,96,2.3333333333333335,1.9436506316151,9
25,97,2.6666666666666665,3.299831645537222,6
25,98,2.0,0.0,1
25,100,1.0,0.0,2
25,101,1.0,0.0,1
25,102,2.142857142857143,1.3552618543578767,7
25,103,2.25,1.6393596310755,4
25,104,2.125,1.2686114456365274,8
25,105,1.5,0.5,6
25,106,1.75,0.82915619758885,8
25,107,1.75,1.0897247358851685,8
25,108,1.875,1.6153559979150107,8
25,109,3.0,1.632993161855452,6
25,110,2.875,2.027159342528357,8
25,111,2.3333333333333335,1.4907119849998598,9
25,112,2.4285714285714284,1.3997084244475304,7
25,113,4.555555555555555,1.3425606637327303,9
25,114,3.25,2.436698586202241,8
25,115,3.0,1.4907119849998598,9
25,116,3.5714285714285716,1.8405855323893037,7
25,117,1.5714285714285714,0.7284313590846835,7
25,118,3.0,1.7728105208558367,7
25,119,3.875,2.4206145913796355,8
25,120,6.75,5.2855936279664935,8
25,121,4.0,2.581988897471611,6
25,122,1.2,0.4,5
25,123,1.2,0.4000000000000001,5
25,124,1.8333333333333333,0.8975274678557507,6
25,125,1.0,0.0,1
25,126,1.0,0.0,2
25,127,1.5,0.5,6
25,128,2.1666666666666665,1.343709624716425,6
25,129,1.8,0.7483314773547883,5
25,130,2.1666666666666665,0.6871842709362768,6
25,131,1.75,0.82915619758885,8
25,132,1.625,0.4841229182759271,8
25,133,1.375,0.4841229182759271,8
25,134,2.4444444444444446,1.3425606637327303,9
25,135,2.6666666666666665,1.9436506316151,9
25,136,3.142857142857143,0.989743318610787,7
25,137,3.2222222222222223,1.872477727372524,9
25,138,3.2222222222222223,2.042752923427804,9
25,139,2.5714285714285716,1.6781914463529615,7
25,140,3.5714285714285716,1.8405855323893037,7
25,141,3.5,2.23606797749979,8
25,142,2.875,0.7806247497997998,8
25,143,7.375,5.429951657243368,8
25,144,7.5,3.4641016151377544,8
25,145,5.875,6.050568155140474,8
25,146,1.25,0.4330127018922193,8
25,147,2.5,1.118033988749895,4
25,148,2.5,1.5,2
25,149,3.0,0.0,1
25,150,2.0,1.0,4
25,151,1.3333333333333333,0.4714045207910317,3
25,152,2.0,1.0,2
25,153,2.0,1.8257418583505538,6
25,154,2.625,0.8569568250501305,8
25,155,2.7777777777777777,1.4740554623801778,9
25,156,2.875,1.2686114456365274,8
25,157,3.4,1.8547236990991407,5
25,158,4.0,2.160246899469287,9
25,159,1.75,0.9682458365518543,8
25,160,1.6666666666666667,0.4714045207910317,6
25,161,2.5,1.8027756377319946,6
25,162,1.75,1.3919410907075054,8
25,163,2.5,1.5,4
25,164,2.25,1.0897247358851685,4
25,165,2.4285714285714284,0.9035079029052513,7
25,166,1.625,0.6959705453537527,8
25,167,2.4285714285714284,1.6781914463529615,7
26,3,1.0,0.0,1
26,5,1.0,0.0,2
26,6,1.0,0.0,2
26,7,1.8,0.9797958971132713,5
26,8,1.0,0.0,2
26,9,1.0,0.0,4
26,10,1.6666666666666667,0.9428090415820634,3
26,11,1.0,0.0,4
26,12,1.0,0.0,4
26,13,1.3333333333333333,0.4714045207910317,3
26,14,1.2,0.4,5
26,16,1.5,0.5,2
26,17,1.0,0.0,2
26,18,1.0,0.0,1
26,19,1.0,0.0,1
26,20,1.0,0.0,3
26,21,1.0,0.0,1
26,24,1.0,0.0,1
26,25,1.0,0.0,1
26,29,1.0,0.0,1
26,30,1.0,0.0,3
26,31,1.25,0.4330127018922193,4
26,32,1.6666666666666667,0.9428090415820634,3
26,33,1.25,0.4330127018922193,4
26,34,2.0,1.0,2
26,35,1.0,0.0,2
26,36,1.3333333333333333,0.4714045207910317,3
26,37,1.6666666666666667,0.4714045207910317,3
26,38,1.25,0.4330127018922193,4
26,39,1.0,0.0,2
26,40,1.0,0.0,1
26,41,1.0,0.0,1
26,42,1.3333333333333333,0.4714045207910317,3
26,43,1.0,0.0,3
26,44,1.3333333333333333,0.4714045207910317,3
26,46,1.0,0.0,1
26,47,1.0,0.0,1
26,48,1.0,0.0,1
26,51,1.0,0.0,1
26,55,1.0,0.0,2
26,56,1.25,0.4330127018922193,4
26,57,2.0,0.816496580927726,3
26,58,4.0,0.0,1
26,59,1.0,0.0,3
26,60,1.2,0.4,5
26,61,1.0,0.0,3
26,62,1.3333333333333333,0.4714045207910317,3
26,63,2.0,1.4142135623730951,3
26,64,1.0,0.0,3
26,65,1.0,0.0,1
26,66,1.0,0.0,1
26,67,1.0,0.0,1
26,69,1.0,0.0,1
26,71,1.0,0.0,1
26,78,1.0,0.0,1
26,79,1.0,0.0,3
26,80,1.0,0.0,2
26,81,1.0,0.0,1
26,82,1.0,0.0,2
26,83,1.8,1.1661903789690602,5
26,84,1.25,0.4330127018922193,4
26,85,1.0,0.0,5
26,86,1.8,0.7483314773547883,5
26,87,1.5,0.8660254037844386,4
26,88,1.0,0.0,4
26,89,1.0,0.0,3
26,90,1.5,0.5,2
26,91,2.0,0.0,1
26,94,1.0,0.0,1
26,96,1.0,0.0,2
26,101,1.0,0.0,1
26,102,1.0,0.0,2
26,103,1.0,0.0,1
26,104,1.0,0.0,1
26,105,1.25,0.4330127018922193,4
26,106,1.0,0.0,1
26,107,1.6666666666666667,0.7453559924999299,6
26,108,1.25,0.4330127018922193,4
26,109,1.75,1.299038105676658,4
26,110,2.0,0.816496580927726,3
26,111,1.5,0.5,2
26,112,1.0,0.0,1
26,114,1.0,0.0,2
26,115,1.0,0.0,2
26,116,1.5,0.5,2
26,118,3.0,0.0,1
26,119,1.0,0.0,1
26,131,1.0,0.0,2
26,136,1.0,0.0,3
26,139,1.0,0.0,1
26,143,1.0,0.0,1
26,152,1.0,0.0,1
26,153,1.0,0.0,3
26,154,1.0,0.0,2
26,158,2.0,0.0,1
26,159,1.0,0.0,3
26,160,1.0,0.0,1
26,165,1.0,0.0,1
26,166,1.0,0.0,1
26,167,2.0,0.0,1
27,37,1.0,0.0,1
27,74,1.0,0.0,1
28,0,1.0,0.0,4
28,1,2.0,0.0,1
28,2,1.0,0.0,1
28,5,1.0,0.0,2
28,6,1.25,0.4330127018922193,4
28,7,1.8,0.7483314773547883,5
28,8,1.0,0.0,4
28,9,1.0,0.0,1
28,10,1.0,0.0,1
28,11,1.0,0.0,1
28,12,1.0,0.0,5
28,13,1.5,0.5,2
28,14,1.25,0.4330127018922193,4
28,15,1.1666666666666667,0.37267799624996495,6
28,16,1.4,0.4898979485566356,5
28,17,1.0,0.0,2
28,18,2.0,0.0,1
28,20,1.0,0.0,2
28,21,1.0,0.0,3
28,22,1.0,0.0,2
28,23,1.0,0.0,1
28,28,1.0,0.0,2
28,29,1.0,0.0,2
28,30,1.2,0.4,5
28,31,1.0,0.0,3
28,32,1.0,0.0,2
28,33,1.3333333333333333,0.4714045207910317,3
28,34,1.0,0.0,1
28,35,1.5,0.5,2
28,36,1.0,0.0,3
28,37,1.0,0.0,3
28,38,1.5,0.5,2
28,39,1.0,0.0,2
28,40,2.25,1.6393596310755,4
28,43,1.0,0.0,2
28,44,1.0,0.0,1
28,45,2.0,0.0,1
28,46,1.0,0.0,1
28,47,1.0,0.0,2
28,48,1.0,0.0,1
28,50,1.0,0.0,1
28,52,1.0,0.0,2
28,53,1.0,0.0,1
28,54,1.2,0.4,5
28,55,1.625,0.9921567416492215,8
28,56,1.2,0.4,5
28,57,1.0,0.0,5
28,58,1.0,0.0,4
28,59,1.0,0.0,4
28,60,1.0,0.0,4
28,61,1.0,0.0,1
28,62,1.5,0.5,2
28,63,1.0,0.0,1
28,64,1.0,0.0,4
28,65,1.0,0.0,1
28,66,1.0,0.0,2
28,67,1.0,0.0,1
28,68,1.3333333333333333,0.4714045207910317,3
28,69,1.0,0.0,2
28,70,1.0,0.0,2
28,71,1.0,0.0,2
28,73,1.0,0.0,1
28,77,1.0,0.0,1
28,78,2.6,1.4966629547095767,5
28,79,2.0,1.3093073414159542,7
28,80,1.25,0.4330127018922193,4
28,81,1.25,0.4330127018922193,4
28,82,1.6,0.8,5
28,83,1.25,0.4330127018922193,4
28,84,1.25,0.4330127018922193,4
28,85,1.25,0.4330127018922193,4
28,86,1.0,0.0,3
28,87,2.0,0.0,1
28,88,1.4285714285714286,0.7284313590846836,7
28,89,1.5,0.5,2
28,90,2.3333333333333335,1.8856180831641267,3
28,91,1.0,0.0,1
28,92,1.0,0.0,1
28,93,2.0,0.0,3
28,94,1.0,0.0,3
28,95,1.0,0.0,2
28,97,1.0,0.0,3
28,98,1.0,0.0,1
28,99,1.0,0.0,1
28,100,1.0,0.0,1
28,101,1.0,0.0,2
28,102,1.25,0.4330127018922193,4
28,103,1.625,0.4841229182759271,8
28,104,1.3333333333333333,0.4714045207910317,6
28,105,1.5,0.8660254037844386,4
28,106,1.2857142857142858,0.45175395145262565,7
28,107,1.0,0.0,5
28,108,1.5,0.5,2
28,109,2.0,0.816496580927726,3
28,110,1.25,0.4330127018922193,4
28,111,1.0,0.0,2
28,112,1.6666666666666667,0.4714045207910317,3
28,113,1.3333333333333333,0.4714045207910317,3
28,114,1.0,0.0,2
28,115,1.0,0.0,3
28,116,1.25,0.4330127018922193,4
28,117,1.3333333333333333,0.4714045207910317,3
28,119,1.0,0.0,3
28,120,1.0,0.0,2
28,121,1.5,0.5,2
28,122,1.0,0.0,2
28,124,1.0,0.0,1
28,125,1.0,0.0,1
28,126,1.0,0.0,3
28,128,1.2,0.4,5
28,129,1.5,0.8660254037844386,4
28,130,1.0,0.0,3
28,131,1.0,0.0,1
28,132,1.0,0.0,5
28,133,1.0,0.0,1
28,134,1.0,0.0,4
28,135,1.0,0.0,3
28,136,1.0,0.0,3
28,139,1.0,0.0,3
28,140,1.0,0.0,2
28,141,1.25,0.4330127018922193,4
28,142,1.0,0.0,1
28,143,1.0,0.0,2
28,144,1.5,0.5,4
28,145,1.0,0.0,1
28,148,1.0,0.0,1
28,149,1.5,0.5,2
28,150,1.0,0.0,5
28,151,1.0,0.0,1
28,152,1.25,0.4330127018922193,4
28,153,1.8,0.9797958971132713,5
28,154,1.0,0.0,6
28,155,1.0,0.0,1
28,156,1.0,0.0,2
28,157,2.0,1.0,2
28,158,1.0,0.0,1
28,159,1.1666666666666667,0.3726779962499649,6
28,160,1.3333333333333333,0.4714045207910317,3
28,161,1.6666666666666667,0.4714045207910317,3
28,162,1.5,0.5,4
28,163,1.0,0.0,3
28,164,1.3333333333333333,0.4714045207910317,3
28,165,1.75,0.82915619758885,4
28,166,2.0,1.224744871391589,4
28,167,1.6,1.2,5
29,1,1.0,0.0,1
29,3,1.0,0.0,1
29,5,2.0,0.0,1
29,6,1.0,0.0,3
29,7,1.6666666666666667,0.74535599249993,6
29,8,1.0,0.0,1
29,9,1.0,0.0,1
29,11,1.0,0.0,4
29,12,1.5,0.5,2
29,13,1.3333333333333333,0.4714045207910317,3
29,14,1.0,0.0,1
29,15,1.1666666666666667,0.3726779962499649,6
29,16,1.0,0.0,2
29,17,1.0,0.0,1
29,29,1.0,0.0,1
29,30,1.0,0.0,4
29,31,1.5714285714285714,0.4948716593053935,7
29,32,1.0,0.0,1
29,33,1.0,0.0,2
29,34,1.5,0.5,2
29,37,1.0,0.0,3
29,38,1.0,0.0,2
29,39,1.0,0.0,2
29,40,1.0,0.0,3
29,41,1.5,0.5,2
29,42,1.0,0.0,1
29,44,1.0,0.0,1
29,47,1.0,0.0,1
29,53,1.0,0.0,2
29,54,2.0,0.0,1
29,55,1.3333333333333333,0.4714045207910317,9
29,56,1.25,0.4330127018922193,4
29,57,1.0,0.0,1
29,58,1.0,0.0,2
29,59,1.0,0.0,1
29,60,1.0,0.0,3
29,61,1.0,0.0,2
29,62,1.5,0.5,2
29,63,1.0,0.0,4
29,64,1.0,0.0,2
29,65,1.0,0.0,1
29,66,1.0,0.0,2
29,67,1.0,0.0,1
29,75,1.0,0.0,1
29,77,1.0,0.0,2
29,78,1.0,0.0,1
29,79,1.125,0.33071891388307384,8
29,80,1.3333333333333333,0.4714045207910317,3
29,81,1.0,0.0,1
29,82,1.0,0.0,3
29,83,1.0,0.0,1
29,84,1.0,0.0,2
29,85,1.0,0.0,3
29,86,1.0,0.0,1
29,87,1.2,0.4,5
29,89,2.0,0.0,1
29,95,1.0,0.0,1
29,96,1.0,0.0,1
29,101,1.0,0.0,1
29,102,1.0,0.0,2
29,103,1.6,0.4898979485566356,5
29,104,1.0,0.0,1
29,105,1.0,0.0,2
29,106,1.0,0.0,1
29,108,1.0,0.0,1
29,109,1.6666666666666667,0.4714045207910317,3
29,111,1.3333333333333333,0.4714045207910317,6
29,112,2.0,0.0,1
29,114,1.0,0.0,2
29,115,1.0,0.0,1
29,122,1.0,0.0,1
29,124,1.0,0.0,1
29,126,1.0,0.0,1
29,127,1.0,0.0,1
29,128,1.0,0.0,1
29,129,1.0,0.0,3
29,130,1.8333333333333333,0.6871842709362768,6
29,131,1.0,0.0,2
29,134,1.0,0.0,1
29,135,1.0,0.0,1
29,144,1.0,0.0,1
29,146,1.0,0.0,1
29,153,1.1666666666666667,0.3726779962499649,6
29,156,1.0,0.0,1
29,158,1.0,0.0,1
29,162,1.0,0.0,1
30,8,1.0,0.0,1
30,82,1.0,0.0,1
30,109,1.0,0.0,1
30,149,1.0,0.0,1
30,161,1.0,0.0,1
30,163,1.0,0.0,1
31,32,1.0,0.0,1
31,33,1.0,0.0,1
31,36,1.0,0.0,1
31,37,1.0,0.0,1
31,39,1.0,0.0,2
31,44,1.0,0.0,1
31,47,1.0,0.0,1
31,54,1.0,0.0,1
31,56,1.0,0.0,1
31,64,1.0,0.0,1
31,65,1.0,0.0,1
31,83,1.0,0.0,1
31,87,1.0,0.0,1
31,88,1.0,0.0,1
31,89,1.0,0.0,1
31,90,1.0,0.0,1
31,116,1.0,0.0,2
31,126,1.0,0.0,1
31,131,1.0,0.0,1
31,132,1.0,0.0,1
31,139,1.25,0.4330127018922193,4
31,143,1.0,0.0,1
31,157,1.0,0.0,1
31,162,1.0,0.0,1
32,0,1.0,0.0,1
32,1,1.0,0.0,1
32,4,1.0,0.0,1
32,5,1.0,0.0,1
32,6,2.0,0.0,1
32,7,1.3333333333333333,0.4714045207910317,3
32,8,1.0,0.0,1
32,9,1.0,0.0,2
32,10,1.0,0.0,2
32,11,1.0,0.0,1
32,12,1.0,0.0,2
32,13,1.0,0.0,2
32,14,1.0,0.0,1
32,15,1.0,0.0,2
32,16,1.0,0.0,2
32,17,1.0,0.0,5
32,18,1.0,0.0,1
32,22,1.0,0.0,1
32,23,1.0,0.0,1
32,29,1.0,0.0,1
32,30,1.0,0.0,1
32,31,1.0,0.0,3
32,32,1.0,0.0,4
32,33,1.0,0.0,2
32,34,1.0,0.0,2
32,35,1.3333333333333333,0.4714045207910317,3
32,36,1.3333333333333333,0.4714045207910317,3
32,37,1.0,0.0,4
32,38,1.0,0.0,1
32,39,1.0,0.0,2
32,40,1.6666666666666667,0.9428090415820634,3
32,41,1.0,0.0,3
32,42,1.0,0.0,1
32,44,1.0,0.0,1
32,53,1.0,0.0,1
32,54,1.0,0.0,3
32,55,1.0,0.0,4
32,56,1.3333333333333333,0.4714045207910317,3
32,57,1.5,0.5,4
32,58,1.3333333333333333,0.4714045207910317,3
32,59,1.25,0.4330127018922193,4
32,60,1.0,0.0,4
32,61,1.5,0.5,2
32,62,1.0,0.0,3
32,63,1.0,0.0,1
32,64,1.0,0.0,1
32,65,1.0,0.0,5
32,66,1.0,0.0,2
32,67,1.0,0.0,2
32,78,1.0,0.0,2
32,79,2.0,0.0,1
32,80,1.0,0.0,5
32,81,1.5,0.7637626158259734,6
32,82,1.0,0.0,4
32,83,1.0,0.0,5
32,84,1.0,0.0,1
32,85,1.0,0.0,6
32,86,1.0,0.0,4
32,87,1.5,0.5,2
32,88,1.0,0.0,3
32,89,1.3333333333333333,0.4714045207910317,3
32,90,1.0,0.0,1
32,91,1.0,0.0,2
32,92,1.0,0.0,1
32,95,1.0,0.0,1
32,98,1.0,0.0,1
32,102,1.0,0.0,3
32,103,1.0,0.0,2
32,104,1.5,0.5,4
32,105,1.0,0.0,4
32,106,1.3333333333333333,0.4714045207910317,3
32,107,1.0,0.0,5
32,108,1.0,0.0,3
32,109,1.0,0.0,2
32,110,1.2,0.4000000000000001,5
32,111,1.0,0.0,3
32,112,1.3333333333333333,0.4714045207910317,3
32,113,1.0,0.0,2
32,114,1.0,0.0,2
32,115,1.0,0.0,3
32,117,1.0,0.0,1
32,125,1.0,0.0,1
32,127,1.3333333333333333,0.4714045207910317,3
32,128,1.0,0.0,1
32,129,1.0,0.0,2
32,130,1.0,0.0,3
32,131,3.0,0.0,1
32,132,1.0,0.0,1
32,133,1.0,0.0,3
32,135,1.0,0.0,2
32,136,1.0,0.0,2
32,143,1.0,0.0,1
32,146,1.0,0.0,1
32,149,1.0,0.0,1
32,151,1.0,0.0,3
32,152,1.0,0.0,3
32,153,1.0,0.0,1
32,154,1.0,0.0,2
32,155,1.0,0.0,1
32,156,1.0,0.0,2
32,157,1.0,0.0,2
32,158,1.0,0.0,2
32,159,1.0,0.0,1
32,162,1.0,0.0,1
32,166,1.0,0.0,1
32,167,1.0,0.0,1
33,0,2.0,0.0,1
33,3,1.0,0.0,1
33,4,1.0,0.0,2
33,5,1.0,0.0,1
33,6,4.285714285714286,2.2497165354319457,7
33,7,4.857142857142857,3.3986792152486625,7
33,8,4.0,3.640054944640259,8
33,9,2.4285714285714284,1.3997084244475304,7
33,10,3.4285714285714284,1.498298354528788,7
33,11,2.5,1.224744871391589,8
33,12,2.0,0.816496580927726,6
33,13,3.142857142857143,1.6413036132965795,7
33,14,2.2857142857142856,1.0301575072754257,7
33,15,2.5,0.9574271077563381,6
33,16,2.625,1.4086784586980805,8
33,17,3.142857142857143,2.099562636671296,7
33,18,1.5714285714285714,1.049781318335648,7
33,19,2.25,1.5612494995995996,8
33,20,1.75,0.82915619758885,4
33,21,2.0,0.8944271909999159,5
33,22,1.6,0.4898979485566356,5
33,23,1.8,0.7483314773547883,5
33,24,1.0,0.0,1
33,25,1.0,0.0,1
33,28,1.0,0.0,2
33,29,1.0,0.0,2
33,30,3.25,2.331844763272204,8
33,31,4.375,2.595067436503337,8
33,32,3.0,1.118033988749895,8
33,33,3.375,1.7275343701356567,8
33,34,2.375,0.9921567416492215,8
33,35,2.857142857142857,1.355261854357877,7
33,36,2.7142857142857144,1.2777531299998797,7
33,37,2.1666666666666665,1.2133516482134197,6
33,38,2.857142857142857,0.8329931278350429,7
33,39,3.2857142857142856,1.749635530559413,7
33,40,2.75,1.299038105676658,8
33,41,3.2857142857142856,1.4846149779161806,7
33,42,3.125,1.899835519196333,8
33,43,3.0,1.6733200530681511,5
33,44,2.7142857142857144,1.749635530559413,7
33,45,2.4285714285714284,1.2936264483053452,7
33,46,2.25,1.713913650100261,8
33,47,1.0,0.0,3
33,48,1.0,0.0,2
33,49,1.0,0.0,2
33,50,1.0,0.0,1
33,52,1.5,0.5,2
33,53,1.4,0.4898979485566356,5
33,54,2.7777777777777777,1.7497795275581802,9
33,55,4.777777777777778,2.3465235646603197,9
33,56,4.0,2.748737083745107,9
33,57,2.6666666666666665,0.9428090415820634,9
33,58,3.0,1.8708286933869707,8
33,59,2.4444444444444446,1.4989708403591155,9
33,60,2.7777777777777777,1.1331154474650633,9
33,61,2.888888888888889,1.7284832429004493,9
33,62,2.5714285714285716,0.9035079029052513,7
33,63,3.3333333333333335,1.699673171197595,6
33,64,3.5,2.179449471770337,8
33,65,2.5,1.8027756377319946,8
33,66,5.0,3.872983346207417,8
33,67,2.142857142857143,0.9897433186107869,7
33,68,2.888888888888889,1.9688939051854835,9
33,69,3.111111111111111,1.1967032904743342,9
33,70,3.5,2.1213203435596424,8
33,71,1.5,0.5,4
33,72,1.2,0.4,5
33,73,1.5,0.5,2
33,74,1.0,0.0,1
33,75,1.0,0.0,1
33,76,1.0,0.0,1
33,77,1.5,0.5,2
33,78,2.125,1.5360257159305635,8
33,79,6.25,3.766629793329841,8
33,80,5.125,1.5360257159305635,8
33,81,3.125,0.9270248108869579,8
33,82,2.375,1.2183492931011204,8
33,83,1.8571428571428572,0.9897433186107869,7
33,84,1.875,0.5994789404140899,8
33,85,2.625,1.1110243021644486,8
33,86,3.6666666666666665,1.9436506316151,9
33,87,3.3333333333333335,1.414213562373095,9
33,88,3.2857142857142856,1.4846149779161804,7
33,89,3.888888888888889,2.3778816176702997,9
33,90,4.375,2.1758618981911515,8
33,91,3.875,3.9823830805184977,8
33,92,2.6666666666666665,1.4907119849998598,9
33,93,3.0,0.9258200997725514,7
33,94,3.375,2.6896793489187516,8
33,95,4.285714285714286,5.3375833406484015,7
33,96,2.2,0.7483314773547882,5
33,97,1.6,0.8,5
33,98,1.0,0.0,2
33,99,1.0,0.0,1
33,100,1.0,0.0,1
33,101,1.0,0.0,2
33,102,2.4285714285714284,0.9035079029052513,7
33,103,3.75,1.7853571071357126,8
33,104,4.125,1.5360257159305635,8
33,105,2.6666666666666665,1.9436506316151,9
33,106,2.0,1.0,8
33,107,2.7142857142857144,1.1605769149479943,7
33,108,3.2222222222222223,2.199887763691481,9
33,109,2.0,0.6666666666666666,9
33,110,4.5,4.55521678957215,8
33,111,4.0,1.7320508075688772,8
33,112,3.375,1.3169567191065923,8
33,113,4.25,2.436698586202241,8
33,114,4.0,3.0237157840738176,7
33,115,2.4444444444444446,0.9558139185602919,9
33,116,2.5714285714285716,1.049781318335648,7
33,117,2.6666666666666665,1.5986105077709065,6
33,118,3.2857142857142856,2.5475077857324298,7
33,119,3.25,1.984313483298443,8
33,120,6.2,6.910861017268399,5
33,121,3.125,1.5360257159305635,8
33,122,1.25,0.4330127018922193,4
33,124,1.0,0.0,3
33,125,2.0,0.0,1
33,126,1.25,0.4330127018922193,4
33,127,1.5,0.8660254037844386,4
33,128,1.5714285714285714,1.049781318335648,7
33,129,2.6666666666666665,1.5986105077709065,6
33,130,1.8888888888888888,1.4487116456005886,9
33,131,2.8333333333333335,1.2133516482134197,6
33,132,3.3333333333333335,1.763834207376394,9
33,133,2.875,2.8476964374736293,8
33,134,3.3333333333333335,1.3333333333333333,9
33,135,4.25,1.8540496217739157,8
33,136,4.625,2.4462982238476156,8
33,137,4.666666666666667,2.3570226039551585,9
33,138,4.625,1.996089927833914,8
33,139,3.875,2.666341125962693,8
33,140,3.0,2.23606797749979,8
33,141,4.142857142857143,2.5872528966106905,7
33,142,4.111111111111111,2.8846122190549264,9
33,143,6.0,3.605551275463989,8
33,144,4.25,3.152380053229623,8
33,145,4.333333333333333,4.422166387140534,6
33,147,1.0,0.0,1
33,149,1.0,0.0,1
33,150,1.5,0.5,2
33,151,1.0,0.0,5
33,152,1.5,0.7637626158259734,6
33,153,2.625,1.5761900266148114,8
33,154,2.125,0.7806247497997998,8
33,155,3.5,2.179449471770337,8
33,156,1.6666666666666667,0.6666666666666666,9
33,157,3.75,2.331844763272204,8
33,158,2.888888888888889,1.3698697784375504,9
33,159,2.375,1.653594569415369,8
33,160,1.8333333333333333,0.6871842709362768,6
33,161,3.142857142857143,2.415933503612538,7
33,162,2.2857142857142856,1.2777531299998799,7
33,163,2.7142857142857144,1.8294640678379568,7
33,164,2.25,0.82915619758885,8
33,165,1.0,0.0,4
33,166,1.1428571428571428,0.34992710611188266,7
33,167,1.6,0.4898979485566356,5
34,5,1.0,0.0,1
34,8,1.0,0.0,2
34,9,1.0,0.0,1
34,15,1.0,0.0,1
34,16,1.0,0.0,1
34,18,1.0,0.0,2
34,19,1.0,0.0,1
34,28,1.0,0.0,1
34,30,1.0,0.0,1
34,31,2.0,0.0,1
34,32,1.0,0.0,2
34,37,1.0,0.0,1
34,38,1.0,0.0,2
34,39,1.0,0.0,1
34,40,1.0,0.0,1
34,41,1.0,0.0,3
34,42,1.0,0.0,1
34,44,2.0,0.0,1
34,47,1.0,0.0,1
34,48,1.0,0.0,1
34,52,1.0,0.0,1
34,56,1.0,0.0,1
34,60,1.0,0.0,1
34,61,1.0,0.0,2
34,63,1.0,0.0,1
34,64,1.0,0.0,2
34,65,2.0,0.0,1
34,66,1.0,0.0,2
34,68,1.0,0.0,2
34,75,1.0,0.0,1
34,76,1.0,0.0,1
34,79,1.0,0.0,1
34,80,1.0,0.0,2
34,84,1.0,0.0,1
34,86,1.3333333333333333,0.4714045207910317,3
34,88,1.0,0.0,2
34,90,1.6666666666666667,0.9428090415820634,3
34,91,2.0,0.0,1
34,92,1.0,0.0,2
34,94,1.0,0.0,1
34,95,2.0,0.0,1
34,98,1.0,0.0,1
34,99,1.0,0.0,1
34,100,4.0,0.0,1
34,104,2.0,0.0,1
34,105,1.0,0.0,1
34,106,1.0,0.0,1
34,107,1.0,0.0,1
34,109,1.0,0.0,1
34,110,3.0,0.0,1
34,111,1.0,0.0,2
34,112,1.0,0.0,4
34,113,1.0,0.0,3
34,114,1.0,0.0,2
34,115,1.0,0.0,2
34,116,1.0,0.0,1
34,119,2.0,0.0,1
34,120,2.0,0.0,1
34,122,1.0,0.0,2
34,123,1.0,0.0,2
34,124,3.0,0.0,1
34,125,2.0,0.0,1
34,129,1.0,0.0,1
34,130,1.0,0.0,1
34,132,1.0,0.0,1
34,133,1.5,0.5,2
34,134,1.0,0.0,3
34,136,2.0,0.0,1
34,137,1.0,0.0,1
34,138,1.0,0.0,1
34,140,1.0,0.0,1
34,145,1.0,0.0,2
34,147,2.0,1.0,2
34,148,1.0,0.0,2
34,149,1.5,0.5,2
34,151,1.0,0.0,1
34,156,1.0,0.0,1
34,157,1.0,0.0,2
34,158,1.0,0.0,1
34,159,1.0,0.0,2
34,160,1.0,0.0,1
34,161,1.0,0.0,1
34,164,1.0,0.0,1
34,167,1.0,0.0,1
35,0,1.0,0.0,1
35,1,1.0,0.0,1
35,2,1.0,0.0,1
35,5,1.4,0.4898979485566356,5
35,6,2.6,0.4898979485566356,5
35,7,2.4285714285714284,0.7284313590846836,7
35,8,2.8333333333333335,1.0671873729054748,6
35,9,1.2857142857142858,0.45175395145262565,7
35,10,1.0,0.0,4
35,11,1.25,0.4330127018922193,4
35,12,2.0,0.8944271909999159,5
35,13,2.0,0.0,3
35,14,1.75,0.82915619758885,4
35,15,1.0,0.0,2
35,16,1.2,0.4000000000000001,5
35,17,1.0,0.0,2
35,18,1.0,0.0,4
35,19,1.0,0.0,2
35,20,1.0,0.0,1
35,22,1.0,0.0,1
35,24,1.0,0.0,1
35,26,1.0,0.0,1
35,28,1.0,0.0,2
35,29,1.0,0.0,2
35,30,1.8333333333333333,0.8975274678557508,6
35,31,1.6666666666666667,0.7453559924999299,6
35,32,2.2857142857142856,1.0301575072754257,7
35,33,1.5,0.5,6
35,34,1.0,0.0,4
35,35,2.6,1.019803902718557,5
35,36,1.4,0.4898979485566356,5
35,37,1.3333333333333333,0.4714045207910317,3
35,38,1.0,0.0,3
35,39,1.0,0.0,1
35,40,1.0,0.0,2
35,41,1.0,0.0,1
35,43,1.0,0.0,2
35,44,1.0,0.0,1
35,47,2.0,0.0,1
35,49,1.0,0.0,1
35,51,1.0,0.0,1
35,52,1.2,0.4000000000000001,5
35,53,1.6,0.8,5
35,54,1.4285714285714286,0.7284313590846835,7
35,55,2.7777777777777777,1.314684396244359,9
35,56,2.2857142857142856,0.6998542122237652,7
35,57,1.6666666666666667,1.0540925533894596,9
35,58,2.0,1.3093073414159542,7
35,59,1.3333333333333333,0.4714045207910317,6
35,60,1.3333333333333333,0.4714045207910317,3
35,61,1.2,0.4000000000000001,5
35,62,1.0,0.0,2
35,63,1.0,0.0,4
35,64,1.75,0.4330127018922193,4
35,65,1.0,0.0,3
35,66,1.0,0.0,2
35,67,1.6666666666666667,0.4714045207910317,3
35,68,1.0,0.0,3
35,72,1.0,0.0,1
35,74,1.0,0.0,1
35,76,1.0,0.0,2
35,77,1.4,0.4898979485566356,5
35,78,2.0,0.9258200997725514,7
35,79,2.0,0.9258200997725514,7
35,80,1.8333333333333333,0.6871842709362768,6
35,81,2.2857142857142856,1.2777531299998799,7
35,82,2.2857142857142856,1.6659862556700857,7
35,83,2.0,0.816496580927726,3
35,84,1.0,0.0,5
35,85,1.0,0.0,4
35,86,1.8333333333333333,0.6871842709362768,6
35,87,1.0,0.0,3
35,88,3.0,0.0,1
35,89,1.0,0.0,5
35,90,1.0,0.0,4
35,91,1.0,0.0,1
35,94,1.0,0.0,1
35,95,1.0,0.0,2
35,97,1.0,0.0,1
35,98,1.0,0.0,1
35,100,1.5,0.5,2
35,101,1.25,0.4330127018922193,4
35,102,1.2,0.4,5
35,103,1.5,0.7071067811865476,8
35,104,2.5,1.118033988749895,6
35,105,3.2857142857142856,1.905952009160905,7
35,106,2.0,1.4142135623730951,7
35,107,1.6666666666666667,0.47140452079103173,6
35,108,1.8,0.7483314773547883,5
35,109,2.4,1.019803902718557,5
35,110,1.2,0.4,5
35,111,1.4,0.4898979485566356,5
35,112,1.0,0.0,4
35,113,1.6,0.8,5
35,114,1.75,0.82915619758885,4
35,115,1.5,0.5,4
35,116,1.0,0.0,1
35,117,1.0,0.0,2
35,125,1.0,0.0,2
35,127,1.2,0.4,5
35,128,1.1666666666666667,0.3726779962499649,6
35,129,1.25,0.4330127018922193,4
35,130,1.8571428571428572,0.8329931278350429,7
35,131,1.4,0.8000000000000002,5
35,132,1.2,0.4000000000000001,5
35,133,1.0,0.0,4
35,134,1.25,0.4330127018922193,4
35,135,1.3333333333333333,0.4714045207910317,3
35,138,1.0,0.0,1
35,140,1.3333333333333333,0.4714045207910317,3
35,141,1.0,0.0,1
35,143,2.0,0.0,1
35,144,1.0,0.0,1
35,148,1.0,0.0,1
35,149,1.5,0.5,2
35,150,1.25,0.4330127018922193,4
35,151,2.0,0.7071067811865476,8
35,152,1.2,0.4,5
35,153,2.1666666666666665,1.4624940645653537,6
35,154,2.1666666666666665,0.6871842709362768,6
35,155,1.0,0.0,6
35,156,1.5,0.5,2
35,157,1.0,0.0,3
35,158,1.0,0.0,1
35,159,1.0,0.0,3
35,164,1.0,0.0,1
35,166,1.5,0.5,2
35,167,2.0,1.0,2
36,0,2.0,0.0,1
36,1,1.0,0.0,2
36,3,1.0,0.0,1
36,4,1.0,0.0,5
36,7,1.5,0.5,2
36,8,1.0,0.0,2
36,9,1.0,0.0,2
36,10,1.0,0.0,3
36,11,1.0,0.0,1
36,12,2.0,0.0,2
36,13,1.0,0.0,1
36,14,1.5,0.5,2
36,15,1.3333333333333333,0.4714045207910317,3
36,16,1.0,0.0,2
36,17,1.0,0.0,2
36,18,1.0,0.0,1
36,19,1.0,0.0,1
36,20,1.0,0.0,1
36,21,1.0,0.0,1
36,22,2.0,0.0,1
36,23,1.0,0.0,1
36,25,1.0,0.0,1
36,27,2.0,0.0,1
36,28,1.5,0.5,2
36,29,1.0,0.0,1
36,30,2.0,0.0,1
36,31,1.0,0.0,1
36,32,1.0,0.0,2
36,33,1.0,0.0,1
36,34,1.0,0.0,1
36,35,1.0,0.0,2
36,36,1.0,0.0,1
36,38,1.0,0.0,2
36,40,1.0,0.0,2
36,41,1.0,0.0,2
36,43,1.0,0.0,1
36,46,1.5,0.5,2
36,47,1.0,0.0,1
36,48,1.0,0.0,1
36,49,1.0,0.0,1
36,50,1.0,0.0,1
36,52,1.0,0.0,2
36,54,1.5,0.5,2
36,55,1.5,0.5,2
36,56,1.0,0.0,3
36,57,1.25,0.4330127018922193,4
36,58,1.0,0.0,3
36,60,1.0,0.0,2
36,61,1.0,0.0,2
36,62,1.0,0.0,3
36,63,1.0,0.0,3
36,65,1.5,0.5,2
36,66,1.0,0.0,3
36,67,1.5,0.5,2
36,68,1.0,0.0,1
36,70,2.0,0.0,1
36,71,1.5,0.5,2
36,72,1.0,0.0,2
36,73,1.0,0.0,1
36,74,1.0,0.0,2
36,76,1.0,0.0,1
36,77,1.0,0.0,2
36,78,2.0,0.0,1
36,79,1.3333333333333333,0.4714045207910317,3
36,80,1.5,0.5,2
36,81,1.0,0.0,4
36,82,1.0,0.0,2
36,84,1.0,0.0,2
36,85,1.25,0.4330127018922193,4
36,86,1.0,0.0,3
36,87,1.0,0.0,2
36,88,1.0,0.0,1
36,89,1.0,0.0,1
36,90,1.0,0.0,1
36,91,1.0,0.0,2
36,93,2.0,0.0,1
36,94,1.0,0.0,1
36,95,1.6666666666666667,0.9428090415820634,3
36,96,1.0,0.0,1
36,97,1.0,0.0,2
36,98,1.5,0.5,2
36,99,1.3333333333333333,0.4714045207910317,3
36,100,2.0,0.816496580927726,3
36,101,1.0,0.0,1
36,102,1.25,0.4330127018922193,4
36,103,1.5,0.5,4
36,104,1.0,0.0,1
36,106,1.0,0.0,1
36,107,1.0,0.0,3
36,108,1.5,0.5,4
36,109,1.0,0.0,4
36,110,1.3333333333333333,0.4714045207910317,3
36,111,1.5,0.5,2
36,112,1.0,0.0,1
36,113,1.0,0.0,3
36,114,1.0,0.0,3
36,115,1.0,0.0,3
36,117,1.0,0.0,1
36,119,1.0,0.0,2
36,120,1.0,0.0,3
36,121,2.0,0.7071067811865476,4
36,122,2.6666666666666665,1.4907119849998596,6
36,123,2.5,1.707825127659933,6
36,124,1.8333333333333333,1.0671873729054748,6
36,125,1.0,0.0,1
36,128,1.0,0.0,1
36,130,1.0,0.0,2
36,131,1.0,0.0,1
36,132,1.5,0.5,2
36,133,1.0,0.0,1
36,134,1.0,0.0,1
36,135,1.0,0.0,1
36,137,1.5,0.5,2
36,138,1.0,0.0,1
36,139,1.0,0.0,2
36,140,1.0,0.0,2
36,141,1.0,0.0,1
36,142,1.5,0.8660254037844386,4
36,143,1.3333333333333333,0.4714045207910317,3
36,144,2.25,1.6393596310755,4
36,145,2.4285714285714284,2.498979383505129,7
36,146,2.6666666666666665,2.4944382578492945,6
36,147,2.857142857142857,1.958758457257441,7
36,148,3.125,3.7893765978060294,8
36,149,1.6666666666666667,0.4714045207910317,3
36,150,1.0,0.0,3
36,151,1.0,0.0,1
36,152,1.0,0.0,4
36,153,1.5,0.5,2
36,154,3.0,0.0,1
36,155,1.0,0.0,3
36,156,1.0,0.0,2
36,157,1.5,0.5,2
36,158,1.0,0.0,2
36,159,1.0,0.0,1
36,160,1.0,0.0,1
36,161,1.0,0.0,3
36,162,1.0,0.0,1
36,163,1.0,0.0,1
36,164,1.0,0.0,3
36,165,1.25,0.4330127018922193,4
36,166,1.25,0.4330127018922193,4
36,167,2.3333333333333335,1.247219128924647,3
37,0,1.0,0.0,1
37,2,1.5,0.5,2
37,3,1.0,0.0,2
37,4,1.5,0.5,2
37,5,1.75,0.82915619758885,4
37,6,1.3333333333333333,0.4714045207910317,3
37,7,1.6,0.8,5
37,8,1.5,0.5,4
37,9,2.0,0.7071067811865476,4
37,10,1.6,1.2000000000000002,5
37,11,1.1666666666666667,0.3726779962499649,6
37,12,1.25,0.4330127018922193,4
37,13,1.6666666666666667,0.4714045207910317,3
37,14,1.3333333333333333,0.4714045207910317,3
37,15,1.5,0.5,2
37,16,1.6666666666666667,0.4714045207910317,3
37,17,1.25,0.4330127018922193,4
37,18,1.0,0.0,2
37,19,1.0,0.0,2
37,23,1.25,0.4330127018922193,4
37,24,1.0,0.0,3
37,25,1.5,0.5,2
37,28,1.0,0.0,2
37,29,1.5,0.5,4
37,30,1.4,0.4898979485566356,5
37,31,1.5,0.5,2
37,32,1.25,0.4330127018922193,4
37,33,1.25,0.4330127018922193,4
37,34,1.5,0.5,2
37,35,2.0,0.816496580927726,3
37,36,1.3333333333333333,0.4714045207910317,3
37,37,1.5,0.8660254037844386,4
37,38,1.25,0.4330127018922193,4
37,39,1.5,0.5,4
37,40,1.0,0.0,3
37,41,1.5,0.5,4
37,42,1.5,0.5,2
37,43,1.0,0.0,1
37,45,1.0,0.0,1
37,46,1.0,0.0,4
37,47,2.0,0.0,1
37,48,1.0,0.0,2
37,49,2.0,0.0,1
37,51,1.5,0.5,2
37,52,1.0,0.0,4
37,53,1.0,0.0,3
37,54,1.8,0.7483314773547883,5
37,55,1.6666666666666667,0.7453559924999299,6
37,56,1.5,0.5,4
37,57,1.4,0.4898979485566356,5
37,58,1.3333333333333333,0.4714045207910317,3
37,59,1.25,0.4330127018922193,4
37,60,1.25,0.4330127018922193,4
37,61,1.0,0.0,4
37,62,1.4,0.4898979485566356,5
37,63,1.5,0.5,4
37,64,1.6666666666666667,0.4714045207910317,3
37,65,2.0,0.816496580927726,3
37,66,1.0,0.0,4
37,67,1.0,0.0,5
37,68,1.0,0.0,2
37,70,1.0,0.0,2
37,71,1.0,0.0,2
37,72,1.0,0.0,2
37,74,1.3333333333333333,0.4714045207910317,3
37,75,1.0,0.0,2
37,76,1.6,0.8,5
37,77,1.0,0.0,3
37,78,1.2857142857142858,0.45175395145262565,7
37,79,1.6666666666666667,0.7453559924999299,6
37,80,1.2857142857142858,0.45175395145262565,7
37,81,1.5,0.5,4
37,82,1.0,0.0,1
37,83,1.5,0.5,2
37,84,1.5,0.5,4
37,85,1.25,0.4330127018922193,4
37,86,2.0,1.4142135623730951,3
37,87,1.5,0.5,2
37,88,1.3333333333333333,0.4714045207910317,3
37,89,1.0,0.0,4
37,90,1.6666666666666667,0.9428090415820634,3
37,91,1.5,0.5,4
37,92,1.5,0.5,2
37,93,1.0,0.0,1
37,94,1.25,0.4330127018922193,4
37,95,1.0,0.0,3
37,96,1.3333333333333333,0.4714045207910317,3
37,97,1.5,0.5,2
37,98,1.0,0.0,4
37,99,1.0,0.0,4
37,100,1.1666666666666667,0.3726779962499649,6
37,101,1.0,0.0,2
37,102,2.0,0.0,4
37,103,1.8333333333333333,1.0671873729054748,6
37,104,1.8333333333333333,1.0671873729054748,6
37,105,1.5,0.5,4
37,106,1.25,0.4330127018922193,4
37,107,1.1428571428571428,0.3499271061118826,7
37,108,1.2,0.4,5
37,109,1.5,0.8660254037844386,4
37,110,1.8333333333333333,1.0671873729054748,6
37,111,1.75,0.4330127018922193,4
37,112,1.6,0.4898979485566356,5
37,113,2.0,0.7071067811865476,4
37,114,1.3333333333333333,0.4714045207910317,6
37,115,2.5,0.5,2
37,116,1.0,0.0,3
37,118,1.0,0.0,2
37,119,1.5,0.8660254037844386,4
37,120,1.8333333333333333,1.0671873729054748,6
37,121,2.6666666666666665,0.4714045207910317,3
37,122,1.7142857142857142,1.0301575072754254,7
37,123,2.0,1.5,8
37,124,2.0,0.816496580927726,6
37,125,1.0,0.0,5
37,126,1.0,0.0,2
37,127,1.5,0.5,2
37,128,1.0,0.0,2
37,129,1.3333333333333333,0.4714045207910317,6
37,130,1.6666666666666667,0.4714045207910317,3
37,131,1.0,0.0,2
37,132,1.6666666666666667,0.9428090415820634,3
37,133,1.0,0.0,5
37,134,1.0,0.0,2
37,135,1.5,0.5,2
37,136,1.6666666666666667,0.9428090415820634,3
37,137,1.0,0.0,3
37,138,1.0,0.0,1
37,139,2.5,0.8660254037844386,4
37,140,1.5,0.5,2
37,141,1.5,0.5,4
37,142,1.0,0.0,1
37,143,1.6666666666666667,0.4714045207910317,3
37,144,3.5,2.8722813232690143,4
37,145,2.8333333333333335,2.7938424357067015,6
37,146,2.0,1.1952286093343936,7
37,147,2.6666666666666665,1.7950549357115013,6
37,148,2.5,1.3228756555322954,8
37,149,2.0,1.4142135623730951,3
37,150,1.6666666666666667,0.9428090415820634,3
37,151,1.5,0.5,2
37,152,1.3333333333333333,0.4714045207910317,3
37,153,1.1428571428571428,0.3499271061118826,7
37,154,1.25,0.4330127018922193,4
37,155,1.3333333333333333,0.4714045207910317,3
37,156,1.0,0.0,1
37,157,1.75,0.82915619758885,4
37,158,1.2,0.4,5
37,159,1.0,0.0,4
37,160,1.0,0.0,2
37,161,1.5,0.5,4
37,162,3.0,0.0,1
37,163,1.0,0.0,2
37,164,2.0,0.0,1
37,165,1.0,0.0,1
37,166,2.6666666666666665,1.699673171197595,3
37,167,1.25,0.4330127018922193,4
38,4,1.0,0.0,4
38,5,1.0,0.0,3
38,6,1.3333333333333333,0.4714045207910317,3
38,7,1.2,0.4000000000000001,5
38,8,1.25,0.4330127018922193,4
38,9,1.0,0.0,1
38,10,1.0,0.0,2
38,11,1.0,0.0,1
38,13,2.0,0.0,1
38,16,1.0,0.0,1
38,17,1.0,0.0,1
38,18,1.0,0.0,1
38,20,1.0,0.0,1
38,22,1.0,0.0,1
38,27,1.0,0.0,1
38,28,1.0,0.0,5
38,29,1.4,0.4898979485566356,5
38,30,1.0,0.0,1
38,31,1.5,0.5,2
38,32,1.25,0.4330127018922193,4
38,33,1.0,0.0,3
38,34,1.0,0.0,2
38,35,1.0,0.0,1
38,36,1.3333333333333333,0.4714045207910317,3
38,37,1.0,0.0,2
38,38,1.0,0.0,1
38,39,1.5,0.5,2
38,41,2.0,0.0,1
38,46,1.0,0.0,1
38,52,1.4,0.4898979485566356,5
38,53,1.0,0.0,4
38,54,1.0,0.0,5
38,55,1.25,0.4330127018922193,4
38,56,1.0,0.0,3
38,57,1.0,0.0,2
38,58,1.75,0.82915619758885,4
38,59,1.0,0.0,1
38,60,1.0,0.0,3
38,62,1.0,0.0,1
38,63,1.3333333333333333,0.4714045207910317,3
38,64,1.0,0.0,1
38,65,1.0,0.0,2
38,67,1.0,0.0,2
38,69,1.0,0.0,1
38,76,1.1666666666666667,0.3726779962499649,6
38,77,1.0,0.0,3
38,78,1.0,0.0,1
38,79,1.0,0.0,3
38,80,1.5,0.5,2
38,81,1.0,0.0,2
38,82,1.0,0.0,3
38,83,1.6666666666666667,0.4714045207910317,3
38,84,1.3333333333333333,0.4714045207910317,3
38,85,1.0,0.0,1
38,86,1.0,0.0,2
38,87,1.0,0.0,3
38,88,1.0,0.0,2
38,89,1.3333333333333333,0.4714045207910317,3
38,90,1.0,0.0,1
38,94,1.0,0.0,1
38,100,1.0,0.0,1
38,101,1.0,0.0,2
38,102,1.3333333333333333,0.4714045207910317,6
38,103,1.25,0.4330127018922193,4
38,104,1.0,0.0,2
38,105,1.0,0.0,3
38,106,2.0,0.0,2
38,107,1.0,0.0,2
38,108,1.0,0.0,2
38,109,1.0,0.0,3
38,110,1.0,0.0,1
38,111,1.0,0.0,3
38,112,1.0,0.0,1
38,113,1.0,0.0,1
38,114,1.0,0.0,1
38,124,1.0,0.0,2
38,125,1.0,0.0,1
38,126,1.0,0.0,2
38,127,1.0,0.0,1
38,129,1.0,0.0,2
38,131,1.0,0.0,2
38,132,1.0,0.0,1
38,133,1.0,0.0,2
38,135,1.0,0.0,2
38,137,1.0,0.0,3
38,139,1.0,0.0,1
38,140,1.0,0.0,1
38,144,1.0,0.0,1
38,148,1.0,0.0,4
38,151,1.0,0.0,1
38,152,1.0,0.0,1
38,153,1.0,0.0,3
38,154,1.0,0.0,3
38,155,1.0,0.0,1
38,158,1.0,0.0,1
38,163,1.0,0.0,1
38,164,1.0,0.0,3
38,166,1.0,0.0,1
39,0,1.0,0.0,1
39,1,1.0,0.0,1
39,2,1.0,0.0,1
39,4,1.6666666666666667,0.9428090415820634,3
39,5,1.5,0.7637626158259734,6
39,6,2.2857142857142856,0.880630571852711,7
39,7,2.4285714285714284,1.049781318335648,7
39,8,2.0,0.8944271909999159,5
39,9,2.4,2.33238075793812,5
39,10,3.25,0.82915619758885,4
39,11,1.5714285714285714,0.4948716593053935,7
39,12,2.6,0.8,5
39,13,2.0,0.8944271909999159,5
39,14,1.0,0.0,2
39,15,1.0,0.0,2
39,16,1.25,0.4330127018922193,4
39,17,1.0,0.0,3
39,18,1.0,0.0,5
39,19,1.0,0.0,1
39,20,2.0,1.0,2
39,21,1.5,0.5,2
39,22,1.0,0.0,1
39,23,1.5,0.5,2
39,25,1.0,0.0,1
39,28,1.3333333333333333,0.4714045207910317,3
39,29,2.0,0.816496580927726,6
39,30,4.0,2.2677868380553634,7
39,31,2.857142857142857,1.456862718169367,7
39,32,2.25,0.9682458365518543,8
39,33,1.5,0.7637626158259734,6
39,34,1.75,0.82915619758885,4
39,35,1.6,0.8,5
39,36,2.0,0.8944271909999159,5
39,37,1.5,0.7637626158259734,6
39,38,2.25,1.0897247358851685,4
39,39,1.0,0.0,3
39,40,1.3333333333333333,0.4714045207910317,3
39,41,1.5,0.5,2
39,42,2.0,0.0,1
39,44,1.0,0.0,2
39,45,1.0,0.0,1
39,51,1.5,0.5,2
39,52,1.2,0.4000000000000001,5
39,53,1.6666666666666667,0.7453559924999299,6
39,54,3.4285714285714284,1.498298354528788,7
39,55,2.4285714285714284,1.2936264483053452,7
39,56,2.5,1.0,8
39,57,2.375,1.8666480653835098,8
39,58,2.4,0.4898979485566356,5
39,59,1.6,0.8,5
39,60,2.0,1.3228756555322954,8
39,61,1.8333333333333333,1.462494064565354,6
39,62,2.2,1.16619037896906,5
39,63,1.6666666666666667,0.9428090415820634,3
39,64,1.0,0.0,2
39,65,1.0,0.0,1
39,66,1.0,0.0,1
39,67,1.0,0.0,1
39,68,1.0,0.0,1
39,71,2.0,0.0,1
39,74,1.0,0.0,1
39,76,1.4,0.4898979485566356,5
39,77,1.6,0.8,5
39,78,2.3333333333333335,1.3743685418725535,6
39,79,2.0,0.8944271909999159,5
39,80,2.7142857142857144,1.577908716741037,7
39,81,1.5,0.5,6
39,82,1.7142857142857142,0.6998542122237652,7
39,83,1.8571428571428572,1.124858267715973,7
39,84,2.8,1.16619037896906,5
39,85,2.0,1.0,6
39,86,1.0,0.0,2
39,87,1.4,0.4898979485566356,5
39,88,1.0,0.0,4
39,89,2.0,0.0,1
39,90,1.0,0.0,1
39,91,1.0,0.0,2
39,92,1.0,0.0,1
39,94,1.0,0.0,2
39,95,2.0,0.0,1
39,96,1.5,0.5,2
39,100,1.3333333333333333,0.4714045207910317,3
39,101,1.75,0.82915619758885,4
39,102,3.4444444444444446,1.5713484026367723,9
39,103,2.75,1.920286436967152,4
39,104,2.857142857142857,1.2453996981544782,7
39,105,1.8571428571428572,1.124858267715973,7
39,106,2.0,0.816496580927726,6
39,107,2.0,0.816496580927726,6
39,108,2.857142857142857,1.9587584572574415,7
39,109,1.1666666666666667,0.3726779962499649,6
39,110,1.2,0.4,5
39,111,1.5,0.5,4
39,112,3.0,0.0,1
39,113,1.3333333333333333,0.4714045207910317,3
39,114,1.0,0.0,4
39,115,1.3333333333333333,0.4714045207910317,3
39,116,1.0,0.0,2
39,117,1.0,0.0,1
39,118,1.0,0.0,1
39,119,1.0,0.0,1
39,120,1.0,0.0,1
39,124,1.0,0.0,2
39,126,1.0,0.0,2
39,127,1.0,0.0,2
39,128,1.3333333333333333,0.4714045207910317,3
39,129,1.0,0.0,2
39,130,2.0,0.816496580927726,3
39,131,1.3333333333333333,0.4714045207910317,3
39,132,1.0,0.0,5
39,133,2.0,0.0,1
39,134,1.0,0.0,1
39,135,1.0,0.0,2
39,136,1.0,0.0,5
39,137,1.0,0.0,2
39,138,1.0,0.0,2
39,139,1.0,0.0,1
39,141,1.0,0.0,1
39,142,1.0,0.0,1
39,144,1.0,0.0,1
39,145,1.0,0.0,1
39,146,1.0,0.0,1
39,147,1.0,0.0,1
39,150,1.0,0.0,4
39,151,1.5714285714285714,0.7284313590846836,7
39,152,1.4444444444444444,0.6849348892187752,9
39,153,2.0,0.5773502691896257,6
39,154,1.5,0.5,4
39,155,1.0,0.0,3
39,156,1.25,0.4330127018922193,4
39,157,1.0,0.0,2
39,158,2.0,0.816496580927726,3
39,159,1.0,0.0,4
39,160,1.0,0.0,1
39,161,1.0,0.0,1
39,162,1.0,0.0,1
39,164,1.0,0.0,4
39,166,1.5,0.5,4
39,167,1.0,0.0,2
40,0,1.0,0.0,2
40,1,1.0,0.0,1
40,5,1.0,0.0,3
40,6,2.4285714285714284,0.7284313590846836,7
40,7,2.6666666666666665,1.4907119849998598,6
40,8,3.857142857142857,1.124858267715973,7
40,9,2.2,1.16619037896906,5
40,10,2.3333333333333335,1.247219128924647,3
40,11,2.0,0.0,1
40,13,1.0,0.0,1
40,14,2.0,0.0,1
40,15,1.0,0.0,1
40,16,2.0,0.0,1
40,17,1.25,0.4330127018922193,4
40,18,1.6666666666666667,0.4714045207910317,3
40,19,1.0,0.0,2
40,20,1.5,0.5,2
40,21,1.0,0.0,1
40,24,1.0,0.0,1
40,26,1.0,0.0,1
40,27,1.0,0.0,1
40,28,1.0,0.0,1
40,29,1.0,0.0,2
40,30,3.142857142857143,1.4568627181693672,7
40,31,1.5,0.7637626158259734,6
40,32,3.5714285714285716,1.2936264483053452,7
40,33,2.6666666666666665,0.7453559924999298,6
40,34,1.0,0.0,4
40,35,2.0,0.6324555320336759,5
40,36,1.0,0.0,1
40,37,1.25,0.4330127018922193,4
40,38,2.0,0.0,1
40,40,1.0,0.0,1
40,41,1.3333333333333333,0.4714045207910317,3
40,42,1.0,0.0,1
40,43,1.0,0.0,1
40,44,1.0,0.0,1
40,45,1.0,0.0,4
40,46,1.2,0.4000000000000001,5
40,48,1.0,0.0,2
40,53,1.0,0.0,1
40,54,3.2222222222222223,0.7856742013183862,9
40,55,3.142857142857143,0.6388765649999399,7
40,56,2.5714285714285716,1.3997084244475304,7
40,57,1.7142857142857142,0.6998542122237652,7
40,58,1.125,0.33071891388307384,8
40,59,1.25,0.4330127018922193,4
40,60,1.0,0.0,2
40,61,1.0,0.0,2
40,62,2.0,1.0,2
40,63,1.0,0.0,1
40,64,1.0,0.0,3
40,65,1.4,0.4898979485566356,5
40,66,1.0,0.0,1
40,67,1.3333333333333333,0.4714045207910317,3
40,68,1.0,0.0,1
40,69,1.0,0.0,2
40,70,1.6666666666666667,0.9428090415820634,3
40,71,1.6666666666666667,0.9428090415820634,3
40,72,2.0,0.0,1
40,73,1.0,0.0,1
40,76,1.0,0.0,1
40,77,1.0,0.0,1
40,78,3.0,0.9258200997725514,7
40,79,1.5714285714285714,0.7284313590846836,7
40,80,2.625,1.4086784586980805,8
40,81,1.2857142857142858,0.45175395145262565,7
40,82,1.1666666666666667,0.3726779962499649,6
40,83,1.3333333333333333,0.4714045207910317,3
40,84,1.0,0.0,2
40,85,1.0,0.0,1
40,86,1.0,0.0,2
40,87,1.5,0.5,2
40,88,2.0,1.0,2
40,89,1.5,0.5,4
40,90,1.5,0.5,4
40,91,1.0,0.0,2
40,92,1.0,0.0,2
40,93,1.0,0.0,2
40,94,1.8571428571428572,0.6388765649999398,7
40,95,2.0,1.8257418583505538,6
40,96,1.1666666666666667,0.3726779962499649,6
40,97,1.0,0.0,1
40,98,1.0,0.0,1
40,100,1.0,0.0,1
40,101,1.0,0.0,2
40,102,2.6666666666666665,0.7453559924999298,6
40,103,1.2,0.4000000000000001,5
40,104,1.7142857142857142,1.0301575072754254,7
40,105,1.1428571428571428,0.3499271061118826,7
40,106,1.3333333333333333,0.4714045207910317,6
40,107,1.6666666666666667,0.4714045207910317,3
40,109,1.3333333333333333,0.4714045207910317,3
40,110,1.0,0.0,2
40,111,1.5,0.8660254037844386,4
40,112,1.2857142857142858,0.45175395145262565,7
40,113,1.0,0.0,2
40,114,1.3333333333333333,0.4714045207910317,3
40,115,1.5,0.5,2
40,116,1.0,0.0,2
40,117,1.0,0.0,2
40,118,1.1666666666666667,0.3726779962499649,6
40,119,1.5,0.5,6
40,120,3.0,2.0,2
40,121,1.0,0.0,2
40,122,1.6666666666666667,0.4714045207910317,3
40,123,1.0,0.0,1
40,125,1.0,0.0,1
40,126,1.0,0.0,4
40,127,1.0,0.0,2
40,128,1.2,0.4000000000000001,5
40,129,1.0,0.0,4
40,130,1.1666666666666667,0.3726779962499649,6
40,132,1.5,0.5,2
40,133,2.0,0.0,1
40,134,1.0,0.0,2
40,135,1.0,0.0,2
40,136,1.25,0.4330127018922193,4
40,137,1.75,0.82915619758885,4
40,138,3.0,0.816496580927726,3
40,139,1.6666666666666667,0.9428090415820634,6
40,140,1.5,0.8660254037844386,4
40,141,1.5714285714285714,0.4948716593053935,7
40,142,2.0,1.1547005383792515,6
40,143,2.7142857142857144,2.3733211036908783,7
40,144,2.0,1.0,6
40,145,2.6666666666666665,1.247219128924647,3
40,146,1.0,0.0,2
40,147,1.0,0.0,1
40,148,1.0,0.0,1
40,150,1.0,0.0,2
40,151,1.0,0.0,1
40,152,1.0,0.0,2
40,153,1.0,0.0,3
40,154,1.4285714285714286,0.7284313590846835,7
40,155,1.0,0.0,1
40,156,1.0,0.0,3
40,157,1.0,0.0,2
40,158,2.0,0.816496580927726,3
40,159,1.0,0.0,5
40,160,1.0,0.0,1
40,161,2.0,1.7320508075688772,4
40,162,1.8,0.9797958971132713,5
40,163,1.0,0.0,2
40,165,1.0,0.0,3
40,166,1.6666666666666667,0.9428090415820634,3
40,167,2.0,0.0,2
41,0,2.857142857142857,1.958758457257441,7
41,1,1.8,1.1661903789690602,5
41,2,1.6666666666666667,0.9428090415820634,3
41,3,1.75,0.82915619758885,4
41,4,1.75,0.82915619758885,8
41,5,2.7142857142857144,1.0301575072754257,7
41,6,7.875,3.018174116912409,8
41,7,21.25,8.272696053887149,8
41,8,18.75,7.75806032459145,8
41,9,11.5,3.774917217635375,8
41,10,8.75,3.2307119958300214,8
41,11,10.875,4.456385867493972,8
41,12,9.0,4.092676385936225,8
41,13,13.75,3.3819373146171707,8
41,14,11.5,2.449489742783178,8
41,15,11.375,1.4086784586980805,8
41,16,12.125,2.5708704751503917,8
41,17,13.25,3.8649062084350767,8
41,18,14.5,6.383572667401852,8
41,19,6.5,3.4641016151377544,8
41,20,6.625,2.2878756522153907,8
41,21,5.625,2.8256636388643286,8
41,22,6.75,3.344772040064913,8
41,23,4.0,2.0615528128088303,8
41,24,1.8571428571428572,2.0995626366712954,7
41,25,1.25,0.4330127018922193,4
41,26,1.25,0.4330127018922193,4
41,27,1.3333333333333333,0.4714045207910317,6
41,28,2.0,1.224744871391589,4
41,29,4.375,1.79843682124227,8
41,30,6.625,2.2878756522153907,8
41,31,20.125,6.918047051010856,8
41,32,17.625,7.398268378478845,8
41,33,10.875,5.278198082679353,8
41,34,12.0,4.301162633521313,8
41,35,8.125,3.370367190678191,8
41,36,11.0,1.8708286933869707,8
41,37,9.625,3.119995993587171,8
41,38,11.25,4.380353866983808,8
41,39,14.25,5.11737237261468,8
41,40,9.5,3.774917217635375,8
41,41,15.0,7.245688373094719,8
41,42,14.375,5.498579361980693,8
41,43,10.5,5.361902647381804,8
41,44,5.625,2.4462982238476156,8
41,45,6.5,2.692582403567252,8
41,46,6.875,2.521780125229002,8
41,47,4.0,2.9154759474226504,8
41,48,3.0,1.8257418583505538,9
41,49,1.6666666666666667,1.1055415967851332,6
41,50,1.0,0.0,6
41,51,1.0,0.0,3
41,52,2.4285714285714284,1.4982983545287878,7
41,53,3.75,3.112474899497183,8
41,54,6.333333333333333,3.2659863237109037,9
41,55,21.0,7.859884081701064,9
41,56,19.88888888888889,5.086899174337598,9
41,57,10.88888888888889,4.175176495123541,9
41,58,9.88888888888889,4.254264382017033,9
41,59,10.88888888888889,2.7666443551086073,9
41,60,11.222222222222221,3.614101326064576,9
41,61,12.666666666666666,3.7712361663282534,9
41,62,13.555555555555555,5.833068777069639,9
41,63,14.88888888888889,4.6294814791110355,9
41,64,11.88888888888889,2.960647243216495,9
41,65,15.88888888888889,6.26177902382461,9
41,66,14.333333333333334,6.091888960832355,9
41,67,9.666666666666666,2.160246899469287,9
41,68,6.555555555555555,2.3147407395555177,9
41,69,7.444444444444445,3.095197394929804,9
41,70,8.0,3.265986323710904,9
41,71,5.666666666666667,2.8284271247461903,9
41,72,2.2222222222222223,1.617802197617893,9
41,73,2.4,1.8547236990991407,5
41,74,1.0,0.0,2
41,75,1.0,0.0,5
41,76,2.875,1.8328597873268975,8
41,77,3.2222222222222223,1.9876159799998132,9
41,78,7.444444444444445,3.9752319599996264,9
41,79,19.333333333333332,9.786612170602131,9
41,80,19.666666666666668,5.6371781750959205,9
41,81,13.333333333333334,3.858612300930075,9
41,82,11.11111111111111,3.314763086705844,9
41,83,9.333333333333334,3.055050463303893,9
41,84,10.777777777777779,2.657391276244755,9
41,85,11.666666666666666,4.47213595499958,9
41,86,16.88888888888889,3.034777840832814,9
41,87,13.333333333333334,6.110100926607787,9
41,88,11.777777777777779,5.328701692569688,9
41,89,17.88888888888889,6.261779023824609,9
41,90,17.77777777777778,7.568616162633956,9
41,91,11.777777777777779,4.184037863058384,9
41,92,8.88888888888889,2.6851213274654606,9
41,93,11.444444444444445,3.0590888662080453,9
41,94,12.666666666666666,7.211102550927978,9
41,95,10.25,6.057020719792859,8
41,96,3.625,1.1110243021644486,8
41,97,2.6666666666666665,1.5634719199411433,9
41,98,1.6666666666666667,0.7453559924999299,6
41,99,2.25,1.6393596310755,4
41,100,2.0,0.8660254037844386,8
41,101,3.4444444444444446,1.9499920860871383,9
41,102,6.888888888888889,2.8458329944145997,9
41,103,17.77777777777778,6.876332643007023,9
41,104,17.88888888888889,8.238722183074056,9
41,105,13.555555555555555,3.303570832737446,9
41,106,11.11111111111111,3.6649827783268094,9
41,107,13.11111111111111,4.747969026493666,9
41,108,15.666666666666666,4.988876515698588,9
41,109,14.777777777777779,4.802262841105402,9
41,110,21.22222222222222,6.285393610547089,9
41,111,20.88888888888889,9.338622839755864,9
41,112,17.333333333333332,8.013876853447538,9
41,113,21.333333333333332,5.868938953886336,9
41,114,22.88888888888889,11.647073494558809,9
41,115,15.666666666666666,4.876246279442597,9
41,116,10.11111111111111,4.280302285390716,9
41,117,8.777777777777779,3.8809442659051068,9
41,118,9.777777777777779,4.685148587179559,9
41,119,12.0,8.12403840463596,9
41,120,6.333333333333333,4.714045207910317,9
41,121,4.333333333333333,2.160246899469287,9
41,122,2.3333333333333335,0.9428090415820634,9
41,123,2.25,0.82915619758885,8
41,124,1.8571428571428572,0.9897433186107869,7
41,125,3.5714285714285716,2.3211538298959886,7
41,126,4.555555555555555,2.3147407395555177,9
41,127,6.555555555555555,3.235604395235786,9
41,128,9.555555555555555,4.901498888913951,9
41,129,15.777777777777779,6.069555681665628,9
41,130,16.555555555555557,3.9471821485181358,9
41,131,11.88888888888889,4.121608220220313,9
41,132,21.88888888888889,7.852026552913224,9
41,133,15.777777777777779,5.3287016925696875,9
41,134,17.555555555555557,6.897843642297225,9
41,135,13.88888888888889,5.724109721062781,9
41,136,18.11111111111111,5.782049702781195,9
41,137,18.555555555555557,8.029267451173185,9
41,138,18.333333333333332,6.944222218666553,9
41,139,17.22222222222222,9.234931002302288,9
41,140,10.666666666666666,4.163331998932265,9
41,141,9.333333333333334,4.570436400267362,9
41,142,10.333333333333334,4.109609335312651,9
41,143,12.222222222222221,9.646850698288105,9
41,144,8.88888888888889,9.266959760885797,9
41,145,6.666666666666667,2.748737083745107,9
41,146,2.111111111111111,1.1967032904743342,9
41,147,1.3333333333333333,0.4714045207910317,6
41,148,2.888888888888889,1.9688939051854832,9
41,149,2.75,2.165063509461097,8
41,150,5.111111111111111,2.5141574442188355,9
41,151,5.555555555555555,3.166179299727779,9
41,152,9.666666666666666,4.346134936801766,9
41,153,17.0,4.784233364802441,9
41,154,15.666666666666666,5.374838498865699,9
41,155,18.0,4.109609335312651,9
41,156,20.666666666666668,6.582805886043833,9
41,157,17.88888888888889,6.870944370551247,9
41,158,19.0,8.353309390761112,9
41,159,16.333333333333332,7.348469228349534,9
41,160,15.88888888888889,6.081747637068448,9
41,161,16.666666666666668,8.32666399786453,9
41,162,15.666666666666666,9.297550453987569,9
41,163,10.222222222222221,5.1806858786110075,9
41,164,11.11111111111111,12.51172289800822,9
41,165,8.555555555555555,8.407815294396718,9
41,166,10.555555555555555,9.429399781900944,9
41,167,6.625,9.745992766260398,8
42,0,2.6,1.8547236990991407,5
42,1,2.5,2.0615528128088303,4
42,2,1.0,0.0,3
42,3,1.5,0.5,4
42,4,2.8333333333333335,1.5723301886761005,6
42,5,2.125,1.0532687216470449,8
42,6,4.75,1.5612494995995996,8
42,7,10.5,4.8218253804964775,8
42,8,9.75,5.4715171570598224,8
42,9,4.5,1.4142135623730951,8
42,10,6.25,3.7332961307670196,8
42,11,5.125,1.899835519196333,8
42,12,4.25,1.299038105676658,8
42,13,3.875,1.8328597873268975,8
42,14,4.625,2.1758618981911515,8
42,15,3.875,1.899835519196333,8
42,16,4.142857142857143,2.2314999074019015,7
42,17,5.125,1.899835519196333,8
42,18,4.0,2.345207879911715,8
42,19,2.4285714285714284,1.3997084244475304,7
42,20,1.875,1.0532687216470449,8
42,21,2.0,1.0,6
42,22,3.2,0.39999999999999997,5
42,23,2.2,1.6,5
42,24,1.0,0.0,3
42,25,1.375,0.4841229182759271,8
42,26,1.0,0.0,3
42,27,1.0,0.0,1
42,28,2.8333333333333335,1.0671873729054748,6
42,29,2.125,1.0532687216470449,8
42,30,3.375,1.4947825928876748,8
42,31,11.375,5.633327169621874,8
42,32,7.5,3.840572873934304,8
42,33,5.375,2.8256636388643286,8
42,34,3.4285714285714284,1.178030178747903,7
42,35,4.857142857142857,1.9587584572574412,7
42,36,5.75,1.713913650100261,8
42,37,4.375,2.117634293262177,8
42,38,4.5,1.5,8
42,39,5.125,2.666341125962693,8
42,40,4.875,2.1469455046647083,8
42,41,3.75,1.3919410907075054,8
42,42,4.0,3.2015621187164243,8
42,43,3.25,2.384848003542364,8
42,44,2.4285714285714284,1.2936264483053452,7
42,45,1.8,0.7483314773547883,5
42,46,2.0,0.816496580927726,6
42,47,2.1666666666666665,1.0671873729054748,6
42,48,1.4285714285714286,0.7284313590846836,7
42,49,1.3333333333333333,0.4714045207910317,3
42,50,1.3333333333333333,0.4714045207910317,3
42,51,1.0,0.0,4
42,52,3.0,1.224744871391589,8
42,53,3.125,1.2686114456365274,8
42,54,4.222222222222222,2.1487866228681907,9
42,55,9.333333333333334,3.6209268304000717,9
42,56,9.11111111111111,3.4138425546082702,9
42,57,6.888888888888889,4.121608220220313,9
42,58,4.222222222222222,1.617802197617893,9
42,59,4.444444444444445,1.9499920860871385,9
42,60,6.125,2.6190408549696205,8
42,61,4.0,2.309401076758503,9
42,62,5.444444444444445,4.297573245736381,9
42,63,4.222222222222222,2.9355210696939795,9
42,64,6.333333333333333,2.160246899469287,9
42,65,5.0,1.4907119849998598,9
42,66,3.6666666666666665,3.018461712712472,9
42,67,3.142857142857143,1.5518257844571737,7
42,68,2.7777777777777777,2.4845199749997664,9
42,69,2.125,1.2686114456365274,8
42,70,2.111111111111111,0.7370277311900889,9
42,71,2.875,2.027159342528357,8
42,72,2.1666666666666665,0.6871842709362768,6
42,73,2.0,0.0,2
42,74,2.0,0.0,1
42,75,1.3333333333333333,0.4714045207910317,3
42,76,1.8333333333333333,0.6871842709362768,6
42,77,2.0,1.0,6
42,78,4.111111111111111,2.3306863292670035,9
42,79,12.222222222222221,7.62711213410245,9
42,80,7.0,3.018461712712472,9
42,81,5.111111111111111,4.067334492827361,9
42,82,5.444444444444445,2.3147407395555177,9
42,83,3.5555555555555554,1.9499920860871383,9
42,84,4.777777777777778,2.249828525701843,9
42,85,4.444444444444445,2.2662308949301266,9
42,86,6.222222222222222,2.57240820062005,9
42,87,6.111111111111111,2.5579698740491863,9
42,88,5.666666666666667,3.1622776601683795,9
42,89,6.666666666666667,5.57773351022717,9
42,90,5.111111111111111,5.32174667325691,9
42,91,2.5555555555555554,1.640535895581489,9
42,92,4.75,4.175823272122517,8
42,93,3.2,2.6381811916545836,5
42,94,3.5714285714285716,2.5555062599997598,7
42,95,4.857142857142857,4.580348440537542,7
42,96,2.375,1.5761900266148114,8
42,97,2.0,1.0,2
42,98,1.3333333333333333,0.4714045207910317,6
42,99,1.75,0.4330127018922193,4
42,100,2.142857142857143,1.2453996981544782,7
42,101,3.0,2.1213203435596424,8
42,102,4.222222222222222,2.528845928164676,9
42,103,10.11111111111111,5.724109721062781,9
42,104,6.888888888888889,4.4333194096133335,9
42,105,6.888888888888889,3.3481153718487473,9
42,106,5.0,1.1547005383792515,9
42,107,3.888888888888889,1.3698697784375504,9
42,108,5.625,2.1758618981911515,8
42,109,6.444444444444445,5.187830013301668,9
42,110,8.0,6.765927710061479,9
42,111,7.666666666666667,5.206833117271103,9
42,112,6.0,3.858612300930075,9
42,113,7.666666666666667,4.396968652757639,9
42,114,6.777777777777778,3.852207960746603,9
42,115,4.444444444444445,1.892154040658489,9
42,116,2.8333333333333335,1.7716909687891083,6
42,117,2.5555555555555554,1.7069212773041353,9
42,118,3.375,2.1758618981911515,8
42,119,2.375,1.7275343701356567,8
42,120,2.2222222222222223,1.872477727372524,9
42,121,2.8333333333333335,1.7716909687891083,6
42,122,1.2222222222222223,0.628539361054709,9
42,123,1.8333333333333333,1.462494064565354,6
42,124,2.0,1.0,6
42,125,1.3333333333333333,0.7453559924999299,6
42,126,3.111111111111111,1.5234788000891208,9
42,127,3.2222222222222223,2.7799991118215117,9
42,128,4.111111111111111,2.601044424604361,9
42,129,4.666666666666667,1.3333333333333333,9
42,130,4.111111111111111,2.0245407953653998,9
42,131,5.875,1.3635890143294642,8
42,132,6.555555555555555,2.9481109247603556,9
42,133,6.666666666666667,2.3094010767585034,9
42,134,4.0,1.632993161855452,9
42,135,5.666666666666667,1.8257418583505538,9
42,136,3.4444444444444446,1.8324913891634047,9
42,137,3.6666666666666665,1.5634719199411433,9
42,138,4.444444444444445,2.629368792488718,9
42,139,7.125,5.577577879330776,8
42,140,2.888888888888889,2.4241582476968255,9
42,141,2.4285714285714284,1.049781318335648,7
42,142,2.857142857142857,1.2453996981544782,7
42,143,4.875,4.2555111326373005,8
42,144,3.875,3.550968177835448,8
42,145,3.25,2.6339134382131846,8
42,146,2.3333333333333335,1.3743685418725535,6
42,147,1.2,0.4,5
42,148,1.3333333333333333,0.4714045207910317,6
42,149,2.3333333333333335,1.5986105077709065,6
42,150,2.2222222222222223,1.0304020550550783,9
42,151,4.5,2.3979157616563596,8
42,152,3.5555555555555554,0.9558139185602919,9
42,153,10.0,2.211083193570267,9
42,154,7.888888888888889,1.6629588385661962,9
42,155,6.666666666666667,2.5385910352879693,9
42,156,7.666666666666667,2.9814239699997196,9
42,157,7.111111111111111,3.107140323135458,9
42,158,6.444444444444445,4.716663394842472,9
42,159,5.666666666666667,3.496029493900505,9
42,160,3.6666666666666665,1.8856180831641267,9
42,161,4.111111111111111,2.23330569358242,9
42,162,4.666666666666667,3.711842908553348,9
42,163,3.0,2.598076211353316,8
42,164,7.666666666666667,7.86694914747063,6
42,165,7.5,5.722761571129799,4
42,166,2.888888888888889,2.3778816176702997,9
42,167,5.0,7.280109889280518,8
43,0,3.857142857142857,2.166535841157586,7
43,1,2.5714285714285716,1.3997084244475304,7
43,2,2.0,0.0,1
43,3,1.0,0.0,2
43,4,1.1666666666666667,0.3726779962499649,6
43,5,2.2,0.9797958971132712,5
43,6,13.125,5.555121510822243,8
43,7,40.75,17.181021506301654,8
43,8,61.125,21.47345745333061,8
43,9,76.375,21.2775556631865,8
43,10,88.375,23.99446550769573,8
43,11,106.0,23.853720883753127,8
43,12,129.0,38.55191305240247,8
43,13,156.125,27.296691649355605,8
43,14,167.375,36.796526670325825,8
43,15,191.5,38.30469945058961,8
43,16,167.125,50.02358818597482,8
43,17,128.5,30.335622624235025,8
43,18,104.5,35.68613176011096,8
43,19,82.5,27.77138815399763,8
43,20,82.0,37.9242666376029,8
43,21,71.625,21.84569465592706,8
43,22,46.5,21.94310825749169,8
43,23,18.625,6.243746871871088,8
43,24,7.571428571428571,2.610809554642438,7
43,25,1.6666666666666667,0.7453559924999299,6
43,27,1.6666666666666667,0.4714045207910317,3
43,28,1.5,0.7071067811865476,8
43,29,3.5,2.179449471770337,8
43,30,12.125,5.732309743899051,8
43,31,48.75,19.01808349965895,8
43,32,75.375,24.041305600985982,8
43,33,84.5,22.18670773233379,8
43,34,95.25,24.416951079117148,8
43,35,106.75,11.648497757221744,8
43,36,151.0,23.318447632722037,8
43,37,160.875,19.244723302765358,8
43,38,182.875,24.36923008631992,8
43,39,193.0,17.628102563804195,8
43,40,193.875,25.71690834839989,8
43,41,139.125,19.374193531602806,8
43,42,112.375,23.84815244416221,8
43,43,94.25,28.660730974627985,8
43,44,76.25,28.397843227963634,8
43,45,76.75,27.430594233446712,8
43,46,72.5,41.0731055558257,8
43,47,36.0,27.69927796892908,8
43,48,9.555555555555555,4.855949640758257,9
43,49,3.5,1.118033988749895,8
43,50,1.4,0.4898979485566356,5
43,51,1.0,0.0,2
43,52,1.4285714285714286,0.4948716593053935,7
43,53,4.375,1.9324531042175384,8
43,54,13.11111111111111,4.306182750016911,9
43,55,50.22222222222222,21.928052949882247,9
43,56,80.11111111111111,24.492377247010477,9
43,57,78.66666666666667,13.605554421305701,9
43,58,95.44444444444444,15.762903787134816,9
43,59,112.55555555555556,9.627635121081987,9
43,60,123.22222222222223,13.685172655735256,9
43,61,119.77777777777777,18.467856626990088,9
43,62,142.66666666666666,20.094222497468714,9
43,63,140.55555555555554,18.025359365264084,9
43,64,125.88888888888889,25.731279902719546,9
43,65,117.66666666666667,30.243456592570013,9
43,66,115.77777777777777,27.53897350535047,9
43,67,93.33333333333333,37.606146069787876,9
43,68,91.77777777777777,33.49884833104226,9
43,69,111.77777777777777,55.29271155059484,9
43,70,83.44444444444444,46.78820153061171,9
43,71,39.666666666666664,27.836826128150623,9
43,72,11.88888888888889,7.140564005804279,9
43,73,3.5555555555555554,3.2010800646417628,9
43,74,1.6666666666666667,0.4714045207910317,6
43,75,1.0,0.0,6
43,76,1.4285714285714286,0.7284313590846835,7
43,77,3.5555555555555554,1.7708197167232476,9
43,78,11.0,4.944132324730441,9
43,79,47.0,22.125902367034787,9
43,80,71.44444444444444,26.965455725226224,9
43,81,80.55555555555556,22.4851116722506,9
43,82,91.88888888888889,21.07892282955467,9
43,83,122.44444444444444,21.90946579353373,9
43,84,144.11111111111111,33.94912679107584,9
43,85,162.44444444444446,28.75610509521263,9
43,86,182.11111111111111,34.39135693889913,9
43,87,208.0,45.801504099513785,9
43,88,202.88888888888889,37.48909306405574,9
43,89,145.44444444444446,27.70924880136238,9
43,90,123.77777777777777,35.97152508976997,9
43,91,93.66666666666667,35.67756842735907,9
43,92,88.33333333333333,21.85812841434,9
43,93,87.55555555555556,29.25410174891382,9
43,94,85.55555555555556,37.25322092297259,9
43,95,40.77777777777778,17.363933103980393,9
43,96,18.0,9.092121131323903,9
43,97,5.0,2.211083193570267,9
43,98,2.0,1.0540925533894598,9
43,99,1.25,0.4330127018922193,4
43,100,2.0,1.0690449676496976,7
43,101,4.111111111111111,1.0999438818457405,9
43,102,10.666666666666666,4.447221354708778,9
43,103,40.0,19.83263304085802,9
43,104,53.55555555555556,19.602217057778105,9
43,105,71.66666666666667,17.02286044640494,9
43,106,95.33333333333333,22.44994432064365,9
43,107,118.33333333333333,19.275776393067947,9
43,108,159.66666666666666,20.08316044185609,9
43,109,167.22222222222223,25.005678367468537,9
43,110,190.33333333333334,17.701224063135673,9
43,111,227.44444444444446,24.13439735735013,9
43,112,229.11111111111111,18.681211264824015,9
43,113,187.66666666666666,23.069941963997703,9
43,114,170.88888888888889,17.16873414374995,9
43,115,141.33333333333334,20.390629656236165,9
43,116,135.88888888888889,15.877618380352223,9
43,117,94.55555555555556,30.052217929283287,9
43,118,71.44444444444444,32.53753767611636,9
43,119,43.0,14.749764593225057,9
43,120,23.11111111111111,10.897955409101536,9
43,121,7.333333333333333,2.9814239699997196,9
43,122,2.625,1.8666480653835098,8
43,123,2.7142857142857144,1.9059520091609048,7
43,124,2.4285714285714284,0.7284313590846836,7
43,125,2.0,0.9258200997725514,7
43,126,6.0,1.8257418583505538,9
43,127,14.88888888888889,4.201704533597564,9
43,128,31.555555555555557,7.704415921493208,9
43,129,58.44444444444444,12.383780710726349,9
43,130,94.0,18.12916618784953,9
43,131,132.88888888888889,26.027525790313454,9
43,132,165.88888888888889,13.320364062796184,9
43,133,189.66666666666666,33.27327923591408,9
43,134,205.88888888888889,37.56015750897173,9
43,135,225.11111111111111,24.255329056813906,9
43,136,219.33333333333334,31.60168771864355,9
43,137,181.55555555555554,25.469420056701164,9
43,138,146.88888888888889,19.53028670463985,9
43,139,123.66666666666667,21.525179054617254,9
43,140,124.88888888888889,17.685175489623095,9
43,141,85.88888888888889,23.59116804816038,9
43,142,62.44444444444444,29.80719939548949,9
43,143,49.55555555555556,17.11471823451714,9
43,144,22.444444444444443,11.314799660534193,9
43,145,9.444444444444445,4.030746032714901,9
43,146,2.375,1.8666480653835098,8
43,147,1.8888888888888888,0.5665577237325317,9
43,148,2.0,1.3228756555322954,8
43,149,3.0,1.632993161855452,9
43,150,4.111111111111111,1.594744454934147,9
43,151,11.777777777777779,4.340449996583247,9
43,152,25.77777777777778,8.841540561812337,9
43,153,52.77777777777778,22.797552391906645,9
43,154,82.55555555555556,31.773892536382448,9
43,155,104.66666666666667,24.49489742783178,9
43,156,146.0,33.34666400106613,9
43,157,179.0,46.188021535170066,9
43,158,169.66666666666666,28.043616821737608,9
43,159,176.66666666666666,40.03054389393734,9
43,160,177.77777777777777,38.27612478288602,9
43,161,105.11111111111111,29.568919284517673,9
43,162,66.77777777777777,16.21917779651798,9
43,163,50.44444444444444,11.991766722872924,9
43,164,40.666666666666664,16.21384867602041,9
43,165,41.55555555555556,14.040505776827834,9
43,166,24.77777777777778,8.161941187647537,9
43,167,16.666666666666668,7.831560082980487,9
44,163,1.0,0.0,1
45,0,2.2857142857142856,1.6659862556700857,7
45,1,1.0,0.0,3
45,2,1.0,0.0,3
45,3,1.0,0.0,1
45,4,1.0,0.0,4
45,5,1.0,0.0,3
45,6,1.2,0.4000000000000001,5
45,7,2.0,0.6324555320336759,5
45,8,3.0,2.3979157616563596,8
45,9,4.125,2.315032397181517,8
45,10,4.875,2.2603926650031405,8
45,11,5.25,2.48746859276655,8
45,12,6.5,2.692582403567252,8
45,13,7.625,2.4462982238476156,8
45,14,8.125,3.7893765978060294,8
45,15,9.0,2.0615528128088303,8
45,16,11.25,6.279928343540235,8
45,17,8.75,3.191786333700926,8
45,18,9.25,3.665719574653795,8
45,19,10.0,5.766281297335398,8
45,20,7.875,3.3330729064933458,8
45,21,6.875,2.7128168017763383,8
45,22,5.0,2.5634797778466227,7
45,23,4.714285714285714,2.1852940772540506,7
45,24,1.8571428571428572,0.989743318610787,7
45,25,1.0,0.0,3
45,26,1.3333333333333333,0.4714045207910317,3
45,27,2.0,0.0,1
45,28,1.0,0.0,1
45,29,1.0,0.0,2
45,30,1.0,0.0,3
45,31,1.6666666666666667,0.4714045207910317,3
45,32,2.25,1.299038105676658,8
45,33,4.375,1.3169567191065923,8
45,34,6.25,2.48746859276655,8
45,35,6.375,1.3169567191065923,8
45,36,9.0,3.24037034920393,8
45,37,8.125,2.521780125229002,8
45,38,9.375,3.8709656418005056,8
45,39,9.875,2.8912583765550943,8
45,40,9.0,3.278719262151,8
45,41,8.5,4.123105625617661,8
45,42,9.25,3.7332961307670196,8
45,43,8.5,3.640054944640259,8
45,44,8.125,3.059309562630104,8
45,45,8.25,2.7271780286589284,8
45,46,5.444444444444445,2.4993826398226653,9
45,47,6.5,4.0,8
45,48,4.888888888888889,2.4241582476968255,9
45,49,3.0,1.632993161855452,6
45,50,1.6666666666666667,1.1055415967851332,6
45,51,1.0,0.0,2
45,52,1.0,0.0,3
45,53,1.6666666666666667,0.9428090415820634,3
45,54,1.2,0.4000000000000001,5
45,55,2.857142857142857,1.2453996981544782,7
45,56,2.888888888888889,1.5234788000891208,9
45,57,4.111111111111111,2.078698548207745,9
45,58,6.111111111111111,2.6434171674156266,9
45,59,6.777777777777778,2.042752923427804,9
45,60,7.555555555555555,2.2662308949301266,9
45,61,5.666666666666667,2.211083193570267,9
45,62,7.555555555555555,2.7125679146074893,9
45,63,9.666666666666666,3.1269438398822866,9
45,64,9.222222222222221,1.9876159799998132,9
45,65,10.666666666666666,1.632993161855452,9
45,66,10.666666666666666,3.3333333333333335,9
45,67,8.222222222222221,3.3259176771323924,9
45,68,8.11111111111111,2.8846122190549264,9
45,69,10.222222222222221,4.49141842920172,9
45,70,9.11111111111111,4.228066131208989,9
45,71,7.111111111111111,1.8525924445036739,9
45,72,4.333333333333333,2.7888667551135855,9
45,73,2.5714285714285716,1.5907898179514348,7
45,74,2.5,1.5,2
45,75,1.25,0.4330127018922193,4
45,76,1.5714285714285714,0.7284313590846836,7
45,77,1.0,0.0,3
45,78,2.0,1.8257418583505538,6
45,79,2.0,1.5491933384829668,5
45,80,2.888888888888889,1.4487116456005886,9
45,81,3.7777777777777777,1.7497795275581802,9
45,82,7.0,3.559026084010437,9
45,83,6.666666666666667,2.748737083745107,9
45,84,8.88888888888889,2.8458329944145997,9
45,85,10.0,3.1622776601683795,9
45,86,6.777777777777778,1.8121673811444545,9
45,87,11.222222222222221,4.637474834379823,9
45,88,9.222222222222221,3.3920750049941657,9
45,89,9.222222222222221,2.8588178511708016,9
45,90,9.0,2.9059326290271157,9
45,91,9.444444444444445,2.793290019994785,9
45,92,9.555555555555555,4.621474298463427,9
45,93,10.0,5.333333333333333,9
45,94,9.777777777777779,4.939135726865082,9
45,95,9.11111111111111,6.419491922513018,9
45,96,10.125,4.284784125250653,8
45,97,4.142857142857143,3.481730744843983,7
45,98,2.8,0.7483314773547882,5
45,99,1.6,0.4898979485566356,5
45,100,1.3333333333333333,0.4714045207910317,3
45,101,1.0,0.0,3
45,102,1.0,0.0,1
45,103,2.4,1.019803902718557,5
45,104,3.142857142857143,2.899683304312063,7
45,105,2.875,2.0879116360612584,8
45,106,5.888888888888889,1.9116278371205837,9
45,107,5.555555555555555,3.02254900194121,9
45,108,8.88888888888889,3.5728744868474505,9
45,109,8.666666666666666,3.2659863237109037,9
45,110,10.444444444444445,3.5624932315291993,9
45,111,13.0,3.1269438398822866,9
45,112,13.555555555555555,3.8618104882183926,9
45,113,9.444444444444445,3.02254900194121,9
45,114,11.666666666666666,3.2998316455372216,9
45,115,13.0,3.9157800414902435,9
45,116,12.222222222222221,5.411464738615964,9
45,117,12.777777777777779,3.965904066127721,9
45,118,11.555555555555555,3.8904758666692434,9
45,119,11.11111111111111,4.840671313509326,9
45,120,11.777777777777779,6.712803318663651,9
45,121,11.88888888888889,6.740333728045823,9
45,122,5.888888888888889,3.177855476905576,9
45,123,2.2222222222222223,1.547598697464902,9
45,124,2.5,2.0,8
45,125,1.25,0.4330127018922193,4
45,126,1.4,0.4898979485566356,5
45,127,1.3333333333333333,0.4714045207910317,3
45,128,2.25,0.9682458365518543,8
45,129,2.888888888888889,1.7916128329552332,9
45,130,4.777777777777778,2.739739556875101,9
45,131,6.333333333333333,2.309401076758503,9
45,132,8.666666666666666,4.320493798938574,9
45,133,11.555555555555555,2.629368792488718,9
45,134,11.333333333333334,3.559026084010437,9
45,135,13.88888888888889,2.5141574442188355,9
45,136,10.666666666666666,3.711842908553348,9
45,137,13.222222222222221,3.852207960746604,9
45,138,12.88888888888889,4.909049340972116,9
45,139,11.88888888888889,4.067334492827361,9
45,140,12.777777777777779,3.644715437079272,9
45,141,10.777777777777779,4.391349521193223,9
45,142,11.88888888888889,5.60643369401905,9
45,143,13.444444444444445,7.150930182090705,9
45,144,14.222222222222221,4.0764302950764755,9
45,145,10.88888888888889,7.171617583602188,9
45,146,6.111111111111111,3.8713891978187434,9
45,147,2.625,1.8666480653835098,8
45,148,2.2222222222222223,0.9162456945817024,9
45,149,1.2,0.4000000000000001,5
45,150,1.1666666666666667,0.3726779962499649,6
45,151,1.6,0.8,5
45,152,2.0,0.816496580927726,9
45,153,2.125,1.0532687216470449,8
45,154,3.888888888888889,1.7284832429004495,9
45,155,4.777777777777778,1.7497795275581802,9
45,156,7.555555555555555,3.166179299727779,9
45,157,9.222222222222221,2.484519974999766,9
45,158,9.0,3.9157800414902435,9
45,159,10.555555555555555,3.235604395235786,9
45,160,7.0,2.5495097567963922,8
45,161,8.11111111111111,4.507880616689065,9
45,162,8.0,2.3570226039551585,9
45,163,7.0,1.699673171197595,9
45,164,6.888888888888889,2.9228769862146455,9
45,165,7.0,3.2317865716108862,9
45,166,4.888888888888889,2.6434171674156266,9
45,167,2.7777777777777777,1.9876159799998132,9
46,58,1.0,0.0,1
46,59,1.0,0.0,1
46,88,1.0,0.0,1
46,109,1.0,0.0,1
46,119,1.0,0.0,1
46,133,1.0,0.0,1
46,141,1.0,0.0,1
46,158,1.0,0.0,1
47,0,1.0,0.0,1
47,4,1.3333333333333333,0.4714045207910317,3
47,5,1.0,0.0,4
47,6,1.0,0.0,2
47,7,1.5,0.5,2
47,8,1.0,0.0,4
47,9,1.5,0.5,2
47,10,1.0,0.0,2
47,11,1.2,0.4000000000000001,5
47,12,1.0,0.0,2
47,13,1.0,0.0,3
47,14,1.0,0.0,6
47,16,1.0,0.0,3
47,17,1.0,0.0,1
47,18,1.0,0.0,1
47,31,1.0,0.0,2
47,32,1.0,0.0,2
47,33,1.5,0.5,2
47,35,1.0,0.0,1
47,36,1.25,0.4330127018922193,4
47,37,1.3333333333333333,0.4714045207910317,3
47,38,1.4,0.4898979485566356,5
47,39,2.0,0.0,1
47,40,1.0,0.0,1
47,43,1.0,0.0,1
47,45,1.0,0.0,1
47,47,1.0,0.0,1
47,49,1.0,0.0,2
47,52,1.0,0.0,3
47,53,1.0,0.0,1
47,54,1.0,0.0,3
47,55,1.0,0.0,2
47,56,1.6666666666666667,0.9428090415820634,3
47,57,1.0,0.0,3
47,58,2.0,0.0,1
47,59,1.0,0.0,2
47,60,1.25,0.4330127018922193,4
47,61,1.125,0.33071891388307384,8
47,62,1.5,0.5,6
47,63,1.0,0.0,3
47,64,2.0,0.0,1
47,65,1.0,0.0,2
47,67,2.0,0.0,1
47,68,1.0,0.0,1
47,70,1.0,0.0,1
47,76,1.0,0.0,1
47,77,1.0,0.0,1
47,78,1.0,0.0,2
47,79,1.0,0.0,2
47,80,2.0,0.0,1
47,81,1.8,0.9797958971132713,5
47,82,1.6666666666666667,0.4714045207910317,3
47,83,1.0,0.0,5
47,84,1.0,0.0,3
47,85,1.0,0.0,3
47,86,2.0,0.816496580927726,3
47,87,1.0,0.0,2
47,88,1.0,0.0,1
47,89,1.0,0.0,1
47,90,1.0,0.0,1
47,92,1.0,0.0,1
47,94,2.0,0.0,1
47,96,2.0,0.0,1
47,97,1.0,0.0,1
47,101,1.0,0.0,1
47,102,1.5,0.5,2
47,103,1.75,0.82915619758885,4
47,104,1.0,0.0,3
47,105,1.8,0.4,5
47,106,2.0,0.0,2
47,107,1.6666666666666667,0.9428090415820634,3
47,108,1.0,0.0,3
47,109,1.5,0.5,2
47,110,1.5,0.5,2
47,111,1.0,0.0,1
47,112,1.0,0.0,2
47,113,1.0,0.0,1
47,114,1.0,0.0,1
47,115,1.0,0.0,1
47,116,1.5,0.5,2
47,126,1.0,0.0,1
47,127,1.0,0.0,1
47,128,1.2,0.4000000000000001,5
47,129,1.0,0.0,2
47,130,1.0,0.0,3
47,131,1.0,0.0,1
47,134,1.0,0.0,1
47,135,1.0,0.0,2
47,137,1.0,0.0,1
47,138,1.0,0.0,1
47,140,1.0,0.0,1
47,141,1.0,0.0,1
47,142,1.0,0.0,1
47,143,1.0,0.0,1
47,147,1.0,0.0,1
47,149,1.0,0.0,1
47,150,1.0,0.0,2
47,151,1.5,0.5,2
47,152,1.6666666666666667,0.4714045207910317,3
47,153,1.4,0.4898979485566356,5
47,154,1.0,0.0,4
47,155,1.0,0.0,1
47,156,1.0,0.0,3
47,157,1.6666666666666667,0.4714045207910317,3
47,158,1.5,0.5,2
47,159,1.0,0.0,1
47,160,1.3333333333333333,0.4714045207910317,3
47,161,1.0,0.0,2
47,162,1.0,0.0,2
47,163,1.0,0.0,2
47,165,2.0,0.0,1
47,166,1.0,0.0,1
47,167,1.0,0.0,1
48,0,54.625,10.839020942871178,8
48,1,41.5,10.222524150130436,8
48,2,24.875,5.441449714919729,8
48,3,20.75,3.832427429188973,8
48,4,25.125,8.115378919064716,8
48,5,35.375,14.061805538407933,8
48,6,72.0,27.76238462380348,8
48,7,81.25,24.355440870573457,8
48,8,97.75,27.003471998985614,8
48,9,96.125,17.31644810577504,8
48,10,92.0,19.05255888325765,8
48,11,90.5,11.368817000902073,8
48,12,90.25,14.506464076404008,8
48,13,97.875,17.054599819403563,8
48,14,104.0,12.932517156377562,8
48,15,96.625,5.655473012931809,8
48,16,102.75,10.0093706095838,8
48,17,112.625,20.130434048971722,8
48,18,135.125,28.82896763673649,8
48,19,120.875,23.829800146035634,8
48,20,136.5,23.66960075708925,8
48,21,155.5,35.38361202590826,8
48,22,117.0,32.41913015489465,8
48,23,89.375,19.93701018207093,8
48,24,62.25,9.896337706444744,8
48,25,32.5,9.987492177719089,8
48,26,22.25,4.656984002549289,8
48,27,16.5,4.47213595499958,8
48,28,18.875,5.134138194478212,8
48,29,40.375,6.460214779711275,8
48,30,77.625,22.438457500461123,8
48,31,98.25,20.710806358034446,8
48,32,106.625,19.690971916083775,8
48,33,107.75,13.235841491949047,8
48,34,98.875,8.936407275857563,8
48,35,95.0,13.481468762712764,8
48,36,104.125,16.480575687760425,8
48,37,102.625,4.580870550452174,8
48,38,103.25,18.136634197116067,8
48,39,111.75,12.142384444580891,8
48,40,109.75,17.1300175131259,8
48,41,140.75,25.183079636930824,8
48,42,166.5,29.236107812087436,8
48,43,155.75,31.03123426484999,8
48,44,150.22222222222223,61.947608289905,9
48,45,240.375,34.33270124822689,8
48,46,230.0,40.102992407051126,8
48,47,135.88888888888889,56.014768775633215,9
48,48,84.77777777777777,19.44666653969705,9
48,49,48.888888888888886,12.792744857443783,9
48,50,33.44444444444444,20.36397205912175,9
48,51,27.77777777777778,15.273635802168519,9
48,52,26.22222222222222,18.449798419722505,9
48,53,38.22222222222222,6.892472186342587,9
48,54,77.22222222222223,18.527923537657532,9
48,55,98.33333333333333,21.060758665241753,9
48,56,114.77777777777777,27.389283296686912,9
48,57,109.66666666666667,16.158932858054428,9
48,58,106.66666666666667,8.082903768654761,9
48,59,106.0,6.4635731432217725,9
48,60,105.44444444444444,14.810740180401451,9
48,61,108.66666666666667,15.860503004493758,9
48,62,113.88888888888889,9.073091405597156,9
48,63,109.22222222222223,12.505801123014674,9
48,64,141.55555555555554,19.517007461363374,9
48,65,156.88888888888889,20.447463545195497,9
48,66,184.88888888888889,33.78179800637039,9
48,67,162.22222222222223,28.169241609235883,9
48,68,172.11111111111111,38.97134116371626,9
48,69,226.11111111111111,55.947285594853476,9
48,70,277.0,52.04698731808488,9
48,71,172.11111111111111,35.01251980663312,9
48,72,109.55555555555556,23.290966828418032,9
48,73,58.55555555555556,19.505618057433328,9
48,74,41.44444444444444,11.412576991207853,9
48,75,25.77777777777778,10.304020550550783,9
48,76,30.22222222222222,10.901353410143141,9
48,77,41.55555555555556,8.56492992915634,9
48,78,69.44444444444444,14.945167268764777,9
48,79,98.77777777777777,28.228345792356297,9
48,80,107.33333333333333,20.033305601755625,9
48,81,110.22222222222223,15.324474091231957,9
48,82,109.77777777777777,15.149461140235523,9
48,83,101.88888888888889,12.031850734561388,9
48,84,115.0,14.414498873626435,9
48,85,107.33333333333333,12.101423240447566,9
48,86,112.44444444444444,18.00068585798954,9
48,87,114.66666666666667,8.41955396021006,9
48,88,124.22222222222223,13.782257336298382,9
48,89,148.55555555555554,28.783139783603684,9
48,90,189.88888888888889,51.20209293561792,9
48,91,162.44444444444446,43.78257164953783,9
48,92,184.66666666666666,45.86453483417831,9
48,93,221.66666666666666,58.22179813246735,9
48,94,265.6666666666667,75.78331683893963,9
48,95,210.88888888888889,78.11450917217542,9
48,96,139.88888888888889,38.27515714299535,9
48,97,97.33333333333333,28.60846805483377,9
48,98,56.666666666666664,12.560962454277847,9
48,99,42.22222222222222,6.696230743697495,9
48,100,40.111111111111114,10.577170850935355,9
48,101,35.77777777777778,8.495459934940122,9
48,102,68.88888888888889,24.419684429867658,9
48,103,77.11111111111111,22.273274690357024,9
48,104,92.66666666666667,22.83759084394752,9
48,105,97.55555555555556,11.991766722872924,9
48,106,104.33333333333333,11.869662543176569,9
48,107,106.77777777777777,7.3903507325848405,9
48,108,100.55555555555556,10.667824011287516,9
48,109,104.66666666666667,19.379255804998177,9
48,110,104.88888888888889,10.407736913196883,9
48,111,124.77777777777777,19.617326682625222,9
48,112,139.55555555555554,15.791074209545025,9
48,113,155.11111111111111,21.532633860901793,9
48,114,195.22222222222223,37.85286655159474,9
48,115,178.77777777777777,30.8284780962083,9
48,116,176.22222222222223,29.498692166029546,9
48,117,190.11111111111111,30.340455004441566,9
48,118,235.88888888888889,26.892561732628035,9
48,119,240.66666666666666,56.0733646415321,9
48,120,220.22222222222223,56.63092554775228,9
48,121,176.22222222222223,43.67755024107612,9
48,122,132.66666666666666,31.612233918743122,9
48,123,96.88888888888889,23.595877438628243,9
48,124,71.77777777777777,15.454433220692355,9
48,125,26.666666666666668,7.557189365836422,9
48,126,35.111111111111114,9.266959760885797,9
48,127,38.0,7.888106377466155,9
48,128,68.66666666666667,11.284207253207171,9
48,129,103.44444444444444,14.476886644357627,9
48,130,116.0,20.027758514399736,9
48,131,119.33333333333333,10.241527663824812,9
48,132,123.77777777777777,19.33780280393692,9
48,133,131.11111111111111,21.748279341616605,9
48,134,120.55555555555556,17.04967325272515,9
48,135,140.77777777777777,14.74809048112691,9
48,136,161.33333333333334,18.856180831641268,9
48,137,176.66666666666666,12.806248474865697,9
48,138,180.44444444444446,29.435847801659612,9
48,139,182.44444444444446,34.654200037613236,9
48,140,154.33333333333334,26.633312473917574,9
48,141,175.55555555555554,41.400781289222365,9
48,142,241.88888888888889,30.420915482040183,9
48,143,245.11111111111111,54.8076321620436,9
48,144,233.33333333333334,66.25372106950337,9
48,145,196.88888888888889,77.78095231616722,9
48,146,144.88888888888889,42.09894283297766,9
48,147,116.11111111111111,30.985460548975205,9
48,148,84.88888888888889,17.23977600037802,9
48,149,33.333333333333336,11.566234381931649,9
48,150,30.77777777777778,7.098947931094794,9
48,151,38.666666666666664,12.01850425154663,9
48,152,62.77777777777778,8.75312995165828,9
48,153,99.11111111111111,15.94744454934147,9
48,154,116.66666666666667,29.112807414530735,9
48,155,114.66666666666667,24.96664441476534,9
48,156,124.55555555555556,18.797819679190404,9
48,157,135.44444444444446,33.741208274192985,9
48,158,128.66666666666666,30.114595944307286,9
48,159,131.77777777777777,30.50602045417621,9
48,160,154.44444444444446,39.415482325015134,9
48,161,164.0,37.56180092712394,9
48,162,169.0,42.65885345127993,9
48,163,144.66666666666666,26.948510575210314,9
48,164,142.77777777777777,30.55696966424728,9
48,165,147.0,33.23986896618109,9
48,166,116.77777777777777,26.4439775869154,9
48,167,89.0,15.993054047860207,9
49,0,1.0,0.0,1
49,1,1.0,0.0,1
49,3,1.0,0.0,1
49,4,1.0,0.0,2
49,5,1.0,0.0,2
49,6,1.3333333333333333,0.4714045207910317,3
49,7,2.3333333333333335,0.9428090415820634,3
49,8,2.3333333333333335,0.9428090415820634,6
49,9,1.3333333333333333,0.4714045207910317,3
49,10,1.0,0.0,4
49,11,1.75,0.82915619758885,4
49,12,1.25,0.4330127018922193,4
49,13,1.6,0.8,5
49,14,1.4,0.4898979485566356,5
49,15,1.0,0.0,4
49,16,1.0,0.0,4
49,17,1.5,0.5,4
49,18,2.6,1.019803902718557,5
49,19,1.0,0.0,1
49,20,2.0,0.0,1
49,21,1.3333333333333333,0.4714045207910317,3
49,22,1.0,0.0,4
49,23,1.5,0.5,4
49,24,1.5,0.5,2
49,27,1.0,0.0,1
49,28,1.0,0.0,2
49,29,1.0,0.0,1
49,30,1.2,0.4,5
49,31,2.5,1.118033988749895,4
49,32,2.0,0.8944271909999159,5
49,33,1.4,0.8,5
49,34,1.3333333333333333,0.4714045207910317,3
49,35,2.0,1.2649110640673518,5
49,36,1.75,0.82915619758885,4
49,37,1.6666666666666667,0.4714045207910317,3
49,38,2.0,1.0,2
49,39,2.6666666666666665,1.247219128924647,3
49,40,1.5,0.8660254037844386,8
49,41,1.8,1.1661903789690602,5
49,42,1.75,0.82915619758885,4
49,43,1.0,0.0,2
49,44,2.0,1.0,2
49,45,1.0,0.0,1
49,46,1.5,0.5,2
49,47,2.0,0.0,1
49,48,1.25,0.4330127018922193,4
49,49,1.0,0.0,1
49,52,1.0,0.0,2
49,53,2.0,1.0,2
49,54,1.0,0.0,5
49,55,2.0,0.6324555320336759,5
49,56,2.0,1.3228756555322954,8
49,57,1.4285714285714286,0.4948716593053935,7
49,58,1.3333333333333333,0.4714045207910317,3
49,59,1.2,0.4,5
49,60,1.0,0.0,5
49,61,2.0,1.0,6
49,62,1.5,0.5,2
49,63,1.1428571428571428,0.34992710611188266,7
49,64,1.7142857142857142,0.880630571852711,7
49,65,1.1428571428571428,0.3499271061118826,7
49,66,1.375,0.6959705453537527,8
49,67,1.125,0.33071891388307384,8
49,68,1.0,0.0,4
49,69,1.6666666666666667,0.9428090415820634,3
49,70,1.75,0.82915619758885,4
49,71,1.4,0.8,5
49,72,1.3333333333333333,0.4714045207910317,3
49,74,1.0,0.0,2
49,75,1.0,0.0,2
49,76,1.0,0.0,1
49,77,1.0,0.0,3
49,78,1.3333333333333333,0.4714045207910317,3
49,79,1.3333333333333333,0.7453559924999299,6
49,80,2.0,0.816496580927726,6
49,81,2.3333333333333335,1.7950549357115013,6
49,82,1.3333333333333333,0.4714045207910317,6
49,83,1.8,0.4,5
49,84,1.5,0.5,6
49,85,1.2,0.4,5
49,86,1.0,0.0,7
49,87,1.5,0.7071067811865476,8
49,88,1.8571428571428572,0.3499271061118826,7
49,89,2.25,0.9682458365518543,8
49,90,2.75,1.299038105676658,4
49,91,1.6,0.8,5
49,92,1.5,0.5,6
49,93,2.0,0.0,2
49,94,1.8571428571428572,1.1248582677159729,7
49,95,2.5,2.598076211353316,4
49,96,1.0,0.0,2
49,97,1.5,0.5,2
49,98,1.0,0.0,1
49,99,1.0,0.0,3
49,100,1.0,0.0,1
49,101,2.0,0.0,1
49,102,1.75,0.82915619758885,4
49,103,2.8,1.16619037896906,5
49,104,1.4,0.4898979485566356,5
49,105,1.2,0.4000000000000001,5
49,106,1.6666666666666667,0.7453559924999299,6
49,107,1.6666666666666667,1.1055415967851332,6
49,108,2.3333333333333335,1.4907119849998598,6
49,109,1.25,0.4330127018922193,4
49,110,2.0,0.6324555320336759,5
49,111,2.0,1.0954451150103321,5
49,112,1.7142857142857142,0.6998542122237652,7
49,113,1.2857142857142858,0.45175395145262565,7
49,114,2.75,2.436698586202241,8
49,115,1.8,1.6,5
49,116,1.0,0.0,4
49,117,1.0,0.0,3
49,118,1.25,0.4330127018922193,4
49,119,1.375,0.4841229182759271,8
49,120,2.75,1.920286436967152,4
49,121,1.4,0.4898979485566356,5
49,122,1.0,0.0,2
49,123,1.0,0.0,2
49,124,1.0,0.0,2
49,125,1.3333333333333333,0.4714045207910317,3
49,126,1.0,0.0,4
49,127,1.0,0.0,3
49,128,1.3333333333333333,0.4714045207910317,3
49,129,1.5,0.5,2
49,130,1.0,0.0,2
49,131,1.1666666666666667,0.37267799624996495,6
49,132,1.3333333333333333,0.4714045207910317,3
49,133,1.6,1.2000000000000002,5
49,134,1.4,0.8000000000000002,5
49,135,1.8,0.9797958971132713,5
49,136,1.3333333333333333,0.4714045207910317,3
49,137,1.3333333333333333,0.4714045207910317,3
49,138,1.4,0.4898979485566356,5
49,139,1.8,1.6,5
49,140,1.75,0.82915619758885,4
49,141,1.4,0.4898979485566356,5
49,142,1.5,0.7637626158259734,6
49,143,1.7142857142857142,0.880630571852711,7
49,144,2.875,3.2185982973959333,8
49,145,2.8,2.227105745132009,5
49,146,1.3333333333333333,0.4714045207910317,3
49,147,1.0,0.0,1
49,148,1.0,0.0,1
49,149,1.0,0.0,3
49,150,1.0,0.0,2
49,151,1.0,0.0,2
49,152,2.5,0.5,2
49,153,1.75,0.82915619758885,4
49,154,1.0,0.0,3
49,155,1.6666666666666667,0.9428090415820634,3
49,156,2.2857142857142856,1.4846149779161804,7
49,157,1.8333333333333333,1.0671873729054748,6
49,158,1.8,1.1661903789690602,5
49,159,1.5,0.8660254037844386,4
49,160,1.4,0.4898979485566356,5
49,161,1.5,0.5,4
49,162,1.3333333333333333,0.4714045207910317,3
49,163,1.25,0.4330127018922193,4
49,164,1.6666666666666667,0.4714045207910317,3
49,165,1.0,0.0,1
49,166,1.3333333333333333,0.4714045207910317,3
49,167,1.3333333333333333,0.4714045207910317,3
50,0,6.5,2.29128784747792,8
50,1,4.0,3.116774889895918,7
50,2,4.428571428571429,4.8064582403602065,7
50,3,3.1666666666666665,2.4094720491334933,6
50,4,3.25,1.8540496217739157,8
50,5,2.4285714285714284,0.9035079029052513,7
50,6,7.0,2.449489742783178,8
50,7,25.5,13.435028842544403,8
50,8,34.625,14.141583185768134,8
50,9,37.375,16.52223880108262,8
50,10,32.25,15.047840376612188,8
50,11,29.625,8.513775601928911,8
50,12,29.875,6.827105902210687,8
50,13,30.25,7.693341276714559,8
50,14,30.625,5.8081300777444715,8
50,15,27.125,6.2935979375870525,8
50,16,28.5,7.533259586659682,8
50,17,32.875,7.944140922717824,8
50,18,30.75,7.479137650825796,8
50,19,23.875,5.9041828393097715,8
50,20,15.875,4.594493987372276,8
50,21,23.125,8.146126380065558,8
50,22,18.75,5.889609494694874,8
50,23,9.5,2.1213203435596424,8
50,24,8.0,3.24037034920393,8
50,25,4.0,2.692582403567252,8
50,26,2.25,0.9682458365518543,8
50,27,1.5,0.7637626158259734,6
50,28,2.25,1.5612494995995996,8
50,29,2.25,0.82915619758885,8
50,30,7.5,3.082207001484488,8
50,31,21.625,12.844624361965593,8
50,32,44.5,17.204650534085253,8
50,33,43.25,18.925842121290138,8
50,34,33.25,14.051245496396396,8
50,35,37.25,22.049659861322123,8
50,36,37.375,9.974185430399817,8
50,37,30.5,6.7638746292343415,8
50,38,34.125,7.183966522750506,8
50,39,33.625,5.998697775350913,8
50,40,35.5,8.803408430829505,8
50,41,36.125,7.507288125548399,8
50,42,40.0,11.651180197731044,8
50,43,29.0,11.779218989389747,8
50,44,22.75,5.739120141624499,8
50,45,28.375,9.873417594733851,8
50,46,33.875,21.192200805956894,8
50,47,26.0,17.599715906798043,8
50,48,10.88888888888889,3.4138425546082702,9
50,49,5.444444444444445,2.629368792488718,9
50,50,3.4444444444444446,1.5713484026367723,9
50,51,3.0,2.6726124191242437,7
50,52,4.0,2.748737083745107,9
50,53,3.875,2.666341125962693,8
50,54,6.444444444444445,2.499382639822665,9
50,55,25.666666666666668,11.841546445554409,9
50,56,47.111111111111114,20.34395593806368,9
50,57,48.888888888888886,26.722626469568795,9
50,58,37.22222222222222,20.49269668159734,9
50,59,33.111111111111114,9.882020086381848,9
50,60,34.77777777777778,5.492980930803678,9
50,61,34.55555555555556,6.516834799384525,9
50,62,35.22222222222222,4.49141842920172,9
50,63,37.111111111111114,5.98970309864158,9
50,64,34.333333333333336,7.630348761506398,9
50,65,43.44444444444444,8.460511031467322,9
50,66,47.22222222222222,17.949173783385486,9
50,67,36.77777777777778,9.61223500172541,9
50,68,30.11111111111111,12.377797725896551,9
50,69,34.55555555555556,17.49356142579391,9
50,70,33.44444444444444,17.385249885470355,9
50,71,27.555555555555557,21.587605039883993,9
50,72,13.88888888888889,8.723460633951344,9
50,73,6.555555555555555,3.918931575232977,9
50,74,3.0,1.8708286933869707,8
50,75,4.0,2.0615528128088303,8
50,76,4.333333333333333,3.972125095937662,9
50,77,3.375,2.4462982238476156,8
50,78,6.888888888888889,3.212629398844658,9
50,79,25.0,8.055363982396381,9
50,80,47.44444444444444,18.135974753150535,9
50,81,47.77777777777778,20.660094534460377,9
50,82,40.44444444444444,15.181209958447619,9
50,83,32.77777777777778,6.2499382713001035,9
50,84,32.22222222222222,4.779069592801459,9
50,85,28.88888888888889,6.1181777324160915,9
50,86,36.888888888888886,6.063450510952112,9
50,87,35.333333333333336,6.342099196813483,9
50,88,34.666666666666664,10.36018017861337,9
50,89,37.0,11.633285577743433,9
50,90,45.44444444444444,16.33749002285582,9
50,91,34.44444444444444,13.953184511956092,9
50,92,30.333333333333332,10.055402085998903,9
50,93,33.55555555555556,15.004526066128706,9
50,94,51.0,30.969519064898492,9
50,95,46.22222222222222,42.39700664952074,9
50,96,22.666666666666668,16.013882865952418,9
50,97,12.444444444444445,5.166367972250075,9
50,98,8.625,3.9350190596742984,8
50,99,5.666666666666667,5.5377492419453835,9
50,100,6.222222222222222,3.8232556742411674,9
50,101,4.333333333333333,3.0550504633038935,9
50,102,7.222222222222222,4.939135726865082,9
50,103,25.77777777777778,16.294360154345004,9
50,104,37.55555555555556,20.70486314914183,9
50,105,38.55555555555556,23.466813972601635,9
50,106,36.22222222222222,20.5792656049604,9
50,107,35.0,13.743685418725535,9
50,108,31.333333333333332,8.151346173758322,9
50,109,34.77777777777778,5.492980930803678,9
50,110,35.44444444444444,7.833136325339807,9
50,111,39.44444444444444,8.642416214502248,9
50,112,37.22222222222222,5.137612454087507,9
50,113,42.22222222222222,13.112994215050605,9
50,114,50.111111111111114,18.82341594010824,9
50,115,37.333333333333336,13.333333333333334,9
50,116,30.22222222222222,7.192245481192114,9
50,117,36.55555555555556,10.945431427577557,9
50,118,40.44444444444444,15.326890756018116,9
50,119,45.111111111111114,24.51958149200777,9
50,120,32.666666666666664,15.15842266786943,9
50,121,22.22222222222222,8.442982329561275,9
50,122,14.777777777777779,4.589305872902973,9
50,123,13.555555555555555,4.57313680605704,9
50,124,11.0,2.23606797749979,8
50,125,3.5555555555555554,1.4989708403591155,9
50,126,3.7777777777777777,2.042752923427804,9
50,127,8.555555555555555,6.220237778790402,9
50,128,20.444444444444443,14.982294076758377,9
50,129,36.888888888888886,23.287786233438357,9
50,130,42.44444444444444,25.67796769005207,9
50,131,38.333333333333336,11.430952132988164,9
50,132,39.111111111111114,7.2333247994487975,9
50,133,39.111111111111114,5.704665623552638,9
50,134,36.888888888888886,8.116436607888744,9
50,135,39.333333333333336,7.483314773547883,9
50,136,43.55555555555556,9.546507344004706,9
50,137,40.333333333333336,15.003703246569199,9
50,138,43.55555555555556,17.231180465856472,9
50,139,42.333333333333336,18.366636418607882,9
50,140,30.22222222222222,7.955121030963888,9
50,141,38.55555555555556,8.719213918583755,9
50,142,33.55555555555556,15.2542242682049,9
50,143,40.55555555555556,19.19554989580838,9
50,144,36.888888888888886,14.820739556029393,9
50,145,32.888888888888886,16.97347240349183,9
50,146,26.22222222222222,15.823876318032667,9
50,147,12.333333333333334,3.7712361663282534,9
50,148,12.444444444444445,6.166416411338492,9
50,149,4.666666666666667,3.9721250959376615,9
50,150,4.333333333333333,3.829708431025353,9
50,151,21.333333333333332,23.636130534981117,9
50,152,33.55555555555556,29.44339620775622,9
50,153,44.111111111111114,32.22643650602007,9
50,154,42.0,24.43130960241159,9
50,155,33.888888888888886,13.042191741885208,9
50,156,38.0,11.035296904831233,9
50,157,35.22222222222222,7.494854201795579,9
50,158,35.333333333333336,9.683892697555967,9
50,159,34.333333333333336,9.695359714832657,9
50,160,36.77777777777778,11.183100124521005,9
50,161,34.0,8.0,9
50,162,31.555555555555557,9.83317639548337,9
50,163,26.444444444444443,14.330318373691425,9
50,164,24.444444444444443,16.371459658748353,9
50,165,21.0,15.340577998671801,9
50,166,18.88888888888889,13.502628916411833,9
50,167,13.333333333333334,9.626352718795767,9
51,1,1.0,0.0,1
51,4,1.25,0.4330127018922193,4
51,5,1.8,0.9797958971132713,5
51,6,2.625,0.6959705453537527,8
51,7,1.8,0.9797958971132713,5
51,8,1.8,0.7483314773547883,5
51,9,1.5,0.5,4
51,10,1.3333333333333333,0.4714045207910317,3
51,11,2.1666666666666665,0.6871842709362768,6
51,12,1.6666666666666667,0.4714045207910317,3
51,13,1.3333333333333333,0.4714045207910317,3
51,16,1.0,0.0,1
51,18,1.0,0.0,1
51,19,1.5,0.5,2
51,20,1.6666666666666667,0.4714045207910317,3
51,22,1.0,0.0,1
51,23,2.0,0.0,1
51,26,1.0,0.0,1
51,27,1.0,0.0,1
51,28,1.8333333333333333,1.0671873729054748,6
51,29,2.1666666666666665,1.0671873729054748,6
51,30,3.0,1.7728105208558367,7
51,31,1.8333333333333333,1.462494064565354,6
51,32,2.0,1.0,6
51,33,1.4,0.4898979485566356,5
51,34,1.5,0.7637626158259734,6
51,35,1.6,0.8,5
51,36,1.6,0.8,5
51,37,2.0,1.0,2
51,38,1.8,1.1661903789690602,5
51,39,1.0,0.0,1
51,40,1.0,0.0,3
51,41,1.0,0.0,3
51,42,1.0,0.0,1
51,43,1.0,0.0,1
51,46,1.0,0.0,1
51,51,1.0,0.0,2
51,52,1.8,0.7483314773547883,5
51,53,2.3333333333333335,1.1547005383792515,9
51,54,2.7777777777777777,1.617802197617893,9
51,55,1.75,0.82915619758885,4
51,56,1.8571428571428572,0.8329931278350429,7
51,57,1.5,0.5,6
51,58,1.3333333333333333,0.4714045207910317,3
51,59,1.375,0.4841229182759271,8
51,60,1.8571428571428572,1.355261854357877,7
51,61,1.3333333333333333,0.4714045207910317,3
51,62,1.25,0.4330127018922193,4
51,63,1.0,0.0,2
51,64,1.0,0.0,1
51,65,1.0,0.0,4
51,66,1.0,0.0,2
51,67,1.0,0.0,4
51,68,1.0,0.0,1
51,75,1.0,0.0,1
51,76,1.6666666666666667,0.4714045207910317,6
51,77,1.6666666666666667,0.7453559924999299,6
51,78,3.875,1.5360257159305635,8
51,79,1.8333333333333333,0.6871842709362768,6
51,80,1.6,0.8,5
51,81,2.5,0.5,4
51,82,1.7142857142857142,0.880630571852711,7
51,83,2.0,1.4142135623730951,3
51,84,1.625,0.8569568250501305,8
51,85,1.5,0.5,4
51,86,1.75,0.82915619758885,4
51,87,1.1666666666666667,0.3726779962499649,6
51,89,1.0,0.0,2
51,90,1.25,0.4330127018922193,4
51,91,1.0,0.0,2
51,93,1.0,0.0,1
51,94,1.0,0.0,1
51,96,1.0,0.0,1
51,99,1.0,0.0,1
51,100,2.25,1.0897247358851685,4
51,101,1.25,0.4330127018922193,4
51,102,2.888888888888889,1.4487116456005886,9
51,103,1.1666666666666667,0.3726779962499649,6
51,104,2.2,0.7483314773547882,5
51,105,2.2,1.16619037896906,5
51,106,2.1666666666666665,1.2133516482134197,6
51,107,2.25,0.82915619758885,4
51,108,1.4,0.8000000000000002,5
51,109,2.0,0.816496580927726,3
51,110,1.5,0.5,2
51,111,1.0,0.0,2
51,112,1.0,0.0,2
51,113,1.0,0.0,2
51,114,1.0,0.0,3
51,115,1.5,0.5,2
51,116,1.0,0.0,1
51,124,1.0,0.0,1
51,126,1.0,0.0,2
51,127,1.0,0.0,3
51,128,1.5,0.5,6
51,129,1.4285714285714286,0.4948716593053935,7
51,130,1.2,0.4,5
51,131,1.8571428571428572,0.8329931278350429,7
51,132,1.1428571428571428,0.3499271061118826,7
51,133,1.25,0.4330127018922193,8
51,134,1.6,0.8,5
51,135,1.0,0.0,3
51,136,1.5,0.8660254037844386,4
51,137,1.5,0.8660254037844386,4
51,138,1.3333333333333333,0.4714045207910317,3
51,140,1.0,0.0,2
51,141,1.0,0.0,2
51,142,1.0,0.0,1
51,144,1.0,0.0,1
51,148,1.0,0.0,1
51,150,1.3333333333333333,0.4714045207910317,3
51,151,1.5,0.7637626158259734,6
51,152,1.5,0.5,6
51,153,1.0,0.0,5
51,154,1.3333333333333333,0.4714045207910317,3
51,155,1.4,0.4898979485566356,5
51,156,1.25,0.4330127018922193,4
51,157,2.0,0.0,1
51,158,1.0,0.0,2
51,159,1.2,0.4,5
51,160,1.0,0.0,1
51,161,2.0,0.0,1
51,162,1.6666666666666667,0.4714045207910317,3
51,163,1.0,0.0,2
51,166,1.5,0.5,2
52,0,1.0,0.0,1
52,5,1.0,0.0,2
52,6,1.25,0.4330127018922193,4
52,7,3.7142857142857144,1.749635530559413,7
52,8,3.2857142857142856,1.4846149779161804,7
52,9,2.0,0.8944271909999159,5
52,10,2.3333333333333335,0.9428090415820634,6
52,11,1.4,0.4898979485566356,5
52,12,1.0,0.0,3
52,13,1.0,0.0,2
52,14,2.0,0.816496580927726,3
52,15,1.5,0.5,2
52,16,1.6,0.4898979485566356,5
52,17,1.2,0.4000000000000001,5
52,18,1.125,0.33071891388307384,8
52,19,1.0,0.0,3
52,20,1.3333333333333333,0.4714045207910317,3
52,21,1.6666666666666667,0.9428090415820634,3
52,22,2.0,1.0,2
52,23,1.0,0.0,1
52,28,1.0,0.0,1
52,30,1.2857142857142858,0.45175395145262565,7
52,31,3.5714285714285716,2.381904571504724,7
52,32,4.25,1.984313483298443,8
52,33,2.142857142857143,0.8329931278350429,7
52,34,2.3333333333333335,1.2472191289246473,6
52,35,1.5,0.5,4
52,36,1.3333333333333333,0.4714045207910317,6
52,37,2.0,0.6324555320336759,5
52,38,1.6666666666666667,1.1055415967851332,6
52,39,1.5,0.5,4
52,40,1.5,0.5,2
52,41,2.0,1.0690449676496976,7
52,42,1.25,0.4330127018922193,4
52,43,1.25,0.4330127018922193,4
52,44,1.6666666666666667,0.4714045207910317,3
52,45,1.0,0.0,3
52,46,2.0,1.4142135623730951,3
52,47,1.0,0.0,2
52,48,1.0,0.0,2
52,50,1.0,0.0,1
52,51,1.0,0.0,1
52,53,1.0,0.0,1
52,54,1.6666666666666667,0.4714045207910317,6
52,55,3.111111111111111,1.6629588385661962,9
52,56,4.555555555555555,1.9499920860871383,9
52,57,2.25,1.479019945774904,8
52,58,1.5555555555555556,0.4969039949999533,9
52,59,1.4,0.4898979485566356,5
52,60,2.0,0.816496580927726,6
52,61,2.0,1.224744871391589,4
52,62,1.1666666666666667,0.3726779962499649,6
52,63,1.3333333333333333,0.4714045207910317,3
52,64,1.3333333333333333,0.4714045207910317,3
52,65,1.4,0.4898979485566356,5
52,66,1.5,0.5,6
52,67,2.6666666666666665,1.247219128924647,3
52,68,1.0,0.0,2
52,69,1.2,0.4000000000000001,5
52,70,1.5714285714285714,0.7284313590846835,7
52,71,2.0,0.0,1
52,77,1.0,0.0,1
52,78,1.0,0.0,3
52,79,3.8333333333333335,1.4624940645653537,6
52,80,4.875,1.6153559979150107,8
52,81,2.125,1.0532687216470449,8
52,82,1.25,0.4330127018922193,4
52,83,1.6666666666666667,0.74535599249993,6
52,84,2.1666666666666665,1.0671873729054748,6
52,85,1.1666666666666667,0.3726779962499649,6
52,86,1.75,0.4330127018922193,4
52,87,1.4,0.4898979485566356,5
52,88,1.1666666666666667,0.37267799624996495,6
52,89,1.5,0.7637626158259734,6
52,90,1.8,0.7483314773547883,5
52,91,1.6666666666666667,0.7453559924999299,6
52,92,1.2,0.4,5
52,93,1.8333333333333333,0.6871842709362768,6
52,94,2.0,1.4142135623730951,3
52,95,2.0,0.816496580927726,3
52,96,1.3333333333333333,0.4714045207910317,3
52,97,3.0,0.0,1
52,100,1.0,0.0,1
52,101,1.0,0.0,1
52,102,1.0,0.0,1
52,103,3.142857142857143,1.8070158058105026,7
52,104,3.4444444444444446,1.2570787221094177,9
52,105,1.1428571428571428,0.34992710611188266,7
52,106,1.25,0.4330127018922193,8
52,107,1.75,0.82915619758885,4
52,108,1.75,0.82915619758885,4
52,109,2.25,1.6393596310755,4
52,110,1.6666666666666667,0.9428090415820634,3
52,111,1.6,0.4898979485566356,5
52,112,1.3333333333333333,0.7453559924999299,6
52,113,1.6,0.8,5
52,114,1.6,0.4898979485566356,5
52,115,1.8,1.1661903789690602,5
52,116,1.3333333333333333,0.4714045207910317,3
52,117,1.0,0.0,4
52,118,1.5,0.5,4
52,119,1.0,0.0,2
52,120,1.8,0.7483314773547883,5
52,121,1.0,0.0,2
52,122,1.0,0.0,2
52,124,1.0,0.0,1
52,126,1.0,0.0,3
52,127,1.0,0.0,1
52,128,2.0,1.2649110640673518,5
52,129,1.2,0.4000000000000001,5
52,130,1.6666666666666667,0.4714045207910317,6
52,131,1.125,0.33071891388307384,8
52,132,2.1666666666666665,1.0671873729054748,6
52,133,2.25,1.299038105676658,4
52,134,1.3333333333333333,0.4714045207910317,6
52,135,1.5714285714285714,0.9035079029052513,7
52,136,1.3333333333333333,0.4714045207910317,6
52,137,1.5,0.5,4
52,138,1.75,0.82915619758885,4
52,139,2.8,1.9390719429665317,5
52,140,1.25,0.4330127018922193,4
52,141,1.8,0.7483314773547883,5
52,142,1.4,0.4898979485566356,5
52,143,2.8333333333333335,1.2133516482134197,6
52,144,2.2,1.469693845669907,5
52,145,1.8,0.9797958971132713,5
52,146,1.0,0.0,1
52,147,1.0,0.0,1
52,149,1.0,0.0,1
52,150,1.0,0.0,2
52,151,1.0,0.0,2
52,152,1.0,0.0,4
52,153,1.4,0.8000000000000002,5
52,154,1.5,0.5,4
52,155,1.3333333333333333,0.4714045207910317,6
52,156,1.4,0.4898979485566356,5
52,157,2.4,1.4966629547095764,5
52,158,1.4285714285714286,0.4948716593053935,7
52,159,1.2,0.4,5
52,160,2.0,0.816496580927726,3
52,161,1.3333333333333333,0.4714045207910317,3
52,162,1.2,0.4000000000000001,5
52,163,1.0,0.0,4
52,164,1.0,0.0,5
52,165,1.0,0.0,4
52,166,1.0,0.0,5
52,167,2.0,0.0,1
53,0,1.5,0.5,2
53,4,1.0,0.0,1
53,6,1.0,0.0,1
53,9,1.0,0.0,1
53,10,1.0,0.0,1
53,13,1.0,0.0,1
53,15,1.5,0.5,2
53,19,1.0,0.0,1
53,30,1.0,0.0,1
53,31,1.0,0.0,1
53,35,1.0,0.0,1
53,36,1.0,0.0,1
53,39,1.0,0.0,1
53,41,1.0,0.0,1
53,42,1.0,0.0,1
53,44,1.0,0.0,1
53,45,1.0,0.0,1
53,46,1.0,0.0,1
53,47,1.0,0.0,1
53,55,1.0,0.0,4
53,56,1.0,0.0,1
53,57,1.0,0.0,1
53,58,1.0,0.0,1
53,59,1.5,0.5,2
53,61,1.0,0.0,3
53,62,1.0,0.0,3
53,63,1.0,0.0,1
53,64,1.0,0.0,1
53,66,1.0,0.0,1
53,67,1.0,0.0,1
53,72,1.0,0.0,1
53,78,1.0,0.0,1
53,81,1.0,0.0,2
53,82,1.0,0.0,1
53,83,1.0,0.0,4
53,84,1.0,0.0,2
53,85,1.0,0.0,2
53,86,1.0,0.0,1
53,90,1.0,0.0,1
53,94,1.5,0.5,2
53,95,1.0,0.0,2
53,99,1.0,0.0,1
53,102,1.0,0.0,1
53,103,1.0,0.0,1
53,104,1.0,0.0,1
53,107,1.0,0.0,1
53,108,1.0,0.0,2
53,109,1.0,0.0,1
53,111,1.0,0.0,1
53,115,1.0,0.0,1
53,117,1.0,0.0,1
53,125,1.0,0.0,1
53,134,1.0,0.0,1
53,135,1.0,0.0,1
53,136,1.0,0.0,1
53,140,1.0,0.0,1
53,141,1.0,0.0,1
53,143,1.0,0.0,1
53,144,1.0,0.0,1
53,151,1.0,0.0,1
53,160,1.0,0.0,1
53,164,1.0,0.0,2
53,165,1.0,0.0,1
53,167,1.0,0.0,3
54,6,1.0,0.0,2
54,7,2.5,0.5,2
54,8,1.0,0.0,1
54,9,1.0,0.0,1
54,10,1.0,0.0,1
54,15,1.0,0.0,2
54,17,1.0,0.0,1
54,19,1.0,0.0,1
54,20,1.0,0.0,1
54,21,1.0,0.0,1
54,30,1.0,0.0,1
54,32,1.0,0.0,2
54,34,1.0,0.0,1
54,36,1.0,0.0,1
54,38,1.0,0.0,2
54,41,1.0,0.0,3
54,46,1.0,0.0,2
54,47,1.0,0.0,1
54,50,1.0,0.0,1
54,55,1.0,0.0,1
54,57,1.0,0.0,1
54,59,1.0,0.0,2
54,60,1.0,0.0,2
54,66,1.0,0.0,1
54,67,1.0,0.0,1
54,70,1.0,0.0,1
54,75,1.0,0.0,1
54,79,1.0,0.0,5
54,80,1.0,0.0,1
54,82,1.0,0.0,1
54,84,2.0,0.0,1
54,86,1.0,0.0,3
54,88,1.0,0.0,1
54,89,1.0,0.0,2
54,90,1.0,0.0,2
54,91,2.0,0.0,1
54,92,1.0,0.0,1
54,94,2.0,0.0,1
54,95,1.0,0.0,1
54,96,1.0,0.0,1
54,99,1.0,0.0,2
54,102,1.0,0.0,1
54,103,1.0,0.0,1
54,104,2.0,0.0,1
54,105,1.0,0.0,2
54,106,1.0,0.0,1
54,107,1.0,0.0,2
54,109,1.5,0.5,2
54,110,1.0,0.0,1
54,113,1.0,0.0,1
54,114,1.0,0.0,3
54,115,1.0,0.0,2
54,116,1.0,0.0,1
54,118,1.0,0.0,3
54,119,1.5,0.5,2
54,120,1.0,0.0,1
54,121,1.0,0.0,1
54,122,1.0,0.0,1
54,125,1.0,0.0,1
54,126,1.0,0.0,1
54,127,1.0,0.0,1
54,129,1.0,0.0,1
54,130,1.0,0.0,1
54,133,1.0,0.0,1
54,137,1.0,0.0,2
54,138,1.0,0.0,1
54,139,1.0,0.0,2
54,140,1.0,0.0,1
54,141,1.0,0.0,2
54,142,1.0,0.0,5
54,143,1.0,0.0,1
54,145,1.0,0.0,2
54,146,1.0,0.0,2
54,152,1.0,0.0,1
54,153,1.0,0.0,2
54,154,1.0,0.0,2
54,155,1.5,0.5,2
54,156,1.0,0.0,1
54,158,1.0,0.0,1
54,159,1.0,0.0,1
54,161,1.0,0.0,1
54,162,1.0,0.0,2
54,164,1.0,0.0,1
55,1,1.0,0.0,1
55,3,1.0,0.0,1
55,4,1.25,0.4330127018922193,4
55,5,1.0,0.0,1
55,6,1.3333333333333333,0.4714045207910317,3
55,7,1.0,0.0,3
55,8,1.6666666666666667,0.4714045207910317,3
55,9,2.0,0.0,3
55,10,1.0,0.0,2
55,11,2.0,1.224744871391589,4
55,12,1.25,0.4330127018922193,4
55,13,1.0,0.0,1
55,14,1.3333333333333333,0.4714045207910317,3
55,15,1.0,0.0,2
55,16,1.0,0.0,2
55,17,1.0,0.0,1
55,20,1.0,0.0,1
55,27,1.0,0.0,3
55,28,1.0,0.0,3
55,29,1.3333333333333333,0.74535599249993,6
55,30,1.6,1.2,5
55,31,1.0,0.0,2
55,32,1.6666666666666667,0.4714045207910317,3
55,33,1.5,0.7637626158259734,6
55,34,1.3333333333333333,0.4714045207910317,3
55,35,1.0,0.0,5
55,36,1.4,0.4898979485566356,5
55,37,1.3333333333333333,0.4714045207910317,6
55,38,1.3333333333333333,0.4714045207910317,3
55,39,1.0,0.0,3
55,40,1.0,0.0,2
55,41,1.0,0.0,1
55,42,1.0,0.0,1
55,44,1.0,0.0,2
55,51,1.5,0.5,2
55,52,1.0,0.0,1
55,53,1.0,0.0,5
55,54,1.0,0.0,2
55,55,1.3333333333333333,0.47140452079103173,6
55,56,2.0,1.0954451150103321,5
55,57,1.2,0.4000000000000001,5
55,58,1.75,0.82915619758885,4
55,59,1.0,0.0,2
55,60,1.3333333333333333,0.7453559924999299,6
55,61,1.0,0.0,3
55,62,1.0,0.0,2
55,63,1.5,0.5,2
55,65,1.25,0.4330127018922193,4
55,66,1.0,0.0,3
55,67,1.0,0.0,1
55,68,1.0,0.0,1
55,71,1.0,0.0,2
55,77,1.0,0.0,4
55,78,1.3333333333333333,0.4714045207910317,3
55,79,2.1666666666666665,0.6871842709362768,6
55,80,1.6666666666666667,0.4714045207910317,3
55,81,1.6,0.8,5
55,82,1.5,0.5,4
55,83,1.2857142857142858,0.45175395145262565,7
55,84,2.4285714285714284,1.1780301787479028,7
55,85,1.4,0.8,5
55,86,1.5,0.8660254037844386,4
55,87,1.0,0.0,1
55,88,1.0,0.0,1
55,89,1.3333333333333333,0.4714045207910317,3
55,90,1.0,0.0,2
55,91,1.0,0.0,1
55,92,1.0,0.0,1
55,93,1.0,0.0,1
55,95,1.0,0.0,1
55,97,1.0,0.0,1
55,100,1.0,0.0,1
55,101,1.25,0.4330127018922193,4
55,102,1.5,0.8660254037844386,4
55,103,1.4285714285714286,0.7284313590846836,7
55,104,1.75,1.299038105676658,4
55,105,1.25,0.4330127018922193,4
55,106,1.0,0.0,3
55,107,1.3333333333333333,0.4714045207910317,3
55,108,1.3333333333333333,0.4714045207910317,3
55,109,1.3333333333333333,0.4714045207910317,3
55,110,1.0,0.0,4
55,111,1.0,0.0,1
55,113,1.0,0.0,1
55,114,1.3333333333333333,0.4714045207910317,3
55,115,1.0,0.0,1
55,120,2.0,0.0,1
55,124,1.0,0.0,1
55,129,1.0,0.0,1
55,130,1.25,0.4330127018922193,4
55,131,1.0,0.0,2
55,132,1.0,0.0,1
55,133,2.0,0.0,1
55,134,1.0,0.0,2
55,135,1.0,0.0,1
55,140,1.0,0.0,1
55,150,1.0,0.0,2
55,152,1.1666666666666667,0.3726779962499649,6
55,153,1.0,0.0,1
55,155,1.0,0.0,3
55,165,1.0,0.0,1
56,0,1.0,0.0,1
56,1,1.5,0.5,2
56,3,1.0,0.0,1
56,4,2.0,0.0,1
56,5,1.0,0.0,1
56,6,2.2,0.7483314773547882,5
56,7,1.1666666666666667,0.37267799624996495,6
56,8,1.25,0.4330127018922193,4
56,9,1.5,0.5,2
56,10,1.5,0.5,2
56,11,1.0,0.0,3
56,12,1.5,0.5,4
56,13,1.6666666666666667,0.4714045207910317,3
56,14,1.1666666666666667,0.37267799624996495,6
56,15,1.0,0.0,1
56,16,1.8,0.4,5
56,17,1.0,0.0,3
56,18,1.0,0.0,2
56,19,1.0,0.0,1
56,21,1.0,0.0,2
56,22,1.0,0.0,1
56,23,1.5,0.5,2
56,24,1.5,0.5,2
56,26,1.0,0.0,1
56,27,1.0,0.0,3
56,28,1.0,0.0,1
56,29,1.0,0.0,1
56,30,1.0,0.0,2
56,31,1.25,0.4330127018922193,4
56,32,1.0,0.0,3
56,33,1.25,0.4330127018922193,4
56,34,1.2,0.4,5
56,35,2.5,0.5,2
56,36,1.0,0.0,5
56,37,1.0,0.0,4
56,38,1.0,0.0,2
56,39,1.0,0.0,1
56,40,1.0,0.0,4
56,41,1.5,0.5,2
56,42,1.0,0.0,1
56,45,1.0,0.0,1
56,50,1.0,0.0,1
56,51,1.0,0.0,1
56,52,1.0,0.0,3
56,53,1.0,0.0,2
56,54,1.0,0.0,3
56,55,2.0,0.8944271909999159,5
56,56,1.6,0.8,5
56,57,1.6666666666666667,0.74535599249993,6
56,58,1.0,0.0,3
56,59,1.25,0.4330127018922193,4
56,60,1.8333333333333333,1.0671873729054748,6
56,61,1.5,0.5,2
56,62,1.0,0.0,3
56,63,1.0,0.0,2
56,64,1.1666666666666667,0.3726779962499649,6
56,65,1.0,0.0,3
56,66,1.0,0.0,2
56,67,1.0,0.0,2
56,68,1.0,0.0,1
56,76,1.0,0.0,1
56,77,1.0,0.0,3
56,78,1.4,0.4898979485566356,5
56,79,1.0,0.0,3
56,80,1.8333333333333333,0.3726779962499649,6
56,81,2.0,1.0,2
56,82,1.0,0.0,5
56,83,1.0,0.0,6
56,84,1.3333333333333333,0.4714045207910317,3
56,85,1.3333333333333333,0.4714045207910317,6
56,86,1.6666666666666667,0.4714045207910317,3
56,87,1.3333333333333333,0.4714045207910317,3
56,88,1.0,0.0,4
56,89,1.0,0.0,1
56,90,1.0,0.0,5
56,91,1.0,0.0,1
56,92,1.5,0.5,2
56,93,1.0,0.0,2
56,94,1.0,0.0,2
56,95,1.0,0.0,2
56,96,1.0,0.0,2
56,97,1.0,0.0,1
56,98,1.0,0.0,1
56,100,1.0,0.0,1
56,101,1.0,0.0,2
56,102,1.0,0.0,5
56,103,1.4,0.4898979485566356,5
56,104,1.1666666666666667,0.3726779962499649,6
56,105,1.5,0.5,4
56,106,1.6,0.8,5
56,107,1.0,0.0,4
56,108,1.0,0.0,4
56,109,2.0,0.0,1
56,110,1.5,0.5,2
56,111,1.0,0.0,1
56,112,1.8,0.7483314773547883,5
56,113,1.5,0.5,4
56,114,1.0,0.0,1
56,115,1.0,0.0,2
56,116,1.0,0.0,1
56,117,1.0,0.0,2
56,118,1.0,0.0,2
56,120,1.0,0.0,1
56,121,1.0,0.0,1
56,122,1.0,0.0,1
56,124,1.0,0.0,2
56,126,2.0,0.0,1
56,127,1.0,0.0,2
56,128,1.6666666666666667,0.9428090415820634,3
56,129,1.0,0.0,2
56,130,1.3333333333333333,0.4714045207910317,3
56,131,1.0,0.0,4
56,132,2.0,0.0,1
56,134,1.0,0.0,1
56,135,1.5,0.5,2
56,136,1.0,0.0,2
56,137,1.0,0.0,3
56,138,1.25,0.4330127018922193,4
56,139,1.3333333333333333,0.4714045207910317,3
56,140,1.0,0.0,2
56,142,1.0,0.0,3
56,143,1.0,0.0,1
56,144,1.0,0.0,2
56,145,1.0,0.0,2
56,146,1.0,0.0,1
56,147,2.0,0.0,1
56,148,1.0,0.0,1
56,149,1.0,0.0,1
56,150,1.0,0.0,5
56,151,1.0,0.0,2
56,152,1.0,0.0,3
56,153,1.2,0.4000000000000001,5
56,154,1.0,0.0,1
56,155,1.5,0.5,2
56,156,1.0,0.0,2
56,157,1.0,0.0,2
56,158,1.0,0.0,2
56,159,1.0,0.0,3
56,160,1.0,0.0,2
56,161,2.0,0.0,1
56,162,1.3333333333333333,0.4714045207910317,3
56,163,1.0,0.0,2
56,164,1.0,0.0,4
56,165,2.3333333333333335,1.247219128924647,3
56,166,1.4,0.8,5
56,167,1.25,0.4330127018922193,4
57,5,1.0,0.0,1
57,10,1.0,0.0,1
57,16,1.0,0.0,1
57,42,1.0,0.0,1
57,55,1.0,0.0,1
57,66,1.0,0.0,1
57,84,1.0,0.0,1
57,87,1.0,0.0,1
57,102,1.0,0.0,1
57,103,1.0,0.0,1
57,104,1.0,0.0,1
57,106,1.0,0.0,1
57,138,1.0,0.0,1
57,145,1.0,0.0,2
57,147,1.0,0.0,1
57,165,1.0,0.0,1
57,167,1.0,0.0,1
58,52,1.0,0.0,1
58,59,1.0,0.0,1
58,71,1.0,0.0,1
58,79,1.0,0.0,1
58,104,1.0,0.0,1
58,112,1.0,0.0,1
58,120,1.0,0.0,1
58,142,1.0,0.0,1
58,161,1.0,0.0,1
59,7,1.0,0.0,1
59,10,2.0,0.0,1
59,103,1.0,0.0,1
59,105,1.0,0.0,1
59,115,1.0,0.0,1
60,0,1.0,0.0,2
60,1,3.0,0.0,1
60,2,1.0,0.0,1
60,4,1.0,0.0,3
60,8,1.5,0.5,2
60,9,1.0,0.0,2
60,10,1.6666666666666667,0.9428090415820634,3
60,11,1.3333333333333333,0.4714045207910317,3
60,12,1.0,0.0,1
60,13,1.0,0.0,2
60,14,1.0,0.0,2
60,15,1.5,0.5,2
60,17,1.0,0.0,2
60,18,1.0,0.0,1
60,20,1.0,0.0,1
60,28,1.0,0.0,1
60,29,1.0,0.0,1
60,32,1.0,0.0,4
60,33,1.3333333333333333,0.4714045207910317,3
60,34,1.0,0.0,3
60,35,1.0,0.0,2
60,36,1.0,0.0,1
60,37,1.0,0.0,1
60,51,1.0,0.0,1
60,52,1.0,0.0,1
60,53,2.0,0.0,1
60,54,1.0,0.0,1
60,56,1.0,0.0,1
60,57,1.0,0.0,2
60,58,1.0,0.0,1
60,59,1.0,0.0,4
60,60,1.0,0.0,3
60,61,1.0,0.0,1
60,62,2.0,0.0,1
60,63,1.0,0.0,1
60,65,1.0,0.0,1
60,66,1.0,0.0,1
60,67,1.0,0.0,1
60,68,1.0,0.0,1
60,76,1.4,0.4898979485566356,5
60,77,2.0,0.0,1
60,79,1.0,0.0,3
60,80,1.0,0.0,1
60,81,1.0,0.0,2
60,82,1.0,0.0,2
60,83,1.0,0.0,1
60,84,1.0,0.0,2
60,85,1.0,0.0,2
60,86,1.0,0.0,2
60,87,1.0,0.0,1
60,89,1.0,0.0,2
60,93,1.0,0.0,1
60,94,1.0,0.0,1
60,97,2.0,0.0,1
60,100,2.0,0.0,1
60,101,1.0,0.0,1
60,102,2.0,0.0,1
60,103,1.0,0.0,2
60,104,1.0,0.0,1
60,105,1.5,0.5,2
60,106,1.0,0.0,2
60,107,1.5,0.5,2
60,108,1.3333333333333333,0.4714045207910317,3
60,111,1.0,0.0,1
60,114,1.0,0.0,1
60,115,1.0,0.0,1
60,123,1.0,0.0,1
60,126,1.0,0.0,3
60,128,1.0,0.0,1
60,129,1.0,0.0,1
60,130,1.0,0.0,1
60,131,1.0,0.0,2
60,132,1.0,0.0,2
60,133,1.0,0.0,4
60,134,1.0,0.0,2
60,135,1.0,0.0,1
60,137,1.0,0.0,1
60,138,1.0,0.0,1
60,139,1.0,0.0,2
60,140,1.0,0.0,1
60,142,1.0,0.0,1
60,144,1.0,0.0,1
60,151,1.0,0.0,1
60,152,1.0,0.0,1
60,153,1.0,0.0,4
60,154,1.0,0.0,4
60,155,1.0,0.0,2
60,156,2.0,0.0,1
60,157,1.0,0.0,2
60,158,1.0,0.0,1
60,159,1.0,0.0,2
60,161,1.0,0.0,3
60,162,2.0,0.0,1
60,163,1.0,0.0,1
60,164,1.0,0.0,1
60,166,1.0,0.0,1
60,167,1.0,0.0,1
61,0,1.0,0.0,2
61,2,1.0,0.0,1
61,3,1.0,0.0,1
61,4,1.1666666666666667,0.37267799624996495,6
61,5,2.6,1.3564659966250536,5
61,6,2.6666666666666665,1.4907119849998596,6
61,7,3.25,1.6393596310755,8
61,8,2.857142857142857,1.2453996981544782,7
61,9,3.142857142857143,0.8329931278350429,7
61,10,3.8333333333333335,1.8633899812498245,6
61,11,3.5714285714285716,1.7612611437054218,7
61,12,1.75,0.82915619758885,8
61,13,2.625,1.1110243021644486,8
61,14,2.0,1.0690449676496976,7
61,15,1.6666666666666667,0.7453559924999299,6
61,16,1.8571428571428572,1.355261854357877,7
61,17,2.0,0.8660254037844386,8
61,18,1.3333333333333333,0.4714045207910317,3
61,19,2.6666666666666665,0.4714045207910317,3
61,20,1.0,0.0,4
61,23,3.0,0.0,1
61,24,1.0,0.0,2
61,25,1.0,0.0,1
61,27,1.0,0.0,2
61,28,2.2,1.469693845669907,5
61,29,1.75,0.82915619758885,4
61,30,3.5,2.29128784747792,6
61,31,1.8571428571428572,0.8329931278350429,7
61,32,3.142857142857143,1.4568627181693672,7
61,33,1.8571428571428572,0.6388765649999399,7
61,34,1.8333333333333333,0.8975274678557508,6
61,35,2.8333333333333335,1.674979270186815,6
61,36,2.142857142857143,1.3552618543578767,7
61,37,2.5714285714285716,1.5907898179514348,7
61,38,1.8,1.1661903789690602,5
61,39,1.3333333333333333,0.4714045207910317,6
61,40,2.4,0.4898979485566356,5
61,41,1.5,0.5,4
61,42,1.75,0.82915619758885,4
61,43,1.6,0.4898979485566356,5
61,44,2.0,0.0,2
61,45,1.0,0.0,2
61,46,1.0,0.0,5
61,47,1.0,0.0,2
61,48,1.0,0.0,2
61,49,1.0,0.0,3
61,51,1.0,0.0,1
61,52,1.1666666666666667,0.3726779962499649,6
61,53,3.5,1.4142135623730951,8
61,54,2.111111111111111,0.9938079899999066,9
61,55,3.111111111111111,2.1314806770278754,9
61,56,3.111111111111111,1.9688939051854832,9
61,57,2.625,1.7275343701356567,8
61,58,2.7142857142857144,1.2777531299998799,7
61,59,2.0,1.0690449676496976,7
61,60,2.3333333333333335,1.5986105077709065,6
61,61,2.6666666666666665,0.4714045207910317,3
61,62,2.2,0.7483314773547882,5
61,63,2.6666666666666665,1.5986105077709065,6
61,64,1.375,0.6959705453537527,8
61,65,1.6,0.8,5
61,66,1.3333333333333333,0.4714045207910317,3
61,67,2.0,1.0690449676496976,7
61,68,1.3333333333333333,0.4714045207910317,3
61,69,1.0,0.0,1
61,70,1.0,0.0,2
61,71,1.6666666666666667,0.4714045207910317,3
61,72,1.0,0.0,2
61,73,1.0,0.0,2
61,74,1.0,0.0,1
61,75,2.0,0.0,1
61,76,1.25,0.4330127018922193,4
61,77,2.625,1.2183492931011204,8
61,78,2.111111111111111,0.9938079899999066,9
61,79,4.222222222222222,2.3465235646603193,9
61,80,4.428571428571429,1.840585532389304,7
61,81,1.875,0.7806247497997998,8
61,82,2.8333333333333335,1.0671873729054748,6
61,83,2.625,0.9921567416492215,8
61,84,2.111111111111111,1.5234788000891208,9
61,85,1.8571428571428572,1.1248582677159729,7
61,86,2.6666666666666665,2.260776661041756,9
61,87,1.7142857142857142,0.880630571852711,7
61,88,1.5714285714285714,1.049781318335648,7
61,89,1.6666666666666667,0.9428090415820634,6
61,90,1.8,1.1661903789690602,5
61,91,1.4,0.8,5
61,92,1.25,0.4330127018922193,4
61,93,1.2,0.4000000000000001,5
61,94,1.25,0.4330127018922193,4
61,95,2.3333333333333335,0.4714045207910317,3
61,96,1.25,0.4330127018922193,4
61,97,2.0,0.0,2
61,98,1.0,0.0,2
61,100,1.6,1.2,5
61,101,2.2222222222222223,1.314684396244359,9
61,102,4.333333333333333,1.4907119849998596,6
61,103,3.375,1.9324531042175384,8
61,104,4.375,2.1758618981911515,8
61,105,3.7142857142857144,2.1189138534559038,7
61,106,2.4285714285714284,0.49487165930539345,7
61,107,2.25,1.0897247358851685,8
61,108,2.0,1.3228756555322954,8
61,109,2.75,2.331844763272204,8
61,110,2.142857142857143,1.8844151368961315,7
61,111,2.5,2.0615528128088303,6
61,112,1.7142857142857142,1.1605769149479943,7
61,113,1.5714285714285714,0.4948716593053935,7
61,114,1.6,0.4898979485566356,5
61,115,1.7142857142857142,0.6998542122237652,7
61,116,1.25,0.4330127018922193,4
61,117,1.5,0.5,2
61,118,1.0,0.0,4
61,119,1.1666666666666667,0.3726779962499649,6
61,120,1.5,0.8660254037844386,4
61,121,2.0,0.0,1
61,122,1.0,0.0,1
61,123,1.5,0.5,2
61,124,2.5,1.5,2
61,125,1.5,0.8660254037844386,4
61,126,1.0,0.0,4
61,127,1.5,0.7637626158259734,6
61,128,1.5,0.5,6
61,129,1.75,0.4330127018922193,4
61,130,2.0,0.6324555320336759,5
61,131,1.5714285714285714,0.7284313590846835,7
61,132,1.8571428571428572,0.8329931278350429,7
61,133,1.8333333333333333,0.8975274678557508,6
61,134,1.5,0.8660254037844386,4
61,135,1.5,0.7637626158259734,6
61,136,1.0,0.0,2
61,137,1.0,0.0,6
61,138,2.0,1.0,2
61,139,1.5714285714285714,0.7284313590846835,7
61,140,1.5,0.5,4
61,141,1.5,0.5,4
61,142,1.0,0.0,3
61,143,1.75,0.82915619758885,4
61,144,2.75,2.48746859276655,4
61,145,1.2,0.4,5
61,146,1.3333333333333333,0.4714045207910317,3
61,147,1.0,0.0,4
61,148,1.4285714285714286,0.7284313590846836,7
61,149,1.25,0.4330127018922193,4
61,150,1.5,0.7637626158259734,6
61,151,2.0,0.0,2
61,152,2.3333333333333335,0.816496580927726,9
61,153,2.6666666666666665,1.632993161855452,9
61,154,2.25,1.479019945774904,8
61,155,2.625,1.4947825928876748,8
61,156,1.5,0.7637626158259734,6
61,157,1.5,0.5,4
61,158,2.0,1.1952286093343936,7
61,159,1.2857142857142858,0.45175395145262565,7
61,160,1.2,0.4,5
61,161,1.3333333333333333,0.74535599249993,6
61,162,1.2,0.4000000000000001,5
61,163,1.25,0.4330127018922193,4
61,164,3.0,2.0,2
61,165,3.3333333333333335,3.2998316455372216,3
61,166,2.3333333333333335,1.8856180831641267,3
61,167,2.5,2.598076211353316,4
62,4,1.0,0.0,2
62,5,2.0,1.0,2
62,6,1.8333333333333333,0.6871842709362768,6
62,7,1.2,0.4,5
62,8,1.8,0.7483314773547883,5
62,9,1.5,0.5,4
62,10,2.25,0.82915619758885,4
62,11,1.75,0.4330127018922193,4
62,12,1.6666666666666667,0.4714045207910317,3
62,13,1.3333333333333333,0.4714045207910317,3
62,14,1.5,0.5,4
62,15,1.5,0.5,2
62,16,1.0,0.0,2
62,17,1.3333333333333333,0.4714045207910317,3
62,20,1.25,0.4330127018922193,4
62,21,1.0,0.0,1
62,24,1.0,0.0,2
62,27,1.0,0.0,1
62,28,1.25,0.4330127018922193,4
62,29,1.25,0.4330127018922193,4
62,30,1.8571428571428572,0.8329931278350429,7
62,31,1.6666666666666667,0.74535599249993,6
62,32,1.6666666666666667,0.4714045207910317,6
62,33,2.0,0.0,2
62,34,1.0,0.0,1
62,35,1.0,0.0,1
62,36,1.25,0.4330127018922193,4
62,37,1.3333333333333333,0.4714045207910317,3
62,38,1.0,0.0,1
62,40,1.6666666666666667,0.9428090415820634,3
62,41,1.0,0.0,3
62,42,1.0,0.0,1
62,43,1.0,0.0,2
62,44,1.0,0.0,2
62,45,1.0,0.0,1
62,46,1.0,0.0,2
62,48,1.0,0.0,1
62,49,1.0,0.0,1
62,52,1.3333333333333333,0.47140452079103173,6
62,53,1.0,0.0,1
62,54,2.1666666666666665,1.4624940645653537,6
62,55,1.6,0.8,5
62,56,3.0,1.224744871391589,4
62,57,1.3333333333333333,0.4714045207910317,3
62,58,1.5,0.5,4
62,59,1.0,0.0,2
62,60,1.6666666666666667,0.7453559924999299,6
62,61,1.0,0.0,5
62,62,1.0,0.0,2
62,63,1.0,0.0,3
62,65,1.5,0.5,2
62,66,1.6666666666666667,0.9428090415820634,3
62,67,1.0,0.0,1
62,68,1.0,0.0,2
62,70,1.0,0.0,2
62,71,1.0,0.0,2
62,75,1.5,0.5,2
62,76,1.4,0.4898979485566356,5
62,77,1.2857142857142858,0.45175395145262565,7
62,78,2.4,1.019803902718557,5
62,79,1.5,0.5,4
62,80,1.5,0.5,8
62,81,1.3333333333333333,0.7453559924999299,6
62,82,1.2,0.4,5
62,83,1.3333333333333333,0.4714045207910317,3
62,84,1.0,0.0,2
62,85,1.0,0.0,4
62,86,1.0,0.0,2
62,87,1.0,0.0,3
62,88,1.0,0.0,2
62,89,1.0,0.0,2
62,90,1.0,0.0,2
62,91,1.0,0.0,2
62,92,1.0,0.0,3
62,94,1.0,0.0,2
62,95,2.0,0.0,1
62,96,1.0,0.0,1
62,97,1.0,0.0,1
62,99,1.0,0.0,1
62,101,2.0,0.816496580927726,3
62,102,2.4,1.3564659966250536,5
62,103,2.0,0.816496580927726,3
62,104,1.6666666666666667,0.74535599249993,6
62,105,1.4285714285714286,0.7284313590846835,7
62,106,1.5,0.5,4
62,107,1.2,0.4000000000000001,5
62,108,1.8333333333333333,1.462494064565354,6
62,109,1.5,0.5,4
62,110,1.5,0.8660254037844386,4
62,111,1.1666666666666667,0.3726779962499649,6
62,112,1.0,0.0,3
62,113,1.0,0.0,5
62,114,1.0,0.0,1
62,115,1.3333333333333333,0.4714045207910317,3
62,117,1.0,0.0,3
62,118,1.0,0.0,1
62,120,1.0,0.0,3
62,122,1.0,0.0,1
62,123,1.0,0.0,2
62,124,1.5,0.5,2
62,125,1.6666666666666667,0.4714045207910317,3
62,126,1.5,0.5,2
62,127,1.0,0.0,2
62,128,1.0,0.0,1
62,129,1.0,0.0,3
62,130,1.0,0.0,2
62,131,1.0,0.0,2
62,133,1.0,0.0,3
62,134,2.5,1.5,2
62,135,1.5,0.5,2
62,136,1.0,0.0,1
62,137,1.0,0.0,1
62,138,1.0,0.0,1
62,139,1.0,0.0,3
62,140,1.0,0.0,4
62,142,1.0,0.0,1
62,143,1.0,0.0,2
62,144,1.5,0.5,2
62,145,1.0,0.0,1
62,148,1.0,0.0,5
62,149,1.0,0.0,3
62,150,1.3333333333333333,0.4714045207910317,3
62,151,1.0,0.0,3
62,152,1.4,0.4898979485566356,5
62,153,2.4,0.8,5
62,154,1.25,0.4330127018922193,4
62,155,1.0,0.0,3
62,156,1.7142857142857142,0.880630571852711,7
62,157,1.0,0.0,3
62,158,1.2,0.4,5
62,159,1.0,0.0,1
62,160,1.0,0.0,1
62,161,1.0,0.0,2
62,162,1.5,0.5,2
62,163,1.5,0.5,2
62,164,1.0,0.0,3
62,165,1.0,0.0,2
62,167,1.0,0.0,1
63,6,1.0,0.0,3
63,7,1.0,0.0,2
63,8,1.0,0.0,1
63,9,1.0,0.0,3
63,10,1.0,0.0,1
63,11,2.0,1.4142135623730951,3
63,12,1.0,0.0,1
63,13,1.0,0.0,2
63,14,1.0,0.0,2
63,15,1.0,0.0,1
63,18,1.0,0.0,1
63,23,1.0,0.0,1
63,27,1.0,0.0,2
63,28,1.0,0.0,1
63,29,1.0,0.0,2
63,30,1.0,0.0,3
63,31,1.3333333333333333,0.4714045207910317,3
63,32,1.6666666666666667,0.9428090415820634,3
63,33,1.0,0.0,1
63,34,1.0,0.0,1
63,35,1.0,0.0,4
63,36,1.0,0.0,2
63,38,1.0,0.0,1
63,39,1.0,0.0,2
63,40,1.0,0.0,1
63,41,1.0,0.0,1
63,43,1.0,0.0,1
63,44,1.0,0.0,2
63,45,1.0,0.0,1
63,46,1.0,0.0,1
63,47,1.0,0.0,1
63,48,1.0,0.0,1
63,51,1.0,0.0,1
63,52,1.0,0.0,2
63,53,1.0,0.0,3
63,54,1.25,0.4330127018922193,4
63,55,1.0,0.0,3
63,56,1.2,0.4000000000000001,5
63,57,1.0,0.0,3
63,58,1.5,0.5,4
63,59,1.0,0.0,1
63,60,1.25,0.4330127018922193,4
63,61,1.0,0.0,2
63,63,1.0,0.0,2
63,64,1.0,0.0,2
63,65,1.0,0.0,1
63,66,1.0,0.0,1
63,72,1.0,0.0,1
63,77,2.0,0.0,1
63,78,1.0,0.0,3
63,79,1.3333333333333333,0.4714045207910317,3
63,80,1.25,0.4330127018922193,4
63,81,1.0,0.0,2
63,83,1.0,0.0,2
63,84,1.3333333333333333,0.4714045207910317,3
63,85,1.0,0.0,1
63,86,1.0,0.0,1
63,87,1.25,0.4330127018922193,4
63,88,1.0,0.0,3
63,89,1.0,0.0,2
63,93,1.0,0.0,2
63,97,1.0,0.0,1
63,98,1.0,0.0,1
63,99,1.0,0.0,2
63,100,1.3333333333333333,0.4714045207910317,3
63,101,1.3333333333333333,0.4714045207910317,3
63,102,1.3333333333333333,0.4714045207910317,3
63,103,1.25,0.4330127018922193,4
63,104,1.0,0.0,2
63,105,1.0,0.0,2
63,106,1.0,0.0,3
63,107,1.5,0.5,2
63,108,1.0,0.0,2
63,109,1.0,0.0,3
63,110,1.0,0.0,2
63,113,1.0,0.0,2
63,114,1.0,0.0,2
63,115,1.0,0.0,1
63,118,1.0,0.0,2
63,120,1.0,0.0,1
63,123,1.0,0.0,1
63,125,1.0,0.0,1
63,129,1.0,0.0,3
63,130,1.0,0.0,2
63,131,1.0,0.0,3
63,132,1.0,0.0,2
63,133,1.0,0.0,2
63,136,1.0,0.0,1
63,139,1.0,0.0,1
63,142,1.0,0.0,2
63,144,1.0,0.0,1
63,145,1.0,0.0,2
63,146,1.0,0.0,1
63,147,1.0,0.0,1
63,148,1.0,0.0,1
63,150,1.0,0.0,4
63,152,1.0,0.0,2
63,153,1.0,0.0,1
63,154,1.0,0.0,1
63,155,2.0,0.0,1
63,157,1.0,0.0,1
63,160,1.0,0.0,1
63,161,1.0,0.0,1
63,165,1.0,0.0,1
63,166,2.5,1.5,2
63,167,1.0,0.0,1
64,9,1.0,0.0,1
64,12,1.0,0.0,1
64,13,1.0,0.0,1
64,14,1.0,0.0,1
64,15,1.0,0.0,1
64,21,1.0,0.0,1
64,28,1.0,0.0,1
64,32,1.0,0.0,1
64,35,1.0,0.0,1
64,38,1.0,0.0,1
64,42,1.0,0.0,1
64,46,1.0,0.0,1
64,48,1.0,0.0,1
64,53,1.0,0.0,1
64,56,1.0,0.0,2
64,58,1.0,0.0,2
64,59,1.0,0.0,1
64,61,1.0,0.0,1
64,62,1.0,0.0,2
64,63,1.0,0.0,1
64,64,1.0,0.0,1
64,67,1.0,0.0,2
64,69,1.0,0.0,1
64,70,1.0,0.0,1
64,82,1.0,0.0,1
64,83,1.0,0.0,1
64,84,1.0,0.0,2
64,85,2.0,0.0,1
64,88,1.0,0.0,1
64,90,1.0,0.0,2
64,94,1.0,0.0,1
64,95,1.0,0.0,1
64,101,1.0,0.0,1
64,102,1.0,0.0,1
64,104,2.0,0.0,1
64,105,1.0,0.0,1
64,107,1.0,0.0,1
64,108,1.0,0.0,1
64,109,1.0,0.0,1
64,111,1.0,0.0,2
64,113,1.0,0.0,1
64,118,1.0,0.0,1
64,137,1.0,0.0,1
64,144,1.0,0.0,1
64,148,1.0,0.0,1
64,154,1.0,0.0,1
64,157,1.0,0.0,1
64,159,1.0,0.0,1
64,160,1.0,0.0,3
64,162,1.0,0.0,3
64,164,1.0,0.0,2
64,165,1.0,0.0,1
64,166,1.0,0.0,1
65,0,1.0,0.0,1
65,1,1.0,0.0,1
65,2,1.0,0.0,1
65,4,1.0,0.0,1
65,5,1.5,0.5,2
65,6,2.857142857142857,1.456862718169367,7
65,7,3.7142857142857144,2.1189138534559038,7
65,8,3.625,1.5761900266148114,8
65,9,3.25,1.299038105676658,8
65,10,2.5,1.5,6
65,11,3.25,2.0463381929681126,8
65,12,3.5,2.0615528128088303,8
65,13,2.375,1.1110243021644486,8
65,14,2.875,1.2686114456365274,8
65,15,4.714285714285714,2.312344865176949,7
65,16,3.5,1.5,8
65,17,5.5,2.5495097567963922,8
65,18,3.5,1.9364916731037085,8
65,19,2.875,1.165922381636102,8
65,20,1.3333333333333333,0.4714045207910317,6
65,21,1.7142857142857142,0.880630571852711,7
65,22,1.8,0.7483314773547883,5
65,23,1.7142857142857142,1.3850513878332367,7
65,24,2.0,1.0,2
65,25,2.0,0.0,1
65,27,1.0,0.0,1
65,28,1.5,0.5,2
65,30,2.2,0.7483314773547882,5
65,31,4.0,1.6903085094570331,7
65,32,4.166666666666667,1.5723301886761007,6
65,33,1.8571428571428572,0.8329931278350429,7
65,34,2.857142857142857,1.2453996981544782,7
65,35,2.75,1.1989578808281798,8
65,36,2.2857142857142856,1.979486637221574,7
65,37,3.375,2.2878756522153907,8
65,38,3.25,2.222048604328897,8
65,39,2.625,1.1110243021644486,8
65,40,3.4285714285714284,1.5907898179514348,7
65,41,6.375,3.119995993587171,8
65,42,5.714285714285714,1.0301575072754257,7
65,43,3.375,1.3169567191065923,8
65,44,2.2857142857142856,0.880630571852711,7
65,45,2.125,1.2686114456365274,8
65,46,2.5,1.8708286933869707,8
65,47,2.25,0.9682458365518543,8
65,48,1.3333333333333333,0.4714045207910317,6
65,49,1.2,0.4,5
65,51,1.5,0.5,2
65,52,1.0,0.0,5
65,53,1.5,0.5,2
65,54,2.857142857142857,1.2453996981544782,7
65,55,3.125,1.6153559979150107,8
65,56,5.0,2.9814239699997196,9
65,57,3.75,1.6393596310755,8
65,58,3.5,1.118033988749895,8
65,59,3.5555555555555554,1.2570787221094177,9
65,60,3.4444444444444446,1.0657403385139377,9
65,61,3.6666666666666665,0.9428090415820634,9
65,62,5.111111111111111,1.7916128329552332,9
65,63,4.555555555555555,2.1140330656044943,9
65,64,3.2222222222222223,1.547598697464902,9
65,65,4.111111111111111,1.9116278371205837,9
65,66,4.0,2.0615528128088303,8
65,67,4.222222222222222,2.3934065809486684,9
65,68,2.5,1.3228756555322954,8
65,69,3.2857142857142856,1.577908716741037,7
65,70,4.333333333333333,1.0540925533894596,9
65,71,2.7142857142857144,1.4846149779161804,7
65,72,2.4285714285714284,1.6781914463529615,7
65,73,1.2,0.4,5
65,74,1.5,0.5,2
65,75,1.0,0.0,1
65,76,1.0,0.0,2
65,77,1.3333333333333333,0.4714045207910317,3
65,78,2.8333333333333335,1.3437096247164249,6
65,79,5.5,2.449489742783178,8
65,80,3.888888888888889,1.7284832429004495,9
65,81,2.3333333333333335,1.2472191289246473,9
65,82,2.4444444444444446,1.3425606637327303,9
65,83,2.125,1.0532687216470449,8
65,84,2.6666666666666665,0.9428090415820634,9
65,85,3.6666666666666665,1.632993161855452,9
65,86,4.222222222222222,0.9162456945817024,9
65,87,5.111111111111111,2.1314806770278754,9
65,88,3.5,1.5811388300841898,8
65,89,6.111111111111111,2.469567863432541,9
65,90,5.888888888888889,3.8425814368423516,9
65,91,3.7777777777777777,2.6152449546532934,9
65,92,4.5,2.29128784747792,8
65,93,4.5,3.278719262151,8
65,94,4.571428571428571,4.370588154508101,7
65,95,4.714285714285714,2.54750778573243,7
65,96,1.8571428571428572,0.8329931278350429,7
65,97,1.8,1.6,5
65,98,1.0,0.0,3
65,99,1.0,0.0,2
65,100,1.5,0.5,2
65,101,1.0,0.0,4
65,102,2.7777777777777777,1.227262335243029,9
65,103,3.3333333333333335,0.6666666666666666,9
65,104,3.0,2.160246899469287,9
65,105,1.8571428571428572,0.9897433186107869,7
65,106,2.7777777777777777,1.8724777273725242,9
65,107,4.222222222222222,2.249828525701843,9
65,108,3.75,1.713913650100261,8
65,109,3.3333333333333335,1.3333333333333333,9
65,110,5.888888888888889,2.1829869671542776,9
65,111,5.444444444444445,2.0608041101101566,9
65,112,5.111111111111111,2.3778816176702997,9
65,113,6.111111111111111,2.9228769862146455,9
65,114,6.285714285714286,2.4327694808466287,7
65,115,6.625,3.9666579131556077,8
65,116,2.857142857142857,1.5518257844571735,7
65,117,3.6666666666666665,2.8284271247461903,9
65,118,2.142857142857143,1.4568627181693672,7
65,119,3.3333333333333335,1.632993161855452,9
65,120,6.142857142857143,3.6811710647786073,7
65,121,3.857142857142857,2.030381486221699,7
65,122,1.5714285714285714,0.7284313590846836,7
65,123,1.3333333333333333,0.4714045207910317,3
65,124,1.0,0.0,2
65,125,1.4,0.8,5
65,126,1.6,0.8,5
65,127,1.6666666666666667,0.7453559924999299,6
65,128,1.75,1.0897247358851685,8
65,129,4.285714285714286,1.2777531299998797,7
65,130,4.666666666666667,1.247219128924647,9
65,131,4.111111111111111,2.3778816176702997,9
65,132,4.0,2.6246692913372702,9
65,133,5.375,3.3517719194479807,8
65,134,4.777777777777778,3.083208205669246,9
65,135,5.625,3.42554740151118,8
65,136,5.555555555555555,1.892154040658489,9
65,137,7.333333333333333,3.2998316455372216,9
65,138,5.111111111111111,2.9228769862146455,9
65,139,5.125,2.7585095613392387,8
65,140,4.142857142857143,2.747912008810192,7
65,141,2.142857142857143,0.6388765649999398,7
65,142,3.4285714285714284,1.9897697538834456,7
65,143,4.428571428571429,2.821202522590214,7
65,144,4.5,3.082207001484488,8
65,145,4.833333333333333,1.950783318453271,6
65,146,2.25,0.82915619758885,4
65,147,1.0,0.0,5
65,148,2.0,1.0,4
65,149,1.5,0.5,2
65,150,1.6666666666666667,1.1055415967851332,6
65,151,2.0,1.0,2
65,152,1.8571428571428572,0.6388765649999398,7
65,153,3.0,1.3333333333333333,9
65,154,3.111111111111111,1.9688939051854835,9
65,155,2.4444444444444446,1.4229164972072998,9
65,156,3.888888888888889,1.7916128329552332,9
65,157,4.333333333333333,1.3333333333333333,9
65,158,4.444444444444445,1.640535895581489,9
65,159,4.625,2.2325713874364688,8
65,160,3.888888888888889,2.23330569358242,9
65,161,5.25,3.897114317029974,8
65,162,4.25,2.277608394786075,8
65,163,2.7142857142857144,1.665986255670086,7
65,164,2.5,1.5,6
65,165,2.2857142857142856,1.0301575072754257,7
65,166,2.0,1.118033988749895,8
65,167,1.8333333333333333,0.6871842709362768,6
66,0,1.0,0.0,2
66,4,1.0,0.0,2
66,6,1.3333333333333333,0.4714045207910317,3
66,7,1.25,0.4330127018922193,4
66,8,2.5,1.3844373104863459,6
66,9,2.0,0.6324555320336759,5
66,10,1.3333333333333333,0.4714045207910317,3
66,11,1.4,0.4898979485566356,5
66,12,1.5,0.5,6
66,13,2.6,2.244994432064365,5
66,14,2.25,1.920286436967152,8
66,15,2.857142857142857,0.8329931278350429,7
66,16,2.8333333333333335,1.2133516482134197,6
66,17,2.857142857142857,1.456862718169367,7
66,18,1.4285714285714286,0.7284313590846835,7
66,19,1.3333333333333333,0.4714045207910317,6
66,20,1.5,0.8660254037844386,4
66,21,1.3333333333333333,0.4714045207910317,3
66,22,1.0,0.0,3
66,23,1.5,0.5,2
66,24,1.0,0.0,2
66,28,1.0,0.0,3
66,29,1.0,0.0,1
66,30,1.0,0.0,2
66,31,1.8,1.1661903789690602,5
66,32,1.0,0.0,5
66,33,1.4,0.4898979485566356,5
66,34,1.0,0.0,2
66,35,2.0,0.7071067811865476,4
66,36,2.8333333333333335,1.0671873729054748,6
66,37,3.0,2.5298221281347035,5
66,38,2.3333333333333335,1.5986105077709065,6
66,39,2.2857142857142856,1.2777531299998799,7
66,40,2.1666666666666665,0.6871842709362768,6
66,41,3.4285714285714284,1.3997084244475304,7
66,42,2.7142857142857144,1.2777531299998799,7
66,43,2.5,1.5,4
66,44,2.0,1.7320508075688772,4
66,45,2.8,1.6,5
66,46,2.5,2.140872096444188,6
66,47,2.6,3.2000000000000006,5
66,48,1.25,0.4330127018922193,4
66,50,1.5,0.5,2
66,52,1.2,0.4,5
66,53,1.0,0.0,3
66,54,1.5,0.5,2
66,55,2.5,0.8660254037844386,4
66,56,2.5,1.118033988749895,4
66,57,1.5,0.5,4
66,58,1.2,0.4000000000000001,5
66,59,2.0,1.6903085094570331,7
66,60,1.2,0.4,5
66,61,2.0,0.7071067811865476,4
66,62,1.7142857142857142,1.0301575072754254,7
66,63,1.8571428571428572,0.6388765649999398,7
66,64,2.8333333333333335,1.7716909687891083,6
66,65,2.375,1.2183492931011204,8
66,66,3.75,3.072051431861127,8
66,67,1.8888888888888888,1.0999438818457405,9
66,68,1.3333333333333333,0.47140452079103173,6
66,69,2.8333333333333335,1.9507833184532708,6
66,70,2.625,1.9324531042175384,8
66,71,2.0,0.8944271909999159,5
66,72,1.3333333333333333,0.4714045207910317,3
66,74,1.0,0.0,1
66,76,1.0,0.0,6
66,77,1.0,0.0,2
66,78,1.25,0.4330127018922193,4
66,79,1.3333333333333333,0.4714045207910317,6
66,80,2.1666666666666665,1.0671873729054748,6
66,81,1.25,0.4330127018922193,4
66,82,1.0,0.0,3
66,83,2.2,1.16619037896906,5
66,84,2.0,1.1547005383792515,6
66,85,2.625,1.653594569415369,8
66,86,2.625,1.9324531042175384,8
66,87,2.2,0.9797958971132712,5
66,88,3.3333333333333335,2.9249881291307074,6
66,89,3.3333333333333335,3.197221015541813,9
66,90,4.428571428571429,1.9897697538834458,7
66,91,2.857142857142857,1.8070158058105021,7
66,92,1.75,0.9682458365518543,8
66,93,2.4444444444444446,1.4989708403591155,9
66,94,4.0,3.711842908553348,9
66,95,4.166666666666667,4.913134324327891,6
66,96,2.0,1.4142135623730951,3
66,97,1.6666666666666667,0.4714045207910317,3
66,98,1.0,0.0,2
66,99,1.0,0.0,1
66,100,1.0,0.0,2
66,102,1.0,0.0,4
66,103,2.0,0.0,1
66,104,1.0,0.0,4
66,105,1.25,0.4330127018922193,4
66,106,2.0,0.816496580927726,3
66,107,1.625,0.9921567416492215,8
66,108,2.4444444444444446,0.9558139185602919,9
66,109,1.6666666666666667,0.6666666666666666,9
66,110,3.25,1.6393596310755,8
66,111,4.125,3.9191038516477206,8
66,112,3.0,1.632993161855452,9
66,113,3.625,1.5761900266148114,8
66,114,3.888888888888889,2.5141574442188355,9
66,115,3.4444444444444446,2.1140330656044943,9
66,116,1.4,0.8,5
66,117,1.5714285714285714,0.7284313590846835,7
66,118,2.0,0.816496580927726,6
66,119,2.7142857142857144,1.749635530559413,7
66,120,3.7142857142857144,3.010186786529354,7
66,121,3.0,4.0,9
66,122,1.0,0.0,2
66,123,1.0,0.0,4
66,124,1.0,0.0,3
66,125,1.5,0.5,2
66,127,1.0,0.0,3
66,128,1.0,0.0,2
66,129,1.4285714285714286,0.4948716593053935,7
66,130,1.8571428571428572,0.3499271061118826,7
66,131,2.875,1.6153559979150107,8
66,132,2.888888888888889,1.0999438818457405,9
66,133,3.0,1.5634719199411433,9
66,134,4.111111111111111,1.9116278371205837,9
66,135,6.111111111111111,2.806517986736686,9
66,136,5.444444444444445,1.9499920860871383,9
66,137,5.444444444444445,2.2662308949301266,9
66,138,3.4444444444444446,1.9499920860871383,9
66,139,4.375,3.3517719194479807,8
66,140,2.8333333333333335,1.9507833184532708,6
66,141,2.75,1.7853571071357126,8
66,142,3.3333333333333335,2.285218200133681,6
66,143,3.75,1.713913650100261,8
66,144,4.142857142857143,1.8070158058105024,7
66,145,4.333333333333333,3.815174380753199,6
66,146,1.6,0.4898979485566356,5
66,147,1.0,0.0,3
66,148,1.0,0.0,1
66,149,3.0,0.0,1
66,150,1.0,0.0,2
66,151,1.0,0.0,2
66,152,1.0,0.0,3
66,153,1.8,0.7483314773547883,5
66,154,1.6666666666666667,0.4714045207910317,3
66,155,2.5,1.2583057392117916,6
66,156,2.5,1.118033988749895,8
66,157,3.5555555555555554,2.006163342807532,9
66,158,4.0,2.0,9
66,159,2.6666666666666665,1.1547005383792515,9
66,160,2.75,1.0897247358851685,8
66,161,2.375,1.3169567191065923,8
66,162,2.5,1.8708286933869707,8
66,163,2.0,0.8660254037844386,8
66,164,1.6666666666666667,0.4714045207910317,6
66,165,2.0,1.2649110640673518,5
66,166,2.25,0.82915619758885,4
66,167,1.5,0.7637626158259734,6
67,0,2.0,0.0,1
67,5,1.0,0.0,2
67,6,1.0,0.0,5
67,7,1.0,0.0,1
67,10,1.0,0.0,2
67,11,1.5,0.5,2
67,14,1.0,0.0,1
67,16,3.0,0.0,1
67,17,1.5,0.5,2
67,18,2.0,0.816496580927726,3
67,19,2.0,0.0,1
67,20,1.0,0.0,2
67,29,1.0,0.0,4
67,30,1.0,0.0,3
67,31,1.0,0.0,1
67,38,1.0,0.0,1
67,39,2.0,0.0,1
67,43,1.0,0.0,2
67,44,1.0,0.0,1
67,46,1.0,0.0,1
67,49,3.0,0.0,1
67,54,1.0,0.0,4
67,55,1.0,0.0,2
67,56,1.25,0.4330127018922193,4
67,57,1.0,0.0,2
67,59,1.5,0.5,2
67,61,1.0,0.0,2
67,65,1.0,0.0,1
67,67,1.0,0.0,1
67,69,1.0,0.0,1
67,71,1.0,0.0,1
67,73,1.0,0.0,2
67,77,1.0,0.0,3
67,78,1.0,0.0,3
67,79,1.0,0.0,1
67,80,1.0,0.0,3
67,85,1.0,0.0,1
67,86,1.0,0.0,1
67,87,1.0,0.0,1
67,88,1.0,0.0,1
67,89,1.0,0.0,1
67,91,1.0,0.0,2
67,95,1.0,0.0,1
67,96,1.0,0.0,1
67,101,1.0,0.0,2
67,102,1.0,0.0,4
67,104,1.0,0.0,1
67,106,1.5,0.5,2
67,109,1.0,0.0,1
67,110,1.0,0.0,2
67,111,1.0,0.0,1
67,113,1.0,0.0,1
67,114,1.2,0.4000000000000001,5
67,115,1.75,0.4330127018922193,4
67,116,2.0,0.0,1
67,117,1.3333333333333333,0.4714045207910317,3
67,119,1.0,0.0,1
67,124,1.0,0.0,2
67,128,1.0,0.0,1
67,131,1.0,0.0,1
67,137,1.5,0.5,2
67,138,2.6666666666666665,0.4714045207910317,3
67,139,1.5,0.5,2
67,140,1.0,0.0,2
67,142,1.0,0.0,3
67,143,1.0,0.0,1
67,148,1.0,0.0,1
67,153,1.0,0.0,1
67,154,1.0,0.0,1
67,158,1.0,0.0,1
67,160,1.0,0.0,1
67,162,2.0,0.816496580927726,3
67,163,2.0,0.0,1
67,164,1.0,0.0,2
67,165,1.0,0.0,2
68,0,44.375,13.499421283892136,8
68,1,15.0,4.0,8
68,2,12.375,4.553501400021746,8
68,3,10.625,4.580870550452174,8
68,4,8.0,4.0,8
68,5,11.75,4.408798022137099,8
68,6,22.75,6.53356717268599,8
68,7,44.875,15.259730502207436,8
68,8,85.875,24.861805545856882,8
68,9,102.25,33.55499217702189,8
68,10,118.625,34.43086369814153,8
68,11,129.375,34.241559178869174,8
68,12,132.5,20.81465829649865,8
68,13,145.5,31.176914536239792,8
68,14,154.5,29.077482697097423,8
68,15,148.25,30.877783275358354,8
68,16,156.875,34.403624445688855,8
68,17,153.375,34.89963287772523,8
68,18,175.0,50.07494383421713,8
68,19,150.875,37.71086547667661,8
68,20,151.625,35.36925748443131,8
68,21,147.5,34.56877203488721,8
68,22,125.5,42.19300889957956,8
68,23,74.125,13.052178936867207,8
68,24,36.625,10.135796712641785,8
68,25,20.875,7.457169369137327,8
68,26,14.25,4.763139720814412,8
68,27,9.5,3.122498999199199,8
68,28,8.5,3.5355339059327378,8
68,29,11.375,4.357106264483344,8
68,30,22.75,7.361215932167728,8
68,31,51.375,13.499421283892136,8
68,32,103.375,23.626984043673453,8
68,33,131.25,28.38463492807332,8
68,34,144.0,18.3166590840142,8
68,35,143.5,23.50531854708632,8
68,36,151.875,12.514366743866827,8
68,37,172.625,14.82344005283524,8
68,38,170.0,21.84605227495348,8
68,39,178.5,6.652067347825035,8
68,40,170.25,15.58645245076634,8
68,41,204.25,35.29429840639986,8
68,42,238.875,52.591438229050176,8
68,43,199.25,36.98563910492828,8
68,44,208.0,60.56814344191177,8
68,45,211.5,36.41085003127502,8
68,46,180.75,38.703197542322,8
68,47,116.66666666666667,57.35658443263317,9
68,48,62.22222222222222,16.314804304869025,9
68,49,23.0,18.384776310850235,9
68,50,17.666666666666668,21.55612828563299,9
68,51,11.555555555555555,16.82663966658631,9
68,52,9.88888888888889,8.556277025857092,9
68,53,13.11111111111111,4.99876527964533,9
68,54,23.444444444444443,6.618343383037969,9
68,55,53.55555555555556,19.788386667780177,9
68,56,109.11111111111111,27.412261832352183,9
68,57,124.33333333333333,26.566478460228367,9
68,58,137.0,21.176506899024787,9
68,59,160.44444444444446,19.556818141059377,9
68,60,155.44444444444446,16.235154662447176,9
68,61,162.88888888888889,16.802410173969715,9
68,62,180.77777777777777,21.744873100867697,9
68,63,186.0,17.73258143769385,9
68,64,182.44444444444446,24.761579159438433,9
68,65,210.44444444444446,47.35940857154905,9
68,66,241.0,52.191953402799555,9
68,67,212.11111111111111,50.99552146881668,9
68,68,206.0,62.114589447425494,9
68,69,218.66666666666666,55.45969507469165,9
68,70,194.11111111111111,45.95515796088483,9
68,71,134.33333333333334,40.16632088371218,9
68,72,73.11111111111111,21.579025024028642,9
68,73,42.77777777777778,15.67572630093191,9
68,74,32.44444444444444,16.330687616407687,9
68,75,21.333333333333332,10.790942704159097,9
68,76,13.666666666666666,14.015864027752427,9
68,77,15.88888888888889,5.465943944999486,9
68,78,26.0,7.972173828734266,9
68,79,55.111111111111114,14.843213521819356,9
68,80,97.66666666666667,33.12937602122255,9
68,81,131.88888888888889,38.84569029275948,9
68,82,136.22222222222223,32.64889917415212,9
68,83,162.77777777777777,31.82863063964678,9
68,84,155.55555555555554,25.002715901860256,9
68,85,166.33333333333334,32.176596049509854,9
68,86,169.22222222222223,33.10178839672758,9
68,87,189.22222222222223,30.26100452829893,9
68,88,174.22222222222223,39.177027786355104,9
68,89,200.88888888888889,48.88181767043275,9
68,90,242.55555555555554,74.27443273445238,9
68,91,219.0,67.88061415292128,9
68,92,207.66666666666666,72.18494764607554,9
68,93,206.55555555555554,64.05572419752302,9
68,94,172.88888888888889,61.859059238534684,9
68,95,149.33333333333334,51.965800719746866,9
68,96,105.0,37.18123780140253,9
68,97,57.44444444444444,27.59674341138063,9
68,98,43.55555555555556,25.0515517865377,9
68,99,29.88888888888889,9.780302704295728,9
68,100,16.444444444444443,5.852086258783863,9
68,101,12.222222222222221,5.864730320176288,9
68,102,22.666666666666668,8.013876853447538,9
68,103,49.666666666666664,14.681810363696826,9
68,104,81.77777777777777,30.817663685972832,9
68,105,107.11111111111111,19.86870484200632,9
68,106,129.11111111111111,30.72619021994264,9
68,107,153.88888888888889,25.47523609941599,9
68,108,155.44444444444446,14.727986293003994,9
68,109,165.11111111111111,23.177788430806118,9
68,110,173.77777777777777,12.099382700303146,9
68,111,198.55555555555554,24.860102400392975,9
68,112,183.11111111111111,30.58120135873033,9
68,113,199.44444444444446,35.827088172409155,9
68,114,227.11111111111111,44.485814079557855,9
68,115,208.22222222222223,39.93822390135873,9
68,116,176.11111111111111,24.533172302209035,9
68,117,172.0,27.804875671563632,9
68,118,184.44444444444446,35.24552331261726,9
68,119,177.66666666666666,51.63977794943223,9
68,120,141.11111111111111,50.650094755739914,9
68,121,98.77777777777777,39.83515415023318,9
68,122,74.11111111111111,28.203405800814767,9
68,123,66.55555555555556,18.726755138696383,9
68,124,38.666666666666664,5.055250296034367,9
68,125,11.88888888888889,4.121608220220312,9
68,126,18.77777777777778,5.411464738615964,9
68,127,25.444444444444443,6.273597428219158,9
68,128,46.22222222222222,10.108058147150363,9
68,129,86.44444444444444,21.406702538696774,9
68,130,110.11111111111111,14.984765926651747,9
68,131,150.22222222222223,29.377912253852585,9
68,132,163.88888888888889,23.59116804816038,9
68,133,196.88888888888889,26.053127107868747,9
68,134,204.33333333333334,20.693530926891675,9
68,135,206.88888888888889,20.930809000898623,9
68,136,207.0,39.99166579843022,9
68,137,175.77777777777777,31.018910998069757,9
68,138,201.66666666666666,32.11091887677945,9
68,139,180.22222222222223,31.22953650980565,9
68,140,165.11111111111111,39.65530493990108,9
68,141,169.77777777777777,34.53429142100091,9
68,142,178.77777777777777,35.795026897842725,9
68,143,176.11111111111111,45.99865805879424,9
68,144,143.77777777777777,45.73784666208009,9
68,145,115.11111111111111,50.43465396914759,9
68,146,79.11111111111111,34.04717134422785,9
68,147,73.22222222222223,26.33450536538528,9
68,148,59.44444444444444,25.24154912974114,9
68,149,14.555555555555555,8.473633762194497,9
68,150,14.444444444444445,5.659036256998597,9
68,151,19.88888888888889,4.306182750016911,9
68,152,40.333333333333336,8.137703743822469,9
68,153,70.88888888888889,14.73804181508554,9
68,154,96.33333333333333,22.410315085295483,9
68,155,142.22222222222223,36.12256228692588,9
68,156,167.55555555555554,37.95936749007962,9
68,157,178.88888888888889,47.87122644123142,9
68,158,188.0,40.00833246545858,9
68,159,177.44444444444446,24.404512839095563,9
68,160,161.0,30.57231863412827,9
68,161,165.55555555555554,31.903016614981766,9
68,162,162.44444444444446,42.04788569426559,9
68,163,141.44444444444446,37.05284847682987,9
68,164,130.88888888888889,24.81238241257083,9
68,165,124.0,23.748684174075834,9
68,166,114.22222222222223,20.098522763724468,9
68,167,78.66666666666667,28.612351645166576,9
69,1,2.0,1.4142135623730951,3
69,5,1.5,0.5,2
69,6,1.0,0.0,2
69,7,1.75,1.6393596310755,8
69,8,1.5,0.7637626158259734,6
69,9,1.8,0.7483314773547883,5
69,10,1.25,0.4330127018922193,4
69,11,1.8333333333333333,0.8975274678557508,6
69,12,1.5,0.8660254037844386,4
69,13,1.0,0.0,4
69,14,1.0,0.0,3
69,15,1.0,0.0,4
69,16,1.0,0.0,2
69,17,1.0,0.0,4
69,18,1.0,0.0,2
69,19,1.0,0.0,2
69,20,1.0,0.0,2
69,24,1.3333333333333333,0.4714045207910317,3
69,28,1.0,0.0,2
69,29,1.0,0.0,1
69,30,1.5,0.5,4
69,31,1.4,0.8,5
69,32,1.2,0.4,5
69,33,2.0,1.0,4
69,34,1.75,0.82915619758885,4
69,35,1.4,0.4898979485566356,5
69,36,1.25,0.4330127018922193,4
69,37,2.0,0.0,1
69,38,1.0,0.0,3
69,40,2.0,0.0,1
69,41,1.0,0.0,2
69,42,1.0,0.0,1
69,43,1.0,0.0,1
69,44,1.0,0.0,1
69,47,1.0,0.0,1
69,48,1.0,0.0,3
69,49,1.0,0.0,2
69,50,1.0,0.0,1
69,51,1.0,0.0,1
69,52,1.0,0.0,2
69,53,1.2,0.4000000000000001,5
69,54,2.0,1.2649110640673518,5
69,55,1.5,0.7637626158259734,6
69,56,1.7142857142857142,0.6998542122237652,7
69,57,1.7142857142857142,0.45175395145262565,7
69,58,1.625,0.6959705453537527,8
69,59,1.6666666666666667,0.7453559924999299,6
69,60,1.8333333333333333,0.6871842709362768,6
69,61,1.0,0.0,3
69,62,1.2,0.4000000000000001,5
69,63,1.0,0.0,2
69,64,1.2,0.4000000000000001,5
69,65,1.3333333333333333,0.4714045207910317,3
69,66,1.5,0.5,2
69,67,2.0,0.0,1
69,70,2.0,0.0,1
69,71,1.0,0.0,1
69,73,1.0,0.0,1
69,77,1.25,0.4330127018922193,4
69,78,1.1428571428571428,0.3499271061118826,7
69,79,1.5,0.5,4
69,80,1.8333333333333333,0.6871842709362768,6
69,81,1.8333333333333333,0.8975274678557507,6
69,82,1.4,0.4898979485566356,5
69,83,1.3333333333333333,0.4714045207910317,3
69,84,1.0,0.0,3
69,85,1.6,0.8,5
69,86,1.0,0.0,4
69,87,1.0,0.0,5
69,88,1.5,0.5,2
69,89,1.0,0.0,2
69,90,1.6666666666666667,0.4714045207910317,3
69,91,1.0,0.0,4
69,92,1.0,0.0,2
69,93,1.0,0.0,2
69,95,1.5,0.5,2
69,96,1.0,0.0,1
69,97,1.0,0.0,4
69,99,1.0,0.0,1
69,100,1.5,0.5,2
69,101,1.25,0.4330127018922193,4
69,102,1.2,0.4,5
69,103,1.4,0.4898979485566356,5
69,104,2.3333333333333335,0.9428090415820634,6
69,105,2.4,1.4966629547095764,5
69,106,1.6666666666666667,0.74535599249993,6
69,107,1.2857142857142858,0.45175395145262565,7
69,108,1.1666666666666667,0.3726779962499649,6
69,109,1.2,0.4,5
69,110,1.5,0.5,4
69,111,1.0,0.0,6
69,113,1.25,0.4330127018922193,4
69,114,2.0,1.0,2
69,115,2.0,1.0,2
69,116,1.0,0.0,4
69,118,1.0,0.0,3
69,121,1.3333333333333333,0.4714045207910317,3
69,122,1.0,0.0,1
69,124,1.0,0.0,4
69,127,1.0,0.0,5
69,128,1.4,0.4898979485566356,5
69,129,1.0,0.0,3
69,130,1.6666666666666667,0.7453559924999299,6
69,131,1.5,1.118033988749895,6
69,132,1.5,0.5,6
69,133,1.25,0.4330127018922193,4
69,134,1.0,0.0,3
69,135,1.0,0.0,4
69,136,1.0,0.0,2
69,137,2.0,0.0,1
69,138,1.0,0.0,1
69,139,1.0,0.0,3
69,141,2.0,0.0,1
69,142,1.5,0.5,2
69,144,1.5,0.5,2
69,146,1.0,0.0,2
69,147,1.0,0.0,2
69,148,1.0,0.0,2
69,149,1.0,0.0,3
69,150,1.0,0.0,2
69,151,1.0,0.0,5
69,152,1.0,0.0,2
69,153,1.75,0.4330127018922193,4
69,154,1.4,0.4898979485566356,5
69,155,1.25,0.4330127018922193,4
69,156,1.0,0.0,1
69,157,1.0,0.0,3
69,158,1.6,0.8,5
69,159,1.2,0.4,5
69,160,1.0,0.0,5
69,161,1.0,0.0,1
69,162,1.75,1.299038105676658,4
69,164,1.0,0.0,3
69,165,2.5,1.5,2
69,167,2.0,0.0,2
70,0,12.875,10.40958092336094,8
70,1,6.4,6.7111846942250075,5
70,2,2.6666666666666665,1.247219128924647,3
70,3,1.0,0.0,2
70,4,1.2,0.4,5
70,5,1.6666666666666667,0.9428090415820634,3
70,6,1.6666666666666667,0.4714045207910317,3
70,7,8.0,4.65985898008574,7
70,8,17.625,6.981001002721601,8
70,9,26.5,11.76860229593982,8
70,10,30.875,17.003216607454014,8
70,11,32.375,22.03938236430413,8
70,12,32.5,11.6081867662439,8
70,13,31.375,8.630433071404934,8
70,14,30.125,9.879745695107744,8
70,15,28.5,11.213830746002902,8
70,16,28.125,13.815186390345952,8
70,17,32.625,8.076779989575053,8
70,18,30.875,12.692886787488495,8
70,19,36.5,19.189841062395487,8
70,20,31.0,11.0,8
70,21,33.75,11.818946653572814,8
70,22,29.5,14.756354563373707,8
70,23,30.875,11.362630637312822,8
70,24,16.625,10.839020942871178,8
70,25,6.75,5.448623679425842,4
70,26,1.0,0.0,2
70,27,3.0,1.0,2
70,28,2.5,1.5,2
70,29,1.3333333333333333,0.4714045207910317,3
70,30,1.6666666666666667,0.9428090415820634,3
70,31,7.75,2.947456530637899,8
70,32,18.875,4.985917668794783,8
70,33,32.375,10.781204710049801,8
70,34,32.5,14.705441169852742,8
70,35,32.75,12.007809958522827,8
70,36,32.5,17.146428199482248,8
70,37,35.5,12.338962679253067,8
70,38,34.0,10.111874208078342,8
70,39,36.875,14.538203981235096,8
70,40,31.0,12.237238250520416,8
70,41,31.5,13.171939872319491,8
70,42,28.0,11.565033506220377,8
70,43,29.75,12.356678356257397,8
70,44,39.875,13.65135066577663,8
70,45,32.375,13.692493381411582,8
70,46,25.75,16.23075783812943,8
70,47,23.375,6.223694642252301,8
70,48,6.25,2.9895651857753496,8
70,49,5.25,4.602988159880492,4
70,50,1.5,0.5,2
70,51,1.0,0.0,2
70,53,1.0,0.0,3
70,54,4.0,2.6076809620810595,5
70,55,8.333333333333334,2.260776661041756,9
70,56,18.22222222222222,8.093588378433028,9
70,57,34.77777777777778,16.198612956929217,9
70,58,32.55555555555556,14.795728445970937,9
70,59,32.44444444444444,16.06314699422329,9
70,60,30.11111111111111,7.0780481371702155,9
70,61,37.666666666666664,12.797569213634977,9
70,62,34.111111111111114,8.685165442605692,9
70,63,36.333333333333336,15.499103916750228,9
70,64,24.0,8.32666399786453,9
70,65,31.666666666666668,12.701705922171767,9
70,66,29.88888888888889,9.89325746202314,9
70,67,27.77777777777778,9.530976139558817,9
70,68,35.0,16.766368453279053,9
70,69,25.0,7.133644853010899,9
70,70,23.666666666666668,8.894442709417556,9
70,71,23.88888888888889,8.543281238551595,9
70,72,7.444444444444445,4.271640619275797,9
70,73,2.8,1.469693845669907,5
70,74,3.6666666666666665,3.091206165165235,3
70,76,1.0,0.0,1
70,77,2.0,0.0,1
70,78,2.0,1.5491933384829668,5
70,79,6.333333333333333,2.98142396999972,9
70,80,16.11111111111111,6.172419738813844,9
70,81,32.888888888888886,17.7102885630826,9
70,82,28.11111111111111,11.580102133923464,9
70,83,35.22222222222222,11.525602204346612,9
70,84,31.22222222222222,14.84570852901252,9
70,85,38.55555555555556,15.334138465174227,9
70,86,35.666666666666664,13.27487183449325,9
70,87,36.333333333333336,15.311578770474469,9
70,88,29.22222222222222,11.26230465636761,9
70,89,30.333333333333332,13.90443574307614,9
70,90,28.88888888888889,16.868408634976305,9
70,91,33.55555555555556,21.040231890943865,9
70,92,27.444444444444443,15.699335521048944,9
70,93,26.666666666666668,13.743685418725535,9
70,94,23.22222222222222,14.163943093313291,9
70,95,27.0,17.378147196982766,9
70,96,7.777777777777778,4.15739709641549,9
70,97,2.3333333333333335,1.247219128924647,3
70,99,1.0,0.0,1
70,100,1.0,0.0,1
70,101,1.0,0.0,3
70,102,1.0,0.0,4
70,103,10.125,4.428247395979588,8
70,104,18.444444444444443,6.635110500814941,9
70,105,26.11111111111111,14.92532854240621,9
70,106,29.88888888888889,13.91597359108066,9
70,107,33.666666666666664,12.31981240838422,9
70,108,27.11111111111111,7.400367024598539,9
70,109,43.888888888888886,13.95583863831785,9
70,110,37.22222222222222,10.685169137930052,9
70,111,36.55555555555556,14.492228653938106,9
70,112,31.444444444444443,11.804999986927491,9
70,113,30.444444444444443,13.491652654809368,9
70,114,29.666666666666668,16.71991493864594,9
70,115,29.77777777777778,15.061192056833999,9
70,116,31.444444444444443,13.284168615403418,9
70,117,23.22222222222222,9.964133209531271,9
70,118,23.444444444444443,6.784150009988332,9
70,119,26.22222222222222,12.629575323006952,9
70,120,7.333333333333333,5.2493385826745405,9
70,121,3.3333333333333335,3.2998316455372216,3
70,122,1.0,0.0,1
70,123,1.0,0.0,2
70,124,1.0,0.0,2
70,125,1.0,0.0,3
70,126,2.4285714285714284,1.9897697538834456,7
70,127,3.0,1.9148542155126762,6
70,128,9.0,3.858612300930075,9
70,129,19.666666666666668,7.7746025264604,9
70,130,17.22222222222222,8.508528764034066,9
70,131,16.88888888888889,6.707283676794031,9
70,132,25.0,9.067647005823629,9
70,133,25.333333333333332,6.289320754704403,9
70,134,29.88888888888889,8.211704985289725,9
70,135,19.444444444444443,8.744663275533776,9
70,136,22.0,9.055385138137417,9
70,137,21.444444444444443,10.563155159022338,9
70,138,16.0,6.69991708074726,9
70,139,26.666666666666668,14.93690433493872,9
70,140,23.0,12.892719737209145,9
70,141,20.77777777777778,5.902499993463745,9
70,142,21.22222222222222,7.253777219533095,9
70,143,25.0,11.527744310527055,9
70,144,6.142857142857143,6.334228364970104,7
70,145,3.2,1.9390719429665317,5
70,146,3.0,2.1908902300206643,5
70,147,2.0,1.0,2
70,148,1.3333333333333333,0.4714045207910317,3
70,149,1.0,0.0,1
70,150,1.2,0.4,5
70,151,2.5,1.118033988749895,8
70,152,8.88888888888889,3.381138678822875,9
70,153,18.22222222222222,11.37031004930314,9
70,154,22.0,10.1762250149825,9
70,155,27.444444444444443,11.499865807053876,9
70,156,26.77777777777778,7.62711213410245,9
70,157,30.11111111111111,8.608063976998473,9
70,158,28.666666666666668,8.0,9
70,159,32.111111111111114,12.749243502127616,9
70,160,33.44444444444444,11.880059026332141,9
70,161,30.0,8.432740427115679,9
70,162,30.444444444444443,13.622784110216982,9
70,163,33.55555555555556,23.58488739808285,9
70,164,34.77777777777778,15.21532690544328,9
70,165,35.0,15.846485765339617,9
70,166,31.77777777777778,16.916643860594007,9
70,167,30.22222222222222,16.253394707142654,9
71,3,1.0,0.0,1
71,4,1.0,0.0,2
71,5,2.0,0.0,3
71,6,1.0,0.0,2
71,7,1.5,0.5,6
71,8,1.4,0.4898979485566356,5
71,9,2.3333333333333335,0.9428090415820634,3
71,10,1.0,0.0,4
71,11,2.0,0.0,1
71,12,1.0,0.0,4
71,13,1.4,0.4898979485566356,5
71,14,1.0,0.0,2
71,15,2.0,1.0,2
71,16,1.0,0.0,1
71,17,1.0,0.0,4
71,20,1.0,0.0,1
71,25,1.0,0.0,2
71,28,1.0,0.0,3
71,29,1.5,0.5,2
71,30,1.6666666666666667,0.4714045207910317,3
71,31,1.4,0.4898979485566356,5
71,32,2.4,1.3564659966250538,5
71,33,1.0,0.0,3
71,34,1.6666666666666667,0.4714045207910317,3
71,35,1.25,0.4330127018922193,4
71,36,1.6666666666666667,0.4714045207910317,6
71,37,1.5,0.8660254037844386,4
71,38,2.0,0.0,1
71,39,1.0,0.0,4
71,40,1.0,0.0,3
71,41,1.0,0.0,2
71,43,1.0,0.0,1
71,44,1.0,0.0,1
71,52,1.25,0.4330127018922193,4
71,53,1.1428571428571428,0.3499271061118826,7
71,54,1.0,0.0,5
71,55,1.8333333333333333,1.2133516482134197,6
71,56,2.3333333333333335,1.1055415967851334,6
71,57,1.5714285714285714,0.4948716593053935,7
71,58,1.2,0.4000000000000001,5
71,59,2.2857142857142856,0.6998542122237652,7
71,60,1.8,0.7483314773547883,5
71,61,1.1666666666666667,0.3726779962499649,6
71,62,1.2,0.4000000000000001,5
71,63,1.0,0.0,4
71,64,1.6666666666666667,0.4714045207910317,3
71,65,1.3333333333333333,0.4714045207910317,3
71,66,1.0,0.0,1
71,67,1.0,0.0,2
71,68,1.0,0.0,1
71,69,1.0,0.0,1
71,74,1.0,0.0,1
71,76,1.0,0.0,6
71,77,1.6666666666666667,0.9428090415820634,3
71,78,1.2,0.4000000000000001,5
71,79,2.0,1.0,2
71,80,1.6,0.4898979485566356,5
71,81,1.8333333333333333,0.6871842709362768,6
71,82,1.3333333333333333,0.4714045207910317,3
71,83,2.0,1.0,4
71,84,1.5,0.5,2
71,85,1.6666666666666667,0.9428090415820634,3
71,86,1.0,0.0,2
71,87,1.6,0.4898979485566356,5
71,89,2.0,0.0,1
71,90,1.0,0.0,3
71,91,1.5,0.5,2
71,92,1.0,0.0,2
71,93,1.0,0.0,1
71,94,1.0,0.0,1
71,95,1.0,0.0,1
71,100,1.0,0.0,5
71,101,1.3333333333333333,0.4714045207910317,3
71,103,2.0,0.816496580927726,3
71,104,2.1666666666666665,0.8975274678557507,6
71,105,1.0,0.0,2
71,106,1.7142857142857142,1.1605769149479943,7
71,107,1.4,0.4898979485566356,5
71,108,1.75,0.6614378277661477,8
71,109,1.1666666666666667,0.37267799624996495,6
71,110,1.0,0.0,3
71,111,1.0,0.0,2
71,112,1.3333333333333333,0.4714045207910317,3
71,113,1.0,0.0,1
71,114,1.0,0.0,1
71,115,1.5,0.5,2
71,116,1.0,0.0,1
71,117,1.0,0.0,1
71,118,1.0,0.0,2
71,121,1.0,0.0,1
71,123,1.0,0.0,2
71,129,1.0,0.0,3
71,130,1.0,0.0,3
71,131,1.0,0.0,1
71,132,1.0,0.0,3
71,133,1.0,0.0,2
71,134,1.0,0.0,1
71,135,1.0,0.0,1
71,137,1.0,0.0,1
71,138,1.0,0.0,3
71,139,1.0,0.0,1
71,140,1.0,0.0,1
71,141,1.0,0.0,1
71,144,1.0,0.0,3
71,145,1.0,0.0,1
71,147,1.0,0.0,1
71,148,1.0,0.0,1
71,149,1.0,0.0,2
71,150,1.0,0.0,1
71,151,1.0,0.0,3
71,152,1.0,0.0,3
71,153,2.142857142857143,1.2453996981544782,7
71,154,2.0,1.0954451150103321,5
71,155,1.25,0.4330127018922193,4
71,156,1.2,0.4000000000000001,5
71,157,1.0,0.0,4
71,158,1.0,0.0,1
71,159,2.0,0.816496580927726,3
71,161,1.0,0.0,1
71,163,1.0,0.0,1
71,164,1.0,0.0,1
71,165,1.0,0.0,1
71,166,3.0,0.0,1
71,167,1.0,0.0,1
72,0,1.0,0.0,1
72,4,1.0,0.0,3
72,5,1.0,0.0,4
72,6,1.4,0.4898979485566356,5
72,7,1.5,0.8660254037844386,4
72,8,1.25,0.4330127018922193,4
72,9,2.5,0.9574271077563381,6
72,10,2.2,0.9797958971132712,5
72,11,1.4,0.4898979485566356,5
72,12,1.7142857142857142,1.0301575072754254,7
72,13,1.4,0.4898979485566356,5
72,14,1.5,0.5,4
72,15,1.3333333333333333,0.4714045207910317,3
72,16,1.0,0.0,2
72,17,2.0,0.0,1
72,18,1.0,0.0,1
72,19,1.0,0.0,2
72,22,2.0,0.0,1
72,24,1.0,0.0,1
72,28,1.7142857142857142,0.6998542122237652,7
72,29,2.0,1.0954451150103321,5
72,30,1.25,0.4330127018922193,4
72,31,1.8333333333333333,0.6871842709362768,6
72,32,2.0,0.6324555320336759,5
72,33,1.6,0.4898979485566356,5
72,34,1.6666666666666667,0.4714045207910317,6
72,35,1.5,0.5,4
72,36,1.25,0.4330127018922193,4
72,37,1.6666666666666667,0.4714045207910317,3
72,38,1.5,0.5,2
72,39,1.0,0.0,5
72,41,1.0,0.0,2
72,42,1.0,0.0,1
72,43,1.0,0.0,2
72,44,1.0,0.0,2
72,46,1.0,0.0,1
72,47,1.0,0.0,1
72,52,1.875,1.0532687216470449,8
72,53,1.75,0.82915619758885,8
72,54,1.6,0.8,5
72,55,1.2,0.4,5
72,56,1.8,0.7483314773547883,5
72,57,2.2,0.7483314773547882,5
72,58,1.6666666666666667,0.4714045207910317,6
72,59,1.75,0.82915619758885,4
72,60,1.4285714285714286,0.7284313590846835,7
72,61,1.3333333333333333,0.4714045207910317,6
72,62,1.5,0.8660254037844386,4
72,63,1.0,0.0,1
72,64,1.4,0.8,5
72,65,1.0,0.0,1
72,66,1.0,0.0,3
72,67,2.0,0.0,1
72,68,1.0,0.0,1
72,72,1.0,0.0,1
72,75,1.0,0.0,1
72,76,1.5,0.7637626158259734,6
72,77,1.5714285714285714,0.7284313590846835,7
72,78,1.5,0.5,6
72,79,2.0,0.7071067811865476,4
72,80,2.0,0.5773502691896257,6
72,81,2.6666666666666665,1.3743685418725535,6
72,82,1.4,0.8,5
72,83,2.0,1.4142135623730951,3
72,84,2.0,0.0,3
72,85,2.25,1.0897247358851685,4
72,86,1.25,0.4330127018922193,4
72,87,1.5,0.5,2
72,88,1.0,0.0,1
72,89,1.3333333333333333,0.4714045207910317,3
72,90,1.0,0.0,3
72,91,1.0,0.0,2
72,92,3.0,0.0,1
72,93,1.0,0.0,2
72,94,1.0,0.0,1
72,95,1.0,0.0,1
72,98,1.0,0.0,1
72,99,1.0,0.0,1
72,100,1.5,0.5,6
72,101,1.1666666666666667,0.3726779962499649,6
72,102,1.8888888888888888,0.7370277311900889,9
72,103,2.0,1.0690449676496976,7
72,104,2.0,0.7071067811865476,4
72,105,1.625,0.8569568250501305,8
72,106,1.5714285714285714,0.4948716593053935,7
72,107,1.0,0.0,5
72,108,1.3333333333333333,0.4714045207910317,3
72,109,1.5714285714285714,1.049781318335648,7
72,110,1.5,0.8660254037844386,4
72,111,1.1666666666666667,0.3726779962499649,6
72,112,1.3333333333333333,0.4714045207910317,3
72,113,1.5,0.8660254037844386,4
72,114,1.0,0.0,2
72,115,1.0,0.0,3
72,116,1.0,0.0,1
72,118,1.0,0.0,1
72,123,1.0,0.0,1
72,124,1.3333333333333333,0.4714045207910317,6
72,125,1.0,0.0,2
72,127,1.0,0.0,1
72,129,1.2,0.4000000000000001,5
72,130,2.0,0.0,2
72,131,1.2,0.4,5
72,132,1.0,0.0,5
72,133,1.6666666666666667,0.4714045207910317,3
72,134,1.0,0.0,2
72,135,1.0,0.0,2
72,136,1.0,0.0,2
72,137,1.0,0.0,1
72,138,1.5,0.5,2
72,139,1.0,0.0,1
72,140,1.5,0.5,2
72,141,1.0,0.0,2
72,148,1.0,0.0,1
72,149,1.25,0.4330127018922193,4
72,150,1.0,0.0,3
72,151,1.6666666666666667,0.4714045207910317,3
72,152,1.0,0.0,6
72,153,1.5,0.5,4
72,154,1.3333333333333333,0.4714045207910317,6
72,155,1.75,0.82915619758885,4
72,158,1.0,0.0,3
72,159,1.0,0.0,2
72,160,1.0,0.0,1
72,162,2.0,0.0,1
72,163,1.0,0.0,1
72,165,1.5,0.5,2
72,166,1.0,0.0,1
73,5,1.0,0.0,1
73,10,1.0,0.0,1
73,12,1.5,0.5,2
73,17,1.0,0.0,1
73,25,1.0,0.0,1
73,29,1.0,0.0,1
73,31,1.0,0.0,1
73,32,1.0,0.0,1
73,34,1.0,0.0,2
73,35,1.0,0.0,1
73,37,1.0,0.0,1
73,54,1.0,0.0,1
73,55,1.0,0.0,1
73,57,1.0,0.0,1
73,60,1.0,0.0,1
73,63,1.0,0.0,1
73,78,1.0,0.0,3
73,79,1.0,0.0,3
73,81,1.0,0.0,1
73,83,1.0,0.0,1
73,85,1.0,0.0,1
73,87,1.0,0.0,1
73,90,1.0,0.0,1
73,95,1.0,0.0,1
73,101,1.0,0.0,1
73,104,1.0,0.0,2
73,106,1.0,0.0,1
73,107,1.0,0.0,1
73,109,1.0,0.0,1
73,114,1.0,0.0,2
73,134,1.0,0.0,1
73,139,1.0,0.0,1
73,141,1.0,0.0,1
73,146,1.0,0.0,1
73,160,1.0,0.0,1
73,165,1.0,0.0,1
73,166,1.0,0.0,1
74,0,3.0,1.7320508075688772,8
74,1,3.5714285714285716,1.5907898179514348,7
74,2,1.3333333333333333,0.4714045207910317,6
74,3,1.3333333333333333,0.4714045207910317,3
74,4,3.25,2.817356917396161,8
74,5,4.0,1.5275252316519468,6
74,6,7.625,2.7357585785299112,8
74,7,18.25,10.059199769365355,8
74,8,16.25,7.048936089935842,8
74,9,11.5,2.958039891549808,8
74,10,8.5,2.9154759474226504,8
74,11,10.25,2.277608394786075,8
74,12,10.5,1.5,8
74,13,9.75,3.307189138830738,8
74,14,11.125,3.3330729064933458,8
74,15,10.75,2.9047375096555625,8
74,16,11.625,3.314268395890713,8
74,17,12.875,5.085211401701998,8
74,18,11.0,4.69041575982343,8
74,19,4.75,1.5612494995995996,8
74,20,4.25,2.222048604328897,8
74,21,4.5,2.23606797749979,8
74,22,4.25,2.0463381929681126,8
74,23,3.375,2.1758618981911515,8
74,24,3.375,1.5761900266148114,8
74,25,2.6,1.3564659966250536,5
74,26,1.25,0.4330127018922193,4
74,27,1.4,0.4898979485566356,5
74,28,2.857142857142857,1.2453996981544782,7
74,29,3.25,1.5612494995995996,8
74,30,8.0,1.224744871391589,8
74,31,18.25,11.177544453054079,8
74,32,15.375,5.337075510052299,8
74,33,9.375,3.1598061649411346,8
74,34,10.5,3.4641016151377544,8
74,35,10.375,1.996089927833914,8
74,36,11.75,3.897114317029974,8
74,37,11.0,4.444097208657794,8
74,38,11.75,4.115519408288582,8
74,39,14.875,8.462232270506405,8
74,40,12.75,2.6339134382131846,8
74,41,13.125,6.845390785046534,8
74,42,9.375,3.8709656418005056,8
74,43,7.5,3.840572873934304,8
74,44,5.125,2.027159342528357,8
74,45,4.375,1.7275343701356567,8
74,46,5.75,2.277608394786075,8
74,47,5.142857142857143,1.8070158058105026,7
74,48,3.125,1.3635890143294642,8
74,49,2.5714285714285716,0.9035079029052513,7
74,50,1.3333333333333333,0.4714045207910317,3
74,51,1.5,0.5,4
74,52,2.4285714285714284,1.049781318335648,7
74,53,2.888888888888889,1.3698697784375504,9
74,54,8.11111111111111,2.1314806770278754,9
74,55,16.11111111111111,6.190394789859608,9
74,56,18.333333333333332,6.61647774709307,9
74,57,10.555555555555555,3.4354721852756236,9
74,58,10.88888888888889,3.1426968052735447,9
74,59,8.222222222222221,2.657391276244755,9
74,60,10.777777777777779,2.249828525701843,9
74,61,10.88888888888889,3.7843080813169783,9
74,62,10.666666666666666,3.4641016151377544,9
74,63,14.333333333333334,5.676462121975467,9
74,64,13.11111111111111,3.8425814368423516,9
74,65,16.555555555555557,4.833014037984788,9
74,66,14.11111111111111,5.086899174337598,9
74,67,9.222222222222221,1.8724777273725242,9
74,68,6.222222222222222,2.528845928164676,9
74,69,6.666666666666667,3.39934634239519,9
74,70,4.666666666666667,2.0548046676563256,9
74,71,4.571428571428571,1.9166296949998198,7
74,72,3.125,1.6909686573085854,8
74,73,2.1666666666666665,1.0671873729054748,6
74,74,2.0,1.224744871391589,4
74,75,1.0,0.0,3
74,76,2.625,1.653594569415369,8
74,77,3.4444444444444446,1.892154040658489,9
74,78,9.444444444444445,2.499382639822665,9
74,79,12.777777777777779,6.390579486465958,9
74,80,14.0,5.887840577551898,9
74,81,11.777777777777779,3.852207960746604,9
74,82,7.777777777777778,3.1894889098682944,9
74,83,10.11111111111111,2.282515398241571,9
74,84,11.444444444444445,2.671292284482513,9
74,85,9.222222222222221,2.9731307022799225,9
74,86,14.222222222222221,4.755763235340599,9
74,87,12.88888888888889,3.7548322774924,9
74,88,12.666666666666666,3.39934634239519,9
74,89,15.11111111111111,6.805952369383802,9
74,90,13.666666666666666,4.666666666666667,9
74,91,8.88888888888889,4.9316313380382555,9
74,92,9.0,8.366600265340756,9
74,93,7.0,4.371625682868,9
74,94,9.11111111111111,6.09998988058258,9
74,95,6.333333333333333,5.811865258054231,9
74,96,3.2222222222222223,1.227262335243029,9
74,97,3.2222222222222223,1.617802197617893,9
74,98,1.8,1.1661903789690602,5
74,99,1.0,0.0,5
74,100,2.2857142857142856,1.0301575072754257,7
74,101,2.625,1.1110243021644486,8
74,102,8.88888888888889,2.1314806770278754,9
74,103,12.666666666666666,6.782329983125268,9
74,104,14.88888888888889,5.384018417593652,9
74,105,12.444444444444445,4.112612338515944,9
74,106,13.0,1.5634719199411433,9
74,107,11.0,2.449489742783178,9
74,108,12.88888888888889,3.510126444206959,9
74,109,14.88888888888889,6.136311676215145,9
74,110,19.444444444444443,6.25586144900411,9
74,111,20.11111111111111,9.538744902815447,9
74,112,18.77777777777778,7.161281353032008,9
74,113,20.0,6.5149400952306875,9
74,114,18.88888888888889,9.085329376337615,9
74,115,13.222222222222221,2.9731307022799225,9
74,116,6.888888888888889,2.282515398241571,9
74,117,7.888888888888889,2.5579698740491863,9
74,118,7.0,3.3333333333333335,9
74,119,6.555555555555555,3.4995590551163605,9
74,120,6.888888888888889,3.381138678822875,9
74,121,4.111111111111111,1.7916128329552332,9
74,122,2.6666666666666665,1.699673171197595,9
74,123,2.125,1.6153559979150107,8
74,124,2.4285714285714284,0.7284313590846836,7
74,125,3.111111111111111,1.9688939051854832,9
74,126,6.444444444444445,2.114033065604494,9
74,127,8.222222222222221,2.897423291201177,9
74,128,9.777777777777779,6.459751934999392,9
74,129,12.666666666666666,3.7416573867739413,9
74,130,11.666666666666666,3.711842908553348,9
74,131,14.555555555555555,4.030746032714901,9
74,132,17.22222222222222,8.891666232774469,9
74,133,14.555555555555555,4.740162001711454,9
74,134,13.333333333333334,6.110100926607787,9
74,135,14.444444444444445,5.946261404559845,9
74,136,15.222222222222221,6.612744896162893,9
74,137,14.444444444444445,5.335647646019098,9
74,138,14.222222222222221,6.696230743697495,9
74,139,10.11111111111111,4.121608220220313,9
74,140,8.222222222222221,5.028314888437672,9
74,141,5.888888888888889,3.2470309324894346,9
74,142,5.777777777777778,3.5832256659104664,9
74,143,7.111111111111111,4.724509250104289,9
74,144,5.444444444444445,4.991350543381379,9
74,145,4.111111111111111,1.5947444549341472,9
74,146,1.75,0.6614378277661477,8
74,147,2.625,1.4947825928876748,8
74,148,1.875,1.0532687216470449,8
74,149,3.0,1.4142135623730951,8
74,150,5.888888888888889,2.23330569358242,9
74,151,6.222222222222222,3.8522079607466035,9
74,152,7.666666666666667,2.8674417556808756,9
74,153,9.666666666666666,3.6209268304000717,9
74,154,12.555555555555555,2.629368792488718,9
74,155,14.555555555555555,4.499657051403686,9
74,156,17.555555555555557,8.261169020196046,9
74,157,20.77777777777778,14.296680094637184,9
74,158,17.555555555555557,10.955578093283105,9
74,159,18.444444444444443,10.457438725202172,9
74,160,12.555555555555555,5.775640630385345,9
74,161,10.88888888888889,5.445578113263488,9
74,162,11.777777777777779,5.613035973473372,9
74,163,8.666666666666666,4.08248290463863,9
74,164,9.333333333333334,5.773502691896258,9
74,165,9.88888888888889,8.359219055024013,9
74,166,7.125,8.550402037331343,8
74,167,5.428571428571429,7.61309291112813,7
75,0,5.25,2.6339134382131846,8
75,1,3.6,2.1540659228538015,5
75,2,2.0,0.8944271909999159,5
75,3,1.1666666666666667,0.3726779962499649,6
75,4,2.857142857142857,2.5872528966106905,7
75,5,6.0,2.692582403567252,8
75,6,12.875,5.372092236736075,8
75,7,34.875,11.061617196413913,8
75,8,38.625,15.0493978284847,8
75,9,30.375,7.0522602759682655,8
75,10,34.875,9.171116344262568,8
75,11,38.0,10.665364503850771,8
75,12,38.125,11.558952158392213,8
75,13,38.75,9.536115561380326,8
75,14,43.375,8.305683295190107,8
75,15,51.25,10.836858400846621,8
75,16,42.875,9.636356936104017,8
75,17,44.75,8.714212528966687,8
75,18,34.25,9.56229574945264,8
75,19,24.625,4.846067993745032,8
75,20,18.5,3.3166247903554,8
75,21,14.125,4.512136411945011,8
75,22,10.5,3.24037034920393,8
75,23,7.25,2.436698586202241,8
75,24,4.25,1.299038105676658,8
75,25,2.857142857142857,1.2453996981544782,7
75,26,1.6,0.4898979485566356,5
75,27,1.1428571428571428,0.3499271061118826,7
75,28,3.125,1.2686114456365274,8
75,29,8.0,4.092676385936225,8
75,30,15.375,4.3857011982122085,8
75,31,36.125,10.821708506515964,8
75,32,34.375,9.379998667377304,8
75,33,40.875,11.493884243370472,8
75,34,36.875,8.550402037331343,8
75,35,41.75,8.181534085976786,8
75,36,43.0,10.723805294763608,8
75,37,37.875,6.845390785046534,8
75,38,47.125,14.269175694482145,8
75,39,56.125,17.171469797312053,8
75,40,47.625,13.882880644880586,8
75,41,50.375,15.272012801199454,8
75,42,44.0,17.109938632268673,8
75,43,32.625,7.825239612944769,8
75,44,24.0,4.527692569068709,8
75,45,14.0,4.092676385936225,8
75,46,13.75,5.402545696243577,8
75,47,7.5,2.0615528128088303,8
75,48,4.888888888888889,1.5234788000891208,9
75,49,2.5,2.1213203435596424,8
75,50,1.2857142857142858,0.45175395145262565,7
75,51,1.6666666666666667,0.74535599249993,6
75,52,3.7777777777777777,1.0304020550550783,9
75,53,6.555555555555555,3.918931575232977,9
75,54,15.666666666666666,4.0824829046386295,9
75,55,38.0,10.143416036468626,9
75,56,40.888888888888886,11.732617823301599,9
75,57,41.22222222222222,2.8974232912011773,9
75,58,39.22222222222222,5.613035973473372,9
75,59,38.77777777777778,8.283555030940356,9
75,60,46.333333333333336,12.754084313139327,9
75,61,41.55555555555556,7.072813539039799,9
75,62,45.55555555555556,7.861454645026101,9
75,63,54.77777777777778,8.134668985654724,9
75,64,49.111111111111114,10.311206896106826,9
75,65,48.333333333333336,16.69331203406522,9
75,66,42.55555555555556,8.473633762194497,9
75,67,29.77777777777778,9.806775183829435,9
75,68,23.11111111111111,6.573421981221796,9
75,69,16.333333333333332,4.163331998932265,9
75,70,12.222222222222221,3.456966485800899,9
75,71,7.222222222222222,3.154459903684087,9
75,72,4.777777777777778,2.3465235646603197,9
75,73,2.625,1.79843682124227,8
75,74,1.75,1.0897247358851685,8
75,75,2.0,0.816496580927726,6
75,76,3.375,2.341874249399399,8
75,77,8.0,2.70801280154532,9
75,78,13.11111111111111,4.012326685615064,9
75,79,42.77777777777778,16.975654317468084,9
75,80,38.44444444444444,10.935275346948528,9
75,81,36.888888888888886,10.702486153999136,9
75,82,37.888888888888886,7.593044250342173,9
75,83,41.44444444444444,9.346551486583596,9
75,84,40.22222222222222,8.337036214357365,9
75,85,45.44444444444444,7.931808132255442,9
75,86,47.666666666666664,7.453559924999299,9
75,87,53.22222222222222,15.024260216786995,9
75,88,54.22222222222222,12.263566435926991,9
75,89,52.888888888888886,13.819828302876546,9
75,90,46.888888888888886,17.387380126238714,9
75,91,31.88888888888889,11.789302537512032,9
75,92,23.22222222222222,7.983006642971581,9
75,93,21.666666666666668,8.393118874676114,9
75,94,15.88888888888889,7.908426510788553,9
75,95,11.333333333333334,5.2704627669473,9
75,96,7.444444444444445,3.80383172636082,9
75,97,3.5555555555555554,2.2166597048066667,9
75,98,1.625,0.8569568250501305,8
75,99,2.0,0.9258200997725514,7
75,100,3.0,1.3228756555322954,8
75,101,7.333333333333333,4.521553322083512,9
75,102,15.11111111111111,7.309726312621568,9
75,103,33.55555555555556,12.763760427355002,9
75,104,36.111111111111114,10.640012995443655,9
75,105,36.22222222222222,8.953928719069236,9
75,106,35.888888888888886,7.44527358566709,9
75,107,44.77777777777778,11.678829638640812,9
75,108,42.55555555555556,11.116665278471789,9
75,109,42.0,8.48528137423857,9
75,110,52.111111111111114,15.154349903168209,9
75,111,58.22222222222222,17.31266574106161,9
75,112,46.55555555555556,14.538157541152112,9
75,113,52.77777777777778,17.837400020915965,9
75,114,52.44444444444444,20.434780324573598,9
75,115,37.888888888888886,11.99485486406053,9
75,116,21.444444444444443,5.438772555786852,9
75,117,19.22222222222222,7.375300789011596,9
75,118,18.22222222222222,4.637474834379823,9
75,119,11.444444444444445,3.6851386559504444,9
75,120,8.88888888888889,2.469567863432541,9
75,121,6.111111111111111,2.922876986214646,9
75,122,4.25,1.299038105676658,8
75,123,1.8888888888888888,1.0999438818457405,9
75,124,2.75,1.984313483298443,8
75,125,4.444444444444445,1.640535895581489,9
75,126,8.555555555555555,2.4088314876309775,9
75,127,16.555555555555557,4.57313680605704,9
75,128,25.22222222222222,6.106058517348482,9
75,129,30.0,7.423685817106696,9
75,130,33.77777777777778,8.495459934940124,9
75,131,32.77777777777778,11.389837358879555,9
75,132,39.0,16.165807537309522,9
75,133,36.22222222222222,5.159194118330621,9
75,134,35.44444444444444,8.193644028705165,9
75,135,37.333333333333336,7.71722460186015,9
75,136,31.88888888888889,6.967295736262615,9
75,137,35.44444444444444,6.273597428219158,9
75,138,35.77777777777778,13.231089463648175,9
75,139,36.22222222222222,10.063992777088224,9
75,140,25.0,10.022197585581939,9
75,141,18.77777777777778,6.729335079878543,9
75,142,18.333333333333332,7.944250191875324,9
75,143,13.0,6.896053621859067,9
75,144,10.11111111111111,7.187094057242768,9
75,145,6.444444444444445,2.454524670486058,9
75,146,3.75,2.436698586202241,8
75,147,3.111111111111111,1.1967032904743342,9
75,148,2.6666666666666665,1.3333333333333333,9
75,149,3.5555555555555554,1.9499920860871385,9
75,150,10.666666666666666,2.2110831935702664,9
75,151,14.88888888888889,2.5579698740491863,9
75,152,20.0,7.731609003162134,9
75,153,28.555555555555557,6.734836649196328,9
75,154,33.111111111111114,6.099989880582579,9
75,155,33.44444444444444,8.982836858403438,9
75,156,38.0,12.445436468396313,9
75,157,40.44444444444444,17.689363477720548,9
75,158,38.22222222222222,15.900927839998504,9
75,159,37.0,18.354533197248273,9
75,160,34.333333333333336,13.856406460551018,9
75,161,31.333333333333332,10.83205120618128,9
75,162,28.0,9.030811456096044,9
75,163,24.666666666666668,9.60324019392529,9
75,164,19.444444444444443,10.001234491702746,9
75,165,18.0,16.384274303259343,9
75,166,14.666666666666666,11.680943645290155,9
75,167,10.0,12.48109681789937,9
76,0,1.0,0.0,2
76,1,1.0,0.0,2
76,2,1.0,0.0,2
76,3,1.0,0.0,2
76,4,1.875,0.7806247497997998,8
76,5,2.25,1.0897247358851685,4
76,6,2.3333333333333335,0.7453559924999298,6
76,7,3.2857142857142856,1.1605769149479943,7
76,8,2.7142857142857144,1.577908716741037,7
76,9,3.6666666666666665,1.9720265943665387,6
76,10,2.8333333333333335,1.674979270186815,6
76,11,2.6666666666666665,1.1055415967851332,6
76,12,2.0,1.5491933384829668,5
76,13,1.8333333333333333,0.6871842709362768,6
76,14,1.5,0.5,6
76,15,1.2,0.4000000000000001,5
76,16,1.3333333333333333,0.4714045207910317,3
76,17,1.2,0.4000000000000001,5
76,18,1.0,0.0,5
76,19,1.0,0.0,1
76,20,1.0,0.0,1
76,22,1.3333333333333333,0.4714045207910317,3
76,23,4.0,3.0,2
76,24,1.0,0.0,2
76,25,1.0,0.0,1
76,26,2.0,0.0,1
76,28,1.4285714285714286,0.7284313590846835,7
76,29,1.5,0.5,6
76,30,2.875,1.6909686573085854,8
76,31,2.0,0.816496580927726,6
76,32,2.8333333333333335,1.2133516482134197,6
76,33,2.25,0.9682458365518543,8
76,34,2.5,1.5,4
76,35,1.5,0.5,4
76,36,3.0,0.8944271909999159,5
76,37,2.5,1.2583057392117916,6
76,38,1.2,0.4,5
76,39,1.0,0.0,4
76,40,1.0,0.0,3
76,41,2.0,0.816496580927726,3
76,42,1.0,0.0,2
76,43,1.25,0.4330127018922193,4
76,44,1.0,0.0,1
76,45,1.0,0.0,1
76,47,1.0,0.0,1
76,48,1.6666666666666667,0.4714045207910317,3
76,50,1.0,0.0,1
76,51,1.0,0.0,2
76,52,2.0,0.9428090415820634,9
76,53,1.75,0.4330127018922193,4
76,54,1.7142857142857142,0.6998542122237652,7
76,55,2.888888888888889,1.3698697784375502,9
76,56,3.25,1.479019945774904,8
76,57,2.4444444444444446,1.1653431646335017,9
76,58,2.0,0.8660254037844386,8
76,59,2.111111111111111,1.1967032904743342,9
76,60,2.125,1.0532687216470449,8
76,61,2.2,0.9797958971132712,5
76,62,1.75,0.82915619758885,8
76,63,1.75,0.82915619758885,4
76,64,2.0,0.7071067811865476,4
76,65,1.3333333333333333,0.4714045207910317,3
76,66,1.5,0.5,4
76,67,1.0,0.0,2
76,68,1.5,0.5,4
76,69,1.0,0.0,2
76,70,2.0,0.0,1
76,71,1.3333333333333333,0.4714045207910317,3
76,72,1.0,0.0,2
76,73,2.0,0.0,1
76,74,1.0,0.0,1
76,75,1.0,0.0,1
76,76,2.1666666666666665,0.6871842709362768,6
76,77,1.2,0.4,5
76,78,1.5714285714285714,0.7284313590846836,7
76,79,3.0,1.1952286093343936,7
76,80,3.25,1.984313483298443,8
76,81,3.25,1.0897247358851685,8
76,82,2.5714285714285716,0.7284313590846836,7
76,83,2.0,1.1547005383792515,6
76,84,2.0,1.0690449676496976,7
76,85,3.0,1.4142135623730951,5
76,86,1.0,0.0,4
76,87,1.4285714285714286,1.0497813183356477,7
76,88,1.0,0.0,5
76,89,2.0,0.8944271909999159,5
76,90,1.0,0.0,4
76,91,1.25,0.4330127018922193,4
76,92,1.0,0.0,2
76,93,2.0,0.0,1
76,94,1.0,0.0,1
76,95,1.0,0.0,3
76,96,1.0,0.0,1
76,97,1.0,0.0,1
76,99,1.3333333333333333,0.4714045207910317,3
76,100,1.6,0.8,5
76,101,2.0,1.224744871391589,4
76,102,1.6666666666666667,0.74535599249993,6
76,103,3.125,1.3635890143294642,8
76,104,2.111111111111111,0.9938079899999066,9
76,105,1.75,0.4330127018922193,8
76,106,2.8333333333333335,1.5723301886761005,6
76,107,2.5714285714285716,0.7284313590846836,7
76,108,1.4285714285714286,0.7284313590846836,7
76,109,2.4,1.2000000000000002,5
76,110,1.4,0.8000000000000002,5
76,111,2.0,1.0,4
76,112,1.6,1.2,5
76,113,1.1666666666666667,0.3726779962499649,6
76,114,1.8333333333333333,0.6871842709362768,6
76,115,1.1428571428571428,0.3499271061118826,7
76,116,1.5,0.5,2
76,117,1.0,0.0,1
76,120,1.3333333333333333,0.4714045207910317,3
76,123,1.0,0.0,2
76,124,1.3333333333333333,0.4714045207910317,3
76,125,1.0,0.0,1
76,126,1.0,0.0,1
76,127,1.5,0.5,2
76,128,2.0,1.0,2
76,129,1.8571428571428572,0.9897433186107869,7
76,130,1.7142857142857142,1.0301575072754254,7
76,131,1.5,0.7637626158259734,6
76,132,2.2,1.16619037896906,5
76,133,1.5,0.7637626158259734,6
76,134,1.0,0.0,3
76,135,1.25,0.4330127018922193,4
76,136,1.0,0.0,2
76,137,2.0,1.0,2
76,138,1.75,0.4330127018922193,4
76,139,1.0,0.0,3
76,140,1.0,0.0,3
76,141,1.0,0.0,1
76,142,1.0,0.0,3
76,143,1.75,0.4330127018922193,4
76,144,1.0,0.0,3
76,145,1.0,0.0,1
76,146,1.0,0.0,1
76,147,1.0,0.0,1
76,149,1.0,0.0,2
76,150,1.8,0.7483314773547883,5
76,151,1.7142857142857142,0.880630571852711,7
76,152,2.125,0.7806247497997998,8
76,153,2.142857142857143,1.1248582677159729,7
76,154,3.0,1.0690449676496976,7
76,155,1.0,0.0,4
76,156,1.5,0.5,2
76,157,1.3333333333333333,0.4714045207910317,6
76,158,1.6666666666666667,0.9428090415820634,3
76,159,1.5,0.5,2
76,160,1.0,0.0,3
76,162,1.0,0.0,1
76,163,1.0,0.0,1
76,164,1.6666666666666667,0.9428090415820634,3
76,165,2.0,0.0,3
76,166,1.6666666666666667,0.9428090415820634,3
76,167,1.6666666666666667,0.4714045207910317,3
77,4,1.0,0.0,1
77,5,1.5,0.5,4
77,6,1.25,0.4330127018922193,4
77,7,1.75,0.82915619758885,4
77,8,1.75,0.4330127018922193,4
77,9,1.3333333333333333,0.4714045207910317,3
77,10,1.3333333333333333,0.4714045207910317,3
77,11,1.3333333333333333,0.4714045207910317,3
77,12,1.0,0.0,4
77,13,1.8,0.7483314773547883,5
77,14,1.5,0.5,4
77,15,1.5,0.5,2
77,16,1.25,0.4330127018922193,4
77,17,1.0,0.0,3
77,18,1.0,0.0,1
77,19,1.0,0.0,1
77,20,1.0,0.0,1
77,21,1.0,0.0,1
77,23,2.0,0.0,1
77,24,1.0,0.0,1
77,29,1.0,0.0,1
77,30,1.75,1.299038105676658,4
77,31,1.4285714285714286,0.7284313590846836,7
77,32,1.0,0.0,3
77,33,1.0,0.0,2
77,34,1.0,0.0,2
77,35,2.0,1.4142135623730951,3
77,36,1.5,0.5,2
77,37,1.0,0.0,2
77,39,1.5,0.5,2
77,40,1.0,0.0,1
77,41,1.0,0.0,5
77,42,1.0,0.0,1
77,44,1.0,0.0,1
77,45,1.0,0.0,1
77,47,1.0,0.0,2
77,48,1.0,0.0,1
77,52,1.0,0.0,2
77,54,1.4,0.8,5
77,55,1.0,0.0,2
77,56,1.3333333333333333,0.4714045207910317,6
77,57,1.5,0.5,2
77,58,1.0,0.0,2
77,59,1.0,0.0,5
77,60,1.6666666666666667,0.9428090415820634,3
77,61,1.4,0.4898979485566356,5
77,62,1.5,0.5,2
77,63,1.0,0.0,1
77,64,1.0,0.0,3
77,65,1.0,0.0,1
77,66,1.25,0.4330127018922193,4
77,69,1.0,0.0,1
77,70,1.0,0.0,1
77,71,1.0,0.0,1
77,76,1.0,0.0,1
77,77,2.0,0.0,1
77,78,1.3333333333333333,0.4714045207910317,3
77,79,1.0,0.0,3
77,80,1.0,0.0,2
77,81,1.5,0.5,6
77,82,1.0,0.0,2
77,83,1.0,0.0,2
77,84,1.0,0.0,1
77,85,1.5,0.5,2
77,86,2.0,0.816496580927726,3
77,87,1.0,0.0,1
77,88,1.0,0.0,4
77,89,1.0,0.0,1
77,90,1.0,0.0,4
77,93,1.0,0.0,2
77,95,1.0,0.0,2
77,96,1.0,0.0,1
77,98,1.0,0.0,1
77,100,1.0,0.0,1
77,101,1.0,0.0,1
77,102,1.3333333333333333,0.4714045207910317,3
77,103,1.0,0.0,3
77,104,1.5,0.5,4
77,105,1.5714285714285714,0.9035079029052513,7
77,106,1.0,0.0,1
77,107,1.0,0.0,1
77,108,1.0,0.0,2
77,109,1.25,0.4330127018922193,4
77,110,1.5,0.5,2
77,111,1.0,0.0,1
77,113,2.0,0.0,1
77,114,1.5,0.5,2
77,115,1.0,0.0,2
77,118,1.0,0.0,1
77,120,1.0,0.0,1
77,121,1.0,0.0,2
77,123,1.0,0.0,1
77,129,1.0,0.0,1
77,130,1.0,0.0,1
77,131,1.0,0.0,1
77,132,1.0,0.0,2
77,133,1.25,0.4330127018922193,4
77,134,1.0,0.0,1
77,138,1.0,0.0,1
77,143,2.0,0.0,1
77,144,1.0,0.0,1
77,145,1.0,0.0,1
77,148,1.0,0.0,1
77,149,1.0,0.0,1
77,150,1.0,0.0,1
77,151,1.25,0.4330127018922193,4
77,152,1.25,0.4330127018922193,4
77,153,2.25,1.0897247358851685,4
77,154,1.0,0.0,1
77,155,1.0,0.0,2
77,156,1.0,0.0,1
77,157,1.0,0.0,1
77,158,1.0,0.0,2
77,163,1.0,0.0,1
77,165,1.0,0.0,1
77,166,2.0,0.0,1
78,0,1.0,0.0,1
78,6,1.0,0.0,3
78,7,1.0,0.0,2
78,8,1.3333333333333333,0.4714045207910317,3
78,9,1.0,0.0,2
78,10,1.0,0.0,1
78,11,1.3333333333333333,0.4714045207910317,3
78,12,1.0,0.0,1
78,14,1.6666666666666667,0.9428090415820634,3
78,15,1.0,0.0,2
78,16,1.0,0.0,2
78,17,1.0,0.0,1
78,18,1.0,0.0,1
78,19,1.0,0.0,2
78,23,1.0,0.0,1
78,24,1.0,0.0,1
78,28,1.0,0.0,1
78,29,1.0,0.0,2
78,30,1.0,0.0,2
78,31,1.0,0.0,3
78,32,1.3333333333333333,0.4714045207910317,3
78,33,2.5,0.5,2
78,34,1.5,0.8660254037844386,4
78,35,1.5,0.5,2
78,36,1.0,0.0,4
78,37,1.0,0.0,2
78,38,1.0,0.0,3
78,39,1.0,0.0,1
78,41,1.0,0.0,1
78,52,1.25,0.4330127018922193,4
78,54,1.0,0.0,3
78,55,1.25,0.4330127018922193,4
78,56,1.6,0.8,5
78,57,1.0,0.0,5
78,58,1.6666666666666667,0.9428090415820634,3
78,59,1.3333333333333333,0.4714045207910317,6
78,60,1.0,0.0,4
78,62,1.0,0.0,3
78,63,1.25,0.4330127018922193,4
78,64,1.0,0.0,3
78,65,1.0,0.0,1
78,66,1.0,0.0,1
78,67,1.0,0.0,1
78,70,1.0,0.0,1
78,76,1.0,0.0,5
78,77,1.0,0.0,1
78,78,1.0,0.0,3
78,79,1.2,0.4000000000000001,5
78,80,1.0,0.0,5
78,81,1.8,0.7483314773547883,5
78,82,1.6666666666666667,0.9428090415820634,3
78,83,1.0,0.0,2
78,84,1.2,0.4000000000000001,5
78,85,1.0,0.0,1
78,86,1.0,0.0,4
78,87,1.0,0.0,2
78,88,1.3333333333333333,0.4714045207910317,3
78,89,1.0,0.0,1
78,90,1.0,0.0,2
78,91,1.0,0.0,2
78,94,1.0,0.0,1
78,96,1.0,0.0,1
78,97,1.0,0.0,2
78,98,1.0,0.0,1
78,99,1.0,0.0,1
78,100,1.0,0.0,1
78,101,1.0,0.0,3
78,102,1.5,0.5,4
78,103,1.6666666666666667,0.4714045207910317,3
78,104,1.0,0.0,6
78,105,1.25,0.4330127018922193,4
78,106,1.5,1.118033988749895,6
78,107,1.75,1.299038105676658,4
78,108,1.0,0.0,4
78,109,1.0,0.0,2
78,110,1.0,0.0,1
78,111,1.0,0.0,3
78,112,2.0,0.0,1
78,113,1.5,0.5,2
78,114,1.0,0.0,3
78,115,1.0,0.0,2
78,118,1.0,0.0,2
78,120,1.0,0.0,1
78,125,1.0,0.0,1
78,127,1.0,0.0,1
78,128,1.0,0.0,1
78,129,1.4,0.4898979485566356,5
78,130,1.5,0.5,2
78,131,2.0,1.0,2
78,132,1.0,0.0,2
78,133,1.0,0.0,4
78,134,1.0,0.0,1
78,136,1.5,0.5,4
78,138,1.0,0.0,1
78,139,1.0,0.0,1
78,140,1.0,0.0,1
78,143,1.0,0.0,2
78,144,1.0,0.0,1
78,149,1.0,0.0,2
78,150,1.0,0.0,2
78,151,1.3333333333333333,0.4714045207910317,3
78,152,1.3333333333333333,0.4714045207910317,6
78,153,1.0,0.0,2
78,154,1.0,0.0,3
78,156,1.0,0.0,2
78,157,1.0,0.0,1
78,158,2.0,0.0,1
78,159,1.0,0.0,2
78,164,1.0,0.0,2
78,166,1.0,0.0,2
79,0,45.375,14.247258508218344,8
79,1,26.125,4.807221130757353,8
79,2,14.625,5.12195031213697,8
79,3,13.5,2.1213203435596424,8
79,4,14.0,4.092676385936225,8
79,5,10.125,4.044672421840859,8
79,6,22.375,9.299697575727933,8
79,7,43.625,18.49281955246414,8
79,8,62.375,24.611671519829773,8
79,9,55.0,19.03286631067428,8
79,10,49.375,9.353308238265218,8
79,11,46.875,9.006074339022524,8
79,12,53.25,7.790218225441442,8
79,13,55.75,11.199888392301059,8
79,14,57.875,11.783860784988933,8
79,15,55.5,10.464224768228174,8
79,16,52.875,6.771955035290769,8
79,17,60.375,16.385492821395395,8
79,18,74.875,13.83327058218699,8
79,19,73.375,16.339656514137623,8
79,20,97.375,26.61267320281824,8
79,21,120.75,31.744093938873103,8
79,22,109.0,35.01785258978626,8
79,23,80.875,26.619717785881953,8
79,24,45.25,14.79653675695769,8
79,25,26.5,7.297259759663212,8
79,26,15.5,4.55521678957215,8
79,27,11.625,3.119995993587171,8
79,28,9.875,5.085211401701998,8
79,29,9.875,6.584783595532961,8
79,30,23.125,8.894345113610107,8
79,31,40.625,13.397177874462965,8
79,32,73.75,22.818577957445115,8
79,33,69.125,14.38260668307383,8
79,34,51.625,7.952004464284461,8
79,35,51.25,6.514407110397691,8
79,36,61.875,6.66028340237861,8
79,37,66.25,9.640409742329421,8
79,38,74.375,13.056966531319594,8
79,39,75.0,22.15851980616034,8
79,40,76.25,23.09085316743407,8
79,41,84.125,16.358770583390427,8
79,42,104.125,24.456274757206995,8
79,43,108.625,24.67254293744364,8
79,44,133.25,26.00841210070311,8
79,45,171.5,39.733487136167646,8
79,46,190.625,64.94601123240749,8
79,47,111.33333333333333,58.47886607807797,9
79,48,100.11111111111111,39.430513972033964,9
79,49,60.111111111111114,30.47929878328876,9
79,50,44.666666666666664,34.202014235681766,9
79,51,30.666666666666668,25.006665778014735,9
79,52,22.22222222222222,15.879950865987363,9
79,53,9.222222222222221,4.961580791503579,9
79,54,24.555555555555557,8.460511031467322,9
79,55,52.333333333333336,18.31817555204545,9
79,56,79.44444444444444,27.84924140642937,9
79,57,73.88888888888889,16.993099543601968,9
79,58,58.888888888888886,7.563721077830004,9
79,59,55.666666666666664,7.272474743090476,9
79,60,64.77777777777777,7.375300789011596,9
79,61,69.66666666666667,12.498888839501783,9
79,62,77.77777777777777,15.802797064498687,9
79,63,77.88888888888889,15.849601778694941,9
79,64,78.22222222222223,19.24565046259531,9
79,65,84.22222222222223,18.262151374892998,9
79,66,119.0,27.7648858972784,9
79,67,125.22222222222223,29.07758884157189,9
79,68,139.0,31.10198278781167,9
79,69,196.22222222222223,66.54785709510575,9
79,70,227.77777777777777,78.05948981781322,9
79,71,158.44444444444446,49.692635517663554,9
79,72,108.88888888888889,43.490597820281025,9
79,73,69.88888888888889,34.776890297515564,9
79,74,44.44444444444444,25.604301336173585,9
79,75,28.444444444444443,19.488521471261038,9
79,76,17.11111111111111,8.543281238551593,9
79,77,9.88888888888889,4.55691036764664,9
79,78,25.11111111111111,8.710714276675395,9
79,79,48.77777777777778,20.19228553338449,9
79,80,74.66666666666667,24.819347291981714,9
79,81,76.55555555555556,20.833259259127573,9
79,82,62.22222222222222,13.197455796712216,9
79,83,55.77777777777778,11.65978633097325,9
79,84,63.55555555555556,6.76775214792936,9
79,85,74.77777777777777,10.726683009908596,9
79,86,79.33333333333333,10.883218478209672,9
79,87,79.0,17.441967269268172,9
79,88,80.22222222222223,16.430173988243418,9
79,89,99.22222222222223,21.12280377947428,9
79,90,122.22222222222223,32.365200027800014,9
79,91,127.33333333333333,31.492503517151153,9
79,92,151.55555555555554,39.56460570625414,9
79,93,209.0,73.64177558363942,9
79,94,269.22222222222223,106.60912799962067,9
79,95,241.77777777777777,102.09883858059392,9
79,96,201.11111111111111,95.7095658106039,9
79,97,137.33333333333334,63.40171746709846,9
79,98,86.44444444444444,37.938872211642746,9
79,99,54.44444444444444,15.420845279549447,9
79,100,33.77777777777778,11.839461115531098,9
79,101,11.88888888888889,5.086899174337598,9
79,102,26.555555555555557,9.810551135397384,9
79,103,40.22222222222222,16.864016773248153,9
79,104,51.77777777777778,22.463688119955222,9
79,105,61.0,17.518244457961217,9
79,106,55.333333333333336,8.459051693633015,9
79,107,65.88888888888889,12.32382015488203,9
79,108,73.0,15.477582354991865,9
79,109,85.11111111111111,13.228289924286798,9
79,110,96.22222222222223,23.625681778652925,9
79,111,98.77777777777777,20.64933562438257,9
79,112,98.66666666666667,23.57965224510319,9
79,113,118.0,28.782710859897204,9
79,114,163.33333333333334,56.64313236787355,9
79,115,167.33333333333334,48.53635521727788,9
79,116,176.44444444444446,42.20613728702685,9
79,117,202.66666666666666,47.44119166575252,9
79,118,256.1111111111111,86.36157124354744,9
79,119,340.44444444444446,140.72756273587717,9
79,120,453.1111111111111,196.95314978409598,9
79,121,479.6666666666667,226.78232343421791,9
79,122,387.1111111111111,161.0054826150301,9
79,123,261.22222222222223,98.18777676560785,9
79,124,97.33333333333333,32.317865716108855,9
79,125,16.11111111111111,6.723829009069897,9
79,126,15.88888888888889,7.593044250342173,9
79,127,21.333333333333332,10.0,9
79,128,28.333333333333332,8.205689083394114,9
79,129,50.22222222222222,11.61204143003458,9
79,130,67.55555555555556,14.213539015953227,9
79,131,82.11111111111111,14.685173508939359,9
79,132,93.0,22.489503724577332,9
79,133,105.77777777777777,24.054464948333756,9
79,134,113.88888888888889,29.13739271659336,9
79,135,127.22222222222223,23.691432008582428,9
79,136,140.55555555555554,41.63361652188479,9
79,137,164.22222222222223,59.58519163121316,9
79,138,185.22222222222223,64.88926940527699,9
79,139,218.44444444444446,81.68518308605587,9
79,140,207.55555555555554,68.61828572474299,9
79,141,244.77777777777777,78.76516118998266,9
79,142,288.22222222222223,111.70176341767073,9
79,143,359.6666666666667,147.40571374422512,9
79,144,432.1111111111111,183.66300325713968,9
79,145,512.1111111111111,265.7218447275875,9
79,146,376.55555555555554,195.8015498242551,9
79,147,247.88888888888889,124.29842623875854,9
79,148,102.66666666666667,49.38285802448727,9
79,149,22.444444444444443,9.007541422004998,9
79,150,15.333333333333334,5.163977794943222,9
79,151,17.22222222222222,6.160407233612938,9
79,152,27.88888888888889,7.519521918083837,9
79,153,41.111111111111114,13.609183536980089,9
79,154,63.888888888888886,21.460270498680654,9
79,155,75.0,18.04315813696581,9
79,156,86.33333333333333,25.390286856722724,9
79,157,98.33333333333333,28.932872500170305,9
79,158,100.33333333333333,32.77193921634788,9
79,159,110.66666666666667,27.543904346818127,9
79,160,103.88888888888889,20.04685868683362,9
79,161,111.0,40.23541833868375,9
79,162,114.77777777777777,49.276493782595495,9
79,163,113.66666666666667,37.09147850622536,9
79,164,115.88888888888889,32.58644723209139,9
79,165,118.11111111111111,24.8839280770382,9
79,166,111.11111111111111,41.3640865283036,9
79,167,82.22222222222223,31.964486466416574,9
80,0,1.3333333333333333,0.4714045207910317,3
80,1,1.3333333333333333,0.4714045207910317,3
80,2,1.0,0.0,3
80,4,1.5,0.5,4
80,5,2.0,0.0,1
80,6,1.0,0.0,1
80,7,2.0,1.0,2
80,8,1.3333333333333333,0.4714045207910317,3
80,9,1.0,0.0,2
80,10,1.0,0.0,3
80,12,1.3333333333333333,0.4714045207910317,3
80,13,1.5,0.8660254037844386,4
80,14,1.0,0.0,3
80,15,1.3333333333333333,0.4714045207910317,3
80,16,1.5,0.5,2
80,17,1.6666666666666667,0.7453559924999299,6
80,18,1.0,0.0,3
80,19,1.0,0.0,1
80,20,1.0,0.0,2
80,22,1.3333333333333333,0.4714045207910317,3
80,23,1.0,0.0,2
80,24,1.2,0.4,5
80,25,1.0,0.0,1
80,26,1.0,0.0,2
80,27,1.0,0.0,1
80,28,1.6666666666666667,0.4714045207910317,3
80,29,1.0,0.0,2
80,30,1.0,0.0,2
80,31,1.0,0.0,2
80,32,1.3333333333333333,0.4714045207910317,3
80,33,1.0,0.0,3
80,34,1.0,0.0,2
80,35,1.5,0.5,2
80,36,1.25,0.4330127018922193,4
80,37,1.25,0.4330127018922193,4
80,38,1.0,0.0,4
80,39,1.25,0.4330127018922193,4
80,40,1.0,0.0,4
80,41,3.0,0.816496580927726,3
80,42,1.0,0.0,3
80,43,1.2,0.4000000000000001,5
80,44,2.0,0.0,2
80,45,1.0,0.0,1
80,46,3.25,3.344772040064913,4
80,47,1.6,1.2,5
80,48,1.5,0.5,4
80,49,1.2,0.4000000000000001,5
80,50,1.0,0.0,3
80,51,1.3333333333333333,0.4714045207910317,3
80,52,1.0,0.0,2
80,53,1.0,0.0,3
80,54,1.0,0.0,2
80,55,1.0,0.0,3
80,56,1.2,0.4000000000000001,5
80,57,2.0,0.0,2
80,58,1.4,0.8,5
80,59,1.3333333333333333,0.4714045207910317,3
80,60,1.0,0.0,5
80,61,1.0,0.0,4
80,62,1.0,0.0,2
80,63,1.25,0.4330127018922193,4
80,64,1.4,0.8,5
80,65,1.0,0.0,2
80,66,1.6666666666666667,0.4714045207910317,3
80,67,1.0,0.0,1
80,68,2.0,0.0,1
80,69,1.2,0.4,5
80,70,1.6666666666666667,0.74535599249993,6
80,71,2.5,1.118033988749895,6
80,72,1.2857142857142858,0.6998542122237652,7
80,73,1.4,0.8000000000000002,5
80,74,2.0,1.0,2
80,75,1.6666666666666667,0.9428090415820634,3
80,76,1.5,0.5,4
80,77,1.0,0.0,1
80,79,1.4,0.8,5
80,80,1.5714285714285714,1.049781318335648,7
80,81,1.0,0.0,2
80,82,1.25,0.4330127018922193,4
80,83,1.3333333333333333,0.4714045207910317,3
80,84,1.0,0.0,5
80,85,1.25,0.4330127018922193,4
80,86,1.5,0.8660254037844386,4
80,87,1.5,0.8660254037844386,4
80,88,1.4,0.8,5
80,89,1.5,0.5,2
80,90,1.0,0.0,1
80,91,1.0,0.0,4
80,92,1.75,1.299038105676658,4
80,93,1.0,0.0,1
80,94,1.625,0.8569568250501305,8
80,95,3.2857142857142856,2.3123448651769496,7
80,96,3.5,3.5,6
80,97,1.8,1.1661903789690602,5
80,98,1.2,0.4000000000000001,5
80,99,3.5,2.5,2
80,100,1.0,0.0,3
80,101,1.0,0.0,2
80,102,1.0,0.0,1
80,103,1.75,0.82915619758885,4
80,104,1.25,0.4330127018922193,4
80,105,1.5,0.8660254037844386,4
80,106,1.3333333333333333,0.4714045207910317,3
80,107,1.0,0.0,2
80,108,1.5,0.5,4
80,109,1.8333333333333333,0.8975274678557507,6
80,110,1.4,0.8,5
80,111,1.3333333333333333,0.74535599249993,6
80,112,1.5,0.5,2
80,113,1.6,0.8,5
80,114,1.6,0.8,5
80,115,1.0,0.0,3
80,116,1.3333333333333333,0.4714045207910317,3
80,117,1.0,0.0,3
80,118,1.2,0.4000000000000001,5
80,119,1.8333333333333333,1.0671873729054748,6
80,120,3.875,2.7585095613392387,8
80,121,3.7777777777777777,2.4393887111222385,9
80,122,4.125,2.7128168017763383,8
80,123,7.0,4.06201920231798,8
80,124,3.4444444444444446,1.9499920860871383,9
80,125,1.2,0.4000000000000001,5
80,126,1.0,0.0,2
80,127,1.0,0.0,1
80,128,1.0,0.0,2
80,129,1.0,0.0,1
80,130,1.5,0.5,2
80,131,1.1666666666666667,0.3726779962499649,6
80,132,1.3333333333333333,0.4714045207910317,3
80,133,2.0,0.816496580927726,3
80,134,1.0,0.0,3
80,135,1.75,0.4330127018922193,4
80,136,1.5,0.8660254037844386,4
80,137,1.75,0.4330127018922193,4
80,138,1.0,0.0,3
80,139,1.6,0.4898979485566356,5
80,140,1.3333333333333333,0.4714045207910317,3
80,141,1.5,0.8660254037844386,4
80,142,1.3333333333333333,0.4714045207910317,6
80,143,2.5714285714285716,1.3997084244475304,7
80,144,4.375,3.461845606031557,8
80,145,5.875,3.585997071945263,8
80,146,6.625,6.323319934970869,8
80,147,8.25,4.493050188902857,8
80,148,4.625,2.9973947020704497,8
80,149,2.25,1.1989578808281798,8
80,150,1.0,0.0,3
80,151,1.0,0.0,2
80,152,1.0,0.0,1
80,153,1.5,0.5,4
80,154,1.1428571428571428,0.34992710611188266,7
80,155,1.0,0.0,2
80,156,1.0,0.0,3
80,157,1.0,0.0,6
80,158,1.5,0.8660254037844386,4
80,159,1.0,0.0,2
80,160,1.0,0.0,3
80,161,2.2,1.16619037896906,5
80,162,2.2,0.9797958971132712,5
80,163,1.75,0.82915619758885,4
80,164,1.5,0.5,2
80,165,1.6,0.8,5
80,166,1.4285714285714286,0.7284313590846835,7
80,167,2.6666666666666665,0.9428090415820634,3
81,2,1.0,0.0,1
81,4,1.0,0.0,1
81,6,1.0,0.0,1
81,7,1.0,0.0,1
81,8,1.0,0.0,2
81,9,1.0,0.0,2
81,10,1.5,0.5,2
81,11,1.0,0.0,1
81,12,1.0,0.0,1
81,13,1.0,0.0,1
81,14,1.0,0.0,1
81,15,1.0,0.0,2
81,17,1.0,0.0,1
81,22,1.0,0.0,1
81,23,1.0,0.0,1
81,27,1.0,0.0,2
81,29,1.0,0.0,1
81,30,1.25,0.4330127018922193,4
81,31,1.0,0.0,2
81,32,1.25,0.4330127018922193,4
81,33,1.0,0.0,4
81,35,1.0,0.0,1
81,36,1.0,0.0,2
81,37,2.0,0.0,1
81,39,1.0,0.0,1
81,42,1.0,0.0,1
81,46,1.0,0.0,1
81,48,1.0,0.0,1
81,51,1.0,0.0,2
81,53,1.0,0.0,1
81,54,1.0,0.0,2
81,55,1.5,0.5,2
81,56,1.0,0.0,4
81,57,1.3333333333333333,0.4714045207910317,3
81,58,1.0,0.0,2
81,59,1.0,0.0,3
81,60,1.0,0.0,2
81,61,1.0,0.0,1
81,62,1.0,0.0,3
81,65,1.0,0.0,1
81,66,1.0,0.0,3
81,67,1.0,0.0,1
81,76,1.0,0.0,2
81,77,1.0,0.0,2
81,78,1.5,0.5,2
81,79,1.5,0.5,2
81,80,2.3333333333333335,1.247219128924647,3
81,81,2.0,1.0954451150103321,5
81,82,1.25,0.4330127018922193,4
81,83,1.0,0.0,1
81,84,1.0,0.0,2
81,85,3.0,0.0,1
81,86,1.0,0.0,2
81,87,2.0,0.0,1
81,88,1.0,0.0,1
81,89,1.0,0.0,2
81,93,1.0,0.0,2
81,95,1.0,0.0,1
81,96,1.0,0.0,1
81,99,1.0,0.0,2
81,100,1.0,0.0,1
81,101,1.5,0.5,2
81,102,1.1666666666666667,0.3726779962499649,6
81,103,1.0,0.0,4
81,104,1.5,0.5,2
81,105,1.5,0.8660254037844386,4
81,106,1.0,0.0,2
81,107,1.0,0.0,2
81,108,1.0,0.0,1
81,110,2.0,1.0,2
81,111,1.0,0.0,3
81,112,1.0,0.0,1
81,113,1.0,0.0,1
81,114,1.0,0.0,1
81,125,1.0,0.0,1
81,126,1.0,0.0,1
81,127,1.0,0.0,4
81,129,1.3333333333333333,0.4714045207910317,3
81,130,1.0,0.0,1
81,131,1.0,0.0,1
81,132,1.0,0.0,2
81,133,1.0,0.0,2
81,134,1.0,0.0,3
81,135,1.0,0.0,1
81,137,1.0,0.0,1
81,138,1.0,0.0,2
81,139,1.0,0.0,1
81,149,1.3333333333333333,0.4714045207910317,3
81,150,2.0,0.0,1
81,151,1.0,0.0,1
81,152,1.0,0.0,2
81,155,1.0,0.0,2
81,156,1.0,0.0,1
81,159,1.0,0.0,2
81,161,1.0,0.0,1
81,164,1.0,0.0,1
81,165,1.0,0.0,1
81,166,1.0,0.0,2
81,167,2.0,1.0,2
82,0,2.0,1.0,2
82,1,1.8,1.6,5
82,2,1.0,0.0,1
82,3,1.5,0.5,2
82,4,1.0,0.0,4
82,5,1.0,0.0,2
82,6,1.0,0.0,4
82,7,1.6,1.2,5
82,8,1.4285714285714286,0.4948716593053935,7
82,9,1.2,0.4000000000000001,5
82,10,1.2,0.4000000000000001,5
82,11,1.6,0.8,5
82,12,1.3333333333333333,0.4714045207910317,6
82,13,1.6666666666666667,0.9428090415820634,3
82,14,1.6,0.8,5
82,15,1.6666666666666667,0.9428090415820634,3
82,16,1.8333333333333333,0.6871842709362768,6
82,17,1.0,0.0,1
82,18,1.0,0.0,2
82,19,1.2,0.4000000000000001,5
82,20,1.25,0.4330127018922193,4
82,21,1.5,0.5,2
82,22,2.0,1.0954451150103321,5
82,23,1.5,0.5,2
82,24,1.75,0.82915619758885,4
82,25,1.3333333333333333,0.4714045207910317,3
82,26,2.0,1.0,2
82,27,1.0,0.0,1
82,28,1.0,0.0,2
82,29,1.0,0.0,2
82,30,1.0,0.0,4
82,31,2.6666666666666665,0.4714045207910317,3
82,32,1.0,0.0,3
82,33,1.8,0.7483314773547883,5
82,34,1.25,0.4330127018922193,4
82,35,1.0,0.0,4
82,36,1.5,0.5,6
82,37,1.0,0.0,3
82,38,2.0,0.0,2
82,39,1.0,0.0,4
82,40,1.0,0.0,2
82,41,1.25,0.4330127018922193,4
82,42,1.3333333333333333,0.4714045207910317,3
82,43,1.0,0.0,2
82,44,1.0,0.0,3
82,45,1.0,0.0,1
82,46,1.0,0.0,2
82,47,1.5,0.5,2
82,48,1.75,0.4330127018922193,4
82,49,1.0,0.0,3
82,50,1.0,0.0,3
82,51,1.75,1.299038105676658,4
82,52,1.0,0.0,1
82,53,1.5,0.5,2
82,54,1.0,0.0,1
82,55,1.4,0.4898979485566356,5
82,56,1.4,0.4898979485566356,5
82,57,1.2857142857142858,0.6998542122237652,7
82,58,1.3333333333333333,0.4714045207910317,3
82,59,1.0,0.0,3
82,60,2.0,0.7071067811865476,4
82,61,1.8333333333333333,0.6871842709362768,6
82,62,1.7142857142857142,0.6998542122237652,7
82,63,2.0,0.7559289460184544,7
82,64,2.25,1.0897247358851685,4
82,65,1.0,0.0,3
82,66,1.25,0.4330127018922193,4
82,67,1.0,0.0,1
82,68,1.0,0.0,2
82,69,1.3333333333333333,0.4714045207910317,3
82,70,1.25,0.4330127018922193,4
82,71,1.0,0.0,1
82,72,1.0,0.0,4
82,73,1.5,0.5,4
82,74,1.5,0.5,2
82,75,2.0,0.0,3
82,76,1.0,0.0,3
82,77,1.5,0.5,2
82,78,1.3333333333333333,0.4714045207910317,3
82,79,1.1428571428571428,0.3499271061118826,7
82,80,1.5714285714285714,0.7284313590846835,7
82,81,2.0,1.224744871391589,4
82,82,1.8,0.7483314773547883,5
82,83,1.6,0.4898979485566356,5
82,84,1.6,0.8,5
82,85,1.5555555555555556,0.8314794192830981,9
82,86,1.5,0.5,4
82,87,1.4,0.4898979485566356,5
82,88,1.1666666666666667,0.37267799624996495,6
82,89,1.0,0.0,3
82,90,1.6666666666666667,0.4714045207910317,3
82,91,1.2,0.4,5
82,92,1.0,0.0,1
82,93,1.0,0.0,2
82,94,1.0,0.0,3
82,95,1.0,0.0,1
82,96,1.25,0.4330127018922193,4
82,97,1.5,0.5,2
82,98,1.3333333333333333,0.4714045207910317,3
82,99,1.0,0.0,4
82,100,2.0,1.0,2
82,101,1.3333333333333333,0.4714045207910317,3
82,102,2.0,1.0,6
82,103,2.0,0.816496580927726,3
82,104,1.6,0.8,5
82,105,1.3333333333333333,0.4714045207910317,3
82,106,1.5,0.5,4
82,107,1.4,0.4898979485566356,5
82,108,1.4285714285714286,0.7284313590846836,7
82,109,1.5,0.5,4
82,110,2.0,0.7071067811865476,4
82,111,1.4,0.4898979485566356,5
82,112,1.6666666666666667,0.74535599249993,6
82,113,1.0,0.0,3
82,114,1.2,0.4,5
82,115,1.5,0.5,2
82,116,1.0,0.0,2
82,117,1.0,0.0,2
82,118,2.0,0.0,1
82,119,1.75,0.4330127018922193,4
82,120,1.0,0.0,2
82,121,1.6,0.8,5
82,122,1.3333333333333333,0.4714045207910317,3
82,123,2.0,0.816496580927726,3
82,124,1.375,0.4841229182759271,8
82,126,1.0,0.0,1
82,127,1.3333333333333333,0.4714045207910317,3
82,128,1.0,0.0,5
82,129,1.2,0.4000000000000001,5
82,130,1.5,0.7637626158259734,6
82,131,1.4,0.8000000000000002,5
82,132,1.25,0.4330127018922193,4
82,133,1.0,0.0,2
82,134,1.7142857142857142,0.6998542122237652,7
82,135,1.3333333333333333,0.7453559924999299,6
82,136,1.8,0.7483314773547883,5
82,137,1.625,0.8569568250501305,8
82,138,1.4,0.4898979485566356,5
82,139,1.0,0.0,3
82,140,1.25,0.4330127018922193,4
82,141,1.0,0.0,4
82,142,2.0,1.4142135623730951,6
82,143,1.3333333333333333,0.4714045207910317,3
82,144,1.3333333333333333,0.7453559924999299,6
82,145,1.0,0.0,4
82,146,1.0,0.0,4
82,147,2.25,1.299038105676658,4
82,148,2.5714285714285716,1.049781318335648,7
82,149,2.0,1.4142135623730951,3
82,150,1.0,0.0,5
82,151,1.0,0.0,5
82,152,1.6666666666666667,0.9428090415820634,3
82,153,1.6,0.8,5
82,154,1.75,0.82915619758885,4
82,155,1.0,0.0,2
82,157,1.0,0.0,2
82,158,1.0,0.0,3
82,159,1.1428571428571428,0.3499271061118826,7
82,160,1.6666666666666667,0.7453559924999299,6
82,161,1.0,0.0,4
82,162,2.4,1.019803902718557,5
82,163,1.5,0.5,4
82,164,1.3333333333333333,0.4714045207910317,3
82,165,3.0,1.632993161855452,3
82,166,2.25,1.0897247358851685,4
82,167,1.5,0.5,2
83,1,1.0,0.0,1
83,2,1.0,0.0,1
83,4,1.0,0.0,2
83,6,1.0,0.0,2
83,7,1.0,0.0,3
83,8,1.5,0.5,2
83,9,1.0,0.0,1
83,10,1.0,0.0,3
83,11,1.0,0.0,2
83,12,1.0,0.0,4
83,13,1.0,0.0,2
83,14,1.0,0.0,2
83,16,1.25,0.4330127018922193,4
83,17,1.0,0.0,4
83,18,1.0,0.0,2
83,19,2.0,0.0,2
83,20,1.0,0.0,1
83,21,1.0,0.0,1
83,22,1.0,0.0,2
83,23,1.0,0.0,1
83,24,1.5,0.5,2
83,25,1.0,0.0,2
83,26,1.0,0.0,1
83,27,1.0,0.0,1
83,29,1.0,0.0,1
83,30,1.0,0.0,1
83,32,1.0,0.0,1
83,33,1.0,0.0,1
83,34,2.0,0.0,1
83,35,1.0,0.0,2
83,37,1.0,0.0,1
83,39,1.0,0.0,4
83,40,1.0,0.0,1
83,41,1.0,0.0,2
83,42,1.0,0.0,3
83,43,1.0,0.0,3
83,44,1.0,0.0,2
83,45,2.0,0.0,1
83,47,1.0,0.0,2
83,48,1.0,0.0,1
83,49,1.0,0.0,2
83,51,1.0,0.0,1
83,54,1.0,0.0,1
83,55,1.3333333333333333,0.4714045207910317,3
83,57,1.0,0.0,2
83,58,1.5,0.5,2
83,60,1.25,0.4330127018922193,4
83,62,1.0,0.0,3
83,63,1.0,0.0,2
83,64,1.3333333333333333,0.4714045207910317,3
83,65,1.0,0.0,1
83,67,1.6666666666666667,0.9428090415820634,3
83,68,1.0,0.0,1
83,69,1.0,0.0,1
83,71,1.0,0.0,1
83,74,1.0,0.0,1
83,75,1.0,0.0,1
83,80,1.3333333333333333,0.4714045207910317,3
83,82,1.0,0.0,1
83,83,1.0,0.0,2
83,84,1.0,0.0,2
83,85,1.0,0.0,3
83,86,1.0,0.0,3
83,87,1.0,0.0,1
83,88,1.0,0.0,2
83,90,1.0,0.0,2
83,91,1.0,0.0,4
83,92,1.0,0.0,1
83,93,1.0,0.0,2
83,94,1.0,0.0,1
83,95,1.0,0.0,1
83,96,1.0,0.0,3
83,97,1.0,0.0,2
83,98,1.0,0.0,1
83,99,1.0,0.0,2
83,100,1.0,0.0,3
83,102,2.0,0.0,1
83,103,1.0,0.0,6
83,104,1.0,0.0,1
83,105,1.0,0.0,2
83,106,1.0,0.0,1
83,107,1.0,0.0,2
83,108,1.0,0.0,3
83,109,1.4,0.4898979485566356,5
83,110,1.0,0.0,2
83,111,1.0,0.0,2
83,112,1.3333333333333333,0.4714045207910317,3
83,113,1.0,0.0,4
83,114,1.0,0.0,3
83,115,1.0,0.0,2
83,116,1.0,0.0,1
83,119,1.0,0.0,2
83,120,2.0,0.0,1
83,122,1.5,0.5,2
83,123,1.0,0.0,2
83,124,1.0,0.0,2
83,125,1.0,0.0,1
83,126,1.0,0.0,2
83,127,1.0,0.0,2
83,128,1.0,0.0,2
83,129,1.3333333333333333,0.4714045207910317,3
83,130,1.0,0.0,2
83,131,1.0,0.0,2
83,132,1.0,0.0,1
83,133,1.0,0.0,1
83,135,1.0,0.0,2
83,136,1.5,0.5,2
83,137,1.0,0.0,2
83,138,1.5,0.5,2
83,139,1.25,0.4330127018922193,4
83,140,1.0,0.0,1
83,141,1.0,0.0,3
83,144,1.0,0.0,1
83,145,1.0,0.0,1
83,147,1.0,0.0,1
83,148,1.0,0.0,1
83,149,1.0,0.0,4
83,151,1.3333333333333333,0.4714045207910317,3
83,152,1.25,0.4330127018922193,4
83,153,1.0,0.0,1
83,154,2.0,0.0,1
83,155,2.0,1.0,2
83,156,1.0,0.0,2
83,157,1.0,0.0,1
83,158,1.0,0.0,2
83,159,1.0,0.0,3
83,160,1.0,0.0,4
83,161,1.0,0.0,1
83,162,1.0,0.0,5
83,163,3.0,0.0,1
83,164,1.0,0.0,3
83,165,3.0,0.0,1
83,166,1.5,0.8660254037844386,4
83,167,1.0,0.0,1
84,149,1.0,0.0,1
85,5,1.0,0.0,1
85,6,1.25,0.4330127018922193,4
85,7,1.8,0.7483314773547883,5
85,8,1.3333333333333333,0.4714045207910317,3
85,9,1.6666666666666667,0.4714045207910317,3
85,10,1.0,0.0,2
85,11,1.0,0.0,1
85,12,1.0,0.0,2
85,13,1.0,0.0,3
85,14,1.0,0.0,2
85,15,1.0,0.0,2
85,16,1.0,0.0,1
85,17,1.0,0.0,1
85,18,1.0,0.0,1
85,21,1.0,0.0,1
85,22,1.0,0.0,1
85,23,1.0,0.0,1
85,24,2.0,0.0,1
85,25,1.0,0.0,2
85,26,1.0,0.0,1
85,28,1.0,0.0,2
85,30,1.4,0.4898979485566356,5
85,31,1.5,0.5,4
85,32,1.0,0.0,5
85,33,1.6666666666666667,0.9428090415820634,3
85,34,1.0,0.0,3
85,35,1.75,0.82915619758885,4
85,36,1.3333333333333333,0.4714045207910317,3
85,37,1.0,0.0,2
85,38,2.0,0.0,1
85,39,1.0,0.0,1
85,40,1.0,0.0,1
85,41,1.0,0.0,1
85,46,1.0,0.0,1
85,47,1.0,0.0,1
85,48,1.0,0.0,1
85,52,1.0,0.0,1
85,54,1.6666666666666667,0.4714045207910317,3
85,55,1.6666666666666667,0.4714045207910317,6
85,56,1.0,0.0,5
85,57,2.0,1.0,2
85,58,1.0,0.0,1
85,59,1.0,0.0,4
85,60,1.5,0.5,2
85,62,2.0,0.0,1
85,63,1.0,0.0,4
85,64,1.0,0.0,2
85,65,1.0,0.0,1
85,67,1.0,0.0,1
85,68,1.0,0.0,1
85,70,1.0,0.0,1
85,71,2.0,0.0,1
85,74,1.0,0.0,1
85,76,1.0,0.0,2
85,78,1.0,0.0,1
85,79,1.0,0.0,4
85,80,1.5,0.7637626158259734,6
85,81,1.0,0.0,3
85,82,2.0,0.0,1
85,83,1.5,0.5,2
85,85,1.5,0.5,4
85,86,1.0,0.0,2
85,87,1.0,0.0,2
85,88,1.0,0.0,3
85,89,2.5,1.5,2
85,90,2.0,0.0,1
85,91,1.0,0.0,2
85,92,1.0,0.0,1
85,93,1.0,0.0,1
85,94,1.0,0.0,1
85,95,1.0,0.0,1
85,102,1.6666666666666667,0.4714045207910317,3
85,103,1.8333333333333333,0.6871842709362768,6
85,104,1.4,0.4898979485566356,5
85,105,1.0,0.0,2
85,106,1.0,0.0,3
85,107,3.0,0.0,1
85,108,1.4,0.4898979485566356,5
85,109,2.0,0.816496580927726,3
85,110,1.0,0.0,2
85,111,1.0,0.0,4
85,114,1.5,0.5,2
85,115,1.3333333333333333,0.4714045207910317,3
85,116,1.0,0.0,1
85,117,1.0,0.0,1
85,118,1.0,0.0,2
85,119,2.0,1.0,2
85,124,1.0,0.0,2
85,126,2.0,0.0,1
85,127,1.0,0.0,1
85,128,1.0,0.0,1
85,129,1.0,0.0,1
85,130,2.0,0.0,1
85,131,1.5,0.5,2
85,132,1.3333333333333333,0.4714045207910317,3
85,135,1.0,0.0,1
85,136,1.5,0.5,4
85,137,1.0,0.0,1
85,138,1.0,0.0,1
85,139,1.0,0.0,2
85,140,1.0,0.0,1
85,141,1.0,0.0,1
85,142,1.0,0.0,1
85,143,1.5,0.5,2
85,144,2.0,0.816496580927726,3
85,145,1.0,0.0,1
85,148,1.0,0.0,1
85,149,1.0,0.0,2
85,150,1.0,0.0,1
85,151,1.25,0.4330127018922193,4
85,152,1.0,0.0,3
85,153,1.4,0.4898979485566356,5
85,154,1.6,0.8,5
85,155,1.0,0.0,2
85,156,1.0,0.0,1
85,157,1.5,0.5,2
85,158,1.0,0.0,1
85,159,1.0,0.0,1
85,160,3.0,0.0,2
85,162,1.5,0.5,2
85,163,1.0,0.0,1
85,164,1.5,0.5,2
85,165,1.0,0.0,1
85,166,2.0,0.0,1
85,167,1.0,0.0,1
86,4,1.0,0.0,1
86,5,1.3333333333333333,0.4714045207910317,3
86,6,1.6666666666666667,0.9428090415820634,3
86,7,2.5,1.5,2
86,8,1.25,0.4330127018922193,4
86,9,1.8,0.4,5
86,10,1.0,0.0,1
86,11,2.0,1.0,2
86,12,1.5,0.7637626158259734,6
86,13,1.6,0.8,5
86,14,1.0,0.0,1
86,15,1.0,0.0,1
86,16,1.3333333333333333,0.4714045207910317,3
86,17,1.0,0.0,2
86,18,1.3333333333333333,0.4714045207910317,3
86,19,1.0,0.0,3
86,20,1.0,0.0,2
86,22,1.0,0.0,1
86,28,1.0,0.0,3
86,29,1.0,0.0,1
86,30,1.3333333333333333,0.4714045207910317,3
86,31,1.0,0.0,3
86,32,1.0,0.0,2
86,33,1.6666666666666667,0.9428090415820634,3
86,34,1.5,0.5,4
86,35,1.25,0.4330127018922193,4
86,36,1.25,0.4330127018922193,4
86,37,1.75,0.82915619758885,4
86,38,2.0,0.816496580927726,3
86,39,1.0,0.0,3
86,40,1.0,0.0,2
86,41,1.5,0.5,2
86,45,1.0,0.0,1
86,51,1.0,0.0,1
86,53,1.0,0.0,3
86,54,1.5,0.5,2
86,55,1.4285714285714286,0.4948716593053935,7
86,56,1.0,0.0,1
86,57,1.5,0.5,4
86,58,1.5,0.5,4
86,59,2.0,0.816496580927726,3
86,60,1.2,0.4000000000000001,5
86,61,2.6666666666666665,1.247219128924647,3
86,62,1.3333333333333333,0.4714045207910317,6
86,63,1.8,0.7483314773547883,5
86,64,1.0,0.0,2
86,65,1.3333333333333333,0.4714045207910317,3
86,66,1.0,0.0,2
86,67,1.0,0.0,3
86,68,1.0,0.0,2
86,70,1.0,0.0,1
86,76,1.0,0.0,2
86,77,1.2,0.4,5
86,78,1.1428571428571428,0.3499271061118826,7
86,79,1.0,0.0,3
86,80,1.0,0.0,2
86,81,1.0,0.0,3
86,82,1.1666666666666667,0.3726779962499649,6
86,83,1.3333333333333333,0.4714045207910317,9
86,84,3.0,1.0,2
86,85,1.25,0.4330127018922193,4
86,86,1.4,0.4898979485566356,5
86,87,1.0,0.0,4
86,88,1.0,0.0,2
86,89,1.0,0.0,2
86,90,1.0,0.0,1
86,91,1.5,0.5,2
86,92,1.0,0.0,1
86,94,2.0,0.0,1
86,100,1.5,0.5,2
86,101,1.2,0.4,5
86,102,1.0,0.0,2
86,103,2.5,0.5,4
86,104,1.4,0.4898979485566356,5
86,105,1.1666666666666667,0.3726779962499649,6
86,106,1.5,0.5,6
86,107,1.0,0.0,3
86,108,1.0,0.0,2
86,109,1.25,0.4330127018922193,4
86,110,2.5,0.5,2
86,111,1.25,0.4330127018922193,4
86,112,1.0,0.0,2
86,113,1.4,0.4898979485566356,5
86,114,1.0,0.0,1
86,116,1.0,0.0,1
86,120,1.0,0.0,1
86,125,1.0,0.0,1
86,126,1.0,0.0,2
86,127,1.2857142857142858,0.45175395145262565,7
86,128,1.5,0.5,2
86,129,1.3333333333333333,0.4714045207910317,3
86,130,1.5,0.5,4
86,131,1.1666666666666667,0.3726779962499649,6
86,132,1.0,0.0,3
86,133,1.0,0.0,2
86,134,1.0,0.0,1
86,135,3.0,0.0,1
86,136,1.0,0.0,2
86,137,1.0,0.0,1
86,139,1.0,0.0,1
86,140,1.0,0.0,2
86,141,1.0,0.0,1
86,142,1.0,0.0,1
86,146,1.0,0.0,1
86,150,1.0,0.0,3
86,151,1.0,0.0,6
86,152,1.5,0.5,2
86,153,1.4,0.4898979485566356,5
86,154,1.5,0.5,2
86,155,1.0,0.0,1
86,159,1.0,0.0,1
86,161,1.0,0.0,2
86,166,1.0,0.0,1
86,167,3.0,0.0,1
87,0,4.857142857142857,3.9070840946220975,7
87,1,1.7142857142857142,0.45175395145262565,7
87,2,1.3333333333333333,0.4714045207910317,3
87,3,1.2,0.4,5
87,4,2.3333333333333335,2.134374745810949,6
87,5,2.5,1.224744871391589,8
87,6,6.625,3.119995993587171,8
87,7,12.428571428571429,4.203982562732046,7
87,8,16.25,4.656984002549289,8
87,9,16.0,5.873670062235365,8
87,10,14.125,4.702060718451007,8
87,11,18.125,3.6206870894900596,8
87,12,18.25,6.299801584177076,8
87,13,20.25,4.736823830374104,8
87,14,25.125,4.833153732295301,8
87,15,23.5,8.366600265340756,8
87,16,29.75,6.552671211040578,8
87,17,38.25,7.4456363059177155,8
87,18,31.875,9.157476453696182,8
87,19,28.0,8.170067319184096,8
87,20,25.125,6.771955035290769,8
87,21,26.0,7.874007874011811,8
87,22,23.5,7.035623639735144,8
87,23,11.625,5.498579361980693,8
87,24,5.0,1.5811388300841898,8
87,25,2.142857142857143,2.0303814862216996,7
87,26,2.0,1.0,4
87,27,2.75,2.48746859276655,4
87,28,1.4285714285714286,0.7284313590846836,7
87,29,2.0,0.9258200997725514,7
87,30,4.625,1.79843682124227,8
87,31,11.428571428571429,3.0169588688489823,7
87,32,18.875,7.523920188306094,8
87,33,20.0,5.787918451395113,8
87,34,19.125,4.621620386834038,8
87,35,20.125,7.235977819203152,8
87,36,23.125,7.043392293490403,8
87,37,26.125,3.9823830805184977,8
87,38,29.625,3.7059917700933984,8
87,39,31.375,6.650892797211514,8
87,40,39.375,11.055965584244554,8
87,41,50.0,16.635804759614125,8
87,42,51.375,10.850547221223453,8
87,43,43.625,13.719853315542407,8
87,44,40.5,16.3783393541592,8
87,45,42.25,17.640507362318125,8
87,46,31.125,18.18954026356906,8
87,47,22.75,16.505680840244064,8
87,48,11.222222222222221,7.223076872508892,9
87,49,4.5,3.2015621187164243,8
87,50,2.6666666666666665,1.3743685418725535,6
87,51,1.5,0.5,6
87,52,2.6666666666666665,1.1547005383792515,9
87,53,4.2,2.039607805437114,5
87,54,5.666666666666667,2.9814239699997196,9
87,55,10.555555555555555,5.479479113750202,9
87,56,19.77777777777778,6.494061864978869,9
87,57,20.22222222222222,5.883645464388323,9
87,58,18.333333333333332,4.242640687119285,9
87,59,25.22222222222222,4.15739709641549,9
87,60,25.0,4.422166387140534,9
87,61,25.444444444444443,4.323350324076382,9
87,62,30.444444444444443,2.7125679146074893,9
87,63,31.555555555555557,3.7745083892140063,9
87,64,30.77777777777778,8.638129655811916,9
87,65,52.77777777777778,17.668413610343542,9
87,66,57.22222222222222,21.978665300583238,9
87,67,42.44444444444444,14.236971518714622,9
87,68,38.888888888888886,14.348398628762602,9
87,69,46.44444444444444,25.755737704273933,9
87,70,45.111111111111114,33.51432345346106,9
87,71,26.555555555555557,14.476886644357627,9
87,72,12.777777777777779,9.623787401569992,9
87,73,6.666666666666667,5.185449728701348,9
87,74,2.857142857142857,0.9897433186107869,7
87,75,2.75,1.479019945774904,8
87,76,2.142857142857143,0.989743318610787,7
87,77,2.5,1.5811388300841898,8
87,78,7.888888888888889,3.899984172174277,9
87,79,11.333333333333334,5.637178175095921,9
87,80,20.555555555555557,11.196339789920545,9
87,81,24.11111111111111,9.011652264885162,9
87,82,21.444444444444443,6.1483712587808546,9
87,83,22.11111111111111,6.52251560952852,9
87,84,24.22222222222222,7.627112134102451,9
87,85,28.11111111111111,6.9672957362626144,9
87,86,33.77777777777778,7.0044077833219935,9
87,87,32.22222222222222,7.223076872508892,9
87,88,40.77777777777778,11.002805478379672,9
87,89,57.22222222222222,16.731724874738727,9
87,90,61.333333333333336,22.37558192911788,9
87,91,52.333333333333336,20.412414523193153,9
87,92,55.22222222222222,26.582273867196115,9
87,93,49.888888888888886,24.496913385814523,9
87,94,46.22222222222222,25.323584868996804,9
87,95,39.333333333333336,28.61623470844634,9
87,96,26.666666666666668,19.310331143946982,9
87,97,12.444444444444445,8.577892918052793,9
87,98,6.875,3.4798527267687636,8
87,99,2.25,1.1989578808281798,8
87,100,3.2222222222222223,1.872477727372524,9
87,101,4.285714285714286,1.6659862556700857,7
87,102,7.222222222222222,3.993822390135873,9
87,103,7.555555555555555,4.901498888913951,9
87,104,15.777777777777779,8.456132262417977,9
87,105,18.22222222222222,5.072316538005923,9
87,106,16.0,4.784233364802441,9
87,107,22.333333333333332,2.788866755113585,9
87,108,26.666666666666668,6.377042156569663,9
87,109,31.0,8.524474568362947,9
87,110,33.77777777777778,8.929075823495308,9
87,111,36.22222222222222,10.54912084570482,9
87,112,38.22222222222222,10.64349334651382,9
87,113,48.333333333333336,12.229290885229426,9
87,114,58.0,16.289055630494154,9
87,115,51.333333333333336,20.795298613976296,9
87,116,41.22222222222222,17.293401296305525,9
87,117,32.111111111111114,11.079956322060363,9
87,118,32.333333333333336,15.762120556715853,9
87,119,32.44444444444444,14.166557733785979,9
87,120,34.666666666666664,20.54263858417414,9
87,121,20.333333333333332,14.142135623730951,9
87,122,8.777777777777779,5.159194118330622,9
87,123,5.75,2.5860201081971503,8
87,124,5.0,2.5385910352879693,9
87,125,3.75,1.713913650100261,8
87,126,3.111111111111111,1.1967032904743342,9
87,127,4.25,2.331844763272204,8
87,128,7.777777777777778,4.130584510098023,9
87,129,14.11111111111111,4.6294814791110355,9
87,130,20.22222222222222,7.176780116424507,9
87,131,28.11111111111111,7.823674107681753,9
87,132,30.11111111111111,8.292492514242351,9
87,133,35.44444444444444,5.813989089756057,9
87,134,35.77777777777778,9.174575712596896,9
87,135,37.77777777777778,9.897000418508156,9
87,136,37.888888888888886,9.949253958010502,9
87,137,45.0,13.564659966250536,9
87,138,48.44444444444444,20.35305661516832,9
87,139,51.111111111111114,20.989121226877106,9
87,140,41.22222222222222,17.96773514310692,9
87,141,34.55555555555556,13.359234102390344,9
87,142,31.0,16.79947089113887,9
87,143,38.22222222222222,21.238213870169535,9
87,144,35.22222222222222,19.11240305710624,9
87,145,21.555555555555557,11.04647868589917,9
87,146,9.555555555555555,7.529366376043296,9
87,147,5.444444444444445,4.54877544232416,9
87,148,4.0,2.9059326290271157,9
87,149,3.5,1.5811388300841898,8
87,150,3.888888888888889,2.601044424604361,9
87,151,4.888888888888889,2.3778816176702997,9
87,152,8.11111111111111,3.9845380171202462,9
87,153,10.666666666666666,3.197221015541813,9
87,154,22.0,10.593499054713803,9
87,155,23.88888888888889,8.25219761227873,9
87,156,28.333333333333332,9.2255683353987,9
87,157,29.555555555555557,7.104163272509236,9
87,158,25.333333333333332,8.379870059984357,9
87,159,28.22222222222222,5.613035973473373,9
87,160,26.333333333333332,6.49786289653931,9
87,161,27.11111111111111,8.646700648152764,9
87,162,31.0,11.185307823708346,9
87,163,21.11111111111111,7.504731018119236,9
87,164,16.444444444444443,5.964918013986466,9
87,165,16.444444444444443,5.438772555786852,9
87,166,11.777777777777779,6.214280646270917,9
87,167,9.11111111111111,6.367355014175291,9
88,0,2.5714285714285716,0.9035079029052513,7
88,1,1.5,0.8660254037844386,4
88,2,1.0,0.0,2
88,3,1.0,0.0,2
88,5,1.0,0.0,3
88,6,1.875,1.0532687216470449,8
88,7,2.75,1.3919410907075054,8
88,8,5.5,2.7386127875258306,8
88,9,5.75,3.665719574653795,8
88,10,7.0,1.9364916731037085,8
88,11,10.625,3.5333235062756425,8
88,12,11.875,3.0998991919093113,8
88,13,15.0,3.427827300200522,8
88,14,19.125,7.131575912797956,8
88,15,19.0,5.1478150704935,8
88,16,19.875,3.059309562630104,8
88,17,22.5,5.787918451395113,8
88,18,23.0,5.5677643628300215,8
88,19,15.875,5.754074643241952,8
88,20,13.625,2.912795049432761,8
88,21,12.125,4.728570079844435,8
88,22,12.25,3.992179855667828,8
88,23,5.125,3.059309562630104,8
88,24,3.5714285714285716,2.1946130708196026,7
88,25,2.142857142857143,2.0303814862216996,7
88,26,1.3333333333333333,0.4714045207910317,3
88,27,1.5,0.5,4
88,28,1.3333333333333333,0.4714045207910317,3
88,29,1.0,0.0,3
88,30,1.1428571428571428,0.34992710611188266,7
88,31,3.5,2.3979157616563596,8
88,32,4.625,2.394655507583502,8
88,33,7.125,2.521780125229002,8
88,34,9.625,2.057759704144291,8
88,35,12.25,2.48746859276655,8
88,36,16.375,2.9553976043842223,8
88,37,19.875,6.845390785046534,8
88,38,21.75,4.437059837324712,8
88,39,25.125,5.109733358992424,8
88,40,29.0,3.7416573867739413,8
88,41,34.0,8.06225774829855,8
88,42,29.5,10.111874208078342,8
88,43,23.625,7.279036680770334,8
88,44,18.125,5.622221536012255,8
88,45,20.875,9.84171605971235,8
88,46,17.875,10.154278654833144,8
88,47,17.0,13.564659966250536,8
88,48,9.125,4.702060718451007,8
88,49,4.857142857142857,2.2946254863155726,7
88,50,1.8333333333333333,1.462494064565354,6
88,51,1.4285714285714286,0.4948716593053935,7
88,52,1.0,0.0,4
88,54,1.3333333333333333,0.74535599249993,6
88,55,4.0,1.247219128924647,9
88,56,5.555555555555555,3.201080064641763,9
88,57,8.333333333333334,3.197221015541813,9
88,58,9.555555555555555,3.269764215458258,9
88,59,12.222222222222221,3.0469576001782417,9
88,60,11.777777777777779,4.262961354055751,9
88,61,19.666666666666668,4.521553322083513,9
88,62,21.22222222222222,3.154459903684087,9
88,63,22.333333333333332,7.378647873726218,9
88,64,29.88888888888889,6.919287767529006,9
88,65,34.0,9.213516640723501,9
88,66,32.44444444444444,11.548074501463786,9
88,67,27.555555555555557,11.548074501463784,9
88,68,21.666666666666668,9.580071908799942,9
88,69,21.555555555555557,12.80721247415005,9
88,70,22.666666666666668,12.81492185782739,9
88,71,14.555555555555555,10.478667335868739,9
88,72,11.444444444444445,6.945999825816792,9
88,73,5.166666666666667,2.733536577809454,6
88,74,1.8571428571428572,0.6388765649999398,7
88,75,1.25,0.4330127018922193,4
88,76,1.6666666666666667,0.9428090415820634,3
88,77,1.5,0.5,4
88,78,1.5555555555555556,0.6849348892187752,9
88,79,4.0,1.9436506316151,9
88,80,7.555555555555555,2.629368792488718,9
88,81,8.0,3.496029493900505,9
88,82,9.333333333333334,3.858612300930075,9
88,83,16.555555555555557,5.209203630991574,9
88,84,16.555555555555557,4.449996532111285,9
88,85,20.11111111111111,5.043024763515652,9
88,86,21.333333333333332,3.7712361663282534,9
88,87,21.88888888888889,4.039924213932855,9
88,88,25.11111111111111,5.724109721062781,9
88,89,32.22222222222222,8.966329334147561,9
88,90,28.77777777777778,11.48697598517341,9
88,91,27.555555555555557,11.393088656540966,9
88,92,23.666666666666668,13.021349989749739,9
88,93,26.88888888888889,12.178710426573126,9
88,94,23.22222222222222,11.895636714338,9
88,95,22.0,12.534397117975445,9
88,96,13.666666666666666,10.044346115546242,9
88,97,10.555555555555555,7.875575620741933,9
88,98,3.75,2.331844763272204,8
88,99,1.8333333333333333,1.462494064565354,6
88,100,1.7142857142857142,0.45175395145262565,7
88,101,1.6,0.8,5
88,102,2.0,1.1547005383792515,6
88,103,3.7142857142857144,1.9059520091609048,7
88,104,6.444444444444445,3.402976184691901,9
88,105,8.11111111111111,1.7916128329552332,9
88,106,9.88888888888889,4.067334492827361,9
88,107,12.222222222222221,4.340449996583247,9
88,108,16.444444444444443,6.7183184257026545,9
88,109,21.22222222222222,4.661372658534007,9
88,110,24.22222222222222,3.2584173996922625,9
88,111,23.22222222222222,7.051836290054413,9
88,112,26.77777777777778,4.637474834379824,9
88,113,27.77777777777778,4.825344611246326,9
88,114,25.0,6.716480559869962,9
88,115,19.0,9.006170724070865,9
88,116,15.333333333333334,4.876246279442598,9
88,117,11.444444444444445,5.599823630379624,9
88,118,17.88888888888889,7.709221670534069,9
88,119,16.666666666666668,9.104333522498441,9
88,120,18.88888888888889,10.343483664655137,9
88,121,14.0,5.338539126015656,8
88,122,6.333333333333333,3.3333333333333335,9
88,123,2.75,1.3919410907075054,8
88,124,2.8,1.6,5
88,125,1.3333333333333333,0.4714045207910317,3
88,126,1.25,0.4330127018922193,4
88,127,1.4,0.8000000000000002,5
88,128,4.333333333333333,2.5385910352879693,9
88,129,6.222222222222222,2.657391276244755,9
88,130,9.11111111111111,3.034777840832814,9
88,131,14.0,2.494438257849294,9
88,132,17.88888888888889,6.887096541027438,9
88,133,23.333333333333332,7.423685817106696,9
88,134,24.0,7.453559924999299,9
88,135,24.555555555555557,8.111872110419547,9
88,136,27.333333333333332,6.394442031083626,9
88,137,26.77777777777778,5.92129448643299,9
88,138,20.0,8.55050355892044,9
88,139,18.77777777777778,7.3602200718574196,9
88,140,15.333333333333334,6.599663291074443,9
88,141,15.11111111111111,6.279498289308797,9
88,142,15.333333333333334,7.972173828734266,9
88,143,21.88888888888889,12.404698432846988,9
88,144,20.666666666666668,12.516655570345725,9
88,145,14.11111111111111,10.311206896106826,9
88,146,6.777777777777778,6.811392055108491,9
88,147,3.375,3.314268395890713,8
88,148,2.0,1.0690449676496976,7
88,149,3.0,2.9154759474226504,4
88,150,3.3333333333333335,2.6246692913372702,3
88,151,2.888888888888889,3.281071791162978,9
88,152,4.125,2.4206145913796355,8
88,153,3.4444444444444446,0.9558139185602919,9
88,154,6.111111111111111,3.1071403231354586,9
88,155,9.11111111111111,2.3306863292670035,9
88,156,12.444444444444445,3.095197394929804,9
88,157,13.777777777777779,5.028314888437671,9
88,158,16.666666666666668,4.8074017006186525,9
88,159,18.444444444444443,5.7370358415224825,9
88,160,14.11111111111111,5.506449641495053,9
88,161,13.0,2.449489742783178,9
88,162,13.222222222222221,4.637474834379823,9
88,163,9.666666666666666,4.242640687119285,9
88,164,7.666666666666667,4.96655480858378,9
88,165,6.666666666666667,3.265986323710904,9
88,166,5.222222222222222,3.3920750049941657,9
88,167,4.111111111111111,3.8713891978187434,9
89,0,1.0,0.0,2
89,1,1.0,0.0,1
89,4,1.3333333333333333,0.4714045207910317,3
89,5,1.0,0.0,4
89,6,1.0,0.0,4
89,7,4.4,2.4979991993593593,5
89,8,3.5714285714285716,1.9897697538834458,7
89,9,2.0,1.0,4
89,10,1.6666666666666667,1.1055415967851332,6
89,11,1.5714285714285714,0.9035079029052512,7
89,12,1.6666666666666667,0.4714045207910317,6
89,13,1.4,0.8,5
89,14,1.5,0.7637626158259734,6
89,15,1.2,0.4,5
89,16,1.0,0.0,3
89,17,1.75,0.4330127018922193,4
89,18,1.0,0.0,2
89,19,1.0,0.0,2
89,20,1.0,0.0,2
89,22,1.0,0.0,1
89,23,1.4,0.8,5
89,26,1.0,0.0,2
89,27,1.0,0.0,1
89,28,1.2,0.4000000000000001,5
89,29,1.2857142857142858,0.45175395145262565,7
89,30,1.25,0.4330127018922193,4
89,31,1.75,0.9682458365518543,8
89,32,2.4285714285714284,1.2936264483053452,7
89,33,1.8571428571428572,0.8329931278350429,7
89,34,2.142857142857143,0.8329931278350429,7
89,35,1.5714285714285714,0.7284313590846835,7
89,36,1.4285714285714286,0.4948716593053935,7
89,37,1.6666666666666667,0.4714045207910317,6
89,38,2.0,0.7071067811865476,4
89,39,2.0,0.8944271909999159,5
89,40,1.0,0.0,4
89,41,1.6,0.4898979485566356,5
89,42,1.4,0.4898979485566356,5
89,43,1.0,0.0,2
89,44,1.0,0.0,1
89,45,1.0,0.0,2
89,46,1.5,0.5,2
89,47,1.0,0.0,1
89,48,1.0,0.0,1
89,49,1.0,0.0,2
89,51,1.0,0.0,2
89,52,1.3333333333333333,0.4714045207910317,3
89,53,1.0,0.0,2
89,54,1.0,0.0,2
89,55,3.5,1.118033988749895,4
89,56,2.625,1.79843682124227,8
89,57,1.8571428571428572,0.8329931278350429,7
89,58,2.1666666666666665,1.0671873729054748,6
89,59,2.1666666666666665,0.8975274678557507,6
89,60,1.5714285714285714,0.7284313590846835,7
89,61,1.875,1.0532687216470449,8
89,62,1.3333333333333333,0.4714045207910317,3
89,63,1.75,0.82915619758885,4
89,64,1.0,0.0,4
89,65,1.1666666666666667,0.37267799624996495,6
89,66,1.2857142857142858,0.45175395145262565,7
89,67,1.0,0.0,1
89,69,1.0,0.0,3
89,70,1.0,0.0,1
89,71,1.6666666666666667,0.9428090415820634,3
89,72,1.0,0.0,2
89,74,1.0,0.0,1
89,76,1.5,0.8660254037844386,4
89,77,2.5,1.118033988749895,4
89,78,1.2,0.4,5
89,79,2.75,0.82915619758885,8
89,80,2.1666666666666665,1.4624940645653537,6
89,81,2.1666666666666665,1.3437096247164249,6
89,82,1.4285714285714286,0.4948716593053935,7
89,83,2.3333333333333335,0.9428090415820634,6
89,84,1.4,0.8,5
89,85,1.25,0.4330127018922193,4
89,86,1.5714285714285714,0.7284313590846835,7
89,87,1.5,0.5,6
89,88,1.0,0.0,5
89,89,1.2,0.4,5
89,90,1.25,0.4330127018922193,4
89,91,1.25,0.4330127018922193,4
89,92,1.0,0.0,1
89,94,2.0,0.0,2
89,95,1.5,0.5,2
89,96,1.0,0.0,2
89,97,1.0,0.0,2
89,99,1.0,0.0,1
89,100,1.0,0.0,2
89,101,1.5,0.5,2
89,102,2.0,1.2649110640673518,5
89,103,2.875,2.027159342528357,8
89,104,3.111111111111111,2.1829869671542776,9
89,105,1.375,0.4841229182759271,8
89,106,2.4,1.3564659966250536,5
89,107,2.4285714285714284,1.178030178747903,7
89,108,1.8571428571428572,0.8329931278350429,7
89,109,1.6,0.8,5
89,110,2.0,0.6324555320336759,5
89,111,2.0,1.224744871391589,4
89,112,1.1666666666666667,0.3726779962499649,6
89,113,1.6666666666666667,0.4714045207910317,3
89,114,1.6666666666666667,0.4714045207910317,3
89,115,1.0,0.0,4
89,116,1.0,0.0,2
89,117,1.5,0.5,2
89,118,1.0,0.0,3
89,119,1.0,0.0,3
89,121,1.0,0.0,2
89,122,1.0,0.0,1
89,123,1.0,0.0,2
89,124,1.0,0.0,1
89,125,1.5,0.5,2
89,126,1.0,0.0,1
89,127,1.3333333333333333,0.4714045207910317,3
89,128,1.0,0.0,2
89,129,1.4,0.4898979485566356,5
89,130,1.5,0.7637626158259734,6
89,131,1.75,0.82915619758885,4
89,132,2.3333333333333335,1.8856180831641267,3
89,133,1.5,0.8660254037844386,4
89,134,1.0,0.0,4
89,135,1.3333333333333333,0.4714045207910317,3
89,136,1.25,0.4330127018922193,4
89,137,1.0,0.0,2
89,138,1.0,0.0,3
89,139,1.0,0.0,3
89,140,1.0,0.0,2
89,141,2.0,0.0,1
89,142,1.3333333333333333,0.4714045207910317,3
89,143,1.5,0.5,2
89,144,1.5,0.5,2
89,145,2.0,0.0,1
89,146,1.0,0.0,2
89,147,1.0,0.0,1
89,148,1.0,0.0,1
89,149,1.0,0.0,3
89,150,1.0,0.0,1
89,151,1.75,0.82915619758885,4
89,152,1.5,0.5,6
89,153,1.4,0.8,5
89,154,1.2222222222222223,0.41573970964154905,9
89,155,1.0,0.0,5
89,156,1.0,0.0,2
89,157,1.0,0.0,2
89,158,1.0,0.0,2
89,159,1.0,0.0,2
89,160,1.0,0.0,2
89,161,1.0,0.0,3
89,162,1.0,0.0,1
89,163,1.6666666666666667,0.4714045207910317,3
89,164,1.3333333333333333,0.4714045207910317,3
89,165,3.0,2.0,2
89,166,4.0,0.0,1
89,167,2.5,1.5,2
90,0,23.5,4.272001872658765,8
90,1,12.125,2.368411915187052,8
90,2,9.5,3.24037034920393,8
90,3,7.428571428571429,2.498979383505129,7
90,4,6.0,2.0615528128088303,8
90,5,6.125,2.4206145913796355,8
90,6,19.125,5.732309743899051,8
90,7,35.625,13.480889251084292,8
90,8,55.125,22.335160062108354,8
90,9,62.75,18.713297411199342,8
90,10,58.5,15.548311805466213,8
90,11,63.375,14.653817761934942,8
90,12,68.25,17.173744495595596,8
90,13,64.75,14.558073361540668,8
90,14,71.625,22.3994280060898,8
90,15,75.125,15.917266568101446,8
90,16,71.625,18.027323012582873,8
90,17,82.5,21.534855467358028,8
90,18,93.25,26.08519695152789,8
90,19,75.375,22.405007810755166,8
90,20,72.5,17.051392904979934,8
90,21,82.25,25.108514492100085,8
90,22,66.5,18.66815470259447,8
90,23,42.375,15.699820858850588,8
90,24,23.875,9.816281118631434,8
90,25,14.5,4.847679857416329,8
90,26,7.125,3.4072532926097527,8
90,27,5.75,1.3919410907075054,8
90,28,6.375,3.7728470681966426,8
90,29,8.125,3.0998991919093113,8
90,30,15.875,5.818880906153691,8
90,31,35.375,11.831499271013797,8
90,32,63.875,18.71120987536616,8
90,33,72.125,19.88364591819116,8
90,34,78.125,14.321640094626034,8
90,35,76.0,9.16515138991168,8
90,36,78.0,10.805091392487155,8
90,37,82.375,12.226380290175829,8
90,38,88.875,15.695839416864585,8
90,39,92.25,19.60070151805797,8
90,40,93.25,22.275266552838374,8
90,41,111.0,24.289915602982237,8
90,42,118.375,28.744292911811208,8
90,43,112.375,25.553558949782317,8
90,44,106.25,30.515364982251153,8
90,45,116.0,30.099833886584822,8
90,46,102.375,34.23060582285975,8
90,47,80.0,29.92908284595437,8
90,48,44.888888888888886,16.02390189993578,9
90,49,22.444444444444443,11.767290928776646,9
90,50,11.222222222222221,8.229726305396092,9
90,51,7.666666666666667,5.497474167490214,9
90,52,6.888888888888889,2.5579698740491863,9
90,53,7.666666666666667,3.197221015541813,9
90,54,17.0,4.69041575982343,9
90,55,45.77777777777778,15.222627731825028,9
90,56,79.66666666666667,27.556003580587177,9
90,57,82.77777777777777,16.184888547158756,9
90,58,78.33333333333333,11.671427600007732,9
90,59,78.0,14.157840387730202,9
90,60,87.33333333333333,14.11854572303158,9
90,61,89.88888888888889,12.332832822676984,9
90,62,90.33333333333333,14.499042113954363,9
90,63,90.66666666666667,9.580071908799944,9
90,64,93.88888888888889,21.946624364299268,9
90,65,111.55555555555556,23.367171231409777,9
90,66,134.33333333333334,27.60434748368452,9
90,67,115.88888888888889,27.63027503962695,9
90,68,111.77777777777777,35.00723029374797,9
90,69,138.0,36.08015767395949,9
90,70,115.11111111111111,36.12768850263202,9
90,71,92.66666666666667,28.534579412043595,9
90,72,56.44444444444444,18.142100277231844,9
90,73,28.444444444444443,8.629550150643377,9
90,74,15.0,7.972173828734266,9
90,75,9.222222222222221,4.613453220450377,9
90,76,7.333333333333333,5.291502622129181,9
90,77,7.0,1.4142135623730951,9
90,78,16.333333333333332,5.228129047119374,9
90,79,43.666666666666664,18.31817555204545,9
90,80,70.55555555555556,26.86638176487118,9
90,81,76.55555555555556,27.805319679319204,9
90,82,71.44444444444444,17.442675069502585,9
90,83,74.22222222222223,15.280908770079945,9
90,84,84.77777777777777,17.138506208585635,9
90,85,84.44444444444444,14.423061095274633,9
90,86,88.66666666666667,22.924998485399197,9
90,87,86.11111111111111,12.377797725896551,9
90,88,89.77777777777777,19.7415398351225,9
90,89,104.33333333333333,25.94010194445829,9
90,90,131.77777777777777,37.978876520091994,9
90,91,118.88888888888889,41.982653678353195,9
90,92,108.55555555555556,39.5196466221018,9
90,93,134.0,46.53791763473929,9
90,94,125.22222222222223,44.84486289860927,9
90,95,109.11111111111111,42.66521988287792,9
90,96,85.77777777777777,34.76197724135373,9
90,97,45.666666666666664,20.779263167344933,9
90,98,32.111111111111114,17.03228597200325,9
90,99,17.666666666666668,5.868938953886336,9
90,100,11.88888888888889,3.5728744868474505,9
90,101,9.444444444444445,4.524282904778296,9
90,102,16.11111111111111,9.982701086762757,9
90,103,34.888888888888886,13.152477117295724,9
90,104,54.111111111111114,20.124305064299428,9
90,105,63.111111111111114,15.41604102834623,9
90,106,71.77777777777777,17.630641116330384,9
90,107,83.11111111111111,16.072367207549764,9
90,108,80.44444444444444,12.120791238484127,9
90,109,82.66666666666667,15.606266547626165,9
90,110,91.55555555555556,14.945167268764777,9
90,111,99.55555555555556,12.39274977208772,9
90,112,102.33333333333333,19.026297590440446,9
90,113,124.33333333333333,33.37996737898679,9
90,114,151.22222222222223,39.98549119584302,9
90,115,132.66666666666666,42.13206749153323,9
90,116,106.44444444444444,25.798841968460138,9
90,117,112.44444444444444,29.2084885344849,9
90,118,110.66666666666667,28.925190866555518,9
90,119,123.88888888888889,45.179750735735695,9
90,120,126.22222222222223,51.64145143363846,9
90,121,103.88888888888889,51.416479080034776,9
90,122,73.33333333333333,29.192845394415087,9
90,123,43.111111111111114,13.219887749098532,9
90,124,26.0,8.013876853447538,9
90,125,10.777777777777779,2.739739556875101,9
90,126,11.11111111111111,4.700932400290262,9
90,127,19.444444444444443,5.813989089756057,9
90,128,31.88888888888889,10.598159635253706,9
90,129,56.22222222222222,13.314801936840215,9
90,130,74.88888888888889,15.073482561876995,9
90,131,91.55555555555556,15.924203179863671,9
90,132,102.77777777777777,15.998456715694505,9
90,133,99.66666666666667,16.786237749352228,9
90,134,99.33333333333333,22.50925735484551,9
90,135,113.55555555555556,21.79251202241067,9
90,136,113.66666666666667,25.16611478423583,9
90,137,114.77777777777777,38.7664739971646,9
90,138,124.66666666666667,32.567877834864625,9
90,139,139.55555555555554,43.65549758204346,9
90,140,108.0,33.65511352924941,9
90,141,126.33333333333333,38.02630668366309,9
90,142,118.0,37.72119946248911,9
90,143,122.66666666666667,41.46752410689063,9
90,144,128.22222222222223,52.24042236041992,9
90,145,116.66666666666667,57.59436700851144,9
90,146,73.88888888888889,41.7570870749823,9
90,147,56.55555555555556,27.44736826530657,9
90,148,38.888888888888886,13.469673298392657,9
90,149,15.555555555555555,6.897843642297225,9
90,150,10.444444444444445,8.434204317488154,9
90,151,18.444444444444443,6.112121128655585,9
90,152,29.88888888888889,10.743933114340955,9
90,153,47.44444444444444,16.958191145095054,9
90,154,68.33333333333333,15.733898294941262,9
90,155,76.22222222222223,16.89035081391988,9
90,156,86.88888888888889,22.082896571501987,9
90,157,92.55555555555556,23.362415738442003,9
90,158,87.77777777777777,27.152973145077205,9
90,159,94.22222222222223,19.747167323035235,9
90,160,90.77777777777777,27.78399930326717,9
90,161,100.66666666666667,29.881246441353294,9
90,162,89.44444444444444,25.60430133617358,9
90,163,75.11111111111111,16.07927889790283,9
90,164,68.66666666666667,23.213980461973534,9
90,165,59.666666666666664,11.215069227507147,9
90,166,50.888888888888886,17.546411120507706,9
90,167,39.44444444444444,10.945431427577557,9
91,3,1.0,0.0,1
91,4,1.0,0.0,3
91,5,1.25,0.4330127018922193,4
91,6,2.4,1.4966629547095764,5
91,7,2.2857142857142856,1.2777531299998799,7
91,8,1.3333333333333333,0.74535599249993,6
91,9,1.3333333333333333,0.4714045207910317,6
91,10,1.4,0.4898979485566356,5
91,11,2.0,1.0,2
91,12,1.0,0.0,3
91,13,1.4,0.4898979485566356,5
91,14,1.0,0.0,3
91,15,1.0,0.0,5
91,16,3.0,0.0,1
91,17,1.25,0.4330127018922193,4
91,18,1.0,0.0,1
91,19,1.0,0.0,1
91,20,1.0,0.0,1
91,21,1.0,0.0,2
91,22,1.0,0.0,2
91,23,1.0,0.0,1
91,28,1.6666666666666667,0.74535599249993,6
91,29,1.6,0.8,5
91,30,1.4285714285714286,0.7284313590846835,7
91,31,3.5,1.2583057392117916,6
91,32,2.0,1.224744871391589,4
91,33,1.2,0.4000000000000001,5
91,34,2.0,1.0,6
91,35,1.1666666666666667,0.3726779962499649,6
91,36,1.3333333333333333,0.4714045207910317,3
91,37,1.3333333333333333,0.4714045207910317,3
91,38,1.5,0.5,2
91,39,1.0,0.0,1
91,40,1.0,0.0,2
91,41,1.0,0.0,3
91,42,1.0,0.0,1
91,45,2.0,0.0,1
91,47,1.0,0.0,1
91,49,1.0,0.0,1
91,51,1.0,0.0,1
91,52,1.3333333333333333,0.4714045207910317,3
91,53,1.8,1.1661903789690604,5
91,54,2.25,1.0897247358851685,4
91,55,2.5,1.0,8
91,56,1.5,0.5,6
91,57,1.6,0.4898979485566356,5
91,58,1.0,0.0,5
91,59,1.2857142857142858,0.6998542122237652,7
91,60,1.0,0.0,5
91,61,1.6,1.2,5
91,62,1.3333333333333333,0.4714045207910317,3
91,63,1.0,0.0,4
91,64,2.0,0.0,2
91,65,1.0,0.0,2
91,66,1.0,0.0,1
91,67,1.0,0.0,1
91,70,1.0,0.0,1
91,72,1.0,0.0,1
91,75,1.0,0.0,1
91,76,1.8,0.7483314773547883,5
91,77,1.8333333333333333,0.6871842709362768,6
91,78,1.8571428571428572,0.8329931278350429,7
91,79,2.375,0.6959705453537527,8
91,80,1.2857142857142858,0.45175395145262565,7
91,81,1.5,0.7637626158259734,6
91,82,1.0,0.0,4
91,83,1.4,0.8,5
91,84,1.0,0.0,4
91,85,1.5,0.8660254037844386,4
91,86,1.0,0.0,3
91,87,1.0,0.0,1
91,88,1.0,0.0,5
91,89,1.5,0.5,2
91,90,1.0,0.0,1
91,91,1.0,0.0,1
91,92,1.0,0.0,2
91,95,1.0,0.0,2
91,96,1.0,0.0,1
91,99,1.0,0.0,2
91,100,1.0,0.0,2
91,101,1.3333333333333333,0.4714045207910317,6
91,102,1.3333333333333333,0.4714045207910317,3
91,103,2.0,0.9258200997725514,7
91,104,2.142857142857143,1.3552618543578767,7
91,105,1.5714285714285714,0.4948716593053935,7
91,106,1.25,0.4330127018922193,4
91,107,1.75,0.4330127018922193,4
91,108,1.6666666666666667,0.9428090415820634,3
91,109,2.0,0.0,1
91,110,1.0,0.0,1
91,111,1.75,0.82915619758885,4
91,112,1.0,0.0,5
91,113,1.0,0.0,1
91,114,1.0,0.0,4
91,115,1.0,0.0,2
91,116,1.0,0.0,2
91,117,1.0,0.0,2
91,118,1.0,0.0,1
91,119,1.5,0.5,2
91,120,1.0,0.0,1
91,123,1.0,0.0,3
91,124,1.0,0.0,1
91,125,1.0,0.0,3
91,128,1.0,0.0,3
91,129,1.25,0.4330127018922193,8
91,130,1.0,0.0,1
91,131,1.0,0.0,2
91,132,1.5,0.8660254037844386,4
91,133,1.8,0.7483314773547883,5
91,134,1.0,0.0,3
91,135,2.0,0.0,1
91,136,1.3333333333333333,0.4714045207910317,3
91,137,1.0,0.0,2
91,138,1.0,0.0,2
91,139,1.0,0.0,1
91,140,1.0,0.0,1
91,141,1.0,0.0,2
91,143,1.0,0.0,2
91,144,1.0,0.0,1
91,145,1.0,0.0,1
91,146,1.0,0.0,1
91,148,1.0,0.0,2
91,149,1.0,0.0,2
91,150,1.0,0.0,1
91,151,1.75,0.82915619758885,4
91,152,1.3333333333333333,0.4714045207910317,6
91,153,1.4285714285714286,0.4948716593053935,7
91,154,1.0,0.0,3
91,155,1.0,0.0,5
91,156,1.3333333333333333,0.4714045207910317,3
91,157,1.5,0.8660254037844386,4
91,158,1.0,0.0,3
91,159,1.0,0.0,4
91,160,1.0,0.0,1
91,161,1.0,0.0,1
91,163,1.0,0.0,1
91,164,3.0,0.0,1
91,165,1.0,0.0,1
91,166,1.5,0.5,2
92,0,1.0,0.0,2
92,1,1.0,0.0,2
92,2,1.0,0.0,1
92,3,2.0,0.0,1
92,4,1.5,0.5,2
92,5,1.25,0.4330127018922193,4
92,6,2.0,0.0,1
92,7,1.0,0.0,2
92,8,2.0,1.0,2
92,9,1.0,0.0,2
92,10,1.0,0.0,4
92,11,1.3333333333333333,0.4714045207910317,3
92,12,1.5,0.5,2
92,13,1.0,0.0,4
92,15,1.0,0.0,3
92,16,1.0,0.0,1
92,17,1.0,0.0,1
92,19,2.0,0.0,1
92,20,3.0,0.0,1
92,21,1.0,0.0,1
92,22,1.0,0.0,1
92,23,1.0,0.0,1
92,24,1.0,0.0,1
92,27,1.0,0.0,1
92,29,1.2,0.4,5
92,31,2.0,0.0,1
92,32,1.0,0.0,3
92,33,2.0,0.0,2
92,34,1.5,0.5,2
92,35,1.0,0.0,3
92,36,1.25,0.4330127018922193,4
92,37,1.0,0.0,3
92,38,1.0,0.0,1
92,39,1.0,0.0,4
92,40,1.0,0.0,1
92,42,1.0,0.0,2
92,43,1.0,0.0,1
92,44,1.0,0.0,1
92,45,1.0,0.0,2
92,46,1.0,0.0,1
92,47,1.5,0.5,2
92,48,1.0,0.0,2
92,49,1.0,0.0,2
92,53,1.2,0.4,5
92,54,1.0,0.0,1
92,55,1.0,0.0,2
92,56,1.0,0.0,6
92,57,1.3333333333333333,0.74535599249993,6
92,58,1.5,0.5,4
92,59,1.0,0.0,6
92,60,2.0,0.8944271909999159,5
92,61,1.0,0.0,4
92,62,1.0,0.0,2
92,63,2.2,1.6,5
92,64,1.0,0.0,2
92,65,1.0,0.0,3
92,68,1.0,0.0,2
92,71,1.0,0.0,1
92,72,1.0,0.0,1
92,73,3.0,0.0,1
92,75,1.0,0.0,1
92,77,1.0,0.0,4
92,78,1.0,0.0,2
92,79,1.0,0.0,4
92,80,1.0,0.0,5
92,82,1.3333333333333333,0.4714045207910317,3
92,83,1.6,0.8,5
92,84,1.3333333333333333,0.4714045207910317,3
92,85,1.5,0.5,4
92,86,1.5,0.5,2
92,87,1.3333333333333333,0.4714045207910317,3
92,89,1.0,0.0,1
92,90,1.1666666666666667,0.3726779962499649,6
92,91,1.0,0.0,1
92,92,1.0,0.0,2
92,93,1.0,0.0,1
92,94,2.0,0.0,1
92,95,2.0,0.0,1
92,97,1.0,0.0,1
92,100,1.0,0.0,2
92,101,1.0,0.0,1
92,102,1.25,0.4330127018922193,4
92,103,1.0,0.0,1
92,104,1.2,0.4,5
92,105,1.6666666666666667,0.4714045207910317,3
92,106,1.5,0.8660254037844386,4
92,107,1.3333333333333333,0.4714045207910317,3
92,108,1.25,0.4330127018922193,4
92,109,1.0,0.0,1
92,110,1.3333333333333333,0.4714045207910317,3
92,111,1.0,0.0,3
92,112,1.3333333333333333,0.4714045207910317,3
92,113,1.0,0.0,1
92,115,1.0,0.0,2
92,118,1.0,0.0,2
92,119,1.5,0.5,4
92,124,1.0,0.0,1
92,125,1.0,0.0,1
92,126,1.0,0.0,1
92,127,1.0,0.0,2
92,128,1.0,0.0,3
92,129,1.0,0.0,3
92,130,1.0,0.0,2
92,131,1.0,0.0,3
92,132,2.0,0.0,1
92,133,1.5,0.5,2
92,134,1.0,0.0,2
92,135,1.0,0.0,3
92,136,1.0,0.0,2
92,138,2.0,0.0,1
92,140,1.0,0.0,1
92,141,2.0,0.0,1
92,142,1.0,0.0,1
92,143,1.0,0.0,3
92,144,1.0,0.0,1
92,149,1.0,0.0,1
92,151,1.0,0.0,1
92,152,2.0,0.0,1
92,153,2.0,0.0,1
92,154,1.0,0.0,2
92,156,1.0,0.0,3
92,157,1.5,0.8660254037844386,4
92,158,1.0,0.0,3
92,159,1.0,0.0,3
92,161,1.0,0.0,1
92,165,5.0,0.0,1
92,166,1.5,0.5,2
92,167,1.0,0.0,1
93,1,1.0,0.0,2
93,4,1.0,0.0,1
93,5,1.0,0.0,3
93,7,1.0,0.0,3
93,8,1.0,0.0,1
93,9,1.0,0.0,2
93,10,1.0,0.0,1
93,11,1.5,0.5,2
93,12,1.0,0.0,2
93,13,1.0,0.0,2
93,14,1.0,0.0,1
93,15,1.25,0.4330127018922193,4
93,16,3.857142857142857,0.8329931278350429,7
93,17,1.0,0.0,3
93,18,1.5,0.5,2
93,19,2.0,1.0,2
93,20,1.3333333333333333,0.4714045207910317,3
93,21,1.25,0.4330127018922193,4
93,22,1.2,0.4,5
93,23,1.3333333333333333,0.4714045207910317,3
93,24,1.3333333333333333,0.4714045207910317,3
93,29,1.0,0.0,1
93,30,1.0,0.0,2
93,31,2.0,0.0,1
93,32,2.0,0.0,2
93,33,1.0,0.0,1
93,34,1.0,0.0,2
93,35,3.0,0.0,1
93,36,1.0,0.0,1
93,37,1.5,0.5,2
93,38,2.0,0.0,2
93,39,1.0,0.0,1
93,40,2.4285714285714284,1.2936264483053452,7
93,41,1.0,0.0,4
93,42,1.0,0.0,2
93,44,1.25,0.4330127018922193,4
93,45,1.1666666666666667,0.3726779962499649,6
93,46,1.25,0.4330127018922193,4
93,47,1.0,0.0,4
93,48,1.0,0.0,3
93,49,1.0,0.0,2
93,50,1.0,0.0,1
93,51,1.0,0.0,1
93,52,1.0,0.0,3
93,53,1.0,0.0,2
93,54,1.0,0.0,4
93,55,1.0,0.0,1
93,56,2.0,0.0,3
93,57,1.0,0.0,2
93,58,1.5,0.5,2
93,59,1.0,0.0,4
93,60,1.0,0.0,5
93,61,1.0,0.0,5
93,62,1.0,0.0,2
93,63,1.0,0.0,4
93,64,2.75,1.5612494995995996,8
93,65,1.3333333333333333,0.4714045207910317,3
93,66,1.0,0.0,1
93,67,2.0,0.0,1
93,68,1.0,0.0,4
93,69,1.2857142857142858,0.45175395145262565,7
93,70,1.6,0.8,5
93,71,1.0,0.0,4
93,72,1.0,0.0,2
93,73,1.0,0.0,1
93,74,1.0,0.0,1
93,75,1.0,0.0,1
93,76,2.0,0.0,1
93,77,1.3333333333333333,0.4714045207910317,3
93,78,1.0,0.0,1
93,79,2.0,1.4142135623730951,3
93,80,1.25,0.4330127018922193,4
93,81,3.0,2.0,2
93,82,1.0,0.0,2
93,83,1.0,0.0,3
93,84,1.0,0.0,2
93,85,1.5,0.5,2
93,86,1.0,0.0,1
93,87,1.5,0.8660254037844386,4
93,88,3.25,0.9682458365518543,8
93,89,1.0,0.0,4
93,90,1.0,0.0,3
93,91,1.0,0.0,1
93,92,1.0,0.0,2
93,93,1.0,0.0,3
93,94,1.6666666666666667,1.1055415967851332,6
93,95,2.0,0.0,3
93,99,1.0,0.0,1
93,100,1.0,0.0,1
93,101,1.25,0.4330127018922193,4
93,102,1.0,0.0,3
93,103,1.0,0.0,4
93,104,1.0,0.0,4
93,105,1.25,0.4330127018922193,4
93,106,1.0,0.0,3
93,107,1.0,0.0,2
93,108,1.0,0.0,2
93,109,1.0,0.0,1
93,110,1.0,0.0,4
93,111,1.0,0.0,4
93,112,2.5555555555555554,1.4229164972072998,9
93,113,1.5,0.5,6
93,114,1.25,0.4330127018922193,4
93,115,1.0,0.0,3
93,116,1.0,0.0,2
93,117,1.6,0.8,5
93,118,1.8,0.7483314773547883,5
93,119,1.0,0.0,2
93,120,1.0,0.0,5
93,121,1.0,0.0,1
93,123,1.0,0.0,1
93,124,1.0,0.0,1
93,125,1.0,0.0,4
93,126,1.3333333333333333,0.4714045207910317,6
93,127,1.8,0.7483314773547883,5
93,128,2.0,0.7071067811865476,4
93,129,1.8333333333333333,0.3726779962499649,6
93,130,1.2,0.4000000000000001,5
93,131,1.2,0.4,5
93,132,1.0,0.0,2
93,133,1.6,0.8,5
93,134,1.6,0.4898979485566356,5
93,135,1.0,0.0,4
93,136,1.4,0.8,5
93,137,1.3333333333333333,0.4714045207910317,3
93,138,1.0,0.0,3
93,139,1.0,0.0,4
93,140,1.0,0.0,3
93,141,1.1666666666666667,0.3726779962499649,6
93,142,1.2,0.4,5
93,143,1.0,0.0,5
93,144,1.0,0.0,3
93,145,1.0,0.0,1
93,149,1.4,0.4898979485566356,5
93,150,2.4,0.4898979485566356,5
93,151,2.142857142857143,1.6413036132965795,7
93,152,1.5714285714285714,0.7284313590846836,7
93,153,2.0,0.816496580927726,6
93,154,1.75,0.82915619758885,4
93,155,1.25,0.4330127018922193,4
93,156,1.0,0.0,5
93,157,1.0,0.0,1
93,158,1.5,0.7637626158259734,6
93,159,1.5714285714285714,0.4948716593053935,7
93,160,1.5,0.7637626158259734,6
93,161,1.0,0.0,4
93,162,1.25,0.4330127018922193,4
93,163,2.0,0.0,2
93,164,1.3333333333333333,0.7453559924999299,6
93,165,1.6,0.4898979485566356,5
93,166,1.625,0.8569568250501305,8
93,167,1.6666666666666667,0.4714045207910317,3
94,1,2.0,0.0,1
94,4,1.0,0.0,3
94,5,1.0,0.0,1
94,6,1.0,0.0,1
94,7,1.0,0.0,3
94,8,1.3333333333333333,0.4714045207910317,3
94,9,1.0,0.0,2
94,10,1.0,0.0,1
94,11,2.0,0.0,1
94,12,1.0,0.0,1
94,13,1.0,0.0,3
94,14,1.0,0.0,2
94,15,1.0,0.0,1
94,17,1.0,0.0,1
94,18,1.0,0.0,1
94,20,1.0,0.0,1
94,22,1.0,0.0,2
94,30,1.0,0.0,2
94,32,1.0,0.0,1
94,33,1.0,0.0,1
94,34,2.0,0.0,1
94,35,1.0,0.0,3
94,36,1.0,0.0,2
94,37,1.0,0.0,1
94,38,1.5,0.5,2
94,39,1.0,0.0,1
94,41,1.0,0.0,2
94,43,1.0,0.0,1
94,47,1.0,0.0,2
94,52,1.0,0.0,2
94,53,1.0,0.0,2
94,54,1.0,0.0,4
94,56,1.5,0.5,2
94,57,1.0,0.0,2
94,59,1.5,0.5,2
94,60,1.0,0.0,3
94,61,1.0,0.0,2
94,65,1.0,0.0,2
94,66,1.0,0.0,2
94,68,1.0,0.0,2
94,77,1.0,0.0,3
94,78,1.0,0.0,1
94,79,1.5,0.5,2
94,80,1.0,0.0,1
94,81,1.3333333333333333,0.4714045207910317,3
94,82,2.0,0.0,1
94,83,1.0,0.0,2
94,85,1.0,0.0,1
94,86,3.0,0.0,1
94,87,1.0,0.0,2
94,91,1.0,0.0,1
94,94,1.0,0.0,1
94,96,1.0,0.0,1
94,99,1.0,0.0,1
94,100,1.0,0.0,1
94,102,1.0,0.0,1
94,103,1.0,0.0,1
94,104,1.0,0.0,2
94,105,1.0,0.0,2
94,106,1.0,0.0,2
94,108,1.0,0.0,2
94,110,1.0,0.0,1
94,111,1.0,0.0,2
94,114,1.0,0.0,2
94,115,1.0,0.0,2
94,116,1.0,0.0,1
94,117,1.0,0.0,1
94,119,2.0,0.0,1
94,125,1.0,0.0,1
94,126,1.0,0.0,2
94,128,1.0,0.0,1
94,130,1.0,0.0,2
94,132,1.0,0.0,1
94,133,1.0,0.0,1
94,134,1.0,0.0,1
94,135,1.0,0.0,4
94,137,1.0,0.0,1
94,138,1.0,0.0,1
94,139,1.0,0.0,1
94,140,1.0,0.0,2
94,142,1.0,0.0,1
94,143,1.0,0.0,1
94,145,1.0,0.0,1
94,146,1.0,0.0,1
94,148,1.0,0.0,2
94,150,1.0,0.0,1
94,152,1.3333333333333333,0.4714045207910317,3
94,153,1.5,0.5,4
94,154,1.0,0.0,1
94,157,1.0,0.0,2
94,158,1.0,0.0,2
94,159,1.0,0.0,3
94,165,1.5,0.5,2
95,0,1.6666666666666667,0.9428090415820634,3
95,1,1.25,0.4330127018922193,4
95,4,2.0,0.0,1
95,5,1.5,0.7637626158259734,6
95,6,1.0,0.0,4
95,7,2.3333333333333335,2.134374745810949,6
95,8,1.4,0.4898979485566356,5
95,9,1.4285714285714286,0.7284313590846835,7
95,10,2.0,1.0954451150103321,5
95,11,1.8571428571428572,0.9897433186107869,7
95,12,1.625,0.6959705453537527,8
95,13,1.2,0.4,5
95,14,1.8333333333333333,0.8975274678557508,6
95,15,1.8,0.7483314773547883,5
95,16,2.3333333333333335,0.4714045207910317,3
95,17,2.0,0.0,3
95,18,1.8,0.4,5
95,19,1.25,0.4330127018922193,4
95,20,1.0,0.0,3
95,21,1.0,0.0,1
95,22,1.0,0.0,2
95,23,2.3333333333333335,1.247219128924647,3
95,24,2.0,0.0,1
95,25,1.0,0.0,1
95,27,1.0,0.0,1
95,29,1.4285714285714286,0.4948716593053935,7
95,30,1.6,0.8,5
95,31,1.4,0.8000000000000002,5
95,32,1.0,0.0,6
95,33,2.5,1.118033988749895,4
95,34,1.8,0.4000000000000001,5
95,35,2.5,0.9574271077563381,6
95,36,2.5,0.9574271077563381,6
95,37,2.25,0.9682458365518543,8
95,38,1.0,0.0,1
95,39,1.0,0.0,4
95,40,2.5,1.118033988749895,6
95,41,1.5,0.5,2
95,42,1.25,0.4330127018922193,4
95,43,1.0,0.0,3
95,44,1.0,0.0,2
95,45,1.6666666666666667,0.9428090415820634,3
95,46,2.0,0.0,1
95,47,1.25,0.4330127018922193,4
95,48,3.0,0.0,1
95,49,1.5,0.8660254037844386,4
95,53,1.1428571428571428,0.3499271061118826,7
95,54,2.0,0.7071067811865476,4
95,55,1.6,0.8,5
95,56,1.3333333333333333,0.4714045207910317,3
95,57,2.1666666666666665,0.8975274678557507,6
95,58,2.2,1.6,5
95,59,1.625,0.6959705453537527,8
95,60,2.0,0.7559289460184544,7
95,61,1.4,0.4898979485566356,5
95,62,2.0,1.0690449676496976,7
95,63,1.6,0.8,5
95,64,1.6,0.8,5
95,65,1.25,0.4330127018922193,4
95,66,1.25,0.4330127018922193,4
95,67,1.25,0.4330127018922193,4
95,68,1.1428571428571428,0.3499271061118826,7
95,69,1.1428571428571428,0.3499271061118826,7
95,70,1.25,0.4330127018922193,4
95,71,1.3333333333333333,0.4714045207910317,3
95,72,1.6666666666666667,0.4714045207910317,3
95,73,1.0,0.0,1
95,77,1.0,0.0,4
95,78,1.25,0.4330127018922193,4
95,79,1.0,0.0,3
95,80,1.5714285714285714,0.9035079029052513,7
95,81,2.0,1.0690449676496976,7
95,82,1.5,0.8660254037844386,4
95,83,2.142857142857143,0.989743318610787,7
95,84,2.0,1.0,8
95,85,1.4,0.4898979485566356,5
95,86,1.1428571428571428,0.3499271061118826,7
95,87,1.6,0.4898979485566356,5
95,88,1.6,0.4898979485566356,5
95,89,1.0,0.0,7
95,90,1.5,0.5,4
95,91,1.0,0.0,3
95,92,1.0,0.0,3
95,93,1.5,0.5,4
95,94,1.0,0.0,3
95,95,1.0,0.0,1
95,96,1.25,0.4330127018922193,4
95,97,1.0,0.0,1
95,98,1.0,0.0,2
95,100,1.0,0.0,2
95,101,1.2,0.4,5
95,102,1.2,0.4,5
95,103,1.8571428571428572,1.124858267715973,7
95,104,2.0,0.816496580927726,6
95,105,2.0,0.816496580927726,6
95,106,1.6666666666666667,0.9428090415820634,3
95,107,1.0,0.0,6
95,108,1.8571428571428572,0.8329931278350429,7
95,109,1.5714285714285714,0.4948716593053935,7
95,110,1.8,1.1661903789690602,5
95,111,1.25,0.4330127018922193,4
95,112,1.5714285714285714,0.7284313590846835,7
95,113,1.6,0.4898979485566356,5
95,114,1.25,0.4330127018922193,4
95,115,2.0,0.816496580927726,6
95,116,2.0,0.0,1
95,117,1.0,0.0,2
95,118,1.6666666666666667,0.9428090415820634,3
95,119,2.0,1.224744871391589,4
95,120,1.25,0.4330127018922193,4
95,121,1.5,0.5,2
95,122,1.0,0.0,4
95,123,1.0,0.0,1
95,124,1.0,0.0,3
95,126,1.0,0.0,1
95,127,1.0,0.0,5
95,128,1.0,0.0,2
95,129,1.25,0.4330127018922193,4
95,130,1.125,0.33071891388307384,8
95,131,1.4,0.4898979485566356,5
95,132,1.0,0.0,1
95,133,1.3333333333333333,0.4714045207910317,3
95,134,1.2,0.4,5
95,135,2.0,0.0,2
95,136,1.6666666666666667,0.4714045207910317,3
95,137,1.25,0.4330127018922193,4
95,138,2.2,1.469693845669907,5
95,139,1.5,0.5,4
95,140,1.4,0.4898979485566356,5
95,141,1.0,0.0,5
95,142,2.0,0.816496580927726,3
95,143,2.0,0.0,4
95,144,1.6666666666666667,0.4714045207910317,3
95,145,1.75,1.299038105676658,4
95,146,1.0,0.0,1
95,148,1.0,0.0,3
95,149,1.0,0.0,2
95,150,1.6666666666666667,0.4714045207910317,3
95,151,1.0,0.0,2
95,153,1.0,0.0,3
95,154,3.0,1.0,2
95,155,1.3333333333333333,0.4714045207910317,3
95,156,1.4,0.4898979485566356,5
95,157,1.0,0.0,2
95,158,1.6,1.2,5
95,159,1.3333333333333333,0.4714045207910317,3
95,160,1.3333333333333333,0.7453559924999299,6
95,161,1.5,1.118033988749895,6
95,162,1.6666666666666667,0.4714045207910317,3
95,163,1.6666666666666667,1.1055415967851332,6
95,164,2.5,2.0615528128088303,4
95,165,2.0,1.4142135623730951,3
95,166,2.3333333333333335,2.5603819159562025,6
95,167,1.4,0.8,5
96,16,1.0,0.0,1
96,44,1.0,0.0,1
96,70,1.0,0.0,1
96,80,1.0,0.0,1
96,111,1.0,0.0,2
96,133,1.0,0.0,1
96,144,1.0,0.0,1
96,151,1.0,0.0,1
96,153,1.0,0.0,1
96,155,1.0,0.0,1
96,159,1.0,0.0,1
96,162,1.0,0.0,1
96,166,1.0,0.0,1
96,167,1.0,0.0,1
97,0,1.5,0.7071067811865476,8
97,1,1.0,0.0,2
97,2,1.0,0.0,2
97,4,1.0,0.0,2
97,5,1.0,0.0,1
97,6,1.6,0.4898979485566356,5
97,7,2.4,1.4966629547095764,5
97,8,2.2,0.7483314773547882,5
97,9,1.2857142857142858,0.45175395145262565,7
97,10,1.8571428571428572,0.8329931278350429,7
97,11,2.6666666666666665,0.7453559924999298,6
97,12,1.7142857142857142,1.0301575072754257,7
97,13,2.125,0.9270248108869579,8
97,14,1.625,0.6959705453537527,8
97,15,1.25,0.4330127018922193,8
97,16,2.5,0.9574271077563381,6
97,17,1.8333333333333333,1.8633899812498247,6
97,18,2.8,1.7204650534085253,5
97,19,2.5714285714285716,1.178030178747903,7
97,20,1.2,0.4,5
97,21,1.875,1.0532687216470449,8
97,22,4.25,4.548351349665063,4
97,23,2.75,1.7853571071357126,8
97,24,1.3333333333333333,0.4714045207910317,3
97,25,1.3333333333333333,0.4714045207910317,3
97,26,2.0,0.0,1
97,27,1.0,0.0,2
97,28,1.0,0.0,2
97,29,1.5,0.5,2
97,30,2.5,0.5,2
97,31,1.8571428571428572,1.124858267715973,7
97,32,1.7142857142857142,0.6998542122237652,7
97,33,1.7142857142857142,0.6998542122237652,7
97,34,2.1666666666666665,0.6871842709362768,6
97,35,3.0,1.4142135623730951,5
97,36,2.857142857142857,1.4568627181693672,7
97,37,2.5714285714285716,1.049781318335648,7
97,38,2.5,1.5,8
97,39,2.5714285714285716,1.178030178747903,7
97,40,1.5714285714285714,0.4948716593053935,7
97,41,2.7142857142857144,0.880630571852711,7
97,42,2.3333333333333335,1.3743685418725535,6
97,43,1.6666666666666667,0.7453559924999299,6
97,44,2.2,1.6,5
97,45,2.5,2.0,8
97,46,4.428571428571429,2.4411439272335804,7
97,47,3.0,1.2909944487358056,6
97,48,5.428571428571429,8.432202607642116,7
97,49,1.0,0.0,2
97,50,1.0,0.0,1
97,51,1.0,0.0,1
97,52,1.0,0.0,4
97,53,1.0,0.0,2
97,54,1.0,0.0,4
97,55,1.5555555555555556,0.8314794192830981,9
97,56,2.8,0.39999999999999997,5
97,57,1.5,0.7071067811865476,8
97,58,3.0,1.6733200530681511,5
97,59,1.5714285714285714,0.4948716593053935,7
97,60,1.7777777777777777,0.6285393610547089,9
97,61,1.5,0.7071067811865476,8
97,62,2.4285714285714284,1.8405855323893037,7
97,63,1.2857142857142858,0.6998542122237652,7
97,64,1.6666666666666667,0.4714045207910317,9
97,65,1.875,0.7806247497997998,8
97,66,2.3333333333333335,1.632993161855452,9
97,67,3.7142857142857144,2.1189138534559038,7
97,68,2.625,0.9921567416492215,8
97,69,5.222222222222222,2.8196838978776713,9
97,70,5.555555555555555,3.832930735702298,9
97,71,3.7142857142857144,1.9059520091609048,7
97,72,2.3333333333333335,2.7888667551135846,9
97,73,5.0,6.363961030678928,4
97,74,1.0,0.0,1
97,75,2.0,0.0,1
97,76,1.6666666666666667,0.4714045207910317,3
97,77,1.0,0.0,3
97,78,2.0,1.0,2
97,79,3.2,2.6381811916545836,5
97,80,2.6666666666666665,1.247219128924647,6
97,81,2.3333333333333335,0.4714045207910317,6
97,82,2.1666666666666665,0.6871842709362768,6
97,83,2.0,0.816496580927726,3
97,84,1.8888888888888888,0.7370277311900889,9
97,85,2.3333333333333335,1.3743685418725535,6
97,86,2.8,1.32664991614216,5
97,87,2.75,1.8540496217739157,8
97,88,2.125,1.165922381636102,8
97,89,1.8888888888888888,1.0999438818457405,9
97,90,2.25,1.1989578808281798,8
97,91,2.6666666666666665,1.4142135623730951,9
97,92,2.5714285714285716,1.761261143705422,7
97,93,3.7142857142857144,2.4327694808466287,7
97,94,5.0,2.29128784747792,8
97,95,4.5,2.29128784747792,8
97,96,5.333333333333333,7.512951779723097,9
97,97,3.5,2.9297326385411577,6
97,98,1.0,0.0,3
97,99,1.0,0.0,2
97,100,1.3333333333333333,0.4714045207910317,3
97,101,1.5,0.5,2
97,102,1.25,0.4330127018922193,4
97,103,1.6,0.8,5
97,104,1.7142857142857142,0.6998542122237652,7
97,105,3.625,1.4086784586980805,8
97,106,2.2222222222222223,1.3966450099973928,9
97,107,1.375,0.6959705453537527,8
97,108,2.5555555555555554,1.5713484026367723,9
97,109,3.3333333333333335,2.357022603955158,6
97,110,2.3333333333333335,1.2472191289246473,9
97,111,3.5,2.598076211353316,8
97,112,2.5555555555555554,1.1653431646335017,9
97,113,1.8888888888888888,1.286204100310025,9
97,114,3.3333333333333335,1.699673171197595,9
97,115,2.142857142857143,1.124858267715973,7
97,116,3.857142857142857,0.9897433186107869,7
97,117,2.7142857142857144,2.0503857277724746,7
97,118,4.875,3.822221212855164,8
97,119,5.625,3.119995993587171,8
97,120,8.5,5.408326913195984,8
97,121,2.625,2.496873044429772,8
97,122,1.6666666666666667,1.1055415967851332,6
97,123,1.0,0.0,5
97,124,1.3333333333333333,0.4714045207910317,3
97,125,1.0,0.0,4
97,126,1.6666666666666667,0.4714045207910317,3
97,127,2.0,0.0,2
97,128,1.0,0.0,4
97,129,2.0,0.816496580927726,6
97,130,2.0,0.9258200997725514,7
97,131,2.3333333333333335,1.1055415967851334,6
97,132,2.2857142857142856,1.3850513878332367,7
97,133,2.125,0.7806247497997998,8
97,134,2.625,1.3169567191065923,8
97,135,2.0,0.8660254037844386,8
97,136,2.1666666666666665,1.2133516482134197,6
97,137,2.625,1.3169567191065923,8
97,138,3.75,2.384848003542364,8
97,139,4.0,2.0701966780270626,7
97,140,4.166666666666667,2.1147629234082532,6
97,141,4.125,2.4206145913796355,8
97,142,6.111111111111111,3.8713891978187434,9
97,143,7.444444444444445,4.669311419877932,9
97,144,6.625,3.998046397929869,8
97,145,7.0,5.727128425310541,5
97,146,1.25,0.4330127018922193,4
97,147,1.2,0.4,5
97,148,1.75,0.4330127018922193,4
97,149,1.25,0.4330127018922193,4
97,150,1.25,0.4330127018922193,4
97,151,1.3333333333333333,0.4714045207910317,3
97,152,1.2,0.4,5
97,153,1.8571428571428572,0.6388765649999398,7
97,154,2.875,1.165922381636102,8
97,155,2.25,0.82915619758885,8
97,156,2.0,0.9258200997725514,7
97,157,2.4285714285714284,0.7284313590846836,7
97,158,2.875,1.165922381636102,8
97,159,2.0,0.9428090415820634,9
97,160,2.125,1.6153559979150107,8
97,161,4.428571428571429,2.969229955832361,7
97,162,1.75,1.0897247358851685,8
97,163,2.142857142857143,0.8329931278350429,7
97,164,1.8571428571428572,0.989743318610787,7
97,165,3.0,1.0690449676496976,7
97,166,1.5714285714285714,1.049781318335648,7
97,167,2.0,1.0690449676496976,7
98,0,1.0,0.0,1
98,1,1.0,0.0,1
98,4,1.0,0.0,1
98,5,1.0,0.0,1
98,6,1.0,0.0,2
98,9,1.0,0.0,1
98,12,1.0,0.0,2
98,13,1.0,0.0,2
98,14,1.0,0.0,2
98,16,2.0,0.0,1
98,17,1.0,0.0,1
98,19,1.0,0.0,1
98,21,1.0,0.0,1
98,29,1.0,0.0,1
98,30,1.0,0.0,2
98,32,1.0,0.0,2
98,33,1.0,0.0,1
98,35,1.0,0.0,1
98,36,1.0,0.0,3
98,38,1.0,0.0,2
98,53,2.0,0.0,1
98,54,1.0,0.0,1
98,55,1.0,0.0,2
98,56,1.0,0.0,1
98,57,1.0,0.0,2
98,58,1.0,0.0,1
98,59,1.0,0.0,2
98,60,1.3333333333333333,0.4714045207910317,3
98,61,2.0,0.0,1
98,62,1.0,0.0,2
98,68,1.0,0.0,1
98,75,1.0,0.0,1
98,77,1.0,0.0,1
98,78,1.0,0.0,1
98,79,1.0,0.0,1
98,80,1.0,0.0,1
98,81,1.0,0.0,3
98,82,1.0,0.0,2
98,83,1.0,0.0,1
98,84,1.0,0.0,4
98,96,1.0,0.0,1
98,101,1.0,0.0,1
98,102,1.0,0.0,1
98,103,1.0,0.0,1
98,104,1.0,0.0,1
98,105,1.0,0.0,1
98,106,1.0,0.0,3
98,107,1.0,0.0,1
98,108,1.0,0.0,2
98,109,1.0,0.0,3
98,110,1.0,0.0,1
98,111,1.0,0.0,1
98,112,1.0,0.0,1
98,113,1.0,0.0,1
98,119,1.0,0.0,1
98,127,1.0,0.0,1
98,128,1.0,0.0,1
98,129,1.0,0.0,1
98,130,1.0,0.0,1
98,135,1.0,0.0,1
98,136,1.0,0.0,1
98,138,1.0,0.0,1
98,143,1.0,0.0,1
98,152,1.0,0.0,1
98,160,1.0,0.0,1
98,163,1.0,0.0,2
98,164,1.0,0.0,2
98,166,2.0,0.0,1
100,0,19.0,6.98212002188447,8
100,1,14.0,4.847679857416329,8
100,2,9.0,4.387482193696061,8
100,3,6.0,2.449489742783178,8
100,4,8.75,3.031088913245535,8
100,5,39.875,18.650988579697323,8
100,6,81.75,29.549746191803408,8
100,7,88.375,30.351843024765397,8
100,8,67.5,21.552262062252307,8
100,9,72.5,20.328551350256124,8
100,10,73.875,16.28217967595248,8
100,11,78.75,16.414551471179468,8
100,12,78.0,17.7341478509682,8
100,13,92.375,22.726292592501753,8
100,14,87.5,9.924716620639604,8
100,15,92.0,15.491933384829668,8
100,16,94.375,21.93135597723041,8
100,17,102.25,28.51205885235228,8
100,18,112.75,32.379584617471544,8
100,19,95.375,28.455832003299427,8
100,20,85.125,26.73685424652646,8
100,21,81.25,22.219079638904937,8
100,22,70.625,16.21679299368405,8
100,23,49.625,15.94472875278849,8
100,24,36.125,19.826986029147243,8
100,25,15.75,7.344215410784191,8
100,26,8.875,2.0879116360612584,8
100,27,5.75,1.0897247358851685,8
100,28,6.25,2.436698586202241,8
100,29,44.125,12.584092140476404,8
100,30,86.0,21.47673159491453,8
100,31,89.625,20.23572027381284,8
100,32,78.75,18.417043736713012,8
100,33,72.375,12.746935906326666,8
100,34,78.0,12.668859459319927,8
100,35,88.25,12.910751333675357,8
100,36,83.5,12.399596767637245,8
100,37,92.625,9.419892515310352,8
100,38,104.375,12.746935906326666,8
100,39,104.75,11.765946625750093,8
100,40,111.25,10.951598056904755,8
100,41,129.25,30.26032881513352,8
100,42,141.0,26.870057685088806,8
100,43,120.0,24.743686063317245,8
100,44,112.125,25.59998779296584,8
100,45,112.625,21.569292408421745,8
100,46,89.375,14.63674741874027,8
100,47,78.375,29.098700572362333,8
100,48,39.44444444444444,13.913311859998691,9
100,49,22.88888888888889,3.510126444206959,9
100,50,16.0,4.546060565661952,9
100,51,10.222222222222221,3.614101326064576,9
100,52,11.11111111111111,6.0266896099202745,9
100,53,47.111111111111114,12.827439724143833,9
100,54,87.0,16.57307052620807,9
100,55,92.55555555555556,23.252770975191137,9
100,56,69.77777777777777,15.432849364461926,9
100,57,75.55555555555556,16.035454545136407,9
100,58,78.0,8.743251365736,9
100,59,88.33333333333333,7.423685817106696,9
100,60,92.66666666666667,7.133644853010899,9
100,61,90.88888888888889,12.46724102459851,9
100,62,97.66666666666667,13.063945294843617,9
100,63,98.0,12.147244772192398,9
100,64,112.44444444444444,13.969101705877003,9
100,65,127.44444444444444,21.904393831736193,9
100,66,127.44444444444444,23.650751038632112,9
100,67,122.44444444444444,31.46112631702499,9
100,68,107.55555555555556,23.166600053194934,9
100,69,116.22222222222223,24.371102094159607,9
100,70,105.0,15.91644851508443,9
100,71,77.55555555555556,19.77153459514242,9
100,72,44.666666666666664,19.8158185969358,9
100,73,24.77777777777778,10.05294625446002,9
100,74,13.333333333333334,4.898979485566356,9
100,75,8.11111111111111,2.7666443551086073,9
100,76,8.222222222222221,1.7497795275581802,9
100,77,37.22222222222222,13.381394859844088,9
100,78,80.11111111111111,30.690007220753085,9
100,79,74.33333333333333,29.616061708321567,9
100,80,74.88888888888889,23.383015889717164,9
100,81,71.66666666666667,28.13459712801226,9
100,82,79.44444444444444,21.4895897851914,9
100,83,83.66666666666667,23.151673805580447,9
100,84,84.33333333333333,27.960289300681026,9
100,85,82.11111111111111,25.357201232016667,9
100,86,91.66666666666667,30.728199137310703,9
100,87,99.0,30.3607934312952,9
100,88,94.77777777777777,30.58967791693349,9
100,89,121.11111111111111,33.610330569449246,9
100,90,128.66666666666666,32.71764729384502,9
100,91,111.88888888888889,26.471974465437317,9
100,92,104.33333333333333,27.952340390982176,9
100,93,105.11111111111111,28.972954608831873,9
100,94,87.66666666666667,17.081503967091944,9
100,95,87.77777777777777,27.703901762017317,9
100,96,71.33333333333333,29.124254878403708,9
100,97,38.44444444444444,20.10589250892004,9
100,98,18.22222222222222,6.338204754200738,9
100,99,11.222222222222221,3.9094693523909294,9
100,100,8.777777777777779,4.210510071443648,9
100,101,37.55555555555556,12.284688854298002,9
100,102,62.22222222222222,15.823876318032667,9
100,103,62.0,17.21110752456745,9
100,104,60.44444444444444,8.719213918583755,9
100,105,72.22222222222223,8.270130695968177,9
100,106,77.55555555555556,7.63196656047751,9
100,107,83.88888888888889,15.336553607092105,9
100,108,90.77777777777777,10.768036835187305,9
100,109,87.11111111111111,13.03366959876905,9
100,110,103.66666666666667,14.30617582258329,9
100,111,103.11111111111111,12.096321244672737,9
100,112,115.11111111111111,23.439967977056455,9
100,113,119.55555555555556,17.575937535361053,9
100,114,111.44444444444444,16.371459658748353,9
100,115,105.33333333333333,13.888444437333106,9
100,116,88.11111111111111,13.02514187975142,9
100,117,84.33333333333333,20.049937655763422,9
100,118,95.22222222222223,13.95849226001288,9
100,119,82.33333333333333,16.478942792411033,9
100,120,74.11111111111111,21.681761123859353,9
100,121,54.666666666666664,21.60761182752247,9
100,122,35.55555555555556,9.358431861886917,9
100,123,24.666666666666668,6.531972647421808,9
100,124,16.88888888888889,5.606433694019051,9
100,125,13.777777777777779,4.4416657980681515,9
100,126,25.444444444444443,5.397759022884942,9
100,127,31.0,10.066445913694333,9
100,128,37.666666666666664,10.022197585581939,9
100,129,55.22222222222222,10.6016537261125,9
100,130,82.55555555555556,14.629582747229145,9
100,131,94.0,18.451136670797396,9
100,132,103.33333333333333,21.602468994692867,9
100,133,109.0,18.76758434701233,9
100,134,105.11111111111111,20.02467613523344,9
100,135,102.55555555555556,12.910900744126698,9
100,136,104.55555555555556,6.465482900433846,9
100,137,94.33333333333333,9.333333333333334,9
100,138,86.33333333333333,20.0,9
100,139,87.33333333333333,15.825436627292293,9
100,140,68.55555555555556,16.77373019609407,9
100,141,61.77777777777778,16.651845261630434,9
100,142,75.22222222222223,12.743432101611992,9
100,143,68.88888888888889,9.859506911768452,9
100,144,73.55555555555556,23.395683890225524,9
100,145,58.44444444444444,17.87680751458661,9
100,146,36.888888888888886,14.208326545018473,9
100,147,22.444444444444443,4.4748956812449485,9
100,148,23.666666666666668,7.302967433402214,9
100,149,12.666666666666666,4.8074017006186525,9
100,150,20.22222222222222,5.286834334831253,9
100,151,26.444444444444443,6.849348892187751,9
100,152,38.666666666666664,9.93310961716756,9
100,153,50.111111111111114,13.278591327935391,9
100,154,66.0,14.023789311975086,9
100,155,84.55555555555556,19.482819275289195,9
100,156,89.44444444444444,23.678922231062195,9
100,157,95.88888888888889,21.178838728233973,9
100,158,90.0,16.57307052620807,9
100,159,95.55555555555556,15.51423082285072,9
100,160,84.88888888888889,17.48297231558908,9
100,161,90.55555555555556,35.20451710635097,9
100,162,87.22222222222223,28.943538053626554,9
100,163,74.11111111111111,26.18924480029687,9
100,164,65.66666666666667,25.30700386146974,9
100,165,55.888888888888886,16.993099543601968,9
100,166,48.888888888888886,23.913940353063452,9
100,167,36.111111111111114,21.901011871318968,9
101,2,1.0,0.0,1
101,6,1.0,0.0,1
101,7,1.0,0.0,1
101,8,1.0,0.0,1
101,9,3.0,0.0,1
101,10,1.0,0.0,1
101,12,1.0,0.0,1
101,14,1.0,0.0,1
101,15,1.5,0.5,2
101,17,1.0,0.0,2
101,18,1.0,0.0,2
101,28,1.0,0.0,1
101,32,1.0,0.0,1
101,34,1.0,0.0,1
101,35,1.5,0.5,2
101,38,1.0,0.0,1
101,41,2.0,0.0,1
101,53,1.0,0.0,1
101,56,1.0,0.0,1
101,58,1.0,0.0,2
101,59,1.0,0.0,2
101,60,1.0,0.0,1
101,61,1.0,0.0,1
101,62,1.0,0.0,1
101,64,1.0,0.0,1
101,74,1.0,0.0,1
101,79,1.0,0.0,1
101,82,1.0,0.0,1
101,83,1.5,0.5,2
101,84,1.0,0.0,4
101,85,1.0,0.0,3
101,86,1.0,0.0,2
101,87,1.0,0.0,1
101,103,1.0,0.0,1
101,104,1.0,0.0,1
101,106,1.0,0.0,2
101,108,1.0,0.0,1
101,111,1.0,0.0,1
101,113,1.0,0.0,1
101,126,1.0,0.0,1
101,127,1.0,0.0,2
101,129,1.0,0.0,2
101,130,1.0,0.0,1
101,132,1.0,0.0,1
101,133,1.0,0.0,2
101,136,1.0,0.0,1
101,139,1.0,0.0,1
101,142,1.0,0.0,1
101,152,1.0,0.0,1
101,155,1.0,0.0,1
101,160,1.0,0.0,1
101,163,1.0,0.0,3
101,166,1.0,0.0,1
101,167,1.0,0.0,1
102,0,1.0,0.0,1
102,5,1.0,0.0,1
102,6,1.75,0.4330127018922193,4
102,7,1.3333333333333333,0.4714045207910317,3
102,8,1.0,0.0,2
102,9,1.0,0.0,2
102,10,1.0,0.0,1
102,11,1.0,0.0,2
102,12,1.0,0.0,2
102,13,1.0,0.0,1
102,14,1.0,0.0,1
102,15,1.0,0.0,1
102,17,1.0,0.0,1
102,19,1.0,0.0,1
102,20,1.0,0.0,1
102,22,1.0,0.0,1
102,23,1.0,0.0,1
102,24,1.0,0.0,1
102,25,1.0,0.0,1
102,26,1.0,0.0,1
102,30,1.0,0.0,2
102,31,1.0,0.0,2
102,32,1.0,0.0,3
102,33,1.0,0.0,2
102,34,1.0,0.0,1
102,36,1.0,0.0,2
102,38,1.0,0.0,2
102,40,1.0,0.0,1
102,43,1.0,0.0,2
102,45,1.0,0.0,1
102,49,1.0,0.0,1
102,54,1.0,0.0,3
102,55,1.0,0.0,2
102,56,1.3333333333333333,0.4714045207910317,3
102,57,1.0,0.0,2
102,58,1.0,0.0,2
102,59,1.0,0.0,1
102,60,1.3333333333333333,0.4714045207910317,3
102,61,1.0,0.0,1
102,63,1.0,0.0,2
102,64,1.0,0.0,1
102,66,1.0,0.0,1
102,71,1.0,0.0,1
102,73,1.0,0.0,1
102,78,1.0,0.0,1
102,79,1.0,0.0,2
102,81,1.0,0.0,1
102,82,1.0,0.0,2
102,83,1.0,0.0,1
102,84,1.3333333333333333,0.4714045207910317,3
102,85,1.0,0.0,2
102,86,1.0,0.0,1
102,87,1.0,0.0,2
102,88,1.0,0.0,1
102,90,1.0,0.0,3
102,92,1.0,0.0,1
102,93,1.0,0.0,3
102,100,1.0,0.0,1
102,103,1.0,0.0,3
102,104,1.0,0.0,2
102,105,1.0,0.0,2
102,106,1.0,0.0,2
102,107,1.0,0.0,1
102,108,1.0,0.0,1
102,109,1.0,0.0,2
102,111,1.0,0.0,1
102,112,1.0,0.0,1
102,113,1.0,0.0,2
102,115,1.0,0.0,1
102,117,1.0,0.0,1
102,119,1.0,0.0,1
102,120,1.0,0.0,1
102,121,1.0,0.0,1
102,126,1.0,0.0,1
102,128,1.0,0.0,1
102,131,1.0,0.0,1
102,134,1.0,0.0,1
102,138,1.0,0.0,3
102,140,1.0,0.0,1
102,141,1.0,0.0,1
102,144,1.5,0.5,2
102,145,1.0,0.0,1
102,149,1.0,0.0,1
102,151,1.0,0.0,1
102,153,1.0,0.0,1
102,154,1.0,0.0,2
102,155,1.0,0.0,2
102,156,1.0,0.0,2
102,157,1.0,0.0,1
102,158,1.0,0.0,2
102,162,1.0,0.0,2
102,165,1.0,0.0,1
102,166,1.5,0.5,2
105,34,1.0,0.0,1
105,90,1.0,0.0,1
106,0,1.0,0.0,1
106,2,1.0,0.0,1
106,5,1.0,0.0,1
106,8,1.0,0.0,2
106,9,1.0,0.0,2
106,10,1.0,0.0,2
106,11,1.0,0.0,1
106,13,1.0,0.0,1
106,14,1.0,0.0,2
106,15,1.5,0.5,2
106,17,1.5,0.5,4
106,18,1.5,0.5,2
106,20,1.0,0.0,1
106,21,1.5,0.5,2
106,22,1.0,0.0,2
106,24,1.0,0.0,2
106,25,1.0,0.0,1
106,33,1.0,0.0,1
106,34,1.25,0.4330127018922193,4
106,35,1.2857142857142858,0.45175395145262565,7
106,36,1.0,0.0,1
106,37,1.0,0.0,1
106,38,1.3333333333333333,0.4714045207910317,3
106,39,1.5,0.5,2
106,40,2.0,0.0,1
106,41,1.0,0.0,1
106,42,1.0,0.0,1
106,43,1.25,0.4330127018922193,4
106,45,1.0,0.0,1
106,47,1.0,0.0,1
106,48,1.0,0.0,1
106,49,1.0,0.0,1
106,53,2.0,0.0,1
106,54,1.0,0.0,1
106,57,1.25,0.4330127018922193,4
106,58,1.25,0.4330127018922193,4
106,59,1.0,0.0,3
106,60,1.0,0.0,3
106,61,1.0,0.0,2
106,62,1.0,0.0,3
106,63,1.0,0.0,2
106,64,1.0,0.0,1
106,65,1.0,0.0,3
106,66,1.0,0.0,3
106,67,1.0,0.0,1
106,68,1.0,0.0,2
106,69,1.0,0.0,3
106,70,1.0,0.0,2
106,71,1.5,0.5,2
106,72,1.0,0.0,1
106,73,1.5,0.5,2
106,75,1.0,0.0,2
106,77,1.0,0.0,1
106,79,1.0,0.0,2
106,81,1.0,0.0,4
106,82,1.5,0.5,2
106,83,1.6,0.8,5
106,86,1.0,0.0,2
106,87,1.0,0.0,4
106,88,1.0,0.0,2
106,89,2.0,0.0,2
106,90,1.0,0.0,2
106,91,1.0,0.0,1
106,92,1.0,0.0,1
106,93,1.0,0.0,4
106,94,2.0,1.0,2
106,95,1.75,0.82915619758885,4
106,96,1.0,0.0,1
106,99,1.0,0.0,2
106,100,1.0,0.0,1
106,101,1.0,0.0,1
106,102,1.0,0.0,2
106,103,1.0,0.0,1
106,104,1.0,0.0,1
106,105,1.3333333333333333,0.4714045207910317,3
106,106,1.3333333333333333,0.4714045207910317,3
106,107,1.0,0.0,1
106,108,1.0,0.0,2
106,109,1.75,0.82915619758885,4
106,110,1.0,0.0,3
106,111,1.5,0.5,2
106,113,1.0,0.0,3
106,114,1.0,0.0,1
106,115,1.3333333333333333,0.4714045207910317,3
106,116,1.0,0.0,1
106,117,1.0,0.0,2
106,118,1.2,0.4000000000000001,5
106,119,1.6,0.8,5
106,120,2.1666666666666665,2.608745973749755,6
106,121,1.0,0.0,1
106,122,1.0,0.0,1
106,125,1.0,0.0,2
106,130,1.0,0.0,1
106,131,1.8333333333333333,0.6871842709362768,6
106,132,1.0,0.0,2
106,133,1.0,0.0,1
106,134,1.0,0.0,2
106,136,1.0,0.0,1
106,137,1.0,0.0,2
106,138,1.0,0.0,1
106,139,1.0,0.0,4
106,140,1.0,0.0,2
106,141,1.0,0.0,3
106,142,1.25,0.4330127018922193,4
106,143,3.25,1.7853571071357126,4
106,144,2.0,0.8944271909999159,5
106,145,1.5,0.5,4
106,146,1.0,0.0,1
106,148,1.0,0.0,2
106,149,1.0,0.0,1
106,152,1.0,0.0,1
106,153,1.0,0.0,1
106,154,1.0,0.0,1
106,155,1.0,0.0,2
106,156,1.6666666666666667,0.4714045207910317,3
106,157,1.0,0.0,1
106,158,1.0,0.0,1
106,160,1.0,0.0,1
106,161,1.0,0.0,3
106,162,1.0,0.0,1
106,163,1.0,0.0,3
106,164,1.5,0.5,2
106,165,1.3333333333333333,0.4714045207910317,3
106,166,1.0,0.0,1
106,167,1.0,0.0,2
107,0,18.0,7.466592261534039,8
107,1,10.875,4.3714271125114275,8
107,2,7.75,3.112474899497183,8
107,3,5.125,1.0532687216470449,8
107,4,5.0,2.0615528128088303,8
107,5,12.375,3.6033838263498934,8
107,6,36.875,12.673175411079892,8
107,7,77.75,27.765761289761173,8
107,8,97.625,32.80982131923306,8
107,9,96.125,26.91392529899717,8
107,10,81.25,17.68297203526602,8
107,11,84.0,9.630680142129112,8
107,12,86.375,14.907527460984266,8
107,13,90.25,13.329947486768281,8
107,14,88.625,11.03333018630368,8
107,15,101.375,20.38343383731014,8
107,16,89.125,20.75715238176952,8
107,17,102.875,25.448170366452672,8
107,18,107.0,29.995833043941285,8
107,19,106.75,27.95420361949165,8
107,20,106.875,30.844114106260207,8
107,21,118.0,28.683619018526933,8
107,22,86.5,27.216722800513658,8
107,23,49.0,13.955285736952863,8
107,24,23.5,6.442049363362563,8
107,25,10.75,5.141740950300783,8
107,26,5.375,2.4462982238476156,8
107,27,3.875,1.6909686573085854,8
107,28,6.5,3.1622776601683795,8
107,29,13.75,6.628536791781426,8
107,30,38.875,9.130135541162574,8
107,31,90.875,26.685377550261492,8
107,32,124.25,35.340309845840345,8
107,33,109.875,26.520923343654534,8
107,34,102.875,17.567281377606495,8
107,35,92.375,22.050722777269684,8
107,36,105.125,13.34576243606936,8
107,37,106.25,17.675901674313533,8
107,38,108.375,19.993358272186292,8
107,39,119.375,29.085810543974876,8
107,40,119.0,23.706539182259394,8
107,41,143.25,33.75555509838344,8
107,42,158.625,43.3876062372655,8
107,43,137.125,45.49845464408654,8
107,44,154.625,38.60031573705065,8
107,45,169.0,49.92744736114595,8
107,46,156.75,49.21064417379638,8
107,47,95.875,43.46388587091587,8
107,48,47.111111111111114,16.072367207549764,9
107,49,18.444444444444443,8.706461344070993,9
107,50,10.222222222222221,6.267691011631313,9
107,51,6.333333333333333,3.1269438398822866,9
107,52,8.555555555555555,6.465482900433846,9
107,53,13.777777777777779,5.769224438109853,9
107,54,37.666666666666664,7.7746025264604,9
107,55,92.88888888888889,25.518814168044912,9
107,56,134.33333333333334,38.02922852520443,9
107,57,129.11111111111111,27.282246748651787,9
107,58,105.33333333333333,14.499042113954363,9
107,59,103.66666666666667,15.376750126227728,9
107,60,105.55555555555556,11.786160538823216,9
107,61,119.22222222222223,18.966507191935168,9
107,62,110.66666666666667,16.32993161855452,9
107,63,117.22222222222223,13.990296460823423,9
107,64,116.66666666666667,20.82733246908441,9
107,65,153.22222222222223,34.23376428738082,9
107,66,169.55555555555554,54.19534853166954,9
107,67,152.33333333333334,39.5558676641869,9
107,68,153.77777777777777,50.35822293611988,9
107,69,191.66666666666666,62.19503374243173,9
107,70,160.44444444444446,59.423360747008715,9
107,71,103.55555555555556,39.63194870334654,9
107,72,57.77777777777778,25.676525283170307,9
107,73,26.666666666666668,8.931840671316175,9
107,74,14.777777777777779,6.545189544454729,9
107,75,9.875,4.807221130757353,8
107,76,8.222222222222221,4.540625942600567,9
107,77,13.333333333333334,6.896053621859067,9
107,78,34.888888888888886,7.294510027631046,9
107,79,86.44444444444444,26.107091889246878,9
107,80,115.33333333333333,33.11931292899792,9
107,81,117.88888888888889,30.023858825364737,9
107,82,102.55555555555556,23.46681397260164,9
107,83,103.44444444444444,20.396683342103067,9
107,84,106.33333333333333,16.28223298909308,9
107,85,108.22222222222223,12.016449630751799,9
107,86,113.33333333333333,10.509255180289632,9
107,87,119.44444444444444,21.28698669302764,9
107,88,120.33333333333333,19.084606944399518,9
107,89,151.88888888888889,42.521744618866464,9
107,90,191.55555555555554,59.61004969542768,9
107,91,166.55555555555554,58.97854809846093,9
107,92,167.44444444444446,51.504284851114,9
107,93,184.22222222222223,59.62061123429226,9
107,94,186.88888888888889,79.43193374685922,9
107,95,145.22222222222223,60.62045451968204,9
107,96,92.22222222222223,49.808026523571876,9
107,97,51.888888888888886,22.44719455098736,9
107,98,26.22222222222222,7.284348179148339,9
107,99,11.444444444444445,4.348974620173539,9
107,100,14.0,6.236095644623235,9
107,101,13.222222222222221,6.032831982443657,9
107,102,32.888888888888886,14.153479701272087,9
107,103,72.44444444444444,26.462178927296346,9
107,104,90.33333333333333,32.05550741379015,9
107,105,98.77777777777777,24.64764030976406,9
107,106,92.11111111111111,18.6037298795725,9
107,107,101.0,19.40217628114033,9
107,108,110.44444444444444,19.38562532227946,9
107,109,112.0,21.97473296513268,9
107,110,124.44444444444444,22.161583934122035,9
107,111,138.33333333333334,43.305119019964984,9
107,112,133.33333333333334,33.9050963065371,9
107,113,148.33333333333334,38.947257783942746,9
107,114,195.33333333333334,60.01851566160415,9
107,115,186.88888888888889,61.964944291007434,9
107,116,152.22222222222223,49.11387624191531,9
107,117,155.11111111111111,39.94007857457481,9
107,118,164.66666666666666,55.24893161360177,9
107,119,179.0,74.6964226422896,9
107,120,175.88888888888889,86.08193053964402,9
107,121,146.66666666666666,80.88263101556477,9
107,122,79.33333333333333,39.0213616710984,9
107,123,47.44444444444444,20.017276488690747,9
107,124,24.555555555555557,9.833176395483372,9
107,125,14.777777777777779,6.232134961057848,9
107,126,20.11111111111111,4.280302285390716,9
107,127,30.88888888888889,9.073091405597157,9
107,128,51.77777777777778,13.93459147252523,9
107,129,78.22222222222223,20.7459649505246,9
107,130,91.77777777777777,18.79584929225822,9
107,131,112.88888888888889,30.17889050476782,9
107,132,132.44444444444446,32.007329407535224,9
107,133,125.22222222222223,31.065442671802728,9
107,134,127.66666666666667,26.570660511172843,9
107,135,137.0,36.021598459196056,9
107,136,130.88888888888889,40.385488164945926,9
107,137,149.33333333333334,48.22171018673366,9
107,138,161.0,47.76097895888558,9
107,139,185.0,66.88464364527597,9
107,140,163.44444444444446,60.17033435009705,9
107,141,179.0,56.39148871948674,9
107,142,169.33333333333334,66.09588993777652,9
107,143,195.55555555555554,83.38813013201327,9
107,144,177.77777777777777,87.88221635016544,9
107,145,156.0,85.47774239206628,9
107,146,93.0,55.03937984146745,9
107,147,53.22222222222222,29.27182102590885,9
107,148,34.77777777777778,12.993825694261083,9
107,149,14.666666666666666,6.944222218666553,9
107,150,21.333333333333332,6.342099196813483,9
107,151,28.333333333333332,9.83192080250175,9
107,152,37.55555555555556,10.372089804546635,9
107,153,65.77777777777777,14.061592906272333,9
107,154,85.33333333333333,23.828088000882023,9
107,155,100.33333333333333,27.137509916063493,9
107,156,116.11111111111111,35.410119220497926,9
107,157,116.44444444444444,36.1205115969402,9
107,158,110.0,26.54555832275273,9
107,159,100.44444444444444,19.62487713258699,9
107,160,104.66666666666667,24.027761721253466,9
107,161,112.77777777777777,24.652147879276733,9
107,162,109.11111111111111,26.218926346542723,9
107,163,101.55555555555556,20.897161482476307,9
107,164,95.33333333333333,22.140962540554153,9
107,165,91.0,21.72044607685988,9
107,166,66.0,17.93816539609828,9
107,167,44.0,17.50555467400118,9
108,1,1.0,0.0,1
108,5,1.0,0.0,1
108,6,1.5,0.5,4
108,7,1.3333333333333333,0.4714045207910317,3
108,8,1.0,0.0,2
108,9,1.0,0.0,2
108,10,1.0,0.0,3
108,11,1.5,0.5,2
108,12,1.0,0.0,2
108,14,1.0,0.0,1
108,19,1.0,0.0,1
108,29,1.0,0.0,2
108,30,1.1666666666666667,0.37267799624996495,6
108,31,2.0,0.0,1
108,33,1.0,0.0,2
108,34,1.5,0.5,4
108,35,1.0,0.0,2
108,38,1.0,0.0,3
108,39,1.0,0.0,2
108,41,1.0,0.0,1
108,42,1.0,0.0,1
108,45,1.0,0.0,1
108,46,1.0,0.0,1
108,47,1.0,0.0,1
108,53,1.0,0.0,1
108,54,1.0,0.0,3
108,55,2.0,1.0,2
108,56,2.0,0.0,1
108,57,1.5,0.5,2
108,59,1.5,0.5,2
108,60,1.0,0.0,1
108,61,1.0,0.0,1
108,62,2.0,0.0,2
108,63,1.0,0.0,1
108,64,1.0,0.0,1
108,66,1.0,0.0,2
108,69,1.0,0.0,1
108,72,1.0,0.0,1
108,77,1.0,0.0,1
108,78,1.0,0.0,6
108,80,1.0,0.0,2
108,81,1.0,0.0,2
108,82,1.0,0.0,1
108,83,1.0,0.0,2
108,85,1.0,0.0,1
108,86,1.0,0.0,1
108,87,1.0,0.0,1
108,89,1.0,0.0,1
108,91,1.0,0.0,2
108,102,1.0,0.0,3
108,103,1.0,0.0,1
108,104,2.0,1.0,2
108,105,1.0,0.0,1
108,107,1.0,0.0,2
108,108,1.0,0.0,2
108,110,1.25,0.4330127018922193,4
108,113,1.0,0.0,1
108,114,1.0,0.0,2
108,115,1.0,0.0,1
108,118,1.0,0.0,1
108,119,1.0,0.0,1
108,127,1.0,0.0,1
108,128,1.0,0.0,1
108,129,1.0,0.0,2
108,130,1.5,0.8660254037844386,4
108,131,1.0,0.0,1
108,137,1.0,0.0,1
108,138,1.0,0.0,1
108,145,1.0,0.0,1
108,148,1.0,0.0,1
108,151,1.0,0.0,1
108,153,1.0,0.0,3
108,154,1.5,0.5,2
108,155,1.0,0.0,1
108,157,1.0,0.0,1
108,158,1.0,0.0,1
108,159,1.0,0.0,1
109,4,1.0,0.0,1
109,72,1.0,0.0,1
110,143,1.0,0.0,1
111,148,1.0,0.0,1
111,159,1.0,0.0,1
112,0,1.0,0.0,3
112,1,1.0,0.0,1
112,3,1.75,0.82915619758885,4
112,4,1.0,0.0,2
112,6,1.2,0.4,5
112,7,1.0,0.0,2
112,8,1.5,0.5,2
112,9,1.0,0.0,2
112,10,1.0,0.0,2
112,11,1.0,0.0,1
112,12,1.0,0.0,2
112,13,1.0,0.0,5
112,14,1.0,0.0,2
112,15,1.6666666666666667,0.9428090415820634,3
112,16,1.0,0.0,5
112,17,1.3333333333333333,0.4714045207910317,3
112,18,1.0,0.0,2
112,19,1.0,0.0,3
112,20,1.75,0.4330127018922193,4
112,21,1.5,0.5,4
112,22,1.0,0.0,5
112,23,1.6,0.8,5
112,24,1.0,0.0,2
112,25,1.0,0.0,2
112,26,1.0,0.0,1
112,27,1.0,0.0,3
112,28,1.0,0.0,2
112,30,1.25,0.4330127018922193,4
112,32,1.0,0.0,3
112,34,1.5,0.5,2
112,35,1.0,0.0,2
112,36,1.0,0.0,2
112,37,3.0,0.0,1
112,38,1.5,0.5,2
112,39,1.0,0.0,1
112,40,2.5,1.5,2
112,41,3.0,1.632993161855452,3
112,42,1.6666666666666667,0.4714045207910317,3
112,43,1.0,0.0,5
112,44,1.3333333333333333,0.4714045207910317,6
112,45,1.4,0.8000000000000002,5
112,46,5.0,4.242640687119285,3
112,47,2.6666666666666665,1.699673171197595,6
112,48,1.4,0.4898979485566356,5
112,49,1.0,0.0,1
112,50,1.0,0.0,1
112,51,1.0,0.0,1
112,52,1.0,0.0,3
112,53,1.0,0.0,2
112,54,2.5,0.5,2
112,55,1.3333333333333333,0.4714045207910317,3
112,56,1.0,0.0,3
112,57,2.0,1.224744871391589,4
112,58,1.0,0.0,2
112,59,1.0,0.0,2
112,60,1.0,0.0,1
112,61,1.0,0.0,6
112,62,1.75,0.4330127018922193,4
112,63,1.0,0.0,5
112,64,1.0,0.0,2
112,65,1.0,0.0,3
112,66,1.0,0.0,4
112,67,1.0,0.0,2
112,68,1.3333333333333333,0.4714045207910317,3
112,69,2.4,1.3564659966250536,5
112,70,3.0,1.6733200530681511,5
112,71,2.4,1.2000000000000002,5
112,72,1.75,0.82915619758885,4
112,73,1.25,0.4330127018922193,4
112,74,1.3333333333333333,0.4714045207910317,3
112,75,2.0,0.0,1
112,76,2.0,0.0,1
112,77,1.0,0.0,1
112,78,1.25,0.4330127018922193,4
112,79,1.0,0.0,3
112,80,1.5,0.5,2
112,81,1.75,1.299038105676658,4
112,82,1.0,0.0,2
112,83,2.0,0.0,2
112,84,2.0,0.0,1
112,85,1.0,0.0,2
112,86,1.5,0.8660254037844386,4
112,87,1.0,0.0,3
112,88,1.0,0.0,1
112,89,1.2,0.4,5
112,90,1.2,0.4,5
112,91,1.3333333333333333,0.4714045207910317,3
112,92,1.6666666666666667,0.9428090415820634,3
112,93,1.8333333333333333,0.6871842709362768,6
112,94,4.142857142857143,3.136356914300021,7
112,95,4.714285714285714,3.614031611621005,7
112,96,2.7142857142857144,1.2777531299998797,7
112,97,2.0,1.7320508075688772,4
112,98,1.3333333333333333,0.4714045207910317,3
112,99,1.4,0.8,5
112,100,1.5,0.5,4
112,101,1.25,0.4330127018922193,4
112,102,1.0,0.0,2
112,103,2.5,1.5,2
112,104,3.0,0.0,1
112,105,1.0,0.0,2
112,106,2.0,0.0,1
112,107,1.2,0.4,5
112,108,1.0,0.0,4
112,109,1.0,0.0,3
112,110,1.5,0.8660254037844386,4
112,111,1.0,0.0,3
112,112,1.6,0.8,5
112,113,1.8571428571428572,1.355261854357877,7
112,114,2.0,1.0,6
112,115,1.3333333333333333,0.4714045207910317,3
112,116,1.2,0.4,5
112,117,2.0,1.0954451150103321,5
112,118,1.8571428571428572,0.6388765649999398,7
112,119,4.714285714285714,4.060762972443398,7
112,120,10.0,6.48074069840786,6
112,121,5.375,3.7059917700933984,8
112,122,4.142857142857143,1.8070158058105026,7
112,123,3.375,4.8202048711647105,8
112,124,2.7142857142857144,3.0101867865293537,7
112,125,1.0,0.0,1
112,126,1.0,0.0,2
112,127,2.0,0.0,1
112,128,1.0,0.0,1
112,129,1.0,0.0,1
112,130,1.0,0.0,1
112,131,1.0,0.0,4
112,132,1.0,0.0,4
112,133,1.6,0.8,5
112,134,1.2,0.4,5
112,135,1.0,0.0,3
112,136,1.5,0.5,8
112,137,2.0,1.0954451150103321,5
112,138,1.6666666666666667,0.4714045207910317,6
112,139,4.0,4.27617987059879,7
112,140,1.625,0.9921567416492215,8
112,141,2.0,0.6324555320336759,5
112,142,2.5,1.4142135623730951,8
112,143,6.375,3.8058343369095824,8
112,144,5.5,2.7386127875258306,8
112,145,4.75,2.817356917396161,8
112,146,3.75,3.072051431861127,8
112,147,3.4444444444444446,2.910177967490843,9
112,148,4.625,2.496873044429772,8
112,149,2.3333333333333335,1.699673171197595,6
112,150,2.0,1.0,2
112,152,1.0,0.0,1
112,153,1.5,0.5,2
112,154,1.0,0.0,1
112,155,1.0,0.0,4
112,156,1.0,0.0,2
112,157,1.4,0.8,5
112,158,1.6666666666666667,0.9428090415820634,3
112,159,1.8,1.6000000000000003,5
112,160,1.6,0.4898979485566356,5
112,161,1.625,0.8569568250501305,8
112,162,2.0,0.6324555320336759,5
112,163,1.4,0.4898979485566356,5
112,164,1.2,0.4000000000000001,5
112,165,1.4,0.4898979485566356,5
112,166,2.857142857142857,1.2453996981544782,7
112,167,1.3333333333333333,0.4714045207910317,3
113,0,15.25,9.756408150543928,8
113,1,7.25,3.526683994916471,8
113,2,3.75,2.0463381929681126,8
113,3,2.875,1.3635890143294642,8
113,4,2.142857142857143,1.2453996981544782,7
113,5,2.142857142857143,0.6388765649999398,7
113,6,13.5,5.244044240850758,8
113,7,37.75,14.872373717735847,8
113,8,51.75,20.8611480987984,8
113,9,51.75,16.850445097978866,8
113,10,51.5,16.301840386901105,8
113,11,52.125,11.038993387080183,8
113,12,64.75,15.514106484100203,8
113,13,64.25,17.020208576865326,8
113,14,69.875,17.98914603309451,8
113,15,77.375,13.434447327672247,8
113,16,69.75,19.343926695477318,8
113,17,78.375,15.189943219117048,8
113,18,95.25,23.07460725559592,8
113,19,76.875,23.358282792191723,8
113,20,87.875,24.379486766542072,8
113,21,89.5,26.509432283623127,8
113,22,64.25,23.009508903929262,8
113,23,35.5,12.893796958227627,8
113,24,16.875,5.278198082679353,8
113,25,6.0,2.958039891549808,8
113,26,2.5,1.224744871391589,8
113,27,1.8571428571428572,0.8329931278350429,7
113,28,2.2857142857142856,1.2777531299998797,7
113,29,3.625,1.5761900266148114,8
113,30,12.25,4.575751304430781,8
113,31,30.25,9.60143218483576,8
113,32,57.5,19.94367067517913,8
113,33,70.625,17.881117834184753,8
113,34,63.375,10.463478150213723,8
113,35,68.25,14.703315952532613,8
113,36,78.875,11.18523021667413,8
113,37,78.125,9.829006816560868,8
113,38,80.0,16.401219466856727,8
113,39,88.5,16.590660023037056,8
113,40,92.375,11.76793843457723,8
113,41,100.5,21.37171027316251,8
113,42,113.0,22.051077071199945,8
113,43,106.0,16.904141504376966,8
113,44,112.75,21.457807436921414,8
113,45,140.75,38.825732446407244,8
113,46,108.125,35.307355819998754,8
113,47,74.75,29.4819860253681,8
113,48,30.555555555555557,17.701921497152732,9
113,49,15.666666666666666,9.626352718795768,9
113,50,6.222222222222222,7.480014524314149,9
113,51,4.5,4.663689526544408,8
113,52,2.888888888888889,1.9688939051854832,9
113,53,2.625,1.4947825928876748,8
113,54,11.333333333333334,3.972125095937662,9
113,55,41.333333333333336,13.548267621934382,9
113,56,67.22222222222223,19.40662989678057,9
113,57,72.33333333333333,13.711309200802088,9
113,58,66.33333333333333,12.027745701779143,9
113,59,73.33333333333333,14.344956527566675,9
113,60,80.0,10.530379332620877,9
113,61,77.22222222222223,10.653927578104996,9
113,62,86.22222222222223,11.17316007997914,9
113,63,94.44444444444444,9.476416471209065,9
113,64,87.55555555555556,16.55369117018995,9
113,65,108.22222222222223,25.032324781182773,9
113,66,118.88888888888889,31.391592803893086,9
113,67,116.33333333333333,27.48737083745107,9
113,68,112.33333333333333,33.52279489806567,9
113,69,136.55555555555554,40.66697024780433,9
113,70,117.88888888888889,34.2651246230347,9
113,71,78.66666666666667,29.522119767312706,9
113,72,36.22222222222222,18.461839187167662,9
113,73,13.0,6.649979114420001,9
113,74,5.888888888888889,2.997941680718231,9
113,75,3.75,2.0463381929681126,8
113,76,2.6666666666666665,2.0548046676563256,6
113,77,2.7777777777777777,1.9309052441091963,9
113,78,9.777777777777779,4.516089207311461,9
113,79,38.333333333333336,20.43417616532547,9
113,80,66.22222222222223,29.876701356585823,9
113,81,63.22222222222222,13.910649619608215,9
113,82,64.88888888888889,22.990067635319022,9
113,83,69.22222222222223,10.14098151920412,9
113,84,78.33333333333333,15.740958604156793,9
113,85,79.33333333333333,12.657891697365017,9
113,86,80.11111111111111,13.617345510980915,9
113,87,93.0,15.860503004493758,9
113,88,86.77777777777777,15.14212503637729,9
113,89,102.0,25.85429257288709,9
113,90,116.44444444444444,31.85422041150421,9
113,91,105.55555555555556,29.390516653094117,9
113,92,116.33333333333333,26.923760675078228,9
113,93,133.11111111111111,36.1246128604998,9
113,94,124.88888888888889,47.3672283439474,9
113,95,103.77777777777777,38.84664372111266,9
113,96,66.44444444444444,25.979098911373228,9
113,97,34.0,21.82251640444388,9
113,98,16.555555555555557,10.318388236661244,9
113,99,7.444444444444445,3.370166864022911,9
113,100,4.0,1.4142135623730951,9
113,101,5.428571428571429,2.6649654437396615,7
113,102,9.777777777777779,4.288946459026396,9
113,103,26.0,14.613540144521982,9
113,104,44.77777777777778,17.389510106049425,9
113,105,52.77777777777778,10.726683009908596,9
113,106,58.55555555555556,14.64476479164036,9
113,107,69.44444444444444,11.412576991207853,9
113,108,75.33333333333333,12.849556844930921,9
113,109,78.44444444444444,12.166539826837566,9
113,110,87.0,12.274635093014645,9
113,111,97.66666666666667,19.090428084368472,9
113,112,96.22222222222223,14.672557739442839,9
113,113,111.88888888888889,25.8218014882534,9
113,114,134.22222222222223,27.173425653170693,9
113,115,126.22222222222223,40.9519441344982,9
113,116,120.66666666666667,24.966644414765344,9
113,117,126.88888888888889,26.476171443790502,9
113,118,119.55555555555556,36.59116806344003,9
113,119,123.55555555555556,48.98097388240801,9
113,120,114.22222222222223,49.34634463053025,9
113,121,92.22222222222223,40.717939747535745,9
113,122,64.88888888888889,34.18721152856379,9
113,123,37.44444444444444,18.83915019970151,9
113,124,14.11111111111111,8.184598604756843,9
113,125,5.25,3.491060010942235,8
113,126,4.777777777777778,3.1190375216929334,9
113,127,10.222222222222221,3.8232556742411674,9
113,128,23.77777777777778,8.066085072391795,9
113,129,35.333333333333336,9.140872800534726,9
113,130,54.77777777777778,10.086049527031305,9
113,131,70.55555555555556,17.664220655268796,9
113,132,94.77777777777777,20.302040279394898,9
113,133,102.11111111111111,22.283249535840667,9
113,134,100.44444444444444,15.535701615677292,9
113,135,121.22222222222223,16.558165342397473,9
113,136,113.44444444444444,20.65650885374127,9
113,137,118.22222222222223,26.27114081090071,9
113,138,123.0,23.921166824012204,9
113,139,124.44444444444444,33.313697920462126,9
113,140,113.66666666666667,28.771127502720116,9
113,141,134.66666666666666,32.629230249374054,9
113,142,126.88888888888889,45.63975957781754,9
113,143,127.33333333333333,52.854096866331524,9
113,144,112.77777777777777,48.84619347793593,9
113,145,91.44444444444444,49.32232109324024,9
113,146,59.44444444444444,36.439023987146015,9
113,147,29.11111111111111,15.051352426826742,9
113,148,13.666666666666666,7.659416862050705,9
113,149,6.0,2.8674417556808756,9
113,150,4.0,1.3228756555322954,8
113,151,6.222222222222222,2.6152449546532934,9
113,152,18.444444444444443,4.924115512480076,9
113,153,26.333333333333332,7.133644853010899,9
113,154,42.22222222222222,9.186678492708618,9
113,155,59.22222222222222,16.916643860594007,9
113,156,75.11111111111111,15.623660436405379,9
113,157,85.11111111111111,14.332902663641866,9
113,158,85.55555555555556,10.605146665768896,9
113,159,98.77777777777777,18.778106505998345,9
113,160,91.88888888888889,18.77021543974179,9
113,161,94.22222222222223,14.687695362504234,9
113,162,90.88888888888889,22.3330569358242,9
113,163,78.22222222222223,14.093164440629268,9
113,164,72.22222222222223,12.181751176591774,9
113,165,79.22222222222223,13.595569358171048,9
113,166,58.55555555555556,13.655370218433081,9
113,167,39.111111111111114,12.749243502127616,9
114,0,49.75,14.57523584714841,8
114,1,22.625,5.048205126577168,8
114,2,10.375,3.0388114452858046,8
114,3,3.5,1.118033988749895,8
114,4,2.625,1.2183492931011204,8
114,5,2.2857142857142856,1.0301575072754257,7
114,6,7.125,2.4717149916606487,8
114,7,11.125,4.7549316504025585,8
114,8,16.875,7.338894671542848,8
114,9,19.375,9.068317098558033,8
114,10,21.75,8.027297179001161,8
114,11,22.125,3.370367190678191,8
114,12,30.625,8.87323926196065,8
114,13,35.0,7.648529270389178,8
114,14,38.875,8.837950837156766,8
114,15,38.25,4.968651728587948,8
114,16,35.375,8.199657005021612,8
114,17,45.125,7.639330795298761,8
114,18,52.125,10.52897787061973,8
114,19,53.75,12.607041683122969,8
114,20,67.125,18.044649483988323,8
114,21,92.625,26.832524573733274,8
114,22,81.375,30.11618128182921,8
114,23,66.875,17.395671156928668,8
114,24,51.5,15.556349186104045,8
114,25,25.5,9.695359714832659,8
114,26,12.0,7.053367989832942,8
114,27,4.75,1.5612494995995996,8
114,28,3.857142857142857,2.356060357495806,7
114,29,3.6666666666666665,1.9720265943665387,6
114,30,6.0,2.449489742783178,7
114,31,11.625,3.9350190596742984,8
114,32,17.5,6.461423991660043,8
114,33,22.875,6.697714162309407,8
114,34,26.5,9.027735042633894,8
114,35,30.625,6.303520841561484,8
114,36,37.0,6.383572667401852,8
114,37,43.25,8.0583807306431,8
114,38,51.75,5.3091901453988255,8
114,39,52.25,11.211043662389331,8
114,40,54.0,10.954451150103322,8
114,41,65.875,9.532018411648187,8
114,42,70.25,16.626409714667805,8
114,43,68.0,14.916433890176299,8
114,44,93.75,12.646639869941739,8
114,45,118.44444444444444,53.787877839427125,9
114,46,136.0,36.17664992781946,8
114,47,137.5,45.64811058521481,8
114,48,86.44444444444444,35.242370683000665,9
114,49,44.111111111111114,19.985797426308316,9
114,50,18.555555555555557,12.928101270841585,9
114,51,7.777777777777778,6.01438604565527,9
114,52,5.25,3.072051431861127,8
114,53,3.25,1.984313483298443,8
114,54,5.555555555555555,2.629368792488718,9
114,55,14.0,4.714045207910317,9
114,56,24.22222222222222,8.791129086601103,9
114,57,23.555555555555557,5.166367972250075,9
114,58,25.666666666666668,3.4641016151377544,9
114,59,29.0,3.4318767136623336,9
114,60,34.77777777777778,6.2499382713001035,9
114,61,41.77777777777778,7.036062310661139,9
114,62,52.333333333333336,10.780641085864152,9
114,63,50.888888888888886,10.321977033327638,9
114,64,53.333333333333336,8.894442709417556,9
114,65,55.44444444444444,7.544108976341313,9
114,66,69.88888888888889,15.694616518230733,9
114,67,82.66666666666667,15.340577998671801,9
114,68,100.33333333333333,22.9830855679176,9
114,69,139.33333333333334,34.96665077851562,9
114,70,142.66666666666666,38.16047984790315,9
114,71,144.77777777777777,37.49304462245935,9
114,72,116.33333333333333,32.54398732655713,9
114,73,66.66666666666667,23.584363935078308,9
114,74,33.888888888888886,14.39478643617924,9
114,75,9.11111111111111,7.563721077830004,9
114,76,4.333333333333333,2.581988897471611,9
114,77,2.25,1.0897247358851685,8
114,78,5.222222222222222,3.4889596595794625,9
114,79,13.222222222222221,4.916588197741686,9
114,80,23.0,10.913803695829934,9
114,81,23.444444444444443,8.274607894182607,9
114,82,25.555555555555557,8.883331596136305,9
114,83,28.444444444444443,5.7370358415224825,9
114,84,37.77777777777778,10.36851835314507,9
114,85,40.55555555555556,10.58417173698654,9
114,86,48.0,6.912147117775907,9
114,87,50.0,9.213516640723501,9
114,88,54.666666666666664,16.726559053725836,9
114,89,63.22222222222222,18.249978860126433,9
114,90,77.77777777777777,17.78124966098201,9
114,91,80.44444444444444,23.310041284634355,9
114,92,103.44444444444444,31.170182016048294,9
114,93,142.33333333333334,44.06812907306141,9
114,94,162.55555555555554,53.83949626458898,9
114,95,165.33333333333334,62.191460649978126,9
114,96,168.22222222222223,56.82287836930508,9
114,97,116.55555555555556,52.929956044886154,9
114,98,68.66666666666667,30.488613539410995,9
114,99,30.555555555555557,14.127287316168673,9
114,100,10.777777777777779,5.845753972429292,9
114,101,3.0,1.4142135623730951,8
114,102,3.7777777777777777,2.779999111821512,9
114,103,9.222222222222221,3.909469352390929,9
114,104,16.444444444444443,7.987644780271745,9
114,105,19.11111111111111,6.154392188500546,9
114,106,22.666666666666668,7.586537784494028,9
114,107,30.0,4.447221354708778,9
114,108,40.111111111111114,8.372500548348668,9
114,109,43.888888888888886,6.505458297024199,9
114,110,61.55555555555556,8.05689644012591,9
114,111,68.22222222222223,11.43850978811661,9
114,112,70.33333333333333,10.424330514074592,9
114,113,74.11111111111111,8.143769867470532,9
114,114,82.77777777777777,14.218749576041237,9
114,115,93.66666666666667,19.61292091114087,9
114,116,99.66666666666667,16.22754859285078,9
114,117,121.77777777777777,25.67219757627036,9
114,118,158.33333333333334,47.7819119658382,9
114,119,210.44444444444446,58.56641265570245,9
114,120,247.44444444444446,99.79101619675113,9
114,121,285.44444444444446,121.60876349188281,9
114,122,241.77777777777777,98.46801824594598,9
114,123,122.11111111111111,48.07042159268801,9
114,124,32.0,11.718930554164631,9
114,125,4.333333333333333,2.160246899469287,9
114,126,3.0,2.0,9
114,127,5.555555555555555,2.753224820747526,9
114,128,8.666666666666666,2.494438257849294,9
114,129,19.77777777777778,6.5111490328816055,9
114,130,25.88888888888889,6.740333728045822,9
114,131,36.333333333333336,8.806563209081938,9
114,132,53.77777777777778,12.263566435926991,9
114,133,56.77777777777778,12.532427075194244,9
114,134,69.33333333333333,9.46337971105226,9
114,135,92.22222222222223,15.447241952873568,9
114,136,94.33333333333333,21.39054827617926,9
114,137,110.33333333333333,22.499382707581606,9
114,138,109.55555555555556,34.39351072872488,9
114,139,128.44444444444446,43.03773824889323,9
114,140,128.0,28.967414643200573,9
114,141,152.44444444444446,40.85505846855608,9
114,142,182.77777777777777,60.03846503659647,9
114,143,212.11111111111111,67.77486332531724,9
114,144,209.11111111111111,84.4622788184754,9
114,145,289.77777777777777,145.80106521313192,9
114,146,223.0,104.77913278256634,9
114,147,118.44444444444444,66.71183654946451,9
114,148,35.55555555555556,17.075720977855674,9
114,149,4.333333333333333,3.0550504633038935,9
114,150,3.125,2.2603926650031405,8
114,151,3.0,1.247219128924647,9
114,152,8.444444444444445,3.337034981706935,9
114,153,15.222222222222221,4.103596736137642,9
114,154,20.555555555555557,4.5973690812393775,9
114,155,32.111111111111114,6.4367770479823285,9
114,156,43.888888888888886,10.524515765524106,9
114,157,52.77777777777778,15.682812798855652,9
114,158,57.44444444444444,12.737618049707995,9
114,159,69.22222222222223,17.027936377727944,9
114,160,69.11111111111111,17.495678478758656,9
114,161,65.44444444444444,20.287440620087597,9
114,162,63.0,23.132468763863297,9
114,163,61.77777777777778,20.070862118325646,9
114,164,66.77777777777777,19.176245593486968,9
114,165,85.0,19.189117286165672,9
114,166,66.11111111111111,12.305775016854165,9
114,167,59.888888888888886,17.37459476390389,9
116,0,2.0,0.0,1
116,1,2.25,1.6393596310755,4
116,2,2.0,0.0,1
116,3,1.2,0.4,5
116,4,1.8333333333333333,0.8975274678557507,6
116,5,1.4,0.4898979485566356,5
116,6,2.875,1.165922381636102,8
116,7,12.125,5.035809269620922,8
116,8,8.125,4.621620386834038,8
116,9,2.75,2.165063509461097,8
116,10,2.857142857142857,1.2453996981544782,7
116,11,2.5,0.9574271077563381,6
116,12,2.875,0.9270248108869579,8
116,13,3.6666666666666665,1.9720265943665387,6
116,14,2.5,1.4142135623730951,8
116,15,2.0,1.3228756555322954,8
116,16,4.5,2.565800719723442,6
116,17,2.7142857142857144,1.8294640678379568,7
116,18,2.5714285714285716,0.9035079029052513,7
116,19,3.2857142857142856,1.749635530559413,7
116,20,1.5,0.7637626158259734,6
116,21,1.8,0.7483314773547883,5
116,22,2.25,1.299038105676658,4
116,23,1.0,0.0,5
116,24,1.3333333333333333,0.4714045207910317,3
116,25,1.0,0.0,3
116,27,1.0,0.0,1
116,28,1.6,0.8,5
116,29,2.375,1.2183492931011204,8
116,30,3.4285714285714284,1.2936264483053452,7
116,31,7.75,3.929058411375428,8
116,32,8.375,3.276335605520289,8
116,33,5.571428571428571,2.1946130708196026,7
116,34,4.25,1.713913650100261,8
116,35,3.0,0.5345224838248488,7
116,36,3.75,2.331844763272204,8
116,37,2.625,0.9921567416492215,8
116,38,2.4285714285714284,1.2936264483053452,7
116,39,3.375,2.2878756522153907,8
116,40,2.5,0.9574271077563381,6
116,41,2.3333333333333335,1.1055415967851334,6
116,42,3.857142857142857,1.7261494247992246,7
116,43,2.0,1.6583123951777,8
116,44,1.5,0.5,4
116,45,1.75,0.82915619758885,4
116,46,1.3333333333333333,0.4714045207910317,3
116,47,2.5,0.9574271077563381,6
116,48,1.8333333333333333,1.462494064565354,6
116,49,1.0,0.0,6
116,50,1.0,0.0,2
116,51,1.0,0.0,2
116,52,2.4285714285714284,0.9035079029052513,7
116,53,1.8571428571428572,0.8329931278350429,7
116,54,2.2222222222222223,1.1331154474650633,9
116,55,13.777777777777779,6.142344427149001,9
116,56,10.0,3.2998316455372216,9
116,57,4.777777777777778,2.57240820062005,9
116,58,5.555555555555555,1.5713484026367723,9
116,59,3.6666666666666665,1.5634719199411433,9
116,60,3.5555555555555554,1.9499920860871385,9
116,61,2.625,1.7275343701356567,8
116,62,3.125,2.315032397181517,8
116,63,1.7777777777777777,0.7856742013183862,9
116,64,2.375,1.4086784586980805,8
116,65,2.111111111111111,1.4487116456005888,9
116,66,2.888888888888889,1.9116278371205837,9
116,67,2.125,1.2686114456365274,8
116,68,1.8333333333333333,1.0671873729054748,6
116,69,1.875,0.7806247497997998,8
116,70,1.5,0.5,4
116,71,1.6666666666666667,0.6666666666666666,9
116,72,1.0,0.0,2
116,73,2.25,0.82915619758885,4
116,74,1.25,0.4330127018922193,4
116,75,1.0,0.0,5
116,76,2.2,1.6,5
116,77,2.0,0.6324555320336759,5
116,78,2.625,1.1110243021644486,8
116,79,9.333333333333334,5.270462766947299,9
116,80,8.666666666666666,3.9440531887330774,9
116,81,4.111111111111111,1.4487116456005886,9
116,82,4.333333333333333,2.70801280154532,9
116,83,3.625,1.79843682124227,8
116,84,4.0,1.1547005383792515,9
116,85,4.111111111111111,2.0245407953653998,9
116,86,3.75,2.9047375096555625,8
116,87,4.375,4.768057780690163,8
116,88,2.125,1.3635890143294642,8
116,89,2.111111111111111,1.4487116456005884,9
116,90,5.666666666666667,3.590109871423003,9
116,91,4.125,3.4437443284889775,8
116,92,2.4285714285714284,1.049781318335648,7
116,93,3.25,1.5612494995995996,8
116,94,2.5714285714285716,0.7284313590846836,7
116,95,2.7777777777777777,1.6850834320114558,9
116,96,1.5,0.7071067811865476,8
116,97,2.0,0.7559289460184544,7
116,98,2.0,1.224744871391589,4
116,99,1.5,0.8660254037844386,4
116,100,1.4,0.4898979485566356,5
116,101,2.4285714285714284,0.9035079029052513,7
116,102,2.111111111111111,1.6629588385661962,9
116,103,10.0,4.330127018922194,8
116,104,8.125,4.136348026943574,8
116,105,3.2222222222222223,0.9162456945817024,9
116,106,3.6666666666666665,1.9436506316151,9
116,107,3.111111111111111,1.286204100310025,9
116,108,5.444444444444445,2.1140330656044943,9
116,109,3.75,2.9895651857753496,8
116,110,4.333333333333333,2.6246692913372702,9
116,111,5.444444444444445,2.7932900199947857,9
116,112,4.0,3.3333333333333335,9
116,113,5.375,4.580870550452174,8
116,114,6.333333333333333,5.099019513592785,9
116,115,2.5555555555555554,1.0657403385139377,9
116,116,2.3333333333333335,1.1547005383792515,9
116,117,2.0,0.7071067811865476,8
116,118,2.2857142857142856,1.577908716741037,7
116,119,3.4285714285714284,2.4411439272335804,7
116,120,3.857142857142857,2.3560603574958057,7
116,121,2.625,1.8666480653835098,8
116,122,2.25,1.6393596310755,8
116,123,1.6,0.8,5
116,124,1.6,0.8,5
116,125,1.0,0.0,2
116,126,3.2857142857142856,1.4846149779161806,7
116,127,2.3333333333333335,1.1547005383792515,9
116,128,4.75,2.436698586202241,8
116,129,4.333333333333333,2.4037008503093262,9
116,130,6.111111111111111,3.7548322774924,9
116,131,3.7777777777777777,1.7497795275581802,9
116,132,4.125,2.666341125962693,8
116,133,4.666666666666667,3.496029493900505,9
116,134,4.142857142857143,2.356060357495806,7
116,135,4.625,3.0388114452858046,8
116,136,4.444444444444445,3.0590888662080453,9
116,137,4.375,3.7059917700933984,8
116,138,3.888888888888889,3.725123247608935,9
116,139,5.333333333333333,4.216370213557839,9
116,140,3.3333333333333335,1.8257418583505538,9
116,141,2.5,2.23606797749979,8
116,142,2.875,2.2043990110685496,8
116,143,4.111111111111111,4.931631338038255,9
116,144,6.5,6.238322424070967,6
116,145,2.2222222222222223,1.314684396244359,9
116,146,1.7142857142857142,0.6998542122237652,7
116,147,1.75,0.4330127018922193,4
116,148,1.5714285714285714,0.7284313590846836,7
116,149,1.8333333333333333,1.0671873729054748,6
116,150,2.375,1.3169567191065923,8
116,151,3.0,2.494438257849294,9
116,152,4.666666666666667,3.496029493900505,9
116,153,3.2222222222222223,1.1331154474650633,9
116,154,4.444444444444445,2.543449587168799,9
116,155,3.5555555555555554,1.1653431646335017,9
116,156,4.444444444444445,3.303570832737446,9
116,157,3.7777777777777777,3.8232556742411674,9
116,158,4.777777777777778,4.708804466759354,9
116,159,4.666666666666667,3.1622776601683795,9
116,160,3.2222222222222223,1.3966450099973928,9
116,161,2.888888888888889,1.286204100310025,9
116,162,3.0,1.9436506316151,9
116,163,4.125,4.136348026943574,8
116,164,3.111111111111111,2.6010444246043614,9
116,165,4.125,6.029873547596169,8
116,166,3.857142857142857,3.3986792152486625,7
116,167,3.875,3.9823830805184977,8
117,3,1.0,0.0,1
117,4,1.5,0.5,2
117,5,1.0,0.0,2
117,6,1.6,0.8,5
117,7,1.2,0.4000000000000001,5
117,8,1.3333333333333333,0.4714045207910317,3
117,9,1.1428571428571428,0.34992710611188266,7
117,10,1.25,0.4330127018922193,4
117,11,1.0,0.0,4
117,12,1.0,0.0,3
117,13,1.0,0.0,1
117,15,1.0,0.0,1
117,16,1.0,0.0,1
117,20,1.0,0.0,1
117,27,1.0,0.0,1
117,28,1.2,0.4000000000000001,5
117,29,1.25,0.4330127018922193,4
117,30,2.0,0.6324555320336759,5
117,31,1.25,0.4330127018922193,4
117,32,1.5,0.5,4
117,33,1.6666666666666667,0.9428090415820634,3
117,34,1.25,0.4330127018922193,4
117,35,2.0,0.0,1
117,36,1.0,0.0,2
117,37,1.0,0.0,1
117,38,1.3333333333333333,0.4714045207910317,3
117,39,1.0,0.0,1
117,40,1.0,0.0,1
117,41,1.0,0.0,1
117,48,1.0,0.0,1
117,49,1.0,0.0,1
117,51,1.0,0.0,1
117,52,1.25,0.4330127018922193,4
117,53,1.2857142857142858,0.45175395145262565,7
117,54,1.4,0.4898979485566356,5
117,55,2.5,0.7637626158259734,6
117,56,1.0,0.0,2
117,57,1.2,0.4,5
117,58,1.5,0.5,4
117,59,1.0,0.0,4
117,60,1.5,0.7637626158259734,6
117,61,1.5,0.5,4
117,62,1.0,0.0,3
117,63,1.0,0.0,2
117,64,1.0,0.0,1
117,66,1.0,0.0,2
117,67,1.0,0.0,1
117,75,1.0,0.0,1
117,76,1.0,0.0,1
117,77,1.0,0.0,3
117,78,1.5,0.5,4
117,79,1.3333333333333333,0.7453559924999299,6
117,80,1.4,0.8000000000000002,5
117,81,1.0,0.0,2
117,82,1.0,0.0,5
117,83,1.0,0.0,4
117,84,1.75,0.82915619758885,4
117,85,1.5,0.5,2
117,86,1.3333333333333333,0.4714045207910317,3
117,87,1.0,0.0,3
117,89,1.0,0.0,1
117,90,2.0,0.0,1
117,91,1.0,0.0,2
117,93,1.0,0.0,1
117,100,1.0,0.0,1
117,101,1.0,0.0,5
117,102,1.2857142857142858,0.45175395145262565,7
117,103,1.3333333333333333,0.4714045207910317,3
117,104,1.5714285714285714,0.4948716593053935,7
117,105,1.75,1.299038105676658,4
117,106,1.0,0.0,3
117,107,1.6,0.4898979485566356,5
117,108,1.5,0.5,2
117,109,1.0,0.0,2
117,110,1.0,0.0,3
117,111,1.0,0.0,1
117,112,1.5,0.5,2
117,113,1.25,0.4330127018922193,4
117,115,1.0,0.0,1
117,116,1.0,0.0,1
117,126,1.0,0.0,1
117,127,1.3333333333333333,0.4714045207910317,3
117,128,1.8333333333333333,0.8975274678557508,6
117,129,1.0,0.0,3
117,130,1.5,0.5,2
117,131,1.3333333333333333,0.4714045207910317,3
117,132,1.0,0.0,3
117,133,1.0,0.0,1
117,134,1.0,0.0,2
117,135,1.0,0.0,3
117,136,1.0,0.0,3
117,137,1.0,0.0,3
117,140,1.0,0.0,1
117,141,1.0,0.0,2
117,142,1.0,0.0,1
117,150,1.0,0.0,2
117,151,1.0,0.0,2
117,152,1.0,0.0,1
117,153,1.25,0.4330127018922193,4
117,154,1.0,0.0,2
117,155,2.0,0.0,1
117,156,2.0,0.0,1
117,157,1.0,0.0,1
117,158,1.0,0.0,2
117,161,1.0,0.0,1
117,163,1.0,0.0,1
117,164,1.0,0.0,2
117,165,1.5,0.5,2
117,166,1.0,0.0,1
118,17,1.0,0.0,1
118,26,1.0,0.0,1
118,48,1.0,0.0,1
118,65,1.0,0.0,1
118,82,1.0,0.0,1
119,1,1.0,0.0,1
119,2,1.0,0.0,1
119,4,2.0,0.0,3
119,5,1.0,0.0,2
119,6,1.5,0.5,2
119,7,1.3333333333333333,0.4714045207910317,3
119,8,1.0,0.0,3
119,9,1.3333333333333333,0.4714045207910317,3
119,10,1.3333333333333333,0.4714045207910317,3
119,11,1.0,0.0,2
119,12,1.0,0.0,1
119,13,1.0,0.0,3
119,14,1.0,0.0,2
119,15,1.0,0.0,1
119,17,1.5,0.5,2
119,22,1.0,0.0,1
119,28,1.3333333333333333,0.4714045207910317,3
119,29,1.0,0.0,1
119,30,2.0,0.0,1
119,31,1.0,0.0,5
119,32,1.6666666666666667,0.4714045207910317,3
119,33,1.0,0.0,3
119,34,2.0,0.0,1
119,35,1.0,0.0,4
119,36,1.0,0.0,1
119,37,1.0,0.0,3
119,38,1.0,0.0,2
119,39,1.6666666666666667,0.9428090415820634,3
119,44,1.0,0.0,1
119,45,1.0,0.0,1
119,51,1.0,0.0,1
119,52,1.0,0.0,3
119,53,1.0,0.0,1
119,54,1.0,0.0,2
119,55,1.5,0.5,2
119,56,1.0,0.0,4
119,57,1.3333333333333333,0.4714045207910317,3
119,58,1.5,0.5,4
119,59,1.0,0.0,3
119,60,1.0,0.0,3
119,61,1.5,0.5,2
119,62,1.0,0.0,2
119,64,1.0,0.0,3
119,68,1.0,0.0,1
119,70,1.0,0.0,1
119,72,1.0,0.0,1
119,76,1.25,0.4330127018922193,4
119,77,1.0,0.0,1
119,78,1.0,0.0,1
119,79,1.25,0.4330127018922193,4
119,80,1.0,0.0,4
119,81,1.0,0.0,4
119,82,1.0,0.0,4
119,83,1.75,0.82915619758885,4
119,84,1.0,0.0,3
119,85,1.5,0.5,2
119,86,1.0,0.0,2
119,87,1.0,0.0,1
119,88,1.0,0.0,1
119,89,1.0,0.0,2
119,90,1.0,0.0,1
119,91,1.0,0.0,1
119,93,1.0,0.0,1
119,95,2.0,0.0,1
119,96,1.0,0.0,1
119,97,1.0,0.0,1
119,100,1.0,0.0,1
119,101,1.0,0.0,1
119,102,1.0,0.0,4
119,103,1.75,0.82915619758885,4
119,104,1.5,0.8660254037844386,4
119,105,1.5,0.5,4
119,106,1.6666666666666667,0.4714045207910317,3
119,107,1.6666666666666667,0.4714045207910317,3
119,108,1.0,0.0,4
119,109,1.0,0.0,1
119,110,1.0,0.0,1
119,111,1.0,0.0,4
119,112,1.0,0.0,1
119,114,1.0,0.0,3
119,115,1.0,0.0,2
119,118,1.0,0.0,1
119,121,1.0,0.0,1
119,124,2.0,0.816496580927726,3
119,125,1.0,0.0,1
119,126,1.0,0.0,1
119,127,1.0,0.0,2
119,128,1.5,0.5,2
119,129,1.0,0.0,1
119,130,1.5,0.5,2
119,131,1.0,0.0,2
119,132,1.5,0.5,4
119,133,1.3333333333333333,0.4714045207910317,3
119,134,1.0,0.0,2
119,135,1.0,0.0,1
119,136,1.0,0.0,1
119,137,1.0,0.0,1
119,138,1.0,0.0,1
119,140,1.0,0.0,1
119,141,1.0,0.0,1
119,142,1.0,0.0,3
119,143,1.0,0.0,1
119,145,1.0,0.0,1
119,146,1.0,0.0,1
119,148,1.0,0.0,1
119,150,1.0,0.0,2
119,151,1.3333333333333333,0.4714045207910317,3
119,152,1.5,0.5,2
119,153,1.25,0.4330127018922193,4
119,154,1.0,0.0,2
119,155,2.0,0.0,2
119,156,1.5,0.5,6
119,157,1.0,0.0,4
119,158,1.0,0.0,4
119,160,1.5,0.5,2
119,161,1.0,0.0,2
119,162,1.0,0.0,1
119,163,1.0,0.0,1
119,164,1.0,0.0,2
119,165,1.0,0.0,2
119,167,2.0,0.0,1
120,8,1.0,0.0,1
120,13,1.0,0.0,1
120,16,1.0,0.0,1
120,38,1.0,0.0,1
120,41,1.0,0.0,1
120,45,1.0,0.0,1
120,47,1.0,0.0,1
120,67,1.0,0.0,1
120,71,1.0,0.0,1
120,80,1.0,0.0,1
120,93,1.0,0.0,1
120,106,1.0,0.0,1
120,111,1.0,0.0,2
120,119,1.0,0.0,1
120,121,1.0,0.0,1
120,126,1.0,0.0,1
120,131,1.0,0.0,1
120,134,1.0,0.0,1
120,142,1.0,0.0,1
120,153,1.0,0.0,1
120,158,1.0,0.0,1
120,160,1.0,0.0,1
120,163,1.0,0.0,1
120,165,1.0,0.0,2
121,0,2.0,0.0,1
121,4,1.0,0.0,1
121,5,1.0,0.0,1
121,6,1.0,0.0,1
121,7,1.25,0.4330127018922193,4
121,8,1.0,0.0,2
121,9,1.0,0.0,3
121,10,1.5,0.5,2
121,11,1.0,0.0,3
121,12,1.75,0.4330127018922193,4
121,13,1.3333333333333333,0.4714045207910317,3
121,14,1.5,0.5,2
121,15,1.0,0.0,1
121,16,1.0,0.0,3
121,17,1.0,0.0,1
121,19,1.0,0.0,1
121,30,1.25,0.4330127018922193,4
121,31,1.0,0.0,2
121,32,1.6666666666666667,0.4714045207910317,3
121,33,1.0,0.0,4
121,34,1.0,0.0,2
121,35,1.25,0.4330127018922193,4
121,36,2.0,0.0,1
121,37,1.3333333333333333,0.4714045207910317,3
121,38,1.6,0.8,5
121,39,1.0,0.0,3
121,40,1.0,0.0,1
121,41,1.0,0.0,3
121,43,1.0,0.0,3
121,47,1.0,0.0,1
121,53,1.0,0.0,2
121,54,1.25,0.4330127018922193,4
121,55,1.5,0.5,2
121,56,2.2,1.16619037896906,5
121,57,1.0,0.0,1
121,58,1.4,0.4898979485566356,5
121,59,1.0,0.0,3
121,60,1.7142857142857142,1.0301575072754257,7
121,61,1.6666666666666667,0.74535599249993,6
121,62,1.2,0.4,5
121,63,1.5,0.5,2
121,64,2.5,0.5,2
121,65,2.0,0.0,1
121,66,1.0,0.0,1
121,67,1.0,0.0,1
121,68,1.0,0.0,1
121,73,1.0,0.0,1
121,74,1.0,0.0,1
121,78,1.5,0.8660254037844386,4
121,79,1.0,0.0,3
121,80,1.2,0.4,5
121,81,1.0,0.0,4
121,82,1.0,0.0,3
121,83,1.2,0.4000000000000001,5
121,84,1.25,0.4330127018922193,4
121,85,1.625,0.6959705453537527,8
121,86,2.0,0.0,1
121,87,1.3333333333333333,0.4714045207910317,3
121,88,1.0,0.0,1
121,89,1.0,0.0,1
121,90,1.0,0.0,2
121,95,1.0,0.0,1
121,100,1.0,0.0,1
121,102,1.0,0.0,5
121,103,1.6,0.8,5
121,104,1.2,0.4,5
121,105,1.75,0.82915619758885,4
121,106,1.0,0.0,4
121,107,1.5,0.5,2
121,108,1.25,0.4330127018922193,4
121,109,1.2,0.4000000000000001,5
121,110,1.5,0.5,2
121,111,1.0,0.0,4
121,112,1.5,0.5,2
121,113,1.0,0.0,1
121,114,1.0,0.0,2
121,122,1.0,0.0,1
121,124,1.0,0.0,1
121,128,1.0,0.0,1
121,129,1.0,0.0,2
121,130,1.0,0.0,2
121,131,1.0,0.0,1
121,132,1.0,0.0,2
121,133,1.0,0.0,1
121,134,1.0,0.0,2
121,135,1.0,0.0,1
121,137,1.0,0.0,1
121,139,1.0,0.0,1
121,140,3.0,0.0,1
121,143,1.0,0.0,1
121,152,1.0,0.0,2
121,154,1.0,0.0,1
121,155,1.0,0.0,1
121,159,1.0,0.0,1
121,160,1.5,0.5,2
121,162,1.0,0.0,1
121,163,1.0,0.0,1
121,165,1.0,0.0,2
121,166,1.0,0.0,2
122,0,1.0,0.0,1
122,6,1.0,0.0,6
122,7,1.0,0.0,2
122,8,1.3333333333333333,0.4714045207910317,3
122,10,1.3333333333333333,0.4714045207910317,3
122,11,1.0,0.0,1
122,14,1.0,0.0,2
122,15,1.0,0.0,6
122,17,1.0,0.0,1
122,18,1.0,0.0,1
122,19,1.0,0.0,4
122,20,1.0,0.0,1
122,22,1.0,0.0,1
122,23,2.0,0.0,1
122,26,1.0,0.0,1
122,29,1.0,0.0,1
122,30,1.0,0.0,2
122,31,1.0,0.0,1
122,32,1.0,0.0,1
122,35,1.0,0.0,1
122,36,1.0,0.0,2
122,38,1.25,0.4330127018922193,4
122,39,1.0,0.0,1
122,40,1.0,0.0,1
122,45,1.0,0.0,1
122,54,1.4,0.4898979485566356,5
122,55,1.0,0.0,1
122,56,1.5,0.5,2
122,57,1.0,0.0,1
122,58,1.0,0.0,2
122,59,1.0,0.0,3
122,60,1.0,0.0,3
122,61,1.0,0.0,4
122,62,1.3333333333333333,0.4714045207910317,3
122,63,1.5,0.5,2
122,64,1.0,0.0,2
122,65,1.0,0.0,3
122,66,1.5,0.5,2
122,67,1.0,0.0,2
122,68,1.0,0.0,1
122,71,1.0,0.0,1
122,73,1.0,0.0,1
122,79,1.0,0.0,2
122,81,1.0,0.0,2
122,82,1.2,0.4,5
122,83,1.0,0.0,2
122,84,1.0,0.0,1
122,86,1.25,0.4330127018922193,4
122,87,1.0,0.0,1
122,88,1.0,0.0,2
122,89,2.0,0.0,1
122,90,1.0,0.0,2
122,91,1.0,0.0,1
122,93,1.0,0.0,1
122,97,1.0,0.0,1
122,98,1.0,0.0,1
122,100,1.0,0.0,1
122,102,1.2857142857142858,0.45175395145262565,7
122,103,1.0,0.0,1
122,104,1.0,0.0,1
122,105,1.0,0.0,1
122,106,1.0,0.0,1
122,107,1.0,0.0,1
122,108,1.0,0.0,1
122,109,1.0,0.0,1
122,110,1.0,0.0,2
122,111,1.0,0.0,2
122,112,1.0,0.0,2
122,115,1.0,0.0,1
122,116,1.0,0.0,1
122,117,1.0,0.0,1
122,120,1.0,0.0,1
122,122,1.0,0.0,1
122,124,1.0,0.0,1
122,127,1.0,0.0,4
122,128,1.0,0.0,1
122,129,1.0,0.0,1
122,131,1.0,0.0,1
122,132,1.0,0.0,1
122,134,1.0,0.0,1
122,138,1.0,0.0,1
122,142,1.0,0.0,1
122,143,1.0,0.0,2
122,146,1.0,0.0,1
122,152,1.0,0.0,1
122,153,2.0,0.0,2
122,154,1.0,0.0,1
122,157,1.0,0.0,1
122,158,1.0,0.0,1
122,162,1.0,0.0,1
122,163,2.0,0.0,1
122,166,1.0,0.0,1
122,167,1.0,0.0,2
123,0,1.0,0.0,2
123,5,1.0,0.0,3
123,8,1.0,0.0,3
123,9,1.0,0.0,1
123,11,1.0,0.0,1
123,12,1.5,0.5,2
123,13,1.0,0.0,3
123,14,1.2,0.4000000000000001,5
123,15,1.0,0.0,2
123,17,1.0,0.0,3
123,20,1.0,0.0,1
123,29,1.0,0.0,3
123,31,1.5,0.5,2
123,32,1.0,0.0,1
123,33,1.0,0.0,1
123,34,1.0,0.0,3
123,35,1.0,0.0,2
123,36,2.0,1.224744871391589,4
123,37,1.0,0.0,1
123,38,1.0,0.0,2
123,39,2.0,0.0,1
123,40,1.0,0.0,2
123,41,1.0,0.0,1
123,43,1.0,0.0,1
123,44,1.0,0.0,1
123,45,1.0,0.0,1
123,47,1.0,0.0,1
123,53,1.0,0.0,3
123,56,1.0,0.0,3
123,57,1.0,0.0,4
123,58,1.0,0.0,1
123,59,1.0,0.0,3
123,60,1.4285714285714286,0.4948716593053935,7
123,61,2.3333333333333335,0.4714045207910317,3
123,62,1.5,0.5,2
123,63,1.3333333333333333,0.4714045207910317,3
123,65,1.0,0.0,2
123,66,1.0,0.0,4
123,67,1.0,0.0,1
123,68,1.0,0.0,1
123,71,1.0,0.0,1
123,72,1.0,0.0,2
123,74,1.0,0.0,1
123,77,1.0,0.0,2
123,78,1.0,0.0,1
123,79,1.25,0.4330127018922193,4
123,80,1.0,0.0,2
123,82,1.25,0.4330127018922193,4
123,83,1.0,0.0,1
123,84,1.25,0.4330127018922193,4
123,85,1.25,0.4330127018922193,4
123,86,1.0,0.0,2
123,87,1.0,0.0,1
123,88,1.0,0.0,1
123,91,1.0,0.0,1
123,94,1.0,0.0,1
123,95,1.5,0.5,2
123,96,1.0,0.0,1
123,97,1.0,0.0,2
123,99,1.0,0.0,1
123,101,1.0,0.0,1
123,102,1.0,0.0,1
123,103,1.0,0.0,3
123,104,1.5,0.5,2
123,105,1.25,0.4330127018922193,4
123,106,1.0,0.0,2
123,107,1.5,0.5,2
123,108,1.25,0.4330127018922193,4
123,109,1.5,0.5,2
123,110,1.3333333333333333,0.4714045207910317,3
123,111,1.0,0.0,4
123,112,1.5,0.5,2
123,113,1.0,0.0,1
123,114,1.0,0.0,1
123,115,1.0,0.0,5
123,120,1.0,0.0,2
123,131,1.0,0.0,1
123,133,1.0,0.0,2
123,134,1.0,0.0,1
123,137,2.0,0.0,1
123,138,1.0,0.0,1
123,144,1.0,0.0,1
123,145,1.0,0.0,1
123,147,1.0,0.0,2
123,148,1.0,0.0,2
123,152,1.0,0.0,1
123,153,1.0,0.0,1
123,157,1.0,0.0,1
123,160,1.0,0.0,1
123,162,1.0,0.0,1
123,166,1.0,0.0,1
123,167,1.0,0.0,1
124,0,2.0,0.0,1
124,4,1.0,0.0,1
124,5,1.0,0.0,2
124,6,1.6666666666666667,0.4714045207910317,3
124,8,1.0,0.0,1
124,11,1.0,0.0,1
124,12,1.0,0.0,5
124,13,1.0,0.0,3
124,15,1.0,0.0,2
124,16,1.0,0.0,1
124,18,1.0,0.0,2
124,21,1.0,0.0,2
124,22,2.0,0.0,1
124,23,2.5,1.5,2
124,24,1.0,0.0,2
124,29,1.0,0.0,1
124,30,1.0,0.0,3
124,31,1.0,0.0,2
124,32,1.25,0.4330127018922193,4
124,34,1.0,0.0,2
124,35,1.0,0.0,1
124,36,1.0,0.0,3
124,37,1.0,0.0,4
124,38,1.0,0.0,1
124,39,1.5,0.5,2
124,40,1.0,0.0,1
124,41,1.0,0.0,2
124,42,1.0,0.0,3
124,44,1.0,0.0,1
124,45,1.0,0.0,1
124,46,1.0,0.0,3
124,53,1.0,0.0,1
124,54,1.0,0.0,4
124,55,1.5,0.5,2
124,56,1.0,0.0,3
124,57,2.0,0.0,1
124,58,2.0,0.0,1
124,59,1.0,0.0,4
124,60,1.5,0.5,2
124,61,1.0,0.0,1
124,62,1.0,0.0,1
124,63,1.0,0.0,2
124,64,1.0,0.0,2
124,65,1.0,0.0,1
124,66,1.0,0.0,1
124,68,1.0,0.0,2
124,71,1.5,0.5,2
124,72,1.0,0.0,1
124,77,1.0,0.0,3
124,78,1.1428571428571428,0.3499271061118826,7
124,79,1.0,0.0,4
124,80,1.0,0.0,4
124,82,1.0,0.0,1
124,83,1.0,0.0,2
124,84,2.0,0.0,2
124,85,1.0,0.0,4
124,86,1.0,0.0,2
124,88,1.6666666666666667,0.4714045207910317,3
124,89,1.0,0.0,4
124,91,1.0,0.0,1
124,92,1.0,0.0,1
124,93,1.0,0.0,1
124,94,1.0,0.0,1
124,95,1.5,0.5,2
124,96,1.0,0.0,1
124,101,2.0,0.0,1
124,102,1.0,0.0,1
124,103,1.0,0.0,3
124,104,1.0,0.0,2
124,105,1.0,0.0,2
124,106,1.0,0.0,1
124,107,1.0,0.0,1
124,108,1.0,0.0,3
124,109,1.0,0.0,1
124,110,1.5,0.5,2
124,111,1.0,0.0,3
124,112,1.0,0.0,3
124,114,1.0,0.0,1
124,115,1.0,0.0,1
124,116,1.0,0.0,1
124,117,1.0,0.0,1
124,118,1.0,0.0,1
124,119,1.5,0.5,2
124,126,1.0,0.0,1
124,128,1.0,0.0,1
124,130,1.0,0.0,2
124,131,1.0,0.0,2
124,132,1.0,0.0,1
124,135,1.5,0.5,2
124,136,1.5,0.5,2
124,137,1.0,0.0,2
124,140,1.0,0.0,2
124,141,1.0,0.0,1
124,144,1.0,0.0,1
124,145,1.0,0.0,1
124,146,1.0,0.0,1
124,149,1.0,0.0,1
124,150,1.0,0.0,2
124,151,1.0,0.0,1
124,152,1.0,0.0,1
124,153,1.5,0.5,2
124,154,1.0,0.0,3
124,155,1.0,0.0,1
124,156,2.0,0.0,1
124,158,1.0,0.0,1
124,160,1.0,0.0,1
124,165,1.5,0.5,2
124,166,1.3333333333333333,0.4714045207910317,3
124,167,1.0,0.0,2
125,0,4.25,1.984313483298443,8
125,1,3.875,2.6190408549696205,8
125,2,4.428571428571429,2.1285234893930487,7
125,3,6.625,2.2878756522153907,8
125,4,4.428571428571429,2.381904571504724,7
125,5,2.1666666666666665,1.4624940645653537,6
125,6,3.5,1.224744871391589,8
125,7,17.285714285714285,4.060762972443398,7
125,8,21.125,6.716351316004844,8
125,9,19.5,5.937171043518958,8
125,10,16.125,4.675401052316261,8
125,11,19.875,3.9823830805184977,8
125,12,18.5,5.220153254455275,8
125,13,18.75,4.085033659592048,8
125,14,21.375,7.192661190407901,8
125,15,19.5,4.847679857416329,8
125,16,21.0,6.422616289332565,8
125,17,26.75,6.7592529172978875,8
125,18,25.0,6.519202405202649,8
125,19,25.125,7.30475016684349,8
125,20,23.375,7.279036680770334,8
125,21,25.0,9.7082439194738,8
125,22,21.375,7.140334375923861,8
125,23,10.25,4.351723796382303,8
125,24,4.571428571428571,2.498979383505129,7
125,25,2.6666666666666665,1.4907119849998598,6
125,26,1.8333333333333333,0.8975274678557508,6
125,27,1.0,0.0,3
125,28,1.8333333333333333,0.8975274678557508,6
125,29,1.1428571428571428,0.3499271061118826,7
125,30,3.0,2.2677868380553634,7
125,31,16.0,5.291502622129181,8
125,32,22.375,8.245263792020241,8
125,33,22.5,8.246211251235321,8
125,34,22.25,5.4715171570598224,8
125,35,26.0,6.244997998398398,8
125,36,24.0,3.640054944640259,8
125,37,29.0,8.231038816577165,8
125,38,24.875,5.4872010169119925,8
125,39,26.875,7.622950544244663,8
125,40,26.5,10.8397416943394,8
125,41,32.875,15.917266568101446,8
125,42,33.875,10.52897787061973,8
125,43,30.0,13.527749258468683,8
125,44,37.625,13.359804452161717,8
125,45,40.625,16.400743123407548,8
125,46,39.5,15.787653403846944,8
125,47,20.25,9.832980219648569,8
125,48,8.222222222222221,3.764683188021648,9
125,49,3.125,1.5360257159305635,8
125,50,1.875,1.3635890143294642,8
125,51,2.0,1.6903085094570331,7
125,52,1.875,0.9270248108869579,8
125,53,2.0,0.7559289460184544,7
125,54,4.222222222222222,2.1998877636914815,9
125,55,16.11111111111111,6.136311676215145,9
125,56,22.22222222222222,8.854098583616237,9
125,57,22.88888888888889,7.294510027631046,9
125,58,24.11111111111111,6.935327348589881,9
125,59,22.11111111111111,4.532461789860252,9
125,60,26.88888888888889,6.9672957362626144,9
125,61,24.333333333333332,7.055336829505575,9
125,62,30.0,7.52772652709081,9
125,63,24.88888888888889,4.532461789860253,9
125,64,28.444444444444443,8.288024977320674,9
125,65,32.44444444444444,12.401712346922196,9
125,66,43.44444444444444,14.190067818419967,9
125,67,40.333333333333336,12.832251036613439,9
125,68,37.44444444444444,11.991766722872924,9
125,69,38.44444444444444,16.958191145095054,9
125,70,45.0,20.634383387389548,9
125,71,23.666666666666668,7.874007874011811,9
125,72,13.11111111111111,7.217947452849651,9
125,73,11.11111111111111,3.8713891978187434,9
125,74,11.444444444444445,4.399775527382962,9
125,75,10.222222222222221,4.15739709641549,9
125,76,4.666666666666667,2.9814239699997196,9
125,77,2.25,0.82915619758885,4
125,78,4.111111111111111,1.5947444549341472,9
125,79,16.444444444444443,7.7618885318102135,9
125,80,25.0,11.333333333333334,9
125,81,23.11111111111111,9.971564509415366,9
125,82,24.333333333333332,7.644896627453143,9
125,83,26.22222222222222,8.107305043090978,9
125,84,21.444444444444443,6.516834799384525,9
125,85,25.666666666666668,6.928203230275509,9
125,86,29.666666666666668,11.42122779934121,9
125,87,24.333333333333332,7.241853660800143,9
125,88,29.333333333333332,6.036923425424944,9
125,89,31.444444444444443,13.191841848582959,9
125,90,35.77777777777778,13.464172853067653,9
125,91,37.44444444444444,14.423061095274633,9
125,92,34.44444444444444,15.727619803751553,9
125,93,36.666666666666664,14.391355429948602,9
125,94,48.44444444444444,22.131481404004624,9
125,95,37.333333333333336,20.29778313018444,9
125,96,25.0,11.683321445547923,8
125,97,14.666666666666666,10.852547064066473,9
125,98,14.222222222222221,8.48237097066325,9
125,99,14.0,5.734883511361751,9
125,100,6.625,3.2379584617471546,8
125,101,2.111111111111111,0.7370277311900889,9
125,102,4.666666666666667,2.6246692913372702,9
125,103,11.222222222222221,6.232134961057848,9
125,104,16.666666666666668,6.531972647421808,9
125,105,17.22222222222222,7.098947931094795,9
125,106,19.88888888888889,6.0266896099202745,9
125,107,24.666666666666668,3.7416573867739413,9
125,108,21.333333333333332,6.49786289653931,9
125,109,22.22222222222222,6.160407233612938,9
125,110,22.0,4.216370213557839,9
125,111,26.333333333333332,8.781293248212995,9
125,112,23.555555555555557,6.961977865698019,9
125,113,27.555555555555557,4.2716406192757965,9
125,114,35.666666666666664,7.874007874011811,9
125,115,36.888888888888886,9.87076991756125,9
125,116,32.22222222222222,10.173798348675197,9
125,117,28.88888888888889,10.5033798205302,9
125,118,30.333333333333332,14.832396974191326,9
125,119,40.22222222222222,18.848977442219084,9
125,120,41.888888888888886,19.85751715734676,9
125,121,42.666666666666664,23.664319132398465,9
125,122,35.22222222222222,17.45965366703588,9
125,123,22.11111111111111,10.343483664655137,9
125,124,17.22222222222222,7.480014524314148,9
125,125,2.2857142857142856,2.373321103690879,7
125,126,2.7777777777777777,1.227262335243029,9
125,127,4.5,1.3228756555322954,8
125,128,7.0,2.449489742783178,9
125,129,13.11111111111111,5.506449641495052,9
125,130,19.88888888888889,6.0266896099202745,9
125,131,23.22222222222222,6.545189544454729,9
125,132,26.0,5.206833117271103,9
125,133,23.444444444444443,4.6214742984634265,9
125,134,31.11111111111111,8.77426089884428,9
125,135,33.666666666666664,8.096638534327413,9
125,136,34.888888888888886,8.451751224771828,9
125,137,30.0,8.069145624606803,9
125,138,37.111111111111114,10.181076612404718,9
125,139,40.666666666666664,12.762793146051099,9
125,140,34.111111111111114,9.170537903094823,9
125,141,30.555555555555557,8.36807572611677,9
125,142,38.55555555555556,14.51521126352253,9
125,143,43.22222222222222,16.497661637522235,9
125,144,38.888888888888886,19.427611761753734,9
125,145,35.77777777777778,17.662123804456545,9
125,146,32.888888888888886,15.043968480900277,9
125,147,22.666666666666668,7.086763875156433,9
125,148,14.0,7.055336829505575,9
125,149,3.7777777777777777,1.9876159799998132,9
125,150,3.111111111111111,0.8748897637790901,9
125,151,5.0,3.24037034920393,8
125,152,6.888888888888889,2.078698548207745,9
125,153,9.333333333333334,5.228129047119374,9
125,154,18.22222222222222,6.892472186342587,9
125,155,19.333333333333332,6.928203230275509,9
125,156,27.333333333333332,8.692269873603532,9
125,157,23.555555555555557,7.804715257260419,9
125,158,29.88888888888889,8.157402152434512,9
125,159,23.0,7.023769168568493,9
125,160,30.0,12.310790208412925,9
125,161,24.11111111111111,10.846857654991805,9
125,162,23.22222222222222,12.97671228502794,9
125,163,20.88888888888889,11.129983971681025,9
125,164,20.666666666666668,7.586537784494028,9
125,165,14.11111111111111,4.228066131208989,9
125,166,15.444444444444445,4.855949640758257,9
125,167,10.666666666666666,3.162277660168379,9
126,0,1.0,0.0,2
126,4,1.0,0.0,2
126,5,1.0,0.0,2
126,6,1.0,0.0,1
126,7,1.3333333333333333,0.4714045207910317,3
126,9,1.0,0.0,3
126,10,1.0,0.0,1
126,12,1.0,0.0,1
126,13,2.0,0.0,1
126,14,1.0,0.0,1
126,15,1.0,0.0,1
126,20,1.0,0.0,1
126,21,1.0,0.0,1
126,22,1.0,0.0,1
126,23,1.0,0.0,1
126,26,1.0,0.0,1
126,28,1.0,0.0,1
126,29,1.0,0.0,4
126,30,1.0,0.0,1
126,31,1.0,0.0,1
126,32,1.0,0.0,1
126,33,2.0,0.816496580927726,3
126,34,1.5,0.5,2
126,35,1.0,0.0,2
126,36,1.0,0.0,1
126,38,1.0,0.0,1
126,39,1.0,0.0,2
126,40,1.0,0.0,2
126,41,1.5,0.5,2
126,42,1.0,0.0,2
126,49,1.0,0.0,1
126,52,1.0,0.0,1
126,53,1.0,0.0,2
126,54,1.2,0.4000000000000001,5
126,55,1.0,0.0,2
126,56,1.25,0.4330127018922193,4
126,57,1.2,0.4,5
126,58,1.0,0.0,2
126,59,2.0,0.0,1
126,60,1.0,0.0,1
126,61,1.0,0.0,3
126,62,1.0,0.0,2
126,63,1.0,0.0,2
126,64,1.0,0.0,3
126,65,1.5,0.5,2
126,66,1.0,0.0,2
126,68,1.0,0.0,1
126,77,1.0,0.0,2
126,78,1.0,0.0,2
126,79,1.2,0.4000000000000001,5
126,80,1.0,0.0,3
126,81,1.0,0.0,1
126,82,1.5,0.5,4
126,83,2.0,0.0,1
126,84,1.0,0.0,1
126,85,1.0,0.0,2
126,86,1.0,0.0,1
126,87,1.0,0.0,2
126,89,1.0,0.0,1
126,95,1.0,0.0,1
126,96,1.0,0.0,1
126,99,1.0,0.0,1
126,100,1.0,0.0,1
126,101,1.25,0.4330127018922193,4
126,102,1.0,0.0,1
126,103,1.0,0.0,2
126,104,1.4,0.4898979485566356,5
126,105,1.0,0.0,4
126,106,1.0,0.0,2
126,107,1.0,0.0,1
126,108,1.0,0.0,2
126,109,1.0,0.0,1
126,110,1.0,0.0,3
126,111,1.0,0.0,2
126,114,1.0,0.0,2
126,119,1.0,0.0,1
126,124,1.0,0.0,1
126,127,1.0,0.0,1
126,129,1.0,0.0,1
126,130,1.0,0.0,3
126,131,1.0,0.0,1
126,132,1.0,0.0,2
126,133,1.0,0.0,2
126,134,1.0,0.0,1
126,136,1.0,0.0,1
126,137,1.0,0.0,1
126,139,1.0,0.0,1
126,140,1.5,0.5,2
126,142,1.0,0.0,1
126,145,1.0,0.0,1
126,150,1.0,0.0,1
126,151,1.0,0.0,3
126,152,1.0,0.0,1
126,153,1.0,0.0,2
126,155,1.0,0.0,1
126,156,1.0,0.0,1
126,157,1.0,0.0,1
126,158,1.0,0.0,1
126,159,1.0,0.0,1
126,160,1.0,0.0,1
126,161,1.0,0.0,1
126,162,1.0,0.0,2
126,163,1.0,0.0,1
126,164,1.0,0.0,1
126,165,1.0,0.0,1
126,166,1.6666666666666667,0.9428090415820634,3
126,167,1.0,0.0,1
127,0,1.3333333333333333,0.4714045207910317,3
127,3,1.0,0.0,1
127,5,1.0,0.0,2
127,6,1.0,0.0,4
127,8,1.5,0.5,2
127,9,1.4,0.4898979485566356,5
127,10,1.0,0.0,3
127,11,2.0,0.0,2
127,12,1.0,0.0,2
127,13,1.0,0.0,2
127,14,1.6666666666666667,0.4714045207910317,3
127,15,1.0,0.0,3
127,16,1.5,0.5,2
127,17,2.0,0.0,2
127,21,2.0,0.0,1
127,22,1.0,0.0,1
127,23,1.0,0.0,1
127,24,1.0,0.0,1
127,29,1.0,0.0,1
127,30,1.0,0.0,4
127,31,1.0,0.0,3
127,32,1.0,0.0,4
127,33,1.2857142857142858,0.45175395145262565,7
127,34,1.0,0.0,1
127,35,1.0,0.0,2
127,36,1.0,0.0,1
127,37,1.0,0.0,3
127,38,2.0,0.8944271909999159,5
127,39,1.0,0.0,3
127,40,1.0,0.0,2
127,41,1.0,0.0,3
127,42,1.25,0.4330127018922193,4
127,43,1.0,0.0,4
127,44,1.5,0.5,2
127,46,1.0,0.0,1
127,47,1.0,0.0,1
127,48,1.0,0.0,1
127,53,1.0,0.0,3
127,54,2.0,0.0,1
127,55,1.0,0.0,1
127,57,2.0,0.0,2
127,58,1.0,0.0,3
127,59,1.0,0.0,1
127,60,1.0,0.0,2
127,61,1.0,0.0,6
127,62,1.0,0.0,5
127,63,1.25,0.4330127018922193,4
127,64,1.0,0.0,2
127,65,1.25,0.4330127018922193,4
127,67,1.0,0.0,2
127,68,1.5,0.5,2
127,69,1.0,0.0,1
127,71,3.0,0.0,1
127,76,1.0,0.0,1
127,77,1.0,0.0,1
127,78,1.0,0.0,2
127,79,1.2,0.4000000000000001,5
127,80,1.25,0.4330127018922193,4
127,81,1.0,0.0,2
127,82,1.3333333333333333,0.4714045207910317,3
127,83,1.5,0.5,2
127,84,1.3333333333333333,0.4714045207910317,3
127,85,1.5,0.5,2
127,86,1.4,0.4898979485566356,5
127,87,1.6,0.4898979485566356,5
127,88,1.3333333333333333,0.4714045207910317,6
127,89,1.8,1.1661903789690602,5
127,90,1.0,0.0,3
127,91,3.0,0.0,1
127,92,1.0,0.0,2
127,93,1.0,0.0,2
127,94,1.0,0.0,2
127,95,1.0,0.0,2
127,96,1.0,0.0,1
127,97,1.0,0.0,1
127,98,1.0,0.0,1
127,100,1.0,0.0,1
127,101,1.0,0.0,1
127,102,1.5,0.5,2
127,103,1.5,0.5,4
127,104,1.0,0.0,2
127,105,2.0,0.0,2
127,106,1.0,0.0,4
127,107,1.3333333333333333,0.4714045207910317,3
127,108,1.6666666666666667,0.4714045207910317,3
127,109,1.0,0.0,2
127,110,1.25,0.4330127018922193,4
127,111,1.6666666666666667,0.4714045207910317,6
127,112,1.5,0.5,4
127,113,1.5,0.5,4
127,114,2.0,1.2649110640673518,5
127,115,1.3333333333333333,0.4714045207910317,3
127,116,1.0,0.0,2
127,117,1.0,0.0,3
127,118,1.0,0.0,2
127,119,1.0,0.0,3
127,120,1.0,0.0,1
127,121,1.0,0.0,1
127,123,1.0,0.0,3
127,124,1.3333333333333333,0.4714045207910317,3
127,125,1.0,0.0,1
127,127,1.0,0.0,1
127,129,1.0,0.0,2
127,130,1.0,0.0,1
127,131,1.6666666666666667,0.4714045207910317,3
127,132,1.0,0.0,1
127,133,1.0,0.0,3
127,134,1.375,0.6959705453537527,8
127,135,1.0,0.0,2
127,136,1.0,0.0,2
127,137,1.0,0.0,1
127,138,1.5,0.5,2
127,139,1.0,0.0,4
127,140,1.0,0.0,2
127,141,1.0,0.0,3
127,142,1.3333333333333333,0.4714045207910317,3
127,143,1.0,0.0,3
127,144,1.0,0.0,4
127,145,1.0,0.0,1
127,146,1.0,0.0,1
127,147,1.0,0.0,1
127,148,2.0,1.0,2
127,149,1.0,0.0,3
127,151,2.0,0.0,1
127,152,1.0,0.0,2
127,154,1.0,0.0,2
127,155,1.0,0.0,3
127,157,1.0,0.0,3
127,158,1.1428571428571428,0.3499271061118826,7
127,159,1.0,0.0,2
127,160,1.0,0.0,2
127,161,1.3333333333333333,0.4714045207910317,3
127,162,1.3333333333333333,0.4714045207910317,3
127,163,1.0,0.0,2
127,164,1.6666666666666667,0.9428090415820634,3
127,165,2.0,0.0,1
127,166,1.25,0.4330127018922193,4
127,167,2.5,0.5,2
128,6,1.0,0.0,1
128,11,1.0,0.0,1
128,12,1.0,0.0,1
128,13,1.0,0.0,1
128,22,1.0,0.0,1
128,31,1.0,0.0,1
128,35,1.0,0.0,1
128,38,1.0,0.0,1
128,40,1.0,0.0,2
128,41,1.0,0.0,1
128,71,1.0,0.0,1
128,81,1.0,0.0,1
128,84,2.0,0.0,1
128,85,1.0,0.0,1
128,86,1.0,0.0,1
128,87,1.0,0.0,1
128,89,1.0,0.0,1
128,103,1.0,0.0,1
128,107,1.0,0.0,1
128,109,1.0,0.0,1
128,110,1.0,0.0,1
128,111,1.5,0.5,2
128,112,1.0,0.0,2
128,113,1.0,0.0,1
128,115,1.0,0.0,1
128,116,1.0,0.0,1
128,132,1.0,0.0,1
128,135,1.0,0.0,1
128,136,1.0,0.0,2
128,142,1.0,0.0,1
128,144,1.0,0.0,1
128,156,1.0,0.0,1
128,157,1.0,0.0,1
128,158,1.0,0.0,1
128,162,1.0,0.0,1
128,164,1.0,0.0,1
128,167,1.0,0.0,1
129,0,1.6666666666666667,1.1055415967851332,6
129,1,1.6666666666666667,0.9428090415820634,3
129,2,1.4,0.8,5
129,3,1.3333333333333333,0.4714045207910317,3
129,4,3.0,1.0,2
129,5,2.0,0.0,1
129,6,1.4,0.4898979485566356,5
129,7,1.6666666666666667,0.9428090415820634,6
129,8,3.0,0.816496580927726,3
129,9,2.2,1.469693845669907,5
129,10,1.8333333333333333,1.0671873729054748,6
129,11,1.875,1.0532687216470449,8
129,12,1.6666666666666667,0.47140452079103173,6
129,13,3.0,1.2909944487358056,6
129,14,1.7142857142857142,0.880630571852711,7
129,15,1.4285714285714286,0.7284313590846835,7
129,16,1.1666666666666667,0.3726779962499649,6
129,17,1.8,0.7483314773547883,5
129,18,1.2,0.4000000000000001,5
129,19,1.4285714285714286,0.7284313590846835,7
129,20,1.0,0.0,5
129,21,1.0,0.0,1
129,22,1.5,0.5,4
129,23,1.8333333333333333,1.0671873729054748,6
129,24,1.5,0.5,4
129,25,1.25,0.4330127018922193,4
129,26,2.25,0.82915619758885,4
129,27,4.0,0.0,1
129,28,4.0,0.0,1
129,29,1.0,0.0,1
129,30,2.0,0.816496580927726,3
129,31,2.4,0.8,5
129,32,2.0,0.5773502691896257,6
129,33,1.8,0.4,5
129,34,1.3333333333333333,0.4714045207910317,6
129,35,1.5,0.7637626158259734,6
129,36,1.4,0.4898979485566356,5
129,37,2.3333333333333335,1.247219128924647,3
129,38,1.5,0.5,4
129,39,1.6666666666666667,0.4714045207910317,3
129,40,1.3333333333333333,0.4714045207910317,3
129,41,1.6666666666666667,1.1055415967851332,6
129,42,2.1666666666666665,1.0671873729054748,6
129,43,1.5,0.5,6
129,44,2.0,0.0,1
129,45,1.25,0.4330127018922193,4
129,46,1.75,0.82915619758885,4
129,47,1.6,0.8,5
129,48,1.5,0.8660254037844386,4
129,49,1.0,0.0,3
129,50,2.0,1.2649110640673518,5
129,51,1.0,0.0,1
129,52,1.2,0.4000000000000001,5
129,53,1.5,0.8660254037844386,4
129,54,1.5,0.5,4
129,55,1.5,0.5,4
129,56,2.0,0.816496580927726,6
129,57,2.5,1.5,4
129,58,1.8333333333333333,0.6871842709362768,6
129,59,2.0,0.9258200997725514,7
129,60,2.0,1.4142135623730951,7
129,61,2.4444444444444446,0.9558139185602919,9
129,62,1.2857142857142858,0.6998542122237652,7
129,63,1.5,0.5,4
129,64,1.8333333333333333,0.6871842709362768,6
129,65,1.2,0.4,5
129,66,1.0,0.0,4
129,67,2.0,0.0,3
129,68,1.25,0.4330127018922193,4
129,69,1.0,0.0,4
129,70,2.0,0.0,3
129,71,1.1428571428571428,0.3499271061118826,7
129,72,2.0,1.5491933384829668,5
129,73,1.6666666666666667,0.9428090415820634,6
129,74,1.0,0.0,2
129,75,1.5,0.5,2
129,76,1.1666666666666667,0.3726779962499649,6
129,77,1.0,0.0,4
129,78,1.7142857142857142,1.1605769149479943,7
129,79,1.875,1.6153559979150107,8
129,80,1.7777777777777777,0.6285393610547089,9
129,81,2.0,1.3228756555322954,8
129,82,1.5714285714285714,0.7284313590846836,7
129,83,2.0,1.247219128924647,9
129,84,1.625,0.6959705453537527,8
129,85,1.75,0.82915619758885,4
129,86,1.75,0.82915619758885,4
129,87,2.1666666666666665,0.6871842709362768,6
129,88,1.2,0.4000000000000001,5
129,89,2.0,1.0,4
129,90,1.0,0.0,3
129,91,1.5714285714285714,0.4948716593053935,7
129,92,2.6666666666666665,1.247219128924647,3
129,93,1.75,0.82915619758885,4
129,94,1.3333333333333333,0.4714045207910317,3
129,95,2.1666666666666665,1.0671873729054748,6
129,96,1.5,1.118033988749895,6
129,97,1.3333333333333333,0.74535599249993,6
129,98,1.5,0.5,4
129,99,1.2,0.4000000000000001,5
129,100,1.1666666666666667,0.37267799624996495,6
129,101,3.0,2.0,2
129,102,2.0,0.816496580927726,6
129,103,2.1666666666666665,1.3437096247164249,6
129,104,1.5,0.5,6
129,105,1.8571428571428572,0.8329931278350429,7
129,106,2.1666666666666665,1.3437096247164249,6
129,107,2.2857142857142856,0.6998542122237652,7
129,108,1.7142857142857142,1.0301575072754254,7
129,109,2.375,1.1110243021644486,8
129,110,1.6,0.4898979485566356,5
129,111,2.0,1.5275252316519468,6
129,112,2.142857142857143,0.8329931278350429,7
129,113,1.8333333333333333,0.6871842709362768,6
129,114,1.3333333333333333,0.4714045207910317,3
129,115,1.0,0.0,5
129,116,1.3333333333333333,0.7453559924999299,6
129,117,1.5,0.5,2
129,118,1.75,0.82915619758885,4
129,119,1.8333333333333333,0.6871842709362768,6
129,120,1.5,0.5,4
129,121,2.0,1.0954451150103321,5
129,122,2.0,0.7071067811865476,8
129,123,1.5714285714285714,0.7284313590846835,7
129,124,2.125,1.3635890143294642,8
129,125,1.1666666666666667,0.3726779962499649,6
129,126,1.6666666666666667,0.4714045207910317,6
129,127,1.6,0.8,5
129,128,1.6666666666666667,0.4714045207910317,3
129,129,1.5,0.8660254037844386,4
129,130,1.4,0.4898979485566356,5
129,131,1.8,0.9797958971132713,5
129,132,1.0,0.0,4
129,133,1.8,0.9797958971132713,5
129,134,1.0,0.0,5
129,135,1.375,0.4841229182759271,8
129,136,1.4285714285714286,0.4948716593053935,7
129,137,1.75,0.4330127018922193,4
129,138,1.6,0.8,5
129,139,1.5,0.5,6
129,140,1.25,0.4330127018922193,4
129,141,1.2,0.4,5
129,142,1.0,0.0,3
129,143,1.3333333333333333,0.4714045207910317,6
129,144,3.142857142857143,1.9587584572574412,7
129,145,1.6666666666666667,0.7453559924999299,6
129,146,2.0,0.816496580927726,3
129,147,2.2857142857142856,1.4846149779161806,7
129,148,2.7777777777777777,1.314684396244359,9
129,149,2.0,1.0,6
129,150,1.25,0.4330127018922193,4
129,151,1.5,0.5,4
129,152,1.0,0.0,6
129,153,1.1666666666666667,0.37267799624996495,6
129,154,1.4,0.4898979485566356,5
129,155,1.6,0.4898979485566356,5
129,156,2.0,1.2649110640673518,5
129,157,1.2,0.4,5
129,158,2.2,0.9797958971132712,5
129,159,1.3333333333333333,0.4714045207910317,6
129,160,1.8,0.9797958971132713,5
129,161,2.25,1.0897247358851685,8
129,162,1.6,0.8,5
129,163,2.6,0.8,5
129,164,1.625,1.653594569415369,8
129,165,2.3333333333333335,1.5986105077709065,6
129,166,2.6666666666666665,1.247219128924647,6
129,167,1.6666666666666667,1.1055415967851332,6
130,0,2.0,1.224744871391589,4
130,1,1.0,0.0,4
130,2,1.0,0.0,2
130,3,1.0,0.0,1
130,4,3.0,0.0,1
130,5,2.0,0.0,1
130,6,1.6666666666666667,0.4714045207910317,3
130,7,1.25,0.4330127018922193,4
130,8,1.25,0.4330127018922193,4
130,9,1.25,0.4330127018922193,4
130,10,1.3333333333333333,0.4714045207910317,6
130,11,3.0,1.0,2
130,12,2.0,1.224744871391589,4
130,13,2.0,1.0,8
130,14,1.8333333333333333,1.2133516482134197,6
130,15,1.4,0.4898979485566356,5
130,16,1.8571428571428572,0.6388765649999398,7
130,17,3.25,0.4330127018922193,4
130,18,1.4,0.8,5
130,19,1.0,0.0,1
130,20,1.5,1.118033988749895,6
130,21,1.25,0.4330127018922193,4
130,22,1.2,0.4,5
130,23,2.0,1.0,2
130,24,2.0,1.0954451150103321,5
130,25,1.0,0.0,3
130,28,1.0,0.0,2
130,29,1.5,0.8660254037844386,4
130,30,1.0,0.0,6
130,31,2.25,0.82915619758885,4
130,32,1.8,1.6000000000000003,5
130,33,1.5,0.5,4
130,34,1.3333333333333333,0.4714045207910317,6
130,35,1.2857142857142858,0.6998542122237652,7
130,36,2.0,1.0690449676496976,7
130,37,1.6666666666666667,0.74535599249993,6
130,38,1.3333333333333333,0.74535599249993,6
130,39,1.3333333333333333,0.7453559924999299,6
130,40,2.0,0.7559289460184544,7
130,41,1.6,0.8,5
130,42,1.5,0.8660254037844386,4
130,43,1.5,0.5,2
130,44,1.3333333333333333,0.4714045207910317,6
130,45,1.0,0.0,3
130,46,1.4,0.4898979485566356,5
130,47,1.0,0.0,4
130,48,1.75,1.299038105676658,4
130,49,1.0,0.0,2
130,51,1.0,0.0,4
130,52,1.0,0.0,3
130,53,2.0,1.4142135623730951,3
130,54,1.75,0.9682458365518543,8
130,55,1.1428571428571428,0.3499271061118826,7
130,56,1.2857142857142858,0.45175395145262565,7
130,57,1.8571428571428572,1.124858267715973,7
130,58,1.6,0.8,5
130,59,2.0,1.4142135623730951,6
130,60,3.0,1.5811388300841898,4
130,61,1.8333333333333333,0.8975274678557508,6
130,62,2.0,0.9258200997725514,7
130,63,1.6,0.4898979485566356,5
130,64,2.5555555555555554,0.8314794192830981,9
130,65,2.0,0.816496580927726,6
130,66,2.0,1.0,2
130,67,2.0,0.0,2
130,68,1.0,0.0,5
130,69,1.3333333333333333,0.4714045207910317,3
130,70,1.0,0.0,2
130,71,2.2,1.469693845669907,5
130,72,1.6666666666666667,0.9428090415820634,3
130,73,1.0,0.0,3
130,74,1.3333333333333333,0.4714045207910317,3
130,76,1.0,0.0,1
130,77,1.6666666666666667,0.4714045207910317,3
130,78,2.1666666666666665,1.0671873729054748,6
130,79,1.4,0.4898979485566356,5
130,80,2.0,0.5345224838248488,7
130,81,2.0,1.224744871391589,4
130,82,1.0,0.0,4
130,83,1.4,0.4898979485566356,5
130,84,1.8571428571428572,1.355261854357877,7
130,85,2.2222222222222223,0.9162456945817024,9
130,86,2.0,0.816496580927726,6
130,87,1.4,0.4898979485566356,5
130,88,1.5,0.5,8
130,89,1.875,0.5994789404140899,8
130,90,1.2,0.4000000000000001,5
130,92,1.2,0.4,5
130,93,1.0,0.0,1
130,94,1.0,0.0,5
130,95,1.75,0.82915619758885,4
130,96,1.6666666666666667,0.4714045207910317,6
130,97,1.0,0.0,4
130,98,2.5,0.5,2
130,99,1.0,0.0,3
130,100,2.0,0.0,1
130,101,1.0,0.0,3
130,102,2.0,1.0690449676496976,7
130,103,1.5,0.8660254037844386,4
130,104,3.0,0.0,3
130,105,1.4,0.4898979485566356,5
130,106,1.7142857142857142,0.6998542122237652,7
130,107,1.5,0.5,4
130,108,2.5714285714285716,1.7612611437054218,7
130,109,2.125,0.7806247497997998,8
130,110,1.8333333333333333,1.21335164821342,6
130,111,1.8,0.9797958971132713,5
130,112,2.5555555555555554,1.8324913891634047,9
130,113,2.2,0.39999999999999997,5
130,114,1.2857142857142858,0.45175395145262565,7
130,115,1.1428571428571428,0.3499271061118826,7
130,116,1.3333333333333333,0.4714045207910317,3
130,117,1.2,0.4,5
130,118,1.0,0.0,2
130,119,3.0,2.0,2
130,120,1.2857142857142858,0.45175395145262565,7
130,121,1.8,1.6,5
130,123,1.5,0.5,2
130,124,1.0,0.0,2
130,125,1.0,0.0,2
130,126,1.0,0.0,5
130,127,1.5714285714285714,0.4948716593053935,7
130,128,1.3333333333333333,0.4714045207910317,6
130,129,1.5,0.5,6
130,130,1.25,0.4330127018922193,4
130,131,1.1666666666666667,0.3726779962499649,6
130,132,1.2,0.4000000000000001,5
130,133,2.0,1.4142135623730951,6
130,134,1.6666666666666667,1.1055415967851332,6
130,135,1.2,0.4,5
130,136,1.6666666666666667,0.9428090415820634,3
130,137,1.0,0.0,2
130,138,1.6666666666666667,0.4714045207910317,3
130,139,1.5,0.5,4
130,140,1.75,0.4330127018922193,4
130,141,2.0,1.0,2
130,142,1.4,0.8,5
130,143,2.5,1.5,2
130,144,3.0,0.0,1
130,145,1.0,0.0,3
130,146,1.0,0.0,1
130,147,1.0,0.0,1
130,149,1.0,0.0,3
130,150,1.0,0.0,3
130,151,1.25,0.4330127018922193,4
130,152,2.0,1.0690449676496976,7
130,153,1.8571428571428572,1.124858267715973,7
130,154,1.0,0.0,3
130,155,1.6666666666666667,0.4714045207910317,6
130,156,1.6,0.8,5
130,157,1.75,0.82915619758885,4
130,158,1.6,0.8,5
130,159,1.2,0.4,5
130,160,1.4,0.8000000000000002,5
130,161,1.5,0.5,4
130,162,1.25,0.4330127018922193,4
130,163,2.0,0.7071067811865476,4
130,164,1.6,1.2,5
130,165,1.2857142857142858,0.6998542122237652,7
130,166,2.8333333333333335,1.5723301886761005,6
130,167,3.0,1.7888543819998317,5
131,3,1.0,0.0,1
131,4,1.0,0.0,4
131,5,1.25,0.4330127018922193,4
131,6,2.0,1.0,2
131,7,1.3333333333333333,0.4714045207910317,3
131,8,1.0,0.0,2
131,9,1.0,0.0,1
131,10,1.0,0.0,1
131,11,1.0,0.0,3
131,12,1.5,0.5,2
131,13,1.25,0.4330127018922193,4
131,14,1.0,0.0,5
131,15,1.0,0.0,2
131,16,1.0,0.0,1
131,18,1.0,0.0,1
131,19,1.0,0.0,1
131,27,1.0,0.0,1
131,28,1.0,0.0,1
131,29,1.0,0.0,3
131,30,1.5,0.5,2
131,31,1.0,0.0,2
131,32,1.2,0.4,5
131,33,1.75,0.82915619758885,4
131,34,1.0,0.0,3
131,35,1.0,0.0,4
131,36,1.5,0.5,2
131,37,2.0,0.0,2
131,38,2.0,0.816496580927726,3
131,39,1.0,0.0,1
131,40,1.6666666666666667,0.4714045207910317,3
131,41,1.0,0.0,2
131,43,1.0,0.0,1
131,51,1.0,0.0,5
131,54,1.3333333333333333,0.4714045207910317,3
131,55,1.0,0.0,2
131,56,1.0,0.0,3
131,57,1.0,0.0,4
131,58,1.1666666666666667,0.3726779962499649,6
131,59,1.6,0.8,5
131,60,1.0,0.0,3
131,61,1.6,0.8,5
131,62,1.6666666666666667,0.4714045207910317,3
131,63,1.3333333333333333,0.4714045207910317,3
131,64,1.6666666666666667,0.4714045207910317,3
131,65,2.0,0.0,1
131,66,1.0,0.0,2
131,70,1.0,0.0,1
131,74,1.0,0.0,1
131,75,1.0,0.0,1
131,78,1.3333333333333333,0.4714045207910317,6
131,79,1.0,0.0,2
131,80,1.25,0.4330127018922193,4
131,81,1.0,0.0,4
131,82,1.4,0.8,5
131,83,1.0,0.0,4
131,84,1.25,0.4330127018922193,4
131,85,1.5,0.5,2
131,86,1.0,0.0,3
131,88,1.0,0.0,3
131,89,1.0,0.0,2
131,90,1.1666666666666667,0.3726779962499649,6
131,94,1.5,0.5,2
131,95,1.0,0.0,1
131,98,1.0,0.0,1
131,99,1.0,0.0,2
131,100,1.0,0.0,2
131,101,1.25,0.4330127018922193,4
131,102,1.8,0.4,5
131,103,1.25,0.4330127018922193,4
131,104,1.3333333333333333,0.4714045207910317,3
131,105,1.3333333333333333,0.4714045207910317,3
131,106,1.75,0.82915619758885,4
131,107,1.3333333333333333,0.4714045207910317,3
131,108,1.3333333333333333,0.4714045207910317,6
131,109,1.0,0.0,3
131,110,1.2,0.4000000000000001,5
131,111,1.0,0.0,3
131,112,1.25,0.4330127018922193,4
131,113,1.0,0.0,3
131,114,1.0,0.0,2
131,115,1.0,0.0,1
131,119,1.5,0.5,2
131,120,1.0,0.0,1
131,123,1.0,0.0,1
131,126,1.0,0.0,1
131,127,1.0,0.0,1
131,128,1.0,0.0,2
131,129,1.0,0.0,3
131,130,1.0,0.0,2
131,131,1.3333333333333333,0.4714045207910317,3
131,132,1.0,0.0,1
131,133,1.0,0.0,1
131,134,2.0,0.0,1
131,135,1.0,0.0,1
131,136,1.0,0.0,3
131,137,1.0,0.0,2
131,138,1.0,0.0,1
131,141,1.0,0.0,1
131,143,2.0,0.0,1
131,145,1.0,0.0,1
131,151,1.5,0.5,2
131,153,1.0,0.0,3
131,154,1.0,0.0,1
131,155,1.0,0.0,2
131,156,1.0,0.0,1
131,158,1.0,0.0,1
131,160,1.0,0.0,1
131,161,1.0,0.0,1
131,164,1.0,0.0,1
131,167,1.0,0.0,1
132,0,179.5,58.9406481131655,8
132,1,121.125,93.17783735953523,8
132,2,43.0,42.83689998120779,8
132,3,19.125,14.434658811347084,8
132,4,17.375,8.092241654819757,8
132,5,59.125,22.546826273336123,8
132,6,166.125,52.01306927109763,8
132,7,175.0,59.61124055075519,8
132,8,162.0,54.04858925078434,8
132,9,139.375,47.749181930165044,8
132,10,156.625,54.95665905966264,8
132,11,140.625,36.427796735460134,8
132,12,162.875,42.96346558414486,8
132,13,225.875,59.10041772272003,8
132,14,314.125,84.53762106305098,8
132,15,367.75,74.6822435388761,8
132,16,364.25,71.41034588909369,8
132,17,341.25,47.78532724592351,8
132,18,286.125,57.854207928205184,8
132,19,353.625,64.03697662288562,8
132,20,313.75,73.97423537962389,8
132,21,308.125,82.28523181592186,8
132,22,331.25,92.34683264736263,8
132,23,282.125,74.7904363872815,8
132,24,176.625,56.09798904595422,8
132,25,54.75,27.476126000584582,8
132,26,24.75,14.788086421170252,8
132,27,9.0,5.244044240850758,8
132,28,11.5,7.211102550927978,8
132,29,58.375,14.456291882775473,8
132,30,130.875,24.043905152865662,8
132,31,156.5,47.47630988187688,8
132,32,130.375,32.241035575799984,8
132,33,133.375,35.252437858962324,8
132,34,143.125,28.620086914612962,8
132,35,109.125,18.421709339797978,8
132,36,151.375,23.242942477233814,8
132,37,213.375,39.22351813644462,8
132,38,301.125,28.5632521782797,8
132,39,331.375,19.962073414352528,8
132,40,367.875,49.103048530615695,8
132,41,309.375,71.14410991080007,8
132,42,278.875,51.972198096674724,8
132,43,337.75,34.63650530870573,8
132,44,283.125,40.772041584890005,8
132,45,269.375,72.83703985610617,8
132,46,299.625,63.67483313680531,8
132,47,231.66666666666666,88.75434261676064,9
132,48,170.55555555555554,40.39282420076096,9
132,49,53.77777777777778,55.44522377541796,9
132,50,9.0,11.115554667022044,9
132,51,9.222222222222221,6.459751934999392,9
132,52,15.88888888888889,9.608381115168203,9
132,53,59.44444444444444,18.39753069850596,9
132,54,124.55555555555556,26.141117510377363,9
132,55,156.77777777777777,21.508539791222862,9
132,56,135.88888888888889,20.34395593806368,9
132,57,113.22222222222223,26.532067715953662,9
132,58,138.0,17.02286044640494,9
132,59,118.0,24.499433100017278,9
132,60,155.66666666666666,22.236106773543888,9
132,61,233.55555555555554,29.19707409660203,9
132,62,287.6666666666667,26.076809620810597,9
132,63,346.44444444444446,23.247992081090985,9
132,64,336.6666666666667,49.51318567367238,9
132,65,291.0,25.94010194445829,9
132,66,268.0,26.54555832275273,9
132,67,338.44444444444446,40.35154165060174,9
132,68,292.22222222222223,51.67801547999514,9
132,69,296.77777777777777,65.79560569213616,9
132,70,287.44444444444446,75.1193289390082,9
132,71,229.66666666666666,56.39148871948674,9
132,72,145.55555555555554,35.10337467509708,9
132,73,48.666666666666664,38.42163742245016,9
132,74,14.0,14.689376357687136,9
132,75,8.777777777777779,4.8711800481739935,9
132,76,11.11111111111111,4.747969026493666,9
132,77,53.111111111111114,15.673363422943218,9
132,78,148.11111111111111,28.524626570520677,9
132,79,160.11111111111111,26.41314674527922,9
132,80,138.55555555555554,34.088483265731035,9
132,81,118.55555555555556,21.145585886163946,9
132,82,130.0,20.412414523193153,9
132,83,126.55555555555556,29.937383211968392,9
132,84,150.66666666666666,31.562988170042175,9
132,85,221.33333333333334,51.346318703919216,9
132,86,301.6666666666667,48.30918937197951,9
132,87,341.22222222222223,48.3293740396224,9
132,88,338.6666666666667,54.3323108288245,9
132,89,294.8888888888889,45.58373112427148,9
132,90,281.8888888888889,53.9865095174391,9
132,91,334.0,58.68370964567405,9
132,92,293.3333333333333,65.8297467377443,9
132,93,289.0,71.32087118555596,9
132,94,311.6666666666667,87.12825794960744,9
132,95,247.77777777777777,63.24164903637085,9
132,96,173.22222222222223,55.73504339038766,9
132,97,49.77777777777778,31.971437870483285,9
132,98,13.75,11.299889379989523,8
132,99,7.111111111111111,7.046582220314634,9
132,100,12.11111111111111,7.823674107681754,9
132,101,53.55555555555556,13.969101705877003,9
132,102,141.55555555555554,42.261385345939914,9
132,103,166.11111111111111,40.09279360141211,9
132,104,163.44444444444446,44.927376239910444,9
132,105,139.77777777777777,27.95145703925439,9
132,106,141.0,18.61301814441829,9
132,107,134.88888888888889,32.13666803044095,9
132,108,170.11111111111111,35.21188071105939,9
132,109,233.77777777777777,31.671149780124207,9
132,110,310.44444444444446,39.51402313978365,9
132,111,332.3333333333333,44.726328313918685,9
132,112,352.0,51.60103358137961,9
132,113,320.44444444444446,39.673980029208366,9
132,114,302.3333333333333,26.423894910141883,9
132,115,339.8888888888889,53.82367187698167,9
132,116,287.55555555555554,34.3158891319106,9
132,117,284.77777777777777,39.670245714662876,9
132,118,297.3333333333333,32.89376840679705,9
132,119,218.0,55.00909015790027,9
132,120,135.88888888888889,29.830798568088596,9
132,121,44.888888888888886,22.471930364812625,9
132,122,13.444444444444445,11.538448876219705,9
132,123,14.333333333333334,11.254628677422755,9
132,124,10.555555555555555,5.717635702341603,9
132,125,45.44444444444444,14.989708403591157,9
132,126,129.66666666666666,31.01970699768491,9
132,127,147.33333333333334,31.622776601683793,9
132,128,131.33333333333334,23.266571155486865,9
132,129,114.44444444444444,25.932009868162343,9
132,130,121.11111111111111,21.36687178499799,9
132,131,122.66666666666667,28.759539480163987,9
132,132,157.77777777777777,20.17577082530087,9
132,133,226.77777777777777,49.086720942017564,9
132,134,289.8888888888889,51.10434737855141,9
132,135,325.77777777777777,29.921295938132157,9
132,136,328.0,32.159325587179566,9
132,137,267.22222222222223,31.104761256751452,9
132,138,267.3333333333333,48.56153027059817,9
132,139,310.44444444444446,70.12387628113093,9
132,140,306.44444444444446,39.95862057209547,9
132,141,277.6666666666667,57.28874234961002,9
132,142,283.1111111111111,68.4453463144045,9
132,143,255.44444444444446,86.33283283138205,9
132,144,171.77777777777777,28.259817479074723,9
132,145,49.44444444444444,21.51542656437268,9
132,146,12.555555555555555,7.470105028431827,9
132,147,7.666666666666667,5.497474167490214,9
132,148,14.333333333333334,8.537498983243797,9
132,149,50.888888888888886,21.246931514113562,9
132,150,133.44444444444446,38.332206102588955,9
132,151,154.11111111111111,44.61799448763655,9
132,152,145.22222222222223,31.650093128800243,9
132,153,136.77777777777777,29.973239093037563,9
132,154,157.44444444444446,51.20136958044755,9
132,155,122.66666666666667,35.817438335102764,9
132,156,173.88888888888889,39.30350406896013,9
132,157,237.44444444444446,65.904157871043,9
132,158,319.0,79.19455649082062,9
132,159,354.1111111111111,71.9003082120491,9
132,160,387.55555555555554,67.40113930970985,9
132,161,310.3333333333333,61.30977808546438,9
132,162,315.0,83.13442928975536,9
132,163,361.44444444444446,78.499980341273,9
132,164,354.44444444444446,97.32775224993482,9
132,165,345.8888888888889,112.36492576960961,9
132,166,362.3333333333333,129.0176559838054,9
132,167,305.22222222222223,84.41402961037772,9
133,0,1.0,0.0,1
133,6,1.0,0.0,1
133,7,1.5,0.8660254037844386,4
133,8,1.0,0.0,2
133,9,1.3333333333333333,0.4714045207910317,3
133,11,1.0,0.0,3
133,13,2.0,0.0,1
133,15,1.0,0.0,1
133,18,1.0,0.0,1
133,20,1.0,0.0,1
133,21,1.0,0.0,2
133,22,1.0,0.0,2
133,23,1.0,0.0,1
133,25,1.0,0.0,1
133,28,1.0,0.0,1
133,29,1.0,0.0,1
133,30,1.3333333333333333,0.4714045207910317,3
133,31,1.0,0.0,3
133,32,1.3333333333333333,0.4714045207910317,3
133,33,1.0,0.0,2
133,34,1.0,0.0,3
133,35,1.0,0.0,1
133,36,1.0,0.0,3
133,37,1.0,0.0,2
133,39,1.0,0.0,1
133,40,2.0,0.0,1
133,41,1.0,0.0,2
133,42,1.0,0.0,2
133,43,1.0,0.0,1
133,45,1.0,0.0,1
133,54,2.0,0.0,1
133,55,1.0,0.0,1
133,56,1.0,0.0,2
133,57,1.3333333333333333,0.4714045207910317,3
133,58,1.0,0.0,1
133,60,1.0,0.0,2
133,61,1.5,0.5,2
133,62,1.0,0.0,2
133,63,1.0,0.0,1
133,64,1.0,0.0,3
133,65,1.0,0.0,1
133,67,1.0,0.0,1
133,68,1.0,0.0,2
133,69,1.0,0.0,1
133,71,2.0,0.0,1
133,78,1.25,0.4330127018922193,4
133,79,1.6,0.8,5
133,80,1.0,0.0,2
133,81,1.0,0.0,2
133,82,1.0,0.0,2
133,83,1.0,0.0,4
133,84,1.0,0.0,4
133,85,1.0,0.0,1
133,86,1.3333333333333333,0.4714045207910317,3
133,88,1.0,0.0,2
133,89,1.0,0.0,1
133,90,1.0,0.0,1
133,91,1.0,0.0,1
133,92,1.0,0.0,1
133,93,1.0,0.0,1
133,94,1.0,0.0,2
133,95,1.0,0.0,2
133,100,1.0,0.0,1
133,101,1.0,0.0,1
133,102,1.0,0.0,2
133,103,1.0,0.0,1
133,104,1.0,0.0,4
133,105,1.0,0.0,4
133,106,1.0,0.0,1
133,108,1.0,0.0,3
133,109,1.0,0.0,2
133,110,1.0,0.0,1
133,111,1.0,0.0,1
133,113,1.0,0.0,2
133,114,1.0,0.0,1
133,115,1.0,0.0,1
133,116,1.0,0.0,1
133,117,1.0,0.0,1
133,119,1.0,0.0,1
133,120,1.0,0.0,1
133,126,1.0,0.0,1
133,128,1.3333333333333333,0.4714045207910317,3
133,129,1.0,0.0,4
133,131,1.0,0.0,2
133,132,1.0,0.0,1
133,133,1.0,0.0,1
133,135,1.0,0.0,1
133,136,1.0,0.0,1
133,137,1.0,0.0,2
133,138,1.0,0.0,1
133,139,2.0,0.0,1
133,140,1.0,0.0,2
133,141,1.0,0.0,1
133,143,1.0,0.0,1
133,144,1.0,0.0,1
133,146,1.0,0.0,1
133,153,1.3333333333333333,0.4714045207910317,3
133,154,1.0,0.0,1
133,155,1.0,0.0,2
133,156,1.0,0.0,1
133,157,1.0,0.0,1
133,159,1.0,0.0,2
133,161,1.0,0.0,1
133,165,1.0,0.0,1
133,166,3.0,0.0,1
133,167,1.0,0.0,1
134,0,1.0,0.0,3
134,4,1.0,0.0,1
134,6,1.0,0.0,4
134,7,1.2,0.4000000000000001,5
134,8,1.0,0.0,1
134,9,1.25,0.4330127018922193,4
134,10,1.3333333333333333,0.4714045207910317,3
134,11,2.0,0.816496580927726,3
134,12,1.75,0.82915619758885,4
134,13,1.8,0.7483314773547883,5
134,14,1.5,0.5,4
134,15,1.25,0.4330127018922193,4
134,16,1.5,0.5,6
134,17,1.0,0.0,4
134,18,1.75,0.82915619758885,4
134,19,1.5,0.5,2
134,20,1.0,0.0,4
134,21,1.0,0.0,1
134,22,1.3333333333333333,0.4714045207910317,3
134,23,1.0,0.0,2
134,26,1.0,0.0,1
134,27,1.0,0.0,1
134,29,1.5,0.5,2
134,30,1.0,0.0,1
134,31,1.2857142857142858,0.45175395145262565,7
134,32,1.0,0.0,2
134,33,1.5,0.5,4
134,34,1.6666666666666667,0.4714045207910317,3
134,35,1.1666666666666667,0.3726779962499649,6
134,36,2.0,1.0690449676496976,7
134,37,1.25,0.4330127018922193,4
134,38,1.5,0.5,2
134,39,1.25,0.4330127018922193,4
134,40,1.0,0.0,2
134,41,1.3333333333333333,0.4714045207910317,3
134,42,1.4,0.4898979485566356,5
134,43,1.0,0.0,2
134,44,1.0,0.0,1
134,45,1.0,0.0,2
134,46,2.0,0.0,1
134,47,1.0,0.0,1
134,49,1.0,0.0,1
134,53,1.3333333333333333,0.4714045207910317,3
134,54,1.0,0.0,2
134,55,1.375,0.4841229182759271,8
134,56,4.0,0.0,1
134,57,1.0,0.0,5
134,58,1.4,0.4898979485566356,5
134,59,1.25,0.4330127018922193,4
134,60,2.3333333333333335,1.5986105077709065,6
134,61,1.0,0.0,2
134,62,1.3333333333333333,0.4714045207910317,6
134,63,1.7142857142857142,1.0301575072754254,7
134,64,1.5714285714285714,0.7284313590846836,7
134,65,1.25,0.4330127018922193,4
134,66,1.0,0.0,5
134,68,1.0,0.0,4
134,70,1.0,0.0,2
134,71,1.5,0.5,2
134,72,1.0,0.0,1
134,73,1.0,0.0,1
134,75,1.0,0.0,1
134,76,1.0,0.0,1
134,77,1.0,0.0,1
134,78,1.0,0.0,2
134,79,1.6666666666666667,0.4714045207910317,6
134,80,1.25,0.4330127018922193,4
134,81,1.2,0.4,5
134,82,1.25,0.4330127018922193,4
134,83,2.5,1.118033988749895,4
134,84,1.4,0.4898979485566356,5
134,85,1.25,0.4330127018922193,4
134,86,1.25,0.4330127018922193,4
134,87,1.75,0.82915619758885,4
134,88,1.1666666666666667,0.3726779962499649,6
134,89,1.2,0.4000000000000001,5
134,90,1.0,0.0,1
134,91,1.3333333333333333,0.4714045207910317,3
134,92,1.3333333333333333,0.4714045207910317,3
134,93,1.5,0.5,2
134,94,1.0,0.0,2
134,95,1.0,0.0,3
134,96,1.0,0.0,1
134,98,1.0,0.0,1
134,99,1.0,0.0,1
134,100,1.0,0.0,1
134,101,1.5,0.5,2
134,102,1.0,0.0,1
134,103,2.0,0.5773502691896257,6
134,104,1.6666666666666667,0.9428090415820634,3
134,105,1.0,0.0,3
134,106,1.6666666666666667,0.9428090415820634,3
134,107,1.6666666666666667,0.4714045207910317,3
134,108,1.75,0.82915619758885,4
134,109,1.25,0.4330127018922193,4
134,110,1.3333333333333333,0.4714045207910317,3
134,111,1.75,0.82915619758885,8
134,112,1.8571428571428572,0.8329931278350429,7
134,113,1.6,0.8,5
134,114,1.1428571428571428,0.3499271061118826,7
134,115,1.0,0.0,3
134,117,1.0,0.0,2
134,118,1.0,0.0,2
134,119,1.0,0.0,1
134,120,1.0,0.0,4
134,121,1.0,0.0,3
134,122,1.0,0.0,1
134,123,1.0,0.0,1
134,126,1.0,0.0,3
134,127,1.3333333333333333,0.4714045207910317,3
134,128,1.5,0.5,2
134,129,1.0,0.0,2
134,130,1.5,0.5,2
134,131,1.0,0.0,2
134,132,1.0,0.0,3
134,133,1.75,0.82915619758885,4
134,134,1.0,0.0,4
134,135,1.8,0.9797958971132713,5
134,136,1.0,0.0,3
134,137,1.1666666666666667,0.3726779962499649,6
134,138,1.0,0.0,3
134,139,1.3333333333333333,0.4714045207910317,3
134,140,1.0,0.0,2
134,141,2.0,0.0,1
134,142,1.0,0.0,2
134,143,1.0,0.0,2
134,146,1.0,0.0,2
134,149,1.0,0.0,2
134,151,1.0,0.0,3
134,152,1.3333333333333333,0.4714045207910317,3
134,153,1.0,0.0,1
134,154,1.0,0.0,1
134,155,1.25,0.4330127018922193,4
134,156,1.0,0.0,2
134,157,1.0,0.0,3
134,158,1.75,0.4330127018922193,4
134,159,1.0,0.0,3
134,160,2.3333333333333335,0.9428090415820634,3
134,161,1.5,0.5,4
134,162,1.4,0.4898979485566356,5
134,163,1.0,0.0,1
134,166,1.5,0.8660254037844386,4
134,167,1.0,0.0,2
135,0,1.0,0.0,1
135,1,1.0,0.0,1
135,3,1.0,0.0,1
135,5,1.0,0.0,2
135,6,1.0,0.0,1
135,7,1.0,0.0,1
135,8,1.25,0.4330127018922193,4
135,9,1.0,0.0,2
135,10,1.0,0.0,1
135,12,1.0,0.0,4
135,13,1.2,0.4,5
135,14,1.3333333333333333,0.4714045207910317,3
135,15,1.0,0.0,2
135,17,1.0,0.0,1
135,19,1.0,0.0,1
135,20,1.0,0.0,1
135,22,1.0,0.0,1
135,23,1.0,0.0,1
135,24,1.0,0.0,1
135,29,1.3333333333333333,0.4714045207910317,3
135,30,1.1666666666666667,0.3726779962499649,6
135,31,1.0,0.0,2
135,32,1.0,0.0,3
135,33,1.3333333333333333,0.4714045207910317,3
135,34,1.0,0.0,2
135,36,1.5,0.5,2
135,37,1.25,0.4330127018922193,4
135,38,1.0,0.0,2
135,40,1.0,0.0,1
135,41,1.0,0.0,2
135,43,1.0,0.0,1
135,53,1.0,0.0,1
135,54,2.0,0.7071067811865476,4
135,55,1.0,0.0,3
135,56,2.0,0.0,1
135,57,1.5,0.5,2
135,59,1.0,0.0,1
135,60,1.0,0.0,3
135,61,1.3333333333333333,0.4714045207910317,3
135,62,1.0,0.0,2
135,63,1.0,0.0,3
135,64,1.0,0.0,2
135,65,1.0,0.0,2
135,66,1.0,0.0,1
135,67,1.0,0.0,1
135,68,1.0,0.0,3
135,77,1.0,0.0,3
135,78,1.0,0.0,5
135,79,1.0,0.0,4
135,80,1.0,0.0,1
135,81,1.0,0.0,2
135,82,1.2,0.4000000000000001,5
135,83,1.6666666666666667,0.4714045207910317,3
135,84,1.4,0.4898979485566356,5
135,85,1.0,0.0,2
135,86,1.0,0.0,1
135,87,1.0,0.0,2
135,88,1.0,0.0,3
135,89,1.0,0.0,4
135,92,1.0,0.0,1
135,102,2.0,0.0,1
135,103,1.0,0.0,2
135,104,1.0,0.0,3
135,105,1.0,0.0,1
135,106,2.0,0.0,1
135,108,1.0,0.0,1
135,109,1.0,0.0,2
135,110,1.0,0.0,2
135,111,1.0,0.0,2
135,114,1.0,0.0,2
135,118,1.0,0.0,1
135,121,1.0,0.0,1
135,122,1.0,0.0,1
135,127,1.0,0.0,1
135,128,1.0,0.0,2
135,129,1.0,0.0,1
135,130,1.0,0.0,1
135,133,1.0,0.0,1
135,134,1.0,0.0,2
135,135,1.0,0.0,2
135,137,1.0,0.0,3
135,150,1.5,0.5,2
135,151,1.0,0.0,2
135,152,1.0,0.0,3
135,153,1.0,0.0,1
135,154,1.0,0.0,1
135,155,1.0,0.0,1
135,157,1.0,0.0,1
135,158,1.0,0.0,1
135,159,1.0,0.0,2
135,161,1.0,0.0,1
135,162,1.0,0.0,1
135,165,1.0,0.0,1
135,166,2.0,0.0,1
136,0,1.0,0.0,1
136,1,1.0,0.0,1
136,3,1.0,0.0,1
136,4,1.0,0.0,1
136,5,1.5,0.5,2
136,6,1.0,0.0,1
136,7,1.0,0.0,3
136,8,1.0,0.0,1
136,10,1.5,0.5,2
136,11,2.0,0.0,3
136,12,1.0,0.0,4
136,13,1.0,0.0,3
136,14,1.0,0.0,2
136,15,1.3333333333333333,0.4714045207910317,3
136,16,1.0,0.0,2
136,18,1.0,0.0,1
136,23,1.0,0.0,1
136,26,1.0,0.0,1
136,29,1.0,0.0,2
136,30,1.0,0.0,1
136,31,1.0,0.0,2
136,32,1.0,0.0,2
136,33,1.0,0.0,3
136,34,1.0,0.0,5
136,35,1.0,0.0,2
136,36,1.3333333333333333,0.4714045207910317,3
136,37,1.0,0.0,2
136,38,1.0,0.0,2
136,39,1.5,0.5,6
136,40,1.0,0.0,2
136,43,1.0,0.0,1
136,49,1.5,0.5,2
136,52,1.0,0.0,2
136,53,1.0,0.0,3
136,55,3.0,0.0,1
136,57,1.0,0.0,2
136,58,1.3333333333333333,0.4714045207910317,3
136,59,1.2,0.4,5
136,60,1.3333333333333333,0.4714045207910317,6
136,61,1.0,0.0,3
136,63,1.25,0.4330127018922193,4
136,64,1.0,0.0,2
136,65,1.0,0.0,1
136,67,1.0,0.0,1
136,68,1.0,0.0,1
136,70,1.0,0.0,1
136,71,1.0,0.0,1
136,72,1.0,0.0,1
136,77,1.0,0.0,4
136,79,1.0,0.0,3
136,81,1.2,0.4000000000000001,5
136,82,1.5,0.5,2
136,83,1.75,0.4330127018922193,4
136,84,1.0,0.0,3
136,85,1.0,0.0,5
136,86,1.0,0.0,2
136,87,1.25,0.4330127018922193,4
136,88,1.0,0.0,2
136,89,2.0,0.0,1
136,90,2.0,0.0,1
136,93,1.0,0.0,1
136,94,1.0,0.0,1
136,95,1.0,0.0,1
136,96,1.0,0.0,1
136,97,1.0,0.0,1
136,98,1.0,0.0,1
136,99,1.0,0.0,1
136,101,1.0,0.0,4
136,102,1.0,0.0,1
136,103,1.0,0.0,2
136,104,1.0,0.0,1
136,105,1.5,0.5,6
136,106,1.0,0.0,5
136,108,1.3333333333333333,0.4714045207910317,3
136,109,1.0,0.0,3
136,110,1.0,0.0,2
136,111,1.25,0.4330127018922193,4
136,112,1.0,0.0,1
136,122,1.0,0.0,2
136,124,1.0,0.0,2
136,125,1.5,0.5,2
136,126,1.5,0.5,2
136,127,1.0,0.0,3
136,128,1.0,0.0,1
136,129,1.0,0.0,3
136,130,1.5,0.5,2
136,131,1.0,0.0,4
136,132,1.0,0.0,3
136,133,2.0,0.0,1
136,134,2.0,0.0,1
136,135,1.0,0.0,2
136,136,1.0,0.0,1
136,141,1.0,0.0,1
136,143,1.0,0.0,1
136,144,1.0,0.0,1
136,146,1.0,0.0,1
136,147,1.0,0.0,2
136,149,1.0,0.0,4
136,151,1.0,0.0,3
136,152,1.0,0.0,6
136,153,1.25,0.4330127018922193,4
136,154,1.3333333333333333,0.4714045207910317,3
136,155,1.0,0.0,2
136,156,1.0,0.0,1
136,157,1.0,0.0,2
136,160,1.5,0.5,2
136,162,1.0,0.0,1
136,164,1.0,0.0,1
136,165,1.0,0.0,1
136,167,1.0,0.0,1
137,0,16.625,3.8709656418005056,8
137,1,5.25,2.680951323690902,8
137,2,3.25,1.1989578808281798,8
137,3,2.0,0.8660254037844386,8
137,4,5.0,2.1213203435596424,8
137,5,6.875,2.6190408549696205,8
137,6,19.5,6.5,8
137,7,38.0,10.988630487917955,8
137,8,49.75,17.012862780849083,8
137,9,48.625,15.156990961269324,8
137,10,45.25,14.771171246722448,8
137,11,55.375,14.781216966136448,8
137,12,58.625,13.387844299961065,8
137,13,58.25,13.311179511974137,8
137,14,64.625,15.459119476865427,8
137,15,64.375,13.228165972650933,8
137,16,68.75,14.64368464560747,8
137,17,69.625,21.029369343848618,8
137,18,72.25,14.148763196831021,8
137,19,59.625,12.175154003132773,8
137,20,39.625,8.688174434252572,8
137,21,35.0,8.789197915623474,8
137,22,26.625,6.081478027585071,8
137,23,19.5,4.795831523312719,8
137,24,15.375,4.181432170919432,8
137,25,7.125,2.8476964374736293,8
137,26,3.7142857142857144,1.1605769149479945,7
137,27,3.875,1.7633419974582356,8
137,28,4.875,3.1399641717701177,8
137,29,6.25,2.5860201081971503,8
137,30,16.625,4.715334028465004,8
137,31,42.75,13.818013605435478,8
137,32,50.125,10.117281008255134,8
137,33,49.875,9.829006816560868,8
137,34,59.5,9.287087810503355,8
137,35,62.0,7.314369419163897,8
137,36,64.875,15.932965041071295,8
137,37,62.125,12.603942835478112,8
137,38,70.75,14.821858857781638,8
137,39,76.625,14.890747966438758,8
137,40,79.25,15.666445033893298,8
137,41,84.25,18.64638034579366,8
137,42,86.875,18.637579644363697,8
137,43,82.25,22.100622163188078,8
137,44,56.5,12.932517156377562,8
137,45,54.75,11.177544453054079,8
137,46,46.125,11.558952158392213,8
137,47,33.0,8.396427811873332,8
137,48,21.88888888888889,5.546659544154971,9
137,49,10.777777777777779,3.9377878103709665,9
137,50,4.888888888888889,3.3481153718487473,9
137,51,4.333333333333333,2.211083193570267,9
137,52,5.555555555555555,2.1659542988464366,9
137,53,6.777777777777778,3.705184889007348,9
137,54,19.666666666666668,5.2493385826745405,9
137,55,43.55555555555556,10.719775195726521,9
137,56,56.888888888888886,17.323358953508375,9
137,57,53.0,12.884098726725126,9
137,58,60.77777777777778,11.91430305489795,9
137,59,63.666666666666664,10.132456102380443,9
137,60,63.666666666666664,10.57250101810247,9
137,61,66.77777777777777,10.03081671403766,9
137,62,70.55555555555556,11.402836987259999,9
137,63,77.11111111111111,8.491099188685688,9
137,64,78.44444444444444,11.036415592745794,9
137,65,94.33333333333333,13.474255287605157,9
137,66,101.33333333333333,25.85429257288709,9
137,67,85.88888888888889,19.62110227079477,9
137,68,61.77777777777778,18.671295722327823,9
137,69,59.0,19.83823468848868,9
137,70,57.0,19.94436706886879,9
137,71,36.22222222222222,7.405370090200726,9
137,72,25.22222222222222,7.5096645549848,9
137,73,11.88888888888889,4.039924213932854,9
137,74,8.333333333333334,3.6209268304000717,9
137,75,4.666666666666667,2.748737083745107,9
137,76,6.777777777777778,3.083208205669246,9
137,77,6.0,3.0912061651652345,9
137,78,18.444444444444443,4.833014037984788,9
137,79,43.0,10.370899457402697,9
137,80,53.77777777777778,18.48589719385371,9
137,81,57.111111111111114,15.430449294563614,9
137,82,59.0,14.52966314513558,9
137,83,61.55555555555556,13.622784110216982,9
137,84,63.888888888888886,12.965290796279842,9
137,85,62.111111111111114,10.093391065934014,9
137,86,70.11111111111111,10.743933114340953,9
137,87,72.11111111111111,8.849914556328834,9
137,88,67.55555555555556,15.093126552699491,9
137,89,91.77777777777777,23.3608303589947,9
137,90,94.77777777777777,27.99118026878299,9
137,91,97.55555555555556,31.89953364727422,9
137,92,69.11111111111111,24.85712258508367,9
137,93,57.55555555555556,17.42355437083893,9
137,94,63.55555555555556,24.29957069173176,9
137,95,51.55555555555556,20.249066431764817,9
137,96,39.0,12.498888839501783,9
137,97,18.88888888888889,7.992280225935308,9
137,98,9.666666666666666,3.265986323710904,9
137,99,6.777777777777778,2.935521069693979,9
137,100,8.0,3.197221015541813,9
137,101,7.333333333333333,3.2317865716108862,9
137,102,14.88888888888889,4.3829073162924495,9
137,103,35.666666666666664,12.328828005937954,9
137,104,49.22222222222222,14.619452625243136,9
137,105,45.888888888888886,14.223958227382454,9
137,106,50.55555555555556,10.089720964219104,9
137,107,53.666666666666664,10.593499054713801,9
137,108,60.22222222222222,15.689896096092316,9
137,109,63.0,18.92675942210452,9
137,110,68.0,17.87611690372256,9
137,111,74.0,18.49324200890693,9
137,112,73.44444444444444,15.528547983283428,9
137,113,93.44444444444444,27.010743175884297,9
137,114,101.88888888888889,29.89405159873205,9
137,115,111.66666666666667,39.58956091362133,9
137,116,81.66666666666667,26.49108864840737,9
137,117,65.33333333333333,12.534397117975445,9
137,118,62.44444444444444,22.24665323699081,9
137,119,65.33333333333333,23.77673933350268,9
137,120,58.666666666666664,30.34981237357343,9
137,121,48.666666666666664,23.11324776447962,9
137,122,25.88888888888889,10.60863845536001,9
137,123,17.555555555555557,5.7370358415224825,9
137,124,13.11111111111111,7.078048137170216,9
137,125,8.555555555555555,3.7745083892140068,9
137,126,10.11111111111111,5.68515502465157,9
137,127,24.22222222222222,5.028314888437671,9
137,128,25.666666666666668,8.286535263104035,9
137,129,33.55555555555556,8.908312112367753,9
137,130,39.666666666666664,13.646326326972481,9
137,131,47.44444444444444,14.048417159643218,9
137,132,49.0,13.457752825457566,9
137,133,54.111111111111114,12.844752014771933,9
137,134,52.77777777777778,12.92523610596966,9
137,135,54.111111111111114,14.707854624462433,9
137,136,60.0,12.046207333061767,9
137,137,66.77777777777777,16.705140777469122,9
137,138,72.77777777777777,19.343547748698345,9
137,139,81.77777777777777,29.59646291846292,9
137,140,70.77777777777777,29.828315323895318,9
137,141,55.111111111111114,15.919550834286504,9
137,142,61.55555555555556,23.166600053194934,9
137,143,66.66666666666667,29.321967494998997,9
137,144,70.0,29.657301892713633,9
137,145,52.111111111111114,25.0308451690418,9
137,146,29.333333333333332,16.42491332633989,9
137,147,16.333333333333332,10.055402085998905,9
137,148,15.11111111111111,5.858411700650697,9
137,149,6.25,2.6339134382131846,8
137,150,10.222222222222221,4.46661138716484,9
137,151,21.11111111111111,6.190394789859608,9
137,152,19.0,3.4318767136623336,9
137,153,29.22222222222222,7.699607172920184,9
137,154,37.22222222222222,9.715712106088523,9
137,155,37.333333333333336,10.749676997731399,9
137,156,46.77777777777778,11.811273125260723,9
137,157,44.44444444444444,14.885571769790378,9
137,158,41.22222222222222,8.753129951658279,9
137,159,42.55555555555556,7.903741886123884,9
137,160,50.55555555555556,9.142223302544094,9
137,161,49.22222222222222,10.325564582656838,9
137,162,53.333333333333336,12.027745701779143,9
137,163,54.22222222222222,19.089134651114886,9
137,164,45.666666666666664,14.772346537440226,9
137,165,38.666666666666664,14.275075403575904,9
137,166,30.88888888888889,12.169583617860505,9
137,167,23.22222222222222,6.355710953811152,9
138,0,110.625,91.90883730632218,8
138,1,33.666666666666664,43.706089074890045,6
138,2,15.25,14.289419162443238,4
138,3,6.0,5.0,2
138,4,1.75,0.82915619758885,4
138,5,1.4,0.4898979485566356,5
138,6,3.375,1.2183492931011204,8
138,7,56.0,26.115129714401192,8
138,8,130.875,64.7445702356576,8
138,9,224.25,81.28922130270409,8
138,10,248.5,93.25368625421731,8
138,11,207.0,79.07591289387686,8
138,12,250.875,76.83494891649242,8
138,13,243.375,65.07675756366477,8
138,14,265.5,62.61189982742897,8
138,15,288.625,81.38939964761995,8
138,16,231.25,40.002343681339475,8
138,17,241.625,66.41900612776436,8
138,18,227.625,63.350093725266106,8
138,19,237.125,59.90291624787561,8
138,20,243.625,74.24442319124043,8
138,21,209.375,78.53492455589424,8
138,22,193.375,77.38529818382817,8
138,23,221.625,57.10284034091474,8
138,24,90.125,65.55234072861167,8
138,25,15.5,18.518009252256753,6
138,26,9.5,6.264982043070834,4
138,27,4.4,3.1368774282716245,5
138,28,2.75,3.031088913245535,4
138,29,1.8,0.7483314773547883,5
138,30,4.714285714285714,3.010186786529354,7
138,31,65.625,27.834050639459576,8
138,32,131.125,41.72061091355207,8
138,33,250.0,66.385239323211,8
138,34,271.875,60.26490998085038,8
138,35,241.5,36.520542164650294,8
138,36,245.125,53.89906655035874,8
138,37,250.0,62.8589691293136,8
138,38,301.125,59.191294756915056,8
138,39,285.0,71.06511098985212,8
138,40,241.5,35.83992187491485,8
138,41,257.625,68.32996688862069,8
138,42,228.875,42.44242423566307,8
138,43,242.25,40.40652793794587,8
138,44,223.875,35.42752284594564,8
138,45,192.75,67.40873459723154,8
138,46,198.25,66.57467611637325,8
138,47,177.5,56.72521485195098,8
138,48,46.0,46.384863431463884,9
138,49,24.8,26.369679558159216,5
138,50,5.0,2.0,2
138,51,1.0,0.0,2
138,52,1.0,0.0,3
138,53,1.6666666666666667,0.4714045207910317,3
138,54,4.222222222222222,2.528845928164676,9
138,55,56.333333333333336,22.533925041540762,9
138,56,123.0,22.20610526659529,9
138,57,226.33333333333334,44.26686746942408,9
138,58,248.66666666666666,58.4674648368171,9
138,59,251.33333333333334,50.913870626993415,9
138,60,227.55555555555554,46.52146723374325,9
138,61,245.44444444444446,52.12615276873151,9
138,62,304.1111111111111,43.963228181046546,9
138,63,290.55555555555554,53.77548204466235,9
138,64,229.66666666666666,40.43375927228247,9
138,65,235.77777777777777,39.083323462053556,9
138,66,221.88888888888889,48.8727246005023,9
138,67,242.77777777777777,50.2123884177728,9
138,68,245.88888888888889,58.25507978698214,9
138,69,182.55555555555554,48.28643957586416,9
138,70,178.44444444444446,48.53203091455537,9
138,71,169.66666666666666,41.875476780038646,9
138,72,35.77777777777778,23.083316619862916,9
138,73,11.285714285714286,14.829644882698263,7
138,74,11.666666666666666,6.79869268479038,3
138,75,2.6666666666666665,2.3570226039551585,3
138,76,1.4,0.4898979485566356,5
138,77,1.8571428571428572,0.6388765649999399,7
138,78,3.888888888888889,1.5947444549341472,9
138,79,50.0,16.957463122635872,9
138,80,100.88888888888889,36.849376429050686,9
138,81,204.0,72.37402849088892,9
138,82,251.0,81.50255619713204,9
138,83,242.88888888888889,49.8897550036176,9
138,84,245.33333333333334,82.10020977101364,9
138,85,232.66666666666666,66.55490632219052,9
138,86,294.0,87.20091742636656,9
138,87,291.8888888888889,95.01279965754843,9
138,88,266.1111111111111,100.31222861583996,9
138,89,249.33333333333334,78.2872204698116,9
138,90,240.55555555555554,81.22822595230075,9
138,91,244.0,88.54502934790989,9
138,92,253.66666666666666,97.62513337592254,9
138,93,197.11111111111111,84.5201415106935,9
138,94,162.77777777777777,74.09420096933329,9
138,95,195.66666666666666,73.5934779718964,9
138,96,56.22222222222222,27.583319346533322,9
138,97,6.571428571428571,7.537660547584526,7
138,98,2.0,0.0,1
138,99,1.0,0.0,5
138,100,1.0,0.0,4
138,101,1.875,1.6153559979150107,8
138,102,4.888888888888889,2.601044424604361,9
138,103,43.55555555555556,19.894784973349235,9
138,104,114.88888888888889,48.176629752619554,9
138,105,222.0,56.4859864627207,9
138,106,225.55555555555554,76.22789094566825,9
138,107,227.0,66.0387091871965,9
138,108,235.55555555555554,64.2911971010912,9
138,109,258.1111111111111,68.2730538100004,9
138,110,306.55555555555554,79.63822520360588,9
138,111,279.22222222222223,78.40603403335426,9
138,112,273.44444444444446,73.54380570805873,9
138,113,241.77777777777777,38.59699981943841,9
138,114,234.22222222222223,50.67933564805674,9
138,115,235.77777777777777,52.90195916930315,9
138,116,226.33333333333334,55.924552350068524,9
138,117,183.88888888888889,44.32818126565749,9
138,118,161.66666666666666,46.53075446531155,9
138,119,160.44444444444446,34.06892070530987,9
138,120,49.111111111111114,32.53184574619647,9
138,121,7.0,8.579044235810887,5
138,122,3.5,3.278719262151,4
138,123,1.0,0.0,2
138,124,1.2,0.4,5
138,125,1.7142857142857142,1.3850513878332367,7
138,126,3.0,1.1547005383792515,9
138,127,13.777777777777779,5.390893098092535,9
138,128,55.111111111111114,24.71816446099887,9
138,129,130.11111111111111,32.057047914423656,9
138,130,164.0,41.446082779652144,9
138,131,115.22222222222223,24.751106721733017,9
138,132,156.11111111111111,39.02832146715011,9
138,133,140.33333333333334,47.2675599351418,9
138,134,180.44444444444446,36.58509444845632,9
138,135,165.0,40.792156108742276,9
138,136,185.22222222222223,33.32592510269771,9
138,137,157.77777777777777,46.82301850295851,9
138,138,159.33333333333334,66.79820356865893,9
138,139,162.33333333333334,43.53287391283869,9
138,140,127.0,54.3793261369715,9
138,141,106.77777777777777,43.07042753903264,9
138,142,102.22222222222223,54.276612065271266,9
138,143,100.44444444444444,42.88255566366018,9
138,144,32.55555555555556,38.51150220997794,9
138,145,15.25,14.905955185763842,4
138,146,5.8,5.844655678480983,5
138,147,5.0,4.96655480858378,3
138,148,1.625,0.6959705453537527,8
138,149,2.142857142857143,1.3552618543578767,7
138,150,2.888888888888889,1.286204100310025,9
138,151,16.22222222222222,12.899420984230069,9
138,152,49.0,28.836705005176224,9
138,153,136.66666666666666,49.68567868779359,9
138,154,169.66666666666666,51.867352180559806,9
138,155,146.33333333333334,52.80361940456565,9
138,156,206.33333333333334,54.895861005685624,9
138,157,216.0,61.28258770283412,9
138,158,231.22222222222223,77.1791246643198,9
138,159,268.1111111111111,93.0560696503212,9
138,160,243.22222222222223,59.07016125437008,9
138,161,234.77777777777777,94.57598682514826,9
138,162,229.88888888888889,84.77086035562041,9
138,163,248.88888888888889,95.71537023260909,9
138,164,263.22222222222223,115.22516871835268,9
138,165,256.1111111111111,116.32277358419971,9
138,166,229.22222222222223,121.60297673419547,9
138,167,218.88888888888889,101.10879118217657,9
139,5,1.0,0.0,3
139,6,1.0,0.0,4
139,7,1.0,0.0,3
139,8,1.3333333333333333,0.4714045207910317,3
139,9,1.0,0.0,3
139,10,1.0,0.0,4
139,11,1.0,0.0,2
139,12,1.0,0.0,1
139,13,1.0,0.0,1
139,15,1.0,0.0,2
139,16,1.4,0.8,5
139,17,1.0,0.0,1
139,18,1.0,0.0,1
139,19,1.0,0.0,1
139,22,1.0,0.0,2
139,23,5.0,0.0,1
139,29,1.0,0.0,3
139,30,1.8,1.1661903789690602,5
139,31,1.0,0.0,2
139,32,1.5,0.5,2
139,33,1.5,0.5,2
139,34,1.0,0.0,2
139,35,1.5,0.5,2
139,36,1.0,0.0,3
139,37,1.0,0.0,1
139,40,1.0,0.0,6
139,41,1.0,0.0,3
139,42,1.0,0.0,2
139,53,1.0,0.0,2
139,54,1.4285714285714286,0.4948716593053935,7
139,55,1.25,0.4330127018922193,4
139,56,2.4,1.2000000000000002,5
139,57,1.4,0.4898979485566356,5
139,58,1.0,0.0,1
139,59,1.6666666666666667,0.4714045207910317,3
139,60,1.5,0.5,2
139,61,1.0,0.0,2
139,62,1.0,0.0,2
139,63,1.0,0.0,1
139,64,1.1428571428571428,0.34992710611188266,7
139,65,1.0,0.0,2
139,66,1.0,0.0,2
139,70,1.0,0.0,1
139,75,1.0,0.0,1
139,77,1.5,0.5,4
139,78,1.5,0.5,2
139,80,1.0,0.0,2
139,81,1.3333333333333333,0.4714045207910317,3
139,82,1.3333333333333333,0.4714045207910317,3
139,83,1.0,0.0,1
139,84,1.0,0.0,2
139,85,1.0,0.0,1
139,88,1.0,0.0,6
139,89,1.3333333333333333,0.4714045207910317,3
139,90,1.0,0.0,2
139,98,1.0,0.0,2
139,99,1.0,0.0,2
139,100,1.0,0.0,1
139,101,1.4,0.8,5
139,102,2.0,0.0,1
139,103,1.0,0.0,5
139,104,1.5,0.5,2
139,105,1.0,0.0,3
139,106,1.0,0.0,2
139,107,1.0,0.0,1
139,111,1.0,0.0,1
139,112,1.0,0.0,1
139,113,1.0,0.0,1
139,114,1.0,0.0,1
139,115,1.0,0.0,1
139,118,1.0,0.0,2
139,125,1.0,0.0,1
139,126,1.0,0.0,1
139,128,2.0,1.0,2
139,129,1.0,0.0,4
139,130,1.0,0.0,1
139,133,1.0,0.0,1
139,135,1.0,0.0,1
139,136,1.0,0.0,1
139,141,1.0,0.0,1
139,142,1.0,0.0,1
139,143,1.0,0.0,1
139,149,1.0,0.0,1
139,150,1.0,0.0,2
139,151,1.3333333333333333,0.4714045207910317,3
139,152,1.0,0.0,1
139,154,1.0,0.0,1
139,157,1.0,0.0,1
139,158,1.0,0.0,2
139,162,1.0,0.0,2
139,166,2.0,0.0,1
139,167,1.0,0.0,2
140,0,9.625,3.276335605520289,8
140,1,5.25,2.165063509461097,8
140,2,3.4285714285714284,1.9166296949998196,7
140,3,3.25,1.0897247358851685,8
140,4,5.0,2.3979157616563596,8
140,5,9.625,4.211220131980754,8
140,6,36.5,11.565033506220377,8
140,7,111.75,44.08727140570167,8
140,8,149.625,53.265696043513785,8
140,9,129.25,44.25706158343547,8
140,10,128.375,35.97894349477205,8
140,11,153.625,43.71766662346013,8
140,12,155.625,45.18832122351969,8
140,13,150.875,39.22829814050056,8
140,14,162.0,38.99679474008088,8
140,15,173.875,49.880952025798386,8
140,16,166.0,47.12748667179272,8
140,17,172.625,49.30754886424593,8
140,18,151.5,43.15669125408017,8
140,19,128.5,33.63034344160047,8
140,20,96.75,25.1234452255259,8
140,21,64.625,13.981572694085598,8
140,22,43.0,18.261982367749674,8
140,23,26.25,8.613216588476108,8
140,24,15.375,10.135796712641785,8
140,25,7.875,2.7128168017763383,8
140,26,4.875,1.6909686573085854,8
140,27,3.75,1.713913650100261,8
140,28,5.875,3.4798527267687636,8
140,29,12.75,5.356071321407137,8
140,30,35.125,11.612896925401516,8
140,31,114.25,30.568570460523667,8
140,32,163.125,51.125916862194266,8
140,33,166.5,45.74658457196559,8
140,34,159.75,35.611620294504995,8
140,35,178.625,39.130989956810446,8
140,36,173.375,24.196784393799106,8
140,37,155.875,25.77516973755944,8
140,38,172.125,35.48040832628621,8
140,39,198.625,44.27453415904,8
140,40,187.75,36.83323906473608,8
140,41,192.875,40.66459608799773,8
140,42,173.375,35.34097303414268,8
140,43,142.5,32.882366094914765,8
140,44,106.625,20.84428878613996,8
140,45,73.375,15.968230177449222,8
140,46,46.375,10.850547221223453,8
140,47,29.75,5.238081709939241,8
140,48,14.88888888888889,5.2163087085802236,9
140,49,6.666666666666667,2.4037008503093262,9
140,50,4.571428571428571,1.9897697538834456,7
140,51,4.777777777777778,2.1487866228681907,9
140,52,6.555555555555555,3.095197394929804,9
140,53,10.333333333333334,3.559026084010437,9
140,54,42.111111111111114,9.073091405597157,9
140,55,122.66666666666667,31.343969825860356,9
140,56,183.77777777777777,52.87464794267408,9
140,57,163.77777777777777,34.015610069423445,9
140,58,163.0,18.61301814441829,9
140,59,169.22222222222223,22.518031183810493,9
140,60,170.66666666666666,27.86076492528915,9
140,61,159.0,18.755739862180263,9
140,62,172.22222222222223,24.284324060218935,9
140,63,191.55555555555554,35.11919738108145,9
140,64,185.11111111111111,28.880768089372186,9
140,65,182.33333333333334,38.1371792932362,9
140,66,177.22222222222223,32.061668972215884,9
140,67,149.0,30.940803695659447,9
140,68,107.55555555555556,20.1169420644563,9
140,69,88.55555555555556,26.094320842798602,9
140,70,56.333333333333336,16.357125528513727,9
140,71,33.666666666666664,5.557777333511023,9
140,72,15.555555555555555,5.6393677957553425,9
140,73,10.333333333333334,3.8297084310253524,9
140,74,5.888888888888889,1.7284832429004493,9
140,75,3.3333333333333335,1.1547005383792515,9
140,76,5.111111111111111,2.1829869671542776,9
140,77,11.333333333333334,3.7416573867739413,9
140,78,34.55555555555556,7.818938704781858,9
140,79,111.55555555555556,40.114034981152614,9
140,80,162.55555555555554,58.80497165510774,9
140,81,146.88888888888889,42.312184860325054,9
140,82,152.44444444444446,45.765370486891825,9
140,83,163.55555555555554,42.22719268989043,9
140,84,157.88888888888889,31.865845332666638,9
140,85,154.22222222222223,35.42371389581899,9
140,86,166.88888888888889,35.66960873985474,9
140,87,173.66666666666666,33.67161679779838,9
140,88,168.66666666666666,46.365696131706876,9
140,89,175.55555555555554,53.89931170682178,9
140,90,177.22222222222223,53.75412703076394,9
140,91,148.0,43.135445594854666,9
140,92,105.88888888888889,29.179309429207404,9
140,93,74.22222222222223,21.806104027072468,9
140,94,52.55555555555556,12.093259014022932,9
140,95,38.111111111111114,10.343483664655137,9
140,96,20.555555555555557,5.983516452371671,9
140,97,8.222222222222221,3.7350525142159134,9
140,98,6.111111111111111,2.766644355108607,9
140,99,4.555555555555555,2.499382639822665,9
140,100,6.625,2.7810744326608736,8
140,101,10.666666666666666,4.96655480858378,9
140,102,37.0,10.923979738782625,9
140,103,86.11111111111111,29.51626461026547,9
140,104,130.22222222222223,42.790907076095756,9
140,105,123.44444444444444,38.90475866669244,9
140,106,132.55555555555554,31.69686669096318,9
140,107,141.77777777777777,31.797196863797,9
140,108,143.11111111111111,34.73533085888982,9
140,109,135.44444444444446,30.122384113667998,9
140,110,153.55555555555554,37.33664006519634,9
140,111,157.88888888888889,46.622465839846505,9
140,112,155.11111111111111,34.39135693889913,9
140,113,178.0,51.605339947636345,9
140,114,166.55555555555554,46.690734534359436,9
140,115,147.55555555555554,39.67678053446684,9
140,116,104.44444444444444,27.366285466736503,9
140,117,75.0,18.7142251301576,9
140,118,54.44444444444444,13.961145377328952,9
140,119,44.888888888888886,10.857096444716541,9
140,120,27.555555555555557,10.626080192004649,9
140,121,12.333333333333334,4.760952285695234,9
140,122,10.222222222222221,5.864730320176288,9
140,123,7.333333333333333,3.265986323710904,9
140,124,6.888888888888889,2.806517986736686,9
140,125,5.777777777777778,1.8724777273725242,9
140,126,15.555555555555555,4.192880503136268,9
140,127,35.44444444444444,6.584681062235134,9
140,128,61.111111111111114,18.320871185280854,9
140,129,68.88888888888889,23.302095492057955,9
140,130,92.88888888888889,22.565679173098466,9
140,131,96.33333333333333,24.43130960241159,9
140,132,105.88888888888889,23.8627764261712,9
140,133,98.77777777777777,21.565289898238365,9
140,134,96.88888888888889,18.28444660508819,9
140,135,91.11111111111111,21.27828545956571,9
140,136,98.55555555555556,15.514230822850719,9
140,137,111.77777777777777,30.42578503607965,9
140,138,119.33333333333333,34.03919309658598,9
140,139,117.22222222222223,33.4490583749803,9
140,140,86.33333333333333,24.193663082165408,9
140,141,58.333333333333336,13.106402167558333,9
140,142,46.77777777777778,13.918634813146308,9
140,143,41.0,13.383239933256487,9
140,144,27.444444444444443,11.729460640352576,9
140,145,16.11111111111111,5.858411700650697,9
140,146,8.11111111111111,4.9541104021351,9
140,147,6.111111111111111,3.177855476905576,9
140,148,5.777777777777778,1.6850834320114556,9
140,149,7.222222222222222,4.130584510098024,9
140,150,12.555555555555555,3.4354721852756236,9
140,151,24.22222222222222,3.6447154370792725,9
140,152,38.77777777777778,8.243216440440627,9
140,153,58.77777777777778,13.950529880639563,9
140,154,77.77777777777777,18.978220135359713,9
140,155,87.55555555555556,17.23762751857505,9
140,156,95.0,17.701224063135673,9
140,157,90.88888888888889,21.361670993963017,9
140,158,91.55555555555556,20.827925223982405,9
140,159,85.33333333333333,10.944303439588001,9
140,160,87.66666666666667,18.926759422104517,9
140,161,80.22222222222223,20.25272424900346,9
140,162,79.88888888888889,18.31480545256848,9
140,163,72.33333333333333,18.684515276322024,9
140,164,67.0,27.25598812901284,9
140,165,47.0,19.686430746977866,9
140,166,28.333333333333332,20.569664827388685,9
140,167,18.666666666666668,9.510228411791404,9
141,0,16.375,4.181432170919432,8
141,1,10.875,4.675401052316261,8
141,2,5.25,2.436698586202241,8
141,3,6.875,1.7633419974582356,8
141,4,8.5,3.640054944640259,8
141,5,12.75,4.085033659592048,8
141,6,43.25,14.175242502334836,8
141,7,111.625,40.23039118626614,8
141,8,137.375,46.518645455344036,8
141,9,117.5,35.940923749953896,8
141,10,125.25,28.481353549296074,8
141,11,135.125,29.864014716712152,8
141,12,141.875,24.730737453622364,8
141,13,147.75,31.495039291926595,8
141,14,144.75,34.368408458932166,8
141,15,150.375,33.01112501869635,8
141,16,136.375,30.79747351650781,8
141,17,151.375,31.945021130060315,8
141,18,157.0,35.42950747611375,8
141,19,129.5,29.9874973947477,8
141,20,115.0,25.763346055976502,8
141,21,109.75,24.717149916606484,8
141,22,75.5,17.124543789543708,8
141,23,37.25,9.640409742329421,8
141,24,19.875,6.152997237119484,8
141,25,10.375,6.223694642252301,8
141,26,7.875,2.2043990110685496,8
141,27,4.875,1.7633419974582356,8
141,28,7.375,3.2379584617471546,8
141,29,14.125,5.464373248598599,8
141,30,47.375,14.008368034856879,8
141,31,122.0,37.023641095926806,8
141,32,154.875,43.93016475043088,8
141,33,149.5,31.12474899497183,8
141,34,137.5,26.556543449779003,8
141,35,146.375,23.568716023576677,8
141,36,160.375,22.03370996904516,8
141,37,151.5,22.693611435820433,8
141,38,160.125,21.956989206173056,8
141,39,156.5,15.066519173319364,8
141,40,157.375,28.596055234944558,8
141,41,180.875,35.79957227398115,8
141,42,200.625,45.12742375762215,8
141,43,167.0,41.07006208906921,8
141,44,141.125,28.863634126699985,8
141,45,128.125,22.58560105465427,8
141,46,100.0,25.748786379167466,8
141,47,49.75,17.137313091613866,8
141,48,26.22222222222222,6.8276851092165405,9
141,49,15.0,4.268749491621899,9
141,50,7.888888888888889,2.6434171674156266,9
141,51,6.444444444444445,1.8324913891634047,9
141,52,8.777777777777779,5.028314888437672,9
141,53,14.88888888888889,4.976487928124153,9
141,54,51.77777777777778,12.594335391382003,9
141,55,124.33333333333333,35.51838334659329,9
141,56,158.88888888888889,39.680514234023526,9
141,57,150.55555555555554,29.918820205167446,9
141,58,145.11111111111111,12.059523156635676,9
141,59,147.88888888888889,17.916128329552333,9
141,60,153.88888888888889,18.663359495394204,9
141,61,152.66666666666666,21.207964960782487,9
141,62,157.33333333333334,23.342855200015464,9
141,63,171.11111111111111,17.99039524267475,9
141,64,152.0,30.276503540974915,9
141,65,187.77777777777777,41.39720274440929,9
141,66,198.55555555555554,34.47418071256327,9
141,67,168.55555555555554,32.15970947599258,9
141,68,150.0,34.791442115043814,9
141,69,145.11111111111111,32.63074366450702,9
141,70,114.88888888888889,31.096425105162616,9
141,71,57.111111111111114,9.960415480451097,9
141,72,35.333333333333336,9.237604307034012,9
141,73,19.333333333333332,6.716480559869961,9
141,74,9.88888888888889,4.6294814791110355,9
141,75,9.555555555555555,4.166296279833928,9
141,76,8.88888888888889,5.665577237325317,9
141,77,15.666666666666666,2.788866755113585,9
141,78,46.44444444444444,10.925109825139426,9
141,79,122.22222222222223,45.005623791249754,9
141,80,148.22222222222223,46.29081449027269,9
141,81,146.33333333333334,31.11984004529015,9
141,82,143.22222222222223,34.444086019640515,9
141,83,136.66666666666666,21.786846184490923,9
141,84,156.44444444444446,17.802066740884708,9
141,85,154.55555555555554,17.23762751857505,9
141,86,151.55555555555554,25.07814945818199,9
141,87,165.77777777777777,30.745470408131403,9
141,88,147.88888888888889,24.67767522115865,9
141,89,176.22222222222223,45.165812483381174,9
141,90,212.77777777777777,62.84332860867002,9
141,91,169.44444444444446,42.02145248722136,9
141,92,161.44444444444446,36.79707449455764,9
141,93,144.77777777777777,35.965346833299215,9
141,94,123.0,38.75277767822299,9
141,95,82.66666666666667,32.38998473465387,9
141,96,43.333333333333336,14.544949486180952,9
141,97,27.11111111111111,8.723460633951342,9
141,98,15.88888888888889,6.740333728045822,9
141,99,11.0,3.80058475033046,9
141,100,14.11111111111111,5.1086950811433995,9
141,101,14.666666666666666,3.858612300930075,9
141,102,37.44444444444444,12.266586151104518,9
141,103,105.0,42.23742416388575,9
141,104,126.33333333333333,41.77186719418811,9
141,105,125.44444444444444,27.459510034922776,9
141,106,132.22222222222223,30.31603088128559,9
141,107,132.88888888888889,22.624688798078008,9
141,108,142.55555555555554,17.366065959611586,9
141,109,144.55555555555554,21.396319055758223,9
141,110,154.0,19.86062547968831,9
141,111,166.33333333333334,30.976693747970515,9
141,112,159.66666666666666,39.30224760324359,9
141,113,196.66666666666666,45.190952880219534,9
141,114,220.0,58.72913341018332,9
141,115,196.66666666666666,51.519144230297755,9
141,116,154.22222222222223,29.268024941061828,9
141,117,146.88888888888889,27.734633160422543,9
141,118,134.0,36.282839531167404,9
141,119,106.44444444444444,30.8476943532832,9
141,120,78.55555555555556,28.166611878097054,9
141,121,53.55555555555556,24.028275524709592,9
141,122,32.0,10.0,9
141,123,26.77777777777778,10.517475169954873,9
141,124,17.22222222222222,6.425258797689316,9
141,125,9.444444444444445,3.02254900194121,9
141,126,18.77777777777778,3.9938223901358727,9
141,127,43.111111111111114,10.004937052880381,9
141,128,78.22222222222223,24.29804645909615,9
141,129,114.88888888888889,33.81138678822875,9
141,130,138.44444444444446,34.95746975051291,9
141,131,154.0,36.974465663632124,9
141,132,162.22222222222223,29.913868124547843,9
141,133,174.77777777777777,29.573929126015994,9
141,134,158.77777777777777,29.381694141374556,9
141,135,161.22222222222223,27.009371944558545,9
141,136,162.66666666666666,34.06203491017855,9
141,137,184.33333333333334,41.44340183377272,9
141,138,201.66666666666666,54.668699149208464,9
141,139,205.44444444444446,65.48979752791203,9
141,140,158.44444444444446,58.180010143063,9
141,141,153.44444444444446,49.66132210866165,9
141,142,128.22222222222223,51.354492993479006,9
141,143,108.55555555555556,46.03648579867232,9
141,144,86.88888888888889,43.35498034814056,9
141,145,57.0,22.37558192911788,9
141,146,36.22222222222222,14.38191594235064,9
141,147,23.0,10.1762250149825,9
141,148,22.555555555555557,6.76775214792936,9
141,149,11.222222222222221,9.040375825247997,9
141,150,16.88888888888889,7.355186294860163,9
141,151,31.22222222222222,7.051836290054413,9
141,152,53.44444444444444,13.064890279856595,9
141,153,87.44444444444444,18.921540406584892,9
141,154,121.11111111111111,21.06310330857384,9
141,155,139.55555555555554,29.40185599247893,9
141,156,166.22222222222223,38.1365318523905,9
141,157,166.55555555555554,42.65132826148719,9
141,158,160.55555555555554,26.483164929655935,9
141,159,144.22222222222223,22.81703933359053,9
141,160,143.22222222222223,24.132862692361943,9
141,161,136.44444444444446,15.485556791274973,9
141,162,134.33333333333334,21.7511174681006,9
141,163,127.0,41.97618372363071,9
141,164,113.44444444444444,44.38496019326845,9
141,165,96.88888888888889,35.24657412649236,9
141,166,66.22222222222223,32.18963869797505,9
141,167,38.77777777777778,22.62141452389148,9
142,0,21.625,6.613197033205649,8
142,1,13.285714285714286,8.497298490264601,7
142,2,3.4285714285714284,1.3997084244475304,7
142,3,4.0,1.6035674514745464,7
142,4,6.125,2.521780125229002,8
142,5,11.0,4.716990566028302,8
142,6,33.875,10.042876828877272,8
142,7,99.375,33.488570811547035,8
142,8,141.125,45.914152230004206,8
142,9,132.25,33.78146681244022,8
142,10,137.75,33.353223232545304,8
142,11,159.875,33.82099015404487,8
142,12,173.375,38.83921182258981,8
142,13,179.75,35.11320976498731,8
142,14,187.625,29.278565111699038,8
142,15,201.625,36.179889096015756,8
142,16,180.625,33.26761751313129,8
142,17,222.875,53.13764555378795,8
142,18,242.75,51.35598796635111,8
142,19,188.75,22.151467220028564,8
142,20,178.875,31.374501988079427,8
142,21,224.625,50.22682923498158,8
142,22,228.75,96.12979506895871,8
142,23,97.75,48.98660531206465,8
142,24,28.125,10.552695153371957,8
142,25,8.75,2.680951323690902,8
142,26,4.0,3.070597894314954,7
142,27,3.375,1.7275343701356567,8
142,28,6.25,3.152380053229623,8
142,29,12.25,5.379358697837503,8
142,30,35.0,8.703447592764606,8
142,31,110.0,35.02142201567492,8
142,32,152.75,41.40274749337295,8
142,33,153.875,35.36042102407719,8
142,34,163.375,27.766605392089254,8
142,35,185.25,26.413774815425377,8
142,36,199.0,31.332890067786597,8
142,37,206.75,38.41793201097633,8
142,38,218.625,38.787683289931095,8
142,39,219.0,42.1070065428546,8
142,40,223.0,24.19194080680589,8
142,41,250.25,42.78945547678774,8
142,42,278.625,46.84265550756063,8
142,43,234.75,48.64861251875535,8
142,44,239.0,43.63771304731723,8
142,45,403.625,116.71432806215354,8
142,46,291.375,79.89358156322697,8
142,47,189.22222222222223,112.54804186832867,9
142,48,39.666666666666664,11.175369742826806,9
142,49,14.555555555555555,3.9189315752329774,9
142,50,5.333333333333333,2.0,9
142,51,2.75,1.1989578808281798,8
142,52,7.222222222222222,3.8232556742411674,9
142,53,12.444444444444445,3.715167443844553,9
142,54,34.77777777777778,10.063992777088224,9
142,55,112.22222222222223,30.842891411430347,9
142,56,154.88888888888889,42.1806813190969,9
142,57,161.44444444444446,31.347908351669837,9
142,58,171.0,16.713268182295565,9
142,59,178.33333333333334,24.78350706058814,9
142,60,202.88888888888889,20.485466091540466,9
142,61,211.55555555555554,26.3190303397502,9
142,62,224.88888888888889,19.3703349620808,9
142,63,237.77777777777777,26.893938919713563,9
142,64,257.55555555555554,50.17549448598968,9
142,65,268.55555555555554,43.08676288377289,9
142,66,298.1111111111111,28.984457307876212,9
142,67,247.33333333333334,35.13466158147029,9
142,68,244.55555555555554,59.705036286938906,9
142,69,410.77777777777777,129.1009749320084,9
142,70,302.22222222222223,97.04612623533178,9
142,71,149.11111111111111,79.61217724338468,9
142,72,48.666666666666664,9.079892314584157,9
142,73,15.222222222222221,3.7940824619919713,9
142,74,4.444444444444445,1.8324913891634047,9
142,75,3.375,2.6896793489187516,8
142,76,5.0,3.1269438398822866,9
142,77,11.11111111111111,3.3481153718487473,9
142,78,38.22222222222222,13.73380078312691,9
142,79,111.22222222222223,38.3978523061954,9
142,80,150.11111111111111,55.91152623057341,9
142,81,153.88888888888889,35.22765468096035,9
142,82,171.0,19.413626371414715,9
142,83,185.44444444444446,36.402414788982554,9
142,84,204.88888888888889,28.22309709930048,9
142,85,208.44444444444446,27.988533807460474,9
142,86,228.33333333333334,31.794478905761117,9
142,87,236.88888888888889,30.61025407148702,9
142,88,227.11111111111111,30.744265750595016,9
142,89,268.55555555555554,70.93519908434601,9
142,90,288.77777777777777,67.01206819633772,9
142,91,232.0,42.2663512080762,9
142,92,238.88888888888889,56.89257800538455,9
142,93,460.8888888888889,144.9332754097128,9
142,94,339.3333333333333,144.9375344377325,9
142,95,155.55555555555554,67.5509866876061,9
142,96,89.0,63.84007797266194,9
142,97,26.22222222222222,11.554487130093927,9
142,98,12.0,5.557777333511022,9
142,99,3.875,1.2686114456365274,8
142,100,6.0,1.7638342073763937,9
142,101,11.666666666666666,4.944132324730441,9
142,102,29.333333333333332,9.201449161228174,9
142,103,88.88888888888889,35.2371156735005,9
142,104,122.44444444444444,42.737210201444704,9
142,105,132.44444444444446,30.9914364914321,9
142,106,156.77777777777777,32.293025658380785,9
142,107,172.11111111111111,23.94644229870968,9
142,108,199.88888888888889,35.34416325991054,9
142,109,203.77777777777777,18.629592813453055,9
142,110,236.66666666666666,37.700574708263176,9
142,111,245.55555555555554,50.182137395494095,9
142,112,253.55555555555554,57.74293821395173,9
142,113,272.0,42.946995755750415,9
142,114,304.0,61.685582684376996,9
142,115,253.66666666666666,42.63019274332844,9
142,116,211.44444444444446,40.417573491163225,9
142,117,343.44444444444446,81.52179137590025,9
142,118,451.77777777777777,71.2628589219405,9
142,119,221.0,62.21646798789601,9
142,120,115.55555555555556,49.64341986409145,9
142,121,46.55555555555556,20.380334263484443,9
142,122,16.11111111111111,7.014975163406487,9
142,123,9.777777777777779,3.614101326064576,9
142,124,7.777777777777778,2.528845928164676,9
142,125,6.777777777777778,1.4740554623801778,9
142,126,17.0,5.962847939999439,9
142,127,33.22222222222222,7.405370090200726,9
142,128,67.77777777777777,20.367609240478853,9
142,129,107.77777777777777,29.820864350606676,9
142,130,149.88888888888889,29.979416807182314,9
142,131,189.66666666666666,28.071337695236398,9
142,132,209.22222222222223,40.03547809347154,9
142,133,236.55555555555554,43.04806386434976,9
142,134,236.33333333333334,46.7523023794313,9
142,135,264.0,64.8176930577858,9
142,136,299.3333333333333,38.453435043785966,9
142,137,305.44444444444446,59.38595253108845,9
142,138,289.77777777777777,58.90251414701673,9
142,139,277.55555555555554,59.206064087147006,9
142,140,220.88888888888889,45.87045634645571,9
142,141,287.77777777777777,74.51290384561706,9
142,142,403.22222222222223,75.127710197411,9
142,143,291.0,127.46938630292547,9
142,144,130.33333333333334,62.74109055829715,9
142,145,49.111111111111114,23.764793962893204,9
142,146,16.666666666666668,7.745966692414834,9
142,147,7.222222222222222,3.119037521692933,9
142,148,10.444444444444445,5.057691856329352,9
142,149,11.11111111111111,10.386363329379371,9
142,150,18.444444444444443,8.111872110419547,9
142,151,25.88888888888889,5.30082686305625,9
142,152,56.22222222222222,10.559648329348198,9
142,153,95.88888888888889,22.73247527434629,9
142,154,124.33333333333333,27.182510717166817,9
142,155,170.44444444444446,43.0015790694846,9
142,156,192.22222222222223,49.58220509142766,9
142,157,224.11111111111111,54.19603192617713,9
142,158,235.33333333333334,42.30839160261236,9
142,159,262.22222222222223,61.63472646303251,9
142,160,232.66666666666666,62.7162924074226,9
142,161,232.44444444444446,61.523457335142794,9
142,162,242.66666666666666,78.08542330892068,9
142,163,236.77777777777777,78.57166265798061,9
142,164,186.11111111111111,34.64885582348346,9
142,165,172.0,34.899856733230294,9
142,166,128.11111111111111,58.90188535832645,9
142,167,63.111111111111114,29.501203156046383,9
143,0,4.0,3.265986323710904,6
143,1,2.0,1.0690449676496976,7
143,2,2.3333333333333335,1.1055415967851332,6
143,3,1.1666666666666667,0.37267799624996495,6
143,4,1.6666666666666667,1.4907119849998596,6
143,5,7.625,3.6033838263498934,8
143,6,21.25,7.964766161036995,8
143,7,56.25,22.802138057647138,8
143,8,86.875,30.481295494122293,8
143,9,67.0,20.081085628023203,8
143,10,64.125,17.135033557014122,8
143,11,62.375,18.220438386603107,8
143,12,64.625,13.076099380166855,8
143,13,67.625,11.863151984190374,8
143,14,77.125,17.85663392131899,8
143,15,86.625,21.39472773839387,8
143,16,82.25,18.766659265836314,8
143,17,80.25,18.32177666057525,8
143,18,76.625,26.438312635264754,8
143,19,49.25,11.508149286483905,8
143,20,35.75,7.741931283601011,8
143,21,38.25,11.529852557600206,8
143,22,21.125,8.283077628514658,8
143,23,13.375,7.482270711488592,8
143,24,3.375,1.7275343701356567,8
143,25,1.8571428571428572,1.3552618543578767,7
143,26,1.4,0.4898979485566356,5
143,27,2.0,1.224744871391589,4
143,28,1.7142857142857142,1.1605769149479943,7
143,29,9.125,5.732309743899051,8
143,30,22.5,8.231038816577165,8
143,31,63.75,22.320114247019436,8
143,32,96.625,30.479244987368045,8
143,33,87.25,23.763154251908563,8
143,34,78.125,15.583946066385112,8
143,35,73.0,14.044571905188139,8
143,36,75.75,18.067581465154653,8
143,37,71.25,8.525696452489967,8
143,38,80.5,22.237355957937087,8
143,39,101.125,26.904634823762244,8
143,40,89.875,23.9292577193694,8
143,41,93.875,25.29544178305649,8
143,42,93.5,23.90606617576384,8
143,43,58.625,13.728961177015544,8
143,44,45.625,12.439227266996934,8
143,45,40.875,15.243338709088636,8
143,46,29.25,8.99652710772329,8
143,47,15.5,6.082762530298219,8
143,48,6.111111111111111,4.175176495123541,9
143,49,2.4285714285714284,1.178030178747903,7
143,50,1.875,1.5360257159305635,8
143,51,1.25,0.4330127018922193,4
143,52,3.4285714285714284,2.0603150145508513,7
143,53,7.666666666666667,3.1622776601683795,9
143,54,22.77777777777778,7.450246495217871,9
143,55,71.66666666666667,20.47220337704545,9
143,56,99.88888888888889,29.79352817287094,9
143,57,89.0,16.87206764645835,9
143,58,75.11111111111111,11.685170511231028,9
143,59,74.11111111111111,9.631481303453038,9
143,60,82.66666666666667,10.47748909700114,9
143,61,78.11111111111111,7.992280225935309,9
143,62,84.33333333333333,11.045361017187261,9
143,63,89.33333333333333,13.258121200900895,9
143,64,93.0,18.879736344675063,9
143,65,93.33333333333333,21.134489978863144,9
143,66,97.22222222222223,23.836376392106512,9
143,67,64.22222222222223,16.157404754324308,9
143,68,48.333333333333336,12.39175353029407,9
143,69,44.111111111111114,16.56934548727086,9
143,70,40.666666666666664,18.93849694845572,9
143,71,16.88888888888889,7.340064251072776,9
143,72,5.75,1.984313483298443,8
143,73,3.5,1.8027756377319946,8
143,74,1.8571428571428572,0.989743318610787,7
143,75,1.7142857142857142,0.6998542122237652,7
143,76,2.7142857142857144,1.0301575072754257,7
143,77,7.888888888888889,1.9116278371205837,9
143,78,21.22222222222222,7.435317788587382,9
143,79,67.44444444444444,26.940721392267925,9
143,80,94.22222222222223,31.60090637862492,9
143,81,82.77777777777777,21.16484389935231,9
143,82,82.66666666666667,12.156388352540313,9
143,83,69.22222222222223,12.847635128499787,9
143,84,78.11111111111111,13.093208115868018,9
143,85,76.11111111111111,12.485052791633544,9
143,86,82.0,13.84035966135113,9
143,87,91.88888888888889,15.616547096265439,9
143,88,92.22222222222223,25.384937694002616,9
143,89,100.44444444444444,30.459850116765224,9
143,90,101.77777777777777,36.288283318074434,9
143,91,62.44444444444444,17.04967325272515,9
143,92,52.888888888888886,14.247373593788705,9
143,93,47.333333333333336,12.445436468396313,9
143,94,46.666666666666664,19.1253177170414,9
143,95,25.88888888888889,8.556277025857092,9
143,96,9.222222222222221,5.072316538005923,9
143,97,4.0,2.211083193570267,9
143,98,1.7777777777777777,1.0304020550550783,9
143,99,1.2857142857142858,0.45175395145262565,7
143,100,3.0,1.8516401995451028,7
143,101,7.111111111111111,2.7666443551086073,9
143,102,20.22222222222222,8.189122565639234,9
143,103,58.111111111111114,20.829703387467536,9
143,104,78.33333333333333,28.468305963728234,9
143,105,78.88888888888889,22.25331158599119,9
143,106,71.77777777777777,20.584664074541717,9
143,107,66.0,11.907047399661167,9
143,108,73.66666666666667,12.87547194388531,9
143,109,83.0,16.865480854231357,9
143,110,93.22222222222223,22.73410447263845,9
143,111,86.44444444444444,26.64211833048946,9
143,112,84.66666666666667,16.539514973407034,9
143,113,90.77777777777777,30.615093509856933,9
143,114,108.22222222222223,38.016890333341095,9
143,115,77.66666666666667,24.689178916188272,9
143,116,50.333333333333336,15.663120165960974,9
143,117,51.22222222222222,15.540468874506528,9
143,118,44.55555555555556,18.148223733780615,9
143,119,32.22222222222222,10.982590038356948,9
143,120,21.11111111111111,12.45832559147536,9
143,121,7.111111111111111,4.067334492827361,9
143,122,3.75,2.48746859276655,8
143,123,2.375,0.8569568250501305,8
143,124,2.875,1.7633419974582356,8
143,125,4.333333333333333,1.699673171197595,9
143,126,7.333333333333333,2.8674417556808756,9
143,127,16.555555555555557,5.31478255248951,9
143,128,36.333333333333336,11.832159566199232,9
143,129,50.44444444444444,15.290600679365165,9
143,130,65.77777777777777,19.083313116599353,9
143,131,71.88888888888889,16.66296255134885,9
143,132,78.66666666666667,16.384274303259343,9
143,133,73.77777777777777,12.514682734716741,9
143,134,73.88888888888889,20.593658379027723,9
143,135,67.0,16.759740119968715,9
143,136,72.33333333333333,14.809906594348709,9
143,137,78.88888888888889,24.852652192223957,9
143,138,90.0,29.77321689781681,9
143,139,80.66666666666667,28.241026106633512,9
143,140,47.77777777777778,19.129835788211842,9
143,141,47.77777777777778,22.204993321211823,9
143,142,54.888888888888886,21.778911535113984,9
143,143,40.333333333333336,18.820792284657475,9
143,144,22.77777777777778,13.455917969245418,9
143,145,11.666666666666666,5.597618541248888,9
143,146,3.7777777777777777,2.1487866228681907,9
143,147,3.0,1.927248223318863,7
143,148,3.0,0.8660254037844386,8
143,149,3.7777777777777777,2.4845199749997664,9
143,150,8.444444444444445,4.924115512480076,9
143,151,14.777777777777779,5.328701692569688,9
143,152,27.77777777777778,11.272166091531021,9
143,153,43.22222222222222,11.602468873072546,9
143,154,59.44444444444444,15.093126552699491,9
143,155,69.0,17.65093639316497,9
143,156,73.0,19.499287736279555,9
143,157,85.22222222222223,25.266480992183997,9
143,158,85.33333333333333,27.824849006278942,9
143,159,78.0,16.316317667360558,9
143,160,68.77777777777777,16.877188929820022,9
143,161,68.44444444444444,16.99745805251225,9
143,162,68.0,13.630032200173915,9
143,163,48.77777777777778,20.126145393369832,9
143,164,45.333333333333336,17.56258649642599,9
143,165,30.666666666666668,18.60704764927048,9
143,166,24.77777777777778,10.347063757175835,9
143,167,13.88888888888889,9.290908871274166,9
144,0,9.625,5.498579361980693,8
144,1,3.25,0.82915619758885,8
144,2,3.125,2.1469455046647083,8
144,3,2.4285714285714284,1.049781318335648,7
144,4,1.6666666666666667,0.9428090415820634,3
144,5,1.0,0.0,3
144,6,2.3333333333333335,1.247219128924647,6
144,7,6.25,3.491060010942235,8
144,8,8.714285714285714,4.233009254294015,7
144,9,10.375,3.119995993587171,8
144,10,16.25,5.018714974971183,8
144,11,22.125,4.013648589500581,8
144,12,27.25,8.347903928532,8
144,13,37.75,6.5717197140474575,8
144,14,37.25,6.378675411086537,8
144,15,45.375,14.282309862203663,8
144,16,43.25,10.951598056904755,8
144,17,47.25,13.799909419992582,8
144,18,54.5,12.639224659764539,8
144,19,56.625,15.699820858850588,8
144,20,55.375,9.499177595981665,8
144,21,51.5,12.479983974348684,8
144,22,42.875,14.88655013762423,8
144,23,28.0,8.916277250063503,8
144,24,11.875,6.489173676208705,8
144,25,5.5,2.5,8
144,26,3.5,2.449489742783178,8
144,27,2.857142857142857,1.4568627181693672,7
144,28,2.25,1.0897247358851685,4
144,29,1.5,0.5,4
144,30,2.5,1.2583057392117916,6
144,31,5.875,2.2043990110685496,8
144,32,10.625,3.739568825412898,8
144,33,14.625,3.998046397929869,8
144,34,17.625,3.1991209730174317,8
144,35,23.375,5.290025992374707,8
144,36,33.375,6.183395103015818,8
144,37,41.125,9.453008780277315,8
144,38,48.0,12.114041439585717,8
144,39,54.5,13.518505834595775,8
144,40,52.375,10.558616149856002,8
144,41,58.125,14.572555541153378,8
144,42,67.125,11.602128037562764,8
144,43,69.125,13.950246413594277,8
144,44,66.5,12.639224659764539,8
144,45,73.5,18.986837546047525,8
144,46,69.75,22.554101622543072,8
144,47,52.333333333333336,34.947579792216416,9
144,48,30.0,11.352924243950934,9
144,49,17.11111111111111,11.985588053477155,9
144,50,8.88888888888889,9.515419584891841,9
144,51,5.4,6.8,5
144,52,3.7142857142857144,4.2999762695121175,7
144,53,1.75,1.0897247358851685,8
144,54,1.8571428571428572,0.8329931278350429,7
144,55,6.888888888888889,3.177855476905576,9
144,56,14.666666666666666,7.241853660800143,9
144,57,15.11111111111111,5.606433694019051,9
144,58,17.88888888888889,3.7548322774924,9
144,59,23.666666666666668,5.868938953886336,9
144,60,28.88888888888889,6.063450510952112,9
144,61,42.44444444444444,11.06657742043443,9
144,62,46.888888888888886,11.425550747186904,9
144,63,55.333333333333336,13.038404810405298,9
144,64,56.55555555555556,16.152819575755608,9
144,65,60.0,12.064640713902572,9
144,66,68.88888888888889,19.874296322662286,9
144,67,71.77777777777777,11.467614086613928,9
144,68,71.11111111111111,14.255170168861888,9
144,69,77.77777777777777,24.430298937443222,9
144,70,79.11111111111111,28.009698496709014,9
144,71,65.55555555555556,23.875189870617252,9
144,72,42.77777777777778,21.25913020995804,9
144,73,24.77777777777778,13.239484529893298,9
144,74,14.555555555555555,14.667508393354877,9
144,75,7.888888888888889,9.87076991756125,9
144,76,4.0,6.411794687223781,9
144,77,1.25,0.4330127018922193,8
144,78,2.0,1.0,8
144,79,7.111111111111111,2.997941680718231,9
144,80,13.88888888888889,7.279261935181867,9
144,81,14.444444444444445,3.2697642154582582,9
144,82,18.333333333333332,7.102425250887506,9
144,83,20.88888888888889,5.566655577722377,9
144,84,32.22222222222222,8.390176501623495,9
144,85,35.333333333333336,9.297550453987569,9
144,86,45.44444444444444,14.606780093208702,9
144,87,57.111111111111114,15.77934264540154,9
144,88,51.888888888888886,13.428365040254192,9
144,89,59.55555555555556,17.93885361821659,9
144,90,70.66666666666667,21.155508870163242,9
144,91,75.77777777777777,21.206800679539768,9
144,92,73.44444444444444,19.522699671642133,9
144,93,75.55555555555556,22.261631721722026,9
144,94,92.55555555555556,34.244581440348945,9
144,95,91.33333333333333,41.27953488110058,9
144,96,78.11111111111111,39.5795807188068,9
144,97,62.666666666666664,33.18299430598618,9
144,98,42.0,19.533447098644814,9
144,99,27.444444444444443,12.755052254878901,9
144,100,21.375,7.016721100343094,8
144,101,1.6666666666666667,0.7453559924999299,6
144,102,2.75,0.82915619758885,8
144,103,5.0,1.8257418583505538,9
144,104,7.666666666666667,2.788866755113585,9
144,105,11.11111111111111,4.909049340972116,9
144,106,19.555555555555557,5.356431463641755,9
144,107,25.0,6.6332495807108,9
144,108,34.111111111111114,7.187094057242769,9
144,109,46.111111111111114,9.109755996786504,9
144,110,61.0,8.793937305515279,9
144,111,70.77777777777777,14.83822224884682,9
144,112,71.88888888888889,8.799551054765924,9
144,113,81.33333333333333,12.840906856172147,9
144,114,87.22222222222223,13.406281925341135,9
144,115,83.55555555555556,12.001028762486351,9
144,116,76.11111111111111,12.844752014771933,9
144,117,69.22222222222223,14.972402596316092,9
144,118,79.55555555555556,25.01604423436692,9
144,119,102.44444444444444,40.94470827594781,9
144,120,114.11111111111111,50.94320245668906,9
144,121,126.66666666666667,54.03496810194097,9
144,122,120.55555555555556,51.69378022141781,9
144,123,86.11111111111111,33.66978350075412,9
144,124,41.333333333333336,18.82669499525725,9
144,125,2.888888888888889,1.3698697784375504,9
144,126,1.8,1.1661903789690602,5
144,127,2.625,2.117634293262177,8
144,128,4.888888888888889,2.469567863432541,9
144,129,10.11111111111111,5.086899174337598,9
144,130,22.666666666666668,4.396968652757639,9
144,131,31.11111111111111,10.948814694288899,9
144,132,47.55555555555556,12.230300360726234,9
144,133,63.77777777777778,13.693289336003463,9
144,134,74.44444444444444,15.986877334663586,9
144,135,89.77777777777777,15.273635802168519,9
144,136,85.22222222222223,12.830326728131956,9
144,137,91.77777777777777,11.183100124521005,9
144,138,93.77777777777777,19.987650508238985,9
144,139,97.44444444444444,19.602217057778105,9
144,140,89.11111111111111,16.596147106043382,9
144,141,81.66666666666667,21.566434826162414,9
144,142,83.0,30.37177051876371,9
144,143,107.55555555555556,43.4079130295416,9
144,144,115.0,47.50438576243952,9
144,145,146.55555555555554,79.56983112142038,9
144,146,132.33333333333334,65.87867636800242,9
144,147,98.0,46.8662399221918,9
144,148,49.22222222222222,23.073687649103576,9
144,149,8.0,6.442049363362563,8
144,150,3.125,2.1469455046647083,8
144,151,2.4444444444444446,1.3425606637327303,9
144,152,5.555555555555555,1.640535895581489,9
144,153,11.777777777777779,4.49141842920172,9
144,154,18.333333333333332,5.868938953886336,9
144,155,26.444444444444443,6.533862412439626,9
144,156,38.44444444444444,10.001234491702746,9
144,157,51.55555555555556,8.908312112367753,9
144,158,62.333333333333336,7.164728420068226,9
144,159,69.88888888888889,10.908146236688783,9
144,160,63.888888888888886,10.68170236582628,9
144,161,69.33333333333333,16.193277068654826,9
144,162,63.22222222222222,17.20321531818836,9
144,163,53.888888888888886,15.220194512149124,9
144,164,51.77777777777778,7.3903507325848405,9
144,165,40.44444444444444,9.214856496273482,9
144,166,36.77777777777778,12.08100232944066,9
144,167,24.444444444444443,9.322745317068014,9
145,0,1.4,0.8,5
145,1,2.0,1.0,2
145,2,1.3333333333333333,0.4714045207910317,3
145,3,1.4285714285714286,1.0497813183356477,7
145,4,2.3333333333333335,1.699673171197595,6
145,5,1.6666666666666667,0.9428090415820634,3
145,6,2.7142857142857144,2.3123448651769496,7
145,7,3.0,2.9277002188455996,7
145,8,3.875,3.0998991919093113,8
145,9,4.625,2.8695600708122493,8
145,10,5.714285714285714,2.3733211036908783,7
145,11,5.428571428571429,3.0169588688489823,7
145,12,3.7142857142857144,1.385051387833237,7
145,13,4.5,2.0,8
145,14,4.0,2.1213203435596424,8
145,15,6.375,2.496873044429772,8
145,16,7.285714285714286,1.9794866372215738,7
145,17,4.125,1.8328597873268975,8
145,18,2.375,0.8569568250501305,8
145,19,2.7142857142857144,1.0301575072754257,7
145,20,3.0,3.605551275463989,6
145,21,1.5,0.7637626158259734,6
145,22,2.8,1.32664991614216,5
145,23,1.7142857142857142,0.45175395145262565,7
145,24,1.0,0.0,3
145,25,1.0,0.0,3
145,26,1.0,0.0,5
145,27,1.0,0.0,3
145,28,1.4,0.4898979485566356,5
145,29,2.0,0.7071067811865476,4
145,30,2.6,1.2000000000000002,5
145,31,4.0,3.687817782917155,5
145,32,3.375,2.057759704144291,8
145,33,3.5714285714285716,1.761261143705422,7
145,34,2.5,1.118033988749895,8
145,35,4.75,1.7853571071357126,8
145,36,5.25,3.6996621467371855,8
145,37,5.5,2.3979157616563596,8
145,38,4.428571428571429,1.9897697538834458,7
145,39,4.125,1.8328597873268975,8
145,40,5.5,1.8708286933869707,8
145,41,4.142857142857143,2.0303814862216996,7
145,42,3.5714285714285716,3.9948947011741613,7
145,43,3.0,1.9148542155126762,6
145,44,1.8333333333333333,1.0671873729054748,6
145,45,1.8571428571428572,0.6388765649999398,7
145,46,2.2,1.16619037896906,5
145,47,1.6,0.8,5
145,48,1.4444444444444444,0.4969039949999533,9
145,49,2.25,0.82915619758885,4
145,50,1.0,0.0,2
145,51,1.75,0.82915619758885,4
145,52,2.0,0.8944271909999159,5
145,53,1.8,0.4,5
145,54,2.3333333333333335,0.9428090415820634,6
145,55,3.0,3.4226138716316967,7
145,56,5.222222222222222,3.083208205669246,9
145,57,5.444444444444445,3.130889511912305,9
145,58,4.777777777777778,3.083208205669246,9
145,59,4.666666666666667,3.944053188733077,9
145,60,4.0,2.0,8
145,61,4.444444444444445,2.2166597048066667,9
145,62,6.666666666666667,1.8856180831641267,9
145,63,4.333333333333333,2.3570226039551585,9
145,64,4.444444444444445,2.629368792488718,9
145,65,3.125,1.165922381636102,8
145,66,3.4285714285714284,1.761261143705422,7
145,67,1.8888888888888888,0.7370277311900889,9
145,68,2.5,1.0,8
145,69,3.75,2.331844763272204,8
145,70,2.888888888888889,0.8748897637790901,9
145,71,2.875,1.964529205687714,8
145,72,2.0,0.7071067811865476,8
145,73,1.0,0.0,4
145,74,1.0,0.0,3
145,75,1.3333333333333333,0.4714045207910317,3
145,76,2.142857142857143,1.64130361329658,7
145,77,1.25,0.4330127018922193,4
145,78,1.5,0.7071067811865476,8
145,79,1.4285714285714286,0.7284313590846835,7
145,80,4.333333333333333,2.70801280154532,9
145,81,3.375,1.5761900266148114,8
145,82,3.125,1.165922381636102,8
145,83,5.875,2.1469455046647083,8
145,84,5.555555555555555,3.402976184691901,9
145,85,4.444444444444445,1.9499920860871383,9
145,86,5.888888888888889,3.0711722135745005,9
145,87,3.4444444444444446,1.5713484026367723,9
145,88,6.222222222222222,3.3259176771323924,9
145,89,2.375,1.4086784586980805,8
145,90,4.111111111111111,2.0245407953653998,9
145,91,2.0,0.816496580927726,6
145,92,1.875,0.7806247497997998,8
145,93,1.875,1.2686114456365274,8
145,94,2.75,1.7853571071357126,8
145,95,4.75,3.992179855667828,8
145,96,2.888888888888889,2.4695678634325406,9
145,97,2.111111111111111,1.286204100310025,9
145,98,1.4,0.4898979485566356,5
145,99,1.25,0.4330127018922193,4
145,100,1.625,0.9921567416492215,8
145,101,2.0,1.5634719199411433,9
145,102,2.6,1.8547236990991407,5
145,103,2.5,1.5811388300841898,8
145,104,3.5714285714285716,2.6649654437396615,7
145,105,4.5,1.8708286933869707,8
145,106,5.375,2.117634293262177,8
145,107,4.333333333333333,3.5901098714230026,9
145,108,4.555555555555555,1.5713484026367723,9
145,109,4.333333333333333,3.0184617127124724,9
145,110,4.111111111111111,2.601044424604361,9
145,111,4.0,1.9436506316151,9
145,112,8.222222222222221,2.4845199749997664,9
145,113,3.7777777777777777,2.199887763691481,9
145,114,3.5555555555555554,1.892154040658489,9
145,115,2.7777777777777777,1.3966450099973926,9
145,116,2.857142857142857,1.5518257844571737,7
145,117,3.142857142857143,2.030381486221699,7
145,118,3.142857142857143,1.1248582677159729,7
145,119,4.75,3.2307119958300214,8
145,120,3.857142857142857,2.4159335036125373,7
145,121,2.857142857142857,1.8070158058105026,7
145,122,1.5714285714285714,0.7284313590846835,7
145,123,3.0,2.345207879911715,4
145,124,2.5555555555555554,1.4229164972072998,9
145,125,2.5,1.2583057392117916,6
145,126,3.0,1.224744871391589,8
145,127,2.7777777777777777,2.3934065809486684,9
145,128,2.375,1.5761900266148114,8
145,129,3.0,1.0690449676496976,7
145,130,3.25,1.7853571071357126,8
145,131,2.888888888888889,1.3698697784375504,9
145,132,3.5714285714285716,2.4411439272335804,7
145,133,4.0,2.179449471770337,8
145,134,3.2222222222222223,1.6850834320114558,9
145,135,4.555555555555555,2.165954298846436,9
145,136,4.0,2.260776661041756,9
145,137,4.5,2.8284271247461903,8
145,138,3.2222222222222223,1.617802197617893,9
145,139,3.5555555555555554,1.7069212773041351,9
145,140,3.125,1.6153559979150107,8
145,141,2.6666666666666665,1.5634719199411433,9
145,142,2.875,1.4523687548277813,8
145,143,3.625,2.8695600708122493,8
145,144,4.888888888888889,5.933791076808306,9
145,145,3.2857142857142856,1.8294640678379568,7
145,146,2.5,1.118033988749895,4
145,147,3.4,1.8547236990991407,5
145,148,3.0,1.3333333333333333,9
145,149,1.8888888888888888,0.7370277311900889,9
145,150,2.625,1.3169567191065923,8
145,151,2.4285714285714284,1.049781318335648,7
145,152,2.75,0.6614378277661477,8
145,153,2.6666666666666665,2.1081851067789197,9
145,154,3.125,1.3635890143294642,8
145,155,2.0,0.6666666666666666,9
145,156,2.4285714285714284,1.2936264483053452,7
145,157,3.3333333333333335,1.763834207376394,9
145,158,3.125,1.3635890143294642,8
145,159,3.5555555555555554,1.8324913891634047,9
145,160,2.75,1.299038105676658,8
145,161,3.6666666666666665,1.699673171197595,9
145,162,2.5555555555555554,1.3425606637327303,9
145,163,1.6666666666666667,0.74535599249993,6
145,164,3.111111111111111,2.0245407953653998,9
145,165,2.375,1.653594569415369,8
145,166,4.222222222222222,3.9659040661277216,9
145,167,3.142857142857143,0.989743318610787,7
146,0,1.6666666666666667,0.7453559924999299,6
146,1,1.6,0.8,5
146,2,1.0,0.0,3
146,3,1.25,0.4330127018922193,4
146,4,1.8,0.4000000000000001,5
146,5,1.8571428571428572,0.6388765649999398,7
146,6,2.7142857142857144,0.880630571852711,7
146,7,2.5,1.8027756377319946,8
146,8,2.875,1.6909686573085854,8
146,9,2.7142857142857144,1.2777531299998799,7
146,10,2.5714285714285716,1.049781318335648,7
146,11,2.1666666666666665,1.0671873729054748,6
146,12,2.0,1.0954451150103321,5
146,13,2.125,1.2686114456365274,8
146,14,1.7142857142857142,0.6998542122237652,7
146,15,3.3333333333333335,1.3743685418725535,6
146,16,2.8333333333333335,0.3726779962499649,6
146,17,1.5,1.118033988749895,6
146,18,1.8571428571428572,0.8329931278350429,7
146,19,1.5714285714285714,0.4948716593053935,7
146,20,2.0,0.7559289460184544,7
146,21,1.1666666666666667,0.3726779962499649,6
146,22,1.4,0.4898979485566356,5
146,23,2.6,1.7435595774162693,5
146,24,1.0,0.0,4
146,25,1.0,0.0,2
146,26,1.0,0.0,3
146,27,1.0,0.0,3
146,28,2.0,0.0,2
146,29,1.7142857142857142,1.0301575072754254,7
146,30,3.25,1.7853571071357126,8
146,31,2.2,0.9797958971132712,5
146,32,1.8571428571428572,0.6388765649999398,7
146,33,3.0,2.179449471770337,8
146,34,3.2857142857142856,1.3850513878332367,7
146,35,2.25,1.0897247358851685,8
146,36,2.5714285714285716,1.178030178747903,7
146,37,2.142857142857143,0.989743318610787,7
146,38,2.142857142857143,0.989743318610787,7
146,39,3.142857142857143,1.355261854357877,7
146,40,4.0,1.8257418583505538,6
146,41,3.2,2.227105745132009,5
146,42,2.4285714285714284,1.9897697538834456,7
146,43,4.833333333333333,5.047001309908907,6
146,44,2.0,0.6324555320336759,5
146,45,1.2,0.4000000000000001,5
146,46,1.3333333333333333,0.74535599249993,6
146,47,1.2857142857142858,0.6998542122237652,7
146,48,2.0,0.7071067811865476,4
146,49,1.8,0.7483314773547883,5
146,50,1.0,0.0,2
146,51,1.8,1.1661903789690602,5
146,52,1.0,0.0,5
146,53,1.875,1.3635890143294642,8
146,54,3.6666666666666665,1.247219128924647,9
146,55,2.4285714285714284,0.9035079029052513,7
146,56,2.75,1.1989578808281798,8
146,57,2.75,1.5612494995995996,8
146,58,2.6666666666666665,0.9428090415820634,9
146,59,2.25,1.1989578808281798,8
146,60,3.4444444444444446,1.2570787221094177,9
146,61,2.625,1.1110243021644486,8
146,62,2.625,1.3169567191065923,8
146,63,4.444444444444445,1.5713484026367723,9
146,64,1.625,0.4841229182759271,8
146,65,2.4444444444444446,1.2570787221094177,9
146,66,1.8571428571428572,0.6388765649999399,7
146,67,2.0,1.3093073414159542,7
146,68,1.875,0.7806247497997998,8
146,69,1.5,0.5,4
146,70,1.2857142857142858,0.45175395145262565,7
146,71,1.7777777777777777,1.0304020550550783,9
146,72,1.4285714285714286,0.7284313590846836,7
146,73,3.0,2.6076809620810595,5
146,74,1.0,0.0,2
146,75,1.6666666666666667,0.9428090415820634,3
146,76,1.0,0.0,4
146,77,3.0,0.8944271909999159,5
146,78,3.0,1.7320508075688772,8
146,79,2.2857142857142856,1.1605769149479943,7
146,80,1.6,0.8,5
146,81,2.5,1.118033988749895,8
146,82,3.0,0.6666666666666666,9
146,83,3.0,2.0,7
146,84,2.125,1.3635890143294642,8
146,85,2.0,0.5,8
146,86,2.5,1.224744871391589,8
146,87,2.2857142857142856,0.6998542122237652,7
146,88,2.875,1.3635890143294642,8
146,89,2.0,1.118033988749895,8
146,90,2.125,0.7806247497997998,8
146,91,2.0,0.7559289460184544,7
146,92,1.5,0.8660254037844386,4
146,93,1.4,0.4898979485566356,5
146,94,2.2,0.9797958971132712,5
146,95,2.5,1.118033988749895,8
146,96,2.8,2.638181191654584,5
146,97,1.25,0.4330127018922193,4
146,98,1.0,0.0,4
146,99,1.0,0.0,3
146,100,1.3333333333333333,0.4714045207910317,6
146,101,1.5,0.5,8
146,102,2.888888888888889,2.1314806770278754,9
146,103,2.25,1.299038105676658,8
146,104,2.3333333333333335,1.3743685418725535,6
146,105,2.625,1.5761900266148114,8
146,106,2.5555555555555554,1.4229164972072998,9
146,107,2.3333333333333335,1.3743685418725535,6
146,108,2.5,1.0,8
146,109,3.375,0.8569568250501305,8
146,110,3.5555555555555554,1.4229164972072998,9
146,111,2.375,1.1110243021644486,8
146,112,2.375,1.4947825928876748,8
146,113,3.0,1.3333333333333333,9
146,114,3.2222222222222223,1.3966450099973928,9
146,115,1.8333333333333333,0.6871842709362768,6
146,116,1.25,0.4330127018922193,8
146,117,1.0,0.0,8
146,118,1.75,1.0897247358851685,8
146,119,2.0,1.4142135623730951,7
146,120,2.4285714285714284,0.9035079029052513,7
146,121,1.8333333333333333,0.6871842709362768,6
146,122,2.3333333333333335,1.247219128924647,3
146,123,1.1666666666666667,0.3726779962499649,6
146,124,2.1666666666666665,0.8975274678557507,6
146,125,2.0,1.0,6
146,126,1.5,0.7637626158259734,6
146,127,3.5714285714285716,2.1285234893930487,7
146,128,3.0,2.0615528128088303,8
146,129,3.142857142857143,1.8844151368961315,7
146,130,4.0,2.9814239699997196,9
146,131,3.375,2.6896793489187516,8
146,132,3.142857142857143,2.641891715558133,7
146,133,3.5555555555555554,2.948110924760355,9
146,134,3.125,1.3635890143294642,8
146,135,4.333333333333333,2.943920288775949,9
146,136,2.75,2.817356917396161,8
146,137,4.0,2.8674417556808756,9
146,138,3.142857142857143,1.7261494247992248,7
146,139,2.5714285714285716,1.3997084244475304,7
146,140,1.4,0.4898979485566356,5
146,141,1.6,0.8,5
146,142,2.5714285714285716,1.6781914463529615,7
146,143,2.375,0.8569568250501305,8
146,144,3.2857142857142856,1.8294640678379568,7
146,145,3.25,1.713913650100261,8
146,146,1.375,0.4841229182759271,8
146,147,1.8,0.4000000000000001,5
146,148,1.8,0.7483314773547883,5
146,149,1.8571428571428572,1.1248582677159729,7
146,150,1.7142857142857142,1.1605769149479943,7
146,151,1.8333333333333333,0.8975274678557508,6
146,152,2.25,1.479019945774904,8
146,153,1.4444444444444444,0.6849348892187752,9
146,154,3.375,2.1758618981911515,8
146,155,2.3333333333333335,1.4907119849998598,9
146,156,2.8333333333333335,1.0671873729054748,6
146,157,2.4285714285714284,1.178030178747903,7
146,158,1.6666666666666667,0.6666666666666666,9
146,159,2.875,1.4523687548277813,8
146,160,2.25,1.1989578808281798,8
146,161,2.2857142857142856,1.1605769149479943,7
146,162,2.125,1.165922381636102,8
146,163,2.0,0.7071067811865476,8
146,164,2.375,1.4086784586980805,8
146,165,1.8,0.7483314773547883,5
146,166,2.8333333333333335,1.5723301886761005,6
146,167,1.8333333333333333,0.6871842709362768,6
147,0,2.0,0.0,1
147,3,1.0,0.0,1
147,4,1.0,0.0,2
147,5,1.0,0.0,1
147,7,1.0,0.0,1
147,8,1.0,0.0,1
147,9,1.5,0.5,2
147,10,1.5,0.5,2
147,11,1.3333333333333333,0.4714045207910317,3
147,12,1.0,0.0,4
147,13,1.0,0.0,2
147,14,1.0,0.0,3
147,15,1.0,0.0,2
147,18,1.0,0.0,1
147,23,1.0,0.0,1
147,24,1.0,0.0,3
147,31,1.0,0.0,1
147,32,1.5,0.5,4
147,33,1.0,0.0,4
147,34,1.0,0.0,3
147,35,1.0,0.0,2
147,36,1.5,0.5,2
147,37,1.0,0.0,1
147,40,1.0,0.0,3
147,41,1.0,0.0,2
147,44,1.0,0.0,1
147,46,1.0,0.0,1
147,47,1.0,0.0,1
147,52,1.0,0.0,1
147,53,1.0,0.0,2
147,56,1.3333333333333333,0.4714045207910317,3
147,57,1.0,0.0,1
147,58,2.0,0.0,2
147,59,1.0,0.0,3
147,60,1.0,0.0,2
147,61,1.0,0.0,2
147,62,1.0,0.0,2
147,64,1.0,0.0,1
147,65,1.0,0.0,1
147,69,1.2,0.4,5
147,70,1.0,0.0,1
147,77,1.0,0.0,1
147,78,1.0,0.0,3
147,79,1.0,0.0,2
147,80,1.0,0.0,1
147,81,1.0,0.0,2
147,82,1.0,0.0,3
147,83,1.0,0.0,1
147,84,1.0,0.0,2
147,85,1.0,0.0,3
147,86,1.0,0.0,2
147,88,1.0,0.0,1
147,89,2.0,0.0,1
147,91,1.0,0.0,1
147,92,1.0,0.0,1
147,94,1.0,0.0,1
147,96,1.0,0.0,1
147,97,1.0,0.0,1
147,102,1.0,0.0,1
147,103,1.5,0.5,4
147,104,1.0,0.0,2
147,105,1.0,0.0,1
147,106,1.0,0.0,1
147,107,1.0,0.0,2
147,108,1.0,0.0,2
147,109,1.0,0.0,4
147,110,1.0,0.0,1
147,111,1.0,0.0,2
147,112,1.0,0.0,1
147,114,1.0,0.0,1
147,115,2.0,0.0,1
147,116,1.0,0.0,1
147,117,1.0,0.0,1
147,122,1.0,0.0,1
147,126,1.0,0.0,1
147,127,1.0,0.0,2
147,129,1.0,0.0,2
147,130,1.0,0.0,2
147,131,1.0,0.0,1
147,132,1.0,0.0,2
147,133,1.0,0.0,2
147,134,1.0,0.0,1
147,137,1.0,0.0,1
147,138,1.0,0.0,2
147,141,1.0,0.0,1
147,143,2.0,0.0,1
147,145,1.0,0.0,1
147,150,1.0,0.0,1
147,151,1.0,0.0,1
147,152,1.0,0.0,1
147,153,1.0,0.0,2
147,155,1.0,0.0,1
147,156,2.0,0.0,1
147,158,1.0,0.0,2
147,159,1.0,0.0,2
147,160,1.0,0.0,1
147,162,1.0,0.0,1
147,163,1.0,0.0,1
147,164,1.0,0.0,2
147,166,1.0,0.0,1
148,0,19.875,7.473912964438374,8
148,1,9.0,5.5677643628300215,8
148,2,6.625,4.498263553861645,8
148,3,3.75,2.8613807855648994,8
148,4,3.125,1.7633419974582356,8
148,5,2.8333333333333335,1.3437096247164249,6
148,6,4.25,1.1989578808281798,8
148,7,10.5,6.576473218982953,8
148,8,12.25,6.628536791781426,8
148,9,14.5,5.612486080160912,8
148,10,11.875,3.8547859862773186,8
148,11,12.75,1.713913650100261,8
148,12,20.875,3.550968177835448,8
148,13,20.25,3.6314597615834874,8
148,14,21.5,4.527692569068709,8
148,15,19.75,5.11737237261468,8
148,16,19.125,4.399928976699511,8
148,17,23.0,7.123903424387503,8
148,18,27.375,11.123595416950403,8
148,19,32.25,7.310095758606723,8
148,20,31.125,11.493884243370472,8
148,21,38.75,12.285662375305614,8
148,22,47.5,19.209372712298546,8
148,23,32.75,11.431863365173676,8
148,24,25.0,14.66287829861518,8
148,25,12.375,5.290025992374707,8
148,26,5.375,2.496873044429772,8
148,27,4.0,1.5811388300841898,8
148,28,5.125,2.2043990110685496,8
148,29,2.142857142857143,0.8329931278350429,7
148,30,4.571428571428571,3.063944369932459,7
148,31,9.125,3.7228181529588578,8
148,32,17.375,5.8081300777444715,8
148,33,14.875,4.567206476611277,8
148,34,11.875,2.027159342528357,8
148,35,16.75,3.7332961307670196,8
148,36,19.375,2.9973947020704497,8
148,37,21.125,5.2544623892459255,8
148,38,26.375,6.613197033205649,8
148,39,26.5,9.327379053088816,8
148,40,20.75,5.238081709939241,8
148,41,27.5,6.34428877022476,8
148,42,32.625,9.326541427560379,8
148,43,35.75,7.660776723022281,8
148,44,47.0,13.028814220795383,8
148,45,60.75,22.54301443906737,8
148,46,76.625,38.79735010280986,8
148,47,63.0,29.50423698386386,8
148,48,50.22222222222222,21.08067982130546,9
148,49,33.44444444444444,24.212536289704286,9
148,50,20.11111111111111,30.57393386691947,9
148,51,11.11111111111111,17.482972315589084,9
148,52,8.0,9.192388155425117,8
148,53,3.0,1.224744871391589,8
148,54,3.5555555555555554,2.006163342807532,9
148,55,10.11111111111111,3.247030932489435,9
148,56,17.88888888888889,7.737993487324511,9
148,57,17.22222222222222,4.391349521193223,9
148,58,14.88888888888889,4.175176495123541,9
148,59,16.333333333333332,3.6209268304000717,9
148,60,19.88888888888889,4.094561282819617,9
148,61,21.333333333333332,5.312459150169742,9
148,62,23.444444444444443,5.187830013301668,9
148,63,27.88888888888889,4.840671313509326,9
148,64,21.22222222222222,7.670691375152536,9
148,65,25.22222222222222,2.739739556875101,9
148,66,34.333333333333336,4.242640687119285,9
148,67,40.0,11.785113019775793,9
148,68,49.0,14.429907214608908,9
148,69,69.11111111111111,26.730941058566255,9
148,70,103.44444444444444,49.410100431909235,9
148,71,83.66666666666667,30.441200151548998,9
148,72,70.0,30.45214825481666,9
148,73,44.44444444444444,23.28619577303787,9
148,74,32.666666666666664,18.708286933869708,9
148,75,23.22222222222222,13.950529880639563,9
148,76,13.555555555555555,7.088505736771813,9
148,77,3.4285714285714284,1.761261143705422,7
148,78,4.777777777777778,1.4740554623801778,9
148,79,11.11111111111111,4.55691036764664,9
148,80,21.444444444444443,9.833176395483372,9
148,81,21.0,7.180219742846005,9
148,82,16.333333333333332,6.200358412579425,9
148,83,16.666666666666668,4.83045891539648,9
148,84,22.11111111111111,5.820355934981687,9
148,85,23.88888888888889,5.363341504954298,9
148,86,24.333333333333332,6.7494855771055295,9
148,87,27.77777777777778,5.8267158231675085,9
148,88,20.444444444444443,3.8904758666692434,9
148,89,32.77777777777778,6.528191476252614,9
148,90,39.0,9.60324019392529,9
148,91,49.77777777777778,13.774193082054875,9
148,92,56.77777777777778,17.3062466421667,9
148,93,68.0,25.560386016907753,9
148,94,111.55555555555556,58.5056713511341,9
148,95,124.55555555555556,57.74871063709486,9
148,96,115.55555555555556,59.7031752572882,9
148,97,96.0,44.294469180700204,9
148,98,75.22222222222223,30.553333252519376,9
148,99,52.22222222222222,18.995776008703604,9
148,100,25.11111111111111,10.805805481257075,9
148,101,4.25,1.5612494995995996,8
148,102,5.555555555555555,4.621474298463427,9
148,103,9.88888888888889,3.0711722135745005,9
148,104,12.666666666666666,6.5659052011974035,9
148,105,14.0,5.597618541248888,9
148,106,14.88888888888889,2.1314806770278754,9
148,107,18.333333333333332,3.366501646120693,9
148,108,20.444444444444443,6.685159536218366,9
148,109,24.11111111111111,7.263981834969401,9
148,110,31.22222222222222,8.202679477907445,9
148,111,31.666666666666668,9.695359714832659,9
148,112,35.111111111111114,8.761588446096143,9
148,113,38.22222222222222,11.2128673880381,9
148,114,50.44444444444444,17.391639824998364,9
148,115,55.111111111111114,17.246219839878886,9
148,116,57.888888888888886,10.969092380608387,9
148,117,71.44444444444444,20.902477849453962,9
148,118,92.11111111111111,32.949268899137266,9
148,119,164.88888888888889,60.246612527076195,9
148,120,248.88888888888889,108.20396834419752,9
148,121,326.77777777777777,142.34994265133903,9
148,122,296.44444444444446,118.29352486375303,9
148,123,200.55555555555554,78.4475920048412,9
148,124,80.77777777777777,35.21293252888704,9
148,125,9.333333333333334,5.270462766947299,9
148,126,5.555555555555555,3.1661792997277796,9
148,127,5.222222222222222,2.3934065809486684,9
148,128,7.111111111111111,2.23330569358242,9
148,129,13.444444444444445,4.1126123385159445,9
148,130,19.77777777777778,4.589305872902974,9
148,131,29.666666666666668,3.5901098714230026,9
148,132,32.888888888888886,8.265651072621017,9
148,133,36.22222222222222,7.051836290054413,9
148,134,44.0,6.236095644623235,9
148,135,48.333333333333336,12.840906856172149,9
148,136,51.0,16.193277068654826,9
148,137,62.55555555555556,28.09156105432975,9
148,138,71.55555555555556,28.19815246552752,9
148,139,78.0,31.25877654533381,9
148,140,73.88888888888889,28.17187109489986,9
148,141,79.77777777777777,21.399780776539526,9
148,142,101.0,36.33792019976438,9
148,143,167.66666666666666,68.5046632638165,9
148,144,242.66666666666666,100.03332777962885,9
148,145,342.77777777777777,177.73937085130376,9
148,146,284.77777777777777,123.3556536359425,9
148,147,196.33333333333334,96.5274860107501,9
148,148,88.88888888888889,43.177783496311164,9
148,149,10.444444444444445,4.740162001711453,9
148,150,7.222222222222222,3.5206621150566355,9
148,151,5.666666666666667,1.9436506316151,9
148,152,8.444444444444445,2.3622546250521443,9
148,153,15.222222222222221,5.672110674711208,9
148,154,24.11111111111111,7.263981834969401,9
148,155,26.555555555555557,9.673688382079517,9
148,156,33.0,9.695359714832659,9
148,157,36.333333333333336,10.593499054713803,9
148,158,41.333333333333336,7.888106377466155,9
148,159,36.333333333333336,5.57773351022717,9
148,160,38.55555555555556,11.786160538823216,9
148,161,36.22222222222222,12.778260860433393,9
148,162,39.55555555555556,11.33442260560586,9
148,163,43.666666666666664,12.710450643291745,9
148,164,41.333333333333336,12.04620733306177,9
148,165,44.888888888888886,13.527292941345939,9
148,166,40.666666666666664,12.328828005937952,9
148,167,38.44444444444444,13.809104171693809,9
149,6,1.1666666666666667,0.3726779962499649,6
149,7,1.6666666666666667,0.4714045207910317,3
149,8,1.5,0.5,2
149,10,1.0,0.0,1
149,11,1.0,0.0,1
149,14,1.0,0.0,1
149,15,1.5,0.5,2
149,16,1.0,0.0,1
149,17,1.0,0.0,2
149,23,1.0,0.0,1
149,29,1.0,0.0,1
149,30,1.5,0.5,6
149,31,1.0,0.0,2
149,32,1.0,0.0,2
149,33,1.0,0.0,2
149,34,1.0,0.0,2
149,35,1.0,0.0,1
149,36,1.5,0.5,2
149,39,1.0,0.0,1
149,42,1.0,0.0,1
149,45,1.0,0.0,1
149,48,1.0,0.0,1
149,54,1.0,0.0,6
149,55,1.5,0.5,4
149,56,1.0,0.0,2
149,57,1.0,0.0,1
149,58,1.0,0.0,2
149,59,1.0,0.0,2
149,61,1.3333333333333333,0.4714045207910317,3
149,62,2.0,0.0,1
149,63,1.0,0.0,2
149,64,1.0,0.0,2
149,70,1.0,0.0,1
149,74,1.0,0.0,1
149,77,1.0,0.0,2
149,78,1.0,0.0,6
149,79,1.3333333333333333,0.4714045207910317,3
149,80,1.0,0.0,3
149,82,1.0,0.0,1
149,83,1.0,0.0,2
149,84,1.0,0.0,2
149,85,1.0,0.0,2
149,86,1.3333333333333333,0.4714045207910317,3
149,87,1.0,0.0,1
149,89,1.5,0.5,2
149,91,1.0,0.0,1
149,93,1.0,0.0,1
149,95,1.0,0.0,1
149,98,1.0,0.0,1
149,100,1.0,0.0,1
149,101,1.0,0.0,1
149,102,1.0,0.0,2
149,103,1.6666666666666667,0.9428090415820634,3
149,104,1.75,0.4330127018922193,4
149,105,1.5,0.5,2
149,107,1.0,0.0,1
149,112,1.0,0.0,3
149,130,1.0,0.0,1
149,132,1.0,0.0,2
149,142,1.0,0.0,1
149,146,1.0,0.0,1
149,152,1.0,0.0,1
149,164,1.0,0.0,1
150,9,1.0,0.0,2
150,10,1.0,0.0,3
150,12,1.0,0.0,2
150,13,2.0,0.0,1
150,14,1.0,0.0,1
150,16,2.0,0.7071067811865476,4
150,19,1.0,0.0,1
150,20,1.0,0.0,1
150,30,1.0,0.0,1
150,32,1.0,0.0,1
150,33,1.0,0.0,2
150,34,3.0,0.0,1
150,40,1.5,0.5,2
150,43,1.0,0.0,1
150,45,1.5,0.5,2
150,46,1.0,0.0,1
150,56,2.0,0.0,1
150,59,1.0,0.0,1
150,60,1.0,0.0,3
150,61,1.0,0.0,2
150,62,1.0,0.0,1
150,63,1.0,0.0,1
150,67,1.0,0.0,1
150,71,1.0,0.0,1
150,74,1.0,0.0,1
150,75,1.0,0.0,1
150,76,1.0,0.0,1
150,78,1.0,0.0,1
150,79,1.0,0.0,1
150,80,1.0,0.0,1
150,81,1.0,0.0,1
150,82,1.0,0.0,2
150,83,1.0,0.0,2
150,84,3.0,0.0,1
150,85,1.0,0.0,2
150,86,1.0,0.0,3
150,93,1.0,0.0,2
150,94,1.0,0.0,1
150,99,1.0,0.0,1
150,102,1.0,0.0,1
150,104,1.0,0.0,1
150,105,1.0,0.0,1
150,106,2.0,0.0,1
150,107,1.0,0.0,1
150,108,1.0,0.0,2
150,110,1.0,0.0,1
150,115,1.0,0.0,1
150,117,1.0,0.0,1
150,119,1.0,0.0,3
150,120,1.0,0.0,1
150,121,1.0,0.0,1
150,123,1.0,0.0,2
150,130,1.0,0.0,2
150,136,1.0,0.0,2
150,137,1.0,0.0,1
150,144,1.0,0.0,1
150,145,1.0,0.0,1
150,146,1.0,0.0,1
150,147,1.0,0.0,1
150,153,1.0,0.0,1
150,154,1.0,0.0,1
150,160,1.0,0.0,1
151,0,5.428571428571429,3.1558174334820746,7
151,1,2.1666666666666665,1.4624940645653537,6
151,2,2.5,2.0615528128088303,4
151,3,1.2,0.4000000000000001,5
151,4,3.25,1.920286436967152,8
151,5,5.625,2.057759704144291,8
151,6,21.125,8.652131240336105,8
151,7,50.875,16.065782738478696,8
151,8,65.375,19.735358496870536,8
151,9,49.625,11.368129793418088,8
151,10,50.375,13.037805605238942,8
151,11,43.625,8.71690168580557,8
151,12,48.125,11.417503010728748,8
151,13,52.875,9.116434335857413,8
151,14,52.5,8.200609733428363,8
151,15,47.625,7.448783457719791,8
151,16,44.125,4.7549316504025585,8
151,17,55.75,15.180167983260265,8
151,18,51.25,13.03600782448369,8
151,19,34.25,8.828221791504788,8
151,20,25.0,6.708203932499369,8
151,21,21.5,5.267826876426369,8
151,22,11.625,3.5333235062756425,8
151,23,5.875,1.5360257159305635,8
151,24,3.25,2.0463381929681126,8
151,25,3.3333333333333335,1.8856180831641267,6
151,26,1.3333333333333333,0.4714045207910317,6
151,27,2.3333333333333335,1.1055415967851334,6
151,28,2.875,1.6153559979150107,8
151,29,9.0,4.153311931459037,8
151,30,24.25,9.216154295583381,8
151,31,54.5,15.660459763365825,8
151,32,68.75,16.887495373796554,8
151,33,51.5,12.206555615733702,8
151,34,48.375,6.4213997695206615,8
151,35,52.875,12.454291429061712,8
151,36,54.125,9.675193796508678,8
151,37,58.5,11.346805717910216,8
151,38,51.25,14.872373717735847,8
151,39,51.75,13.460590625971804,8
151,40,49.0,13.647344063956181,8
151,41,56.0,14.150971698084906,8
151,42,62.625,13.056966531319594,8
151,43,42.25,8.332916656249479,8
151,44,24.75,4.763139720814412,8
151,45,21.25,8.1967981553775,8
151,46,17.375,2.9553976043842223,8
151,47,8.25,3.307189138830738,8
151,48,4.75,1.5612494995995996,8
151,49,3.0,2.3804761428476167,6
151,50,1.8,1.1661903789690604,5
151,51,1.8,0.7483314773547883,5
151,52,2.3333333333333335,1.5634719199411433,9
151,53,6.444444444444445,2.9855619650098673,9
151,54,21.333333333333332,3.39934634239519,9
151,55,61.0,16.165807537309522,9
151,56,72.88888888888889,15.729974531620579,9
151,57,53.55555555555556,10.58417173698654,9
151,58,54.666666666666664,11.035296904831233,9
151,59,55.111111111111114,9.085329376337613,9
151,60,62.666666666666664,7.195677714974301,9
151,61,61.111111111111114,9.89325746202314,9
151,62,53.22222222222222,13.06205511972053,9
151,63,55.111111111111114,9.350513288875222,9
151,64,52.22222222222222,11.848842210460694,9
151,65,59.77777777777778,8.978712822594188,9
151,66,63.666666666666664,15.930404193798028,9
151,67,39.111111111111114,8.582209563256676,9
151,68,32.44444444444444,3.235604395235786,9
151,69,23.88888888888889,7.4003670245985385,9
151,70,18.555555555555557,4.449996532111285,9
151,71,7.333333333333333,2.9059326290271157,9
151,72,5.333333333333333,1.632993161855452,9
151,73,1.7142857142857142,0.6998542122237652,7
151,74,2.2,0.9797958971132712,5
151,75,1.4285714285714286,0.4948716593053935,7
151,76,2.2222222222222223,1.1331154474650633,9
151,77,6.0,3.8873012632302,9
151,78,22.22222222222222,7.176780116424507,9
151,79,57.0,17.770137247015786,9
151,80,68.77777777777777,18.188994094584768,9
151,81,56.666666666666664,8.55050355892044,9
151,82,50.333333333333336,9.955456348712053,9
151,83,55.22222222222222,10.239116474229576,9
151,84,55.333333333333336,6.411794687223782,9
151,85,58.44444444444444,12.473181106421098,9
151,86,58.333333333333336,12.613925285616334,9
151,87,57.77777777777778,13.002373952285089,9
151,88,52.666666666666664,9.843215373488933,9
151,89,68.11111111111111,15.863616264510885,9
151,90,66.44444444444444,19.287941605003493,9
151,91,42.77777777777778,11.554487130093927,9
151,92,37.666666666666664,9.079892314584157,9
151,93,26.22222222222222,7.420359047584,9
151,94,26.22222222222222,7.814200432229885,9
151,95,14.0,6.2182527020592095,9
151,96,6.0,2.0,9
151,97,2.4444444444444446,1.3425606637327303,9
151,98,2.5,1.224744871391589,8
151,99,2.75,1.0897247358851685,4
151,100,3.75,1.713913650100261,8
151,101,5.111111111111111,3.1071403231354586,9
151,102,18.77777777777778,4.98392477600129,9
151,103,44.44444444444444,19.067780335256128,9
151,104,55.77777777777778,18.188994094584768,9
151,105,48.333333333333336,10.263202878893768,9
151,106,56.77777777777778,11.67882963864081,9
151,107,55.333333333333336,10.424330514074592,9
151,108,63.0,9.7182531580755,9
151,109,63.333333333333336,9.910712498212337,9
151,110,61.333333333333336,17.02286044640494,9
151,111,66.22222222222223,13.414567353588062,9
151,112,64.66666666666667,13.333333333333334,9
151,113,74.55555555555556,19.442857078064034,9
151,114,78.88888888888889,22.288235284534426,9
151,115,49.44444444444444,9.117883661746063,9
151,116,43.0,11.15546702045434,9
151,117,26.0,7.630348761506398,9
151,118,28.555555555555557,8.125557910569876,9
151,119,19.333333333333332,7.52772652709081,9
151,120,14.777777777777779,3.0469576001782417,9
151,121,6.666666666666667,3.3333333333333335,9
151,122,2.375,1.4947825928876748,8
151,123,2.0,0.8660254037844386,8
151,124,2.888888888888889,1.5234788000891208,9
151,125,3.3333333333333335,1.699673171197595,9
151,126,9.0,3.2998316455372216,9
151,127,17.444444444444443,6.378977819736589,9
151,128,30.22222222222222,12.053379219840549,9
151,129,44.0,9.7182531580755,9
151,130,57.888888888888886,11.169844766099725,9
151,131,61.22222222222222,16.026213095202483,9
151,132,68.88888888888889,20.925499831781234,9
151,133,70.66666666666667,14.922019523732928,9
151,134,61.55555555555556,9.190709211071207,9
151,135,62.666666666666664,15.499103916750228,9
151,136,60.0,16.47219880080778,9
151,137,66.88888888888889,13.076224773266466,9
151,138,67.44444444444444,25.682294424633874,9
151,139,57.22222222222222,16.837641546235215,9
151,140,36.77777777777778,10.260796782769063,9
151,141,30.444444444444443,9.604525682210804,9
151,142,30.77777777777778,8.80375901757347,9
151,143,21.666666666666668,7.226494462892932,9
151,144,15.444444444444445,4.716663394842472,9
151,145,6.555555555555555,3.4354721852756236,9
151,146,3.375,1.9324531042175384,8
151,147,2.8333333333333335,2.3392781412697,6
151,148,3.6666666666666665,2.0,9
151,149,3.4444444444444446,1.9499920860871383,9
151,150,8.777777777777779,2.1487866228681907,9
151,151,16.555555555555557,4.030746032714901,9
151,152,27.555555555555557,7.197393218089621,9
151,153,40.22222222222222,9.07717256244449,9
151,154,59.666666666666664,14.922019523732928,9
151,155,56.44444444444444,13.905323609731562,9
151,156,58.666666666666664,13.646326326972481,9
151,157,70.77777777777777,20.219780072316304,9
151,158,64.55555555555556,14.76565919144908,9
151,159,55.22222222222222,5.845753972429291,9
151,160,58.0,10.1762250149825,9
151,161,50.888888888888886,9.55038619864191,9
151,162,49.44444444444444,10.264405715449776,9
151,163,35.55555555555556,10.884352796674184,9
151,164,32.22222222222222,15.984560451870617,9
151,165,25.88888888888889,15.595187608464666,9
151,166,23.666666666666668,13.148721948877345,9
151,167,11.555555555555555,7.903741886123884,9
152,0,1.2,0.4,5
152,1,1.0,0.0,3
152,2,2.0,0.0,1
152,3,1.0,0.0,1
152,4,2.0,1.0,2
152,5,1.0,0.0,2
152,6,2.7142857142857144,1.385051387833237,7
152,7,3.5,2.179449471770337,8
152,8,6.714285714285714,2.5475077857324298,7
152,9,3.375,2.2878756522153907,8
152,10,2.0,0.8660254037844386,8
152,11,4.0,1.0,8
152,12,2.2857142857142856,1.1605769149479945,7
152,13,2.75,1.713913650100261,8
152,14,2.2857142857142856,1.2777531299998797,7
152,15,3.5,1.707825127659933,6
152,16,2.625,1.3169567191065923,8
152,17,5.75,1.8540496217739157,8
152,18,5.333333333333333,1.7950549357115015,6
152,19,2.8333333333333335,1.0671873729054748,6
152,20,2.4,1.2,5
152,21,1.5714285714285714,0.7284313590846835,7
152,22,1.3333333333333333,0.4714045207910317,6
152,23,2.25,1.1989578808281798,8
152,24,1.3333333333333333,0.4714045207910317,3
152,25,1.0,0.0,1
152,26,2.0,0.0,1
152,28,1.5,0.5,2
152,29,1.4,0.8,5
152,30,1.0,0.0,5
152,31,4.0,1.6903085094570331,7
152,32,4.857142857142857,1.8070158058105026,7
152,33,3.4285714285714284,1.6781914463529615,7
152,34,1.5714285714285714,0.4948716593053935,7
152,35,2.142857142857143,0.989743318610787,7
152,36,3.375,2.6427968139832467,8
152,37,1.6666666666666667,0.9428090415820634,6
152,38,3.375,0.9921567416492215,8
152,39,4.0,1.8516401995451028,7
152,40,5.0,2.1213203435596424,8
152,41,5.0,2.345207879911715,8
152,42,4.285714285714286,2.602981022612657,7
152,43,1.8571428571428572,0.989743318610787,7
152,44,1.75,1.299038105676658,4
152,45,2.0,1.0954451150103321,5
152,46,1.6,0.8,5
152,47,2.2,0.7483314773547882,5
152,48,1.3333333333333333,0.74535599249993,6
152,49,1.0,0.0,2
152,50,1.0,0.0,2
152,51,1.0,0.0,1
152,52,1.4,0.4898979485566356,5
152,53,2.0,1.224744871391589,4
152,54,1.8,0.4,5
152,55,4.666666666666667,3.197221015541813,9
152,56,5.111111111111111,3.177855476905576,9
152,57,3.0,1.3228756555322954,8
152,58,2.0,0.816496580927726,6
152,59,2.888888888888889,1.852592444503674,9
152,60,3.375,1.653594569415369,8
152,61,2.5555555555555554,1.1653431646335017,9
152,62,3.5555555555555554,2.586765939293959,9
152,63,3.5555555555555554,1.1653431646335017,9
152,64,4.25,2.680951323690902,8
152,65,5.777777777777778,1.9876159799998132,9
152,66,4.0,2.0,9
152,67,3.875,1.899835519196333,8
152,68,1.8,1.1661903789690602,5
152,69,3.0,0.8944271909999159,5
152,70,1.75,1.299038105676658,4
152,71,2.75,2.48746859276655,4
152,72,2.0,0.0,4
152,73,1.25,0.4330127018922193,4
152,74,1.0,0.0,1
152,75,1.25,0.4330127018922193,4
152,76,1.3333333333333333,0.4714045207910317,3
152,77,1.25,0.4330127018922193,4
152,78,2.4444444444444446,0.8314794192830981,9
152,79,4.666666666666667,2.748737083745107,9
152,80,7.875,3.370367190678191,8
152,81,2.7777777777777777,1.3966450099973928,9
152,82,3.2857142857142856,1.2777531299998799,7
152,83,2.5555555555555554,1.5713484026367723,9
152,84,3.3333333333333335,1.632993161855452,9
152,85,3.7777777777777777,1.8724777273725242,9
152,86,2.7777777777777777,1.617802197617893,9
152,87,4.777777777777778,3.010270485365348,9
152,88,5.0,2.0,9
152,89,5.444444444444445,2.7125679146074897,9
152,90,5.0,2.494438257849294,9
152,91,3.6666666666666665,1.8257418583505538,9
152,92,3.375,1.996089927833914,8
152,93,2.5714285714285716,1.2936264483053452,7
152,94,2.857142857142857,1.4568627181693672,7
152,95,2.4,1.019803902718557,5
152,96,3.0,0.0,2
152,97,1.4,0.4898979485566356,5
152,98,1.5,0.5,4
152,99,1.0,0.0,5
152,100,1.3333333333333333,0.4714045207910317,3
152,101,1.4,0.4898979485566356,5
152,102,2.875,1.4523687548277813,8
152,103,5.333333333333333,1.8257418583505538,9
152,104,3.375,1.79843682124227,8
152,105,2.5555555555555554,0.8314794192830981,9
152,106,2.6666666666666665,1.1547005383792515,9
152,107,2.3333333333333335,1.1547005383792515,9
152,108,2.4444444444444446,1.2570787221094177,9
152,109,2.6666666666666665,1.3333333333333333,9
152,110,5.555555555555555,2.7125679146074897,9
152,111,5.375,3.461845606031557,8
152,112,5.0,2.1081851067789197,9
152,113,7.0,1.8708286933869707,8
152,114,6.5,3.3166247903554,8
152,115,2.5,1.0,8
152,116,3.3333333333333335,1.632993161855452,9
152,117,2.0,0.7071067811865476,8
152,118,1.8888888888888888,0.9938079899999066,9
152,119,2.6666666666666665,1.247219128924647,6
152,120,2.4285714285714284,1.2936264483053452,7
152,121,2.3333333333333335,1.7950549357115013,6
152,122,1.0,0.0,5
152,123,1.0,0.0,3
152,124,1.3333333333333333,0.4714045207910317,3
152,125,1.4,0.8,5
152,126,1.8333333333333333,1.462494064565354,6
152,127,2.25,1.0897247358851685,8
152,128,2.857142857142857,1.2453996981544782,7
152,129,2.625,1.1110243021644486,8
152,130,3.875,2.027159342528357,8
152,131,2.5,1.3228756555322954,8
152,132,3.111111111111111,1.286204100310025,9
152,133,3.5555555555555554,0.8314794192830981,9
152,134,2.142857142857143,0.9897433186107869,7
152,135,3.888888888888889,2.0245407953653998,9
152,136,3.111111111111111,2.131480677027876,9
152,137,3.5,1.7320508075688772,8
152,138,4.625,3.9666579131556077,8
152,139,4.111111111111111,3.034777840832814,9
152,140,3.888888888888889,0.9938079899999066,9
152,141,1.8,0.7483314773547883,5
152,142,3.125,1.0532687216470449,8
152,143,3.375,2.7357585785299112,8
152,144,2.0,1.0,8
152,145,2.0,0.816496580927726,6
152,146,1.75,0.9682458365518543,8
152,147,1.6666666666666667,0.7453559924999299,6
152,148,1.0,0.0,2
152,149,1.75,0.82915619758885,4
152,150,2.8333333333333335,1.2133516482134197,6
152,151,2.6,1.3564659966250536,5
152,152,3.0,1.9436506316151,9
152,153,3.5555555555555554,1.892154040658489,9
152,154,4.142857142857143,2.030381486221699,7
152,155,3.0,1.4907119849998598,9
152,156,3.125,2.4717149916606487,8
152,157,3.111111111111111,2.078698548207745,9
152,158,3.7777777777777777,2.6152449546532934,9
152,159,3.2222222222222223,1.8724777273725242,9
152,160,2.7142857142857144,1.577908716741037,7
152,161,4.285714285714286,2.0503857277724746,7
152,162,4.25,3.2691742076555053,8
152,163,2.5555555555555554,1.4989708403591155,9
152,164,2.2222222222222223,1.4740554623801778,9
152,165,2.6,1.4966629547095767,5
152,166,2.875,3.179524335494226,8
152,167,2.4444444444444446,1.4989708403591155,9
153,5,1.0,0.0,1
153,8,1.0,0.0,2
153,9,1.0,0.0,1
153,10,1.0,0.0,3
153,11,1.0,0.0,1
153,15,1.0,0.0,2
153,16,1.0,0.0,1
153,24,1.0,0.0,1
153,25,1.0,0.0,1
153,28,1.0,0.0,2
153,29,1.0,0.0,2
153,31,1.0,0.0,1
153,33,1.0,0.0,1
153,34,1.0,0.0,2
153,35,1.0,0.0,1
153,37,1.0,0.0,1
153,40,1.0,0.0,1
153,41,1.0,0.0,1
153,47,1.0,0.0,1
153,57,1.0,0.0,1
153,59,1.0,0.0,1
153,62,1.0,0.0,1
153,63,1.0,0.0,1
153,65,1.0,0.0,2
153,67,1.0,0.0,1
153,76,1.0,0.0,4
153,77,1.0,0.0,1
153,79,1.0,0.0,1
153,80,1.0,0.0,1
153,83,1.0,0.0,1
153,85,1.0,0.0,1
153,86,1.0,0.0,1
153,90,1.0,0.0,1
153,91,1.0,0.0,1
153,101,1.0,0.0,1
153,107,1.0,0.0,2
153,108,1.0,0.0,1
153,111,1.0,0.0,2
153,115,1.0,0.0,1
153,116,1.0,0.0,1
153,117,1.0,0.0,1
153,118,1.0,0.0,1
153,125,2.0,0.0,1
153,131,1.0,0.0,1
153,133,1.0,0.0,2
153,135,1.0,0.0,1
153,136,1.0,0.0,2
153,137,1.0,0.0,1
153,139,1.0,0.0,1
153,152,1.0,0.0,2
153,155,1.0,0.0,1
153,156,1.0,0.0,1
153,165,1.0,0.0,1
154,8,1.0,0.0,1
154,11,1.0,0.0,1
154,17,1.0,0.0,2
154,19,1.0,0.0,2
154,20,1.0,0.0,1
154,23,1.0,0.0,1
154,30,1.0,0.0,2
154,38,1.0,0.0,2
154,40,1.0,0.0,1
154,41,1.0,0.0,1
154,43,1.0,0.0,1
154,44,1.0,0.0,1
154,58,1.0,0.0,1
154,62,1.0,0.0,1
154,63,1.0,0.0,1
154,65,1.0,0.0,1
154,69,1.0,0.0,1
154,70,1.0,0.0,1
154,71,1.0,0.0,1
154,80,1.0,0.0,1
154,84,1.0,0.0,1
154,88,1.0,0.0,1
154,92,1.0,0.0,2
154,95,1.0,0.0,3
154,96,1.0,0.0,1
154,105,1.0,0.0,1
154,106,1.0,0.0,1
154,107,1.0,0.0,2
154,113,2.0,0.0,1
154,114,1.0,0.0,1
154,117,1.0,0.0,2
154,118,1.0,0.0,1
154,125,1.0,0.0,1
154,127,1.0,0.0,1
154,131,1.0,0.0,1
154,132,1.0,0.0,2
154,135,1.0,0.0,1
154,138,1.0,0.0,1
154,142,1.0,0.0,1
154,143,1.0,0.0,1
154,150,1.0,0.0,2
154,151,1.0,0.0,3
154,152,1.0,0.0,2
154,156,1.0,0.0,2
154,158,1.0,0.0,1
154,162,1.0,0.0,1
154,164,1.0,0.0,2
154,165,1.0,0.0,1
154,167,1.0,0.0,1
155,4,1.0,0.0,4
155,5,1.0,0.0,2
155,7,1.0,0.0,3
155,8,1.3333333333333333,0.4714045207910317,3
155,9,1.0,0.0,4
155,10,1.4,0.4898979485566356,5
155,11,1.0,0.0,4
155,13,1.0,0.0,2
155,14,1.0,0.0,3
155,15,1.0,0.0,1
155,16,1.0,0.0,2
155,18,1.0,0.0,2
155,19,1.0,0.0,2
155,20,1.0,0.0,2
155,23,1.0,0.0,1
155,24,1.0,0.0,1
155,28,1.0,0.0,1
155,29,2.0,0.0,1
155,30,1.2,0.4000000000000001,5
155,31,1.0,0.0,5
155,32,1.2,0.4,5
155,33,1.8333333333333333,1.21335164821342,6
155,34,1.0,0.0,2
155,36,2.0,0.8944271909999159,5
155,37,2.0,1.0,2
155,38,2.0,0.0,1
155,41,1.0,0.0,1
155,44,1.0,0.0,1
155,45,1.5,0.5,2
155,52,1.0,0.0,3
155,53,1.0,0.0,1
155,54,1.0,0.0,5
155,55,1.1666666666666667,0.3726779962499649,6
155,56,1.3333333333333333,0.4714045207910317,6
155,57,1.0,0.0,1
155,58,1.0,0.0,3
155,59,1.5555555555555556,0.4969039949999533,9
155,60,1.0,0.0,4
155,61,1.5,0.8660254037844386,4
155,62,2.0,0.6324555320336759,5
155,63,1.2,0.4000000000000001,5
155,64,1.5,0.5,2
155,65,1.0,0.0,2
155,66,1.0,0.0,2
155,67,1.0,0.0,1
155,68,1.0,0.0,1
155,69,1.0,0.0,1
155,70,1.0,0.0,2
155,71,1.0,0.0,1
155,72,1.0,0.0,1
155,75,1.0,0.0,1
155,77,1.25,0.4330127018922193,4
155,78,1.25,0.4330127018922193,4
155,79,1.0,0.0,4
155,80,1.0,0.0,5
155,81,1.0,0.0,3
155,82,1.5,0.5,2
155,83,1.3333333333333333,0.4714045207910317,6
155,84,1.5,0.8660254037844386,4
155,85,1.4,0.4898979485566356,5
155,86,1.0,0.0,3
155,87,2.0,0.0,1
155,88,1.0,0.0,3
155,89,1.0,0.0,2
155,90,1.0,0.0,2
155,91,1.0,0.0,1
155,92,2.0,0.0,1
155,93,1.0,0.0,2
155,100,1.0,0.0,2
155,101,1.0,0.0,4
155,102,1.0,0.0,2
155,103,1.5,0.5,2
155,104,1.4,0.4898979485566356,5
155,105,1.0,0.0,1
155,106,1.0,0.0,2
155,107,1.0,0.0,3
155,108,1.6666666666666667,0.4714045207910317,3
155,109,1.0,0.0,1
155,110,1.4,0.4898979485566356,5
155,111,1.5,0.5,2
155,112,1.0,0.0,1
155,114,1.0,0.0,3
155,117,1.0,0.0,1
155,119,1.0,0.0,2
155,126,1.0,0.0,1
155,129,1.0,0.0,2
155,131,1.0,0.0,4
155,132,1.6666666666666667,0.9428090415820634,3
155,134,1.0,0.0,1
155,135,1.0,0.0,3
155,136,1.0,0.0,1
155,137,1.0,0.0,1
155,141,1.0,0.0,1
155,143,1.0,0.0,1
155,144,1.0,0.0,1
155,145,1.0,0.0,1
155,148,1.0,0.0,1
155,152,1.5,0.5,2
155,153,1.0,0.0,2
155,155,1.0,0.0,1
155,156,1.0,0.0,2
155,157,1.0,0.0,1
155,158,1.0,0.0,3
155,160,1.0,0.0,1
155,161,1.0,0.0,2
155,162,1.0,0.0,3
155,163,1.0,0.0,2
155,164,1.0,0.0,1
155,165,1.0,0.0,1
155,166,2.0,0.0,1
155,167,1.0,0.0,1
156,2,1.0,0.0,1
156,60,2.0,0.0,1
156,113,1.0,0.0,1
156,116,1.0,0.0,1
157,0,2.0,0.0,2
157,1,1.0,0.0,1
157,2,1.0,0.0,1
157,4,1.0,0.0,1
157,5,1.5,0.5,2
157,6,1.0,0.0,2
157,7,1.25,0.4330127018922193,4
157,8,1.2,0.4,5
157,9,1.3333333333333333,0.4714045207910317,3
157,10,1.0,0.0,4
157,11,1.0,0.0,1
157,12,1.0,0.0,4
157,13,1.25,0.4330127018922193,4
157,14,1.1666666666666667,0.3726779962499649,6
157,15,1.5,0.5,2
157,16,1.75,1.299038105676658,4
157,17,1.0,0.0,1
157,19,1.5,0.5,2
157,21,1.0,0.0,2
157,22,1.0,0.0,1
157,23,1.5,0.5,2
157,29,1.0,0.0,1
157,30,1.3333333333333333,0.4714045207910317,3
157,31,1.5,0.5,4
157,32,1.0,0.0,2
157,33,1.3333333333333333,0.4714045207910317,3
157,34,1.0,0.0,2
157,35,1.0,0.0,1
157,36,1.0,0.0,1
157,38,1.5,0.5,4
157,39,1.0,0.0,2
157,40,1.4,0.4898979485566356,5
157,41,1.0,0.0,2
157,42,1.0,0.0,1
157,43,1.0,0.0,2
157,44,1.0,0.0,1
157,46,1.0,0.0,5
157,47,1.0,0.0,1
157,48,1.0,0.0,1
157,50,2.0,0.0,1
157,52,1.5,0.5,2
157,53,1.0,0.0,2
157,54,1.25,0.4330127018922193,4
157,55,1.6666666666666667,0.4714045207910317,3
157,56,1.2857142857142858,0.45175395145262565,7
157,57,1.2,0.4000000000000001,5
157,58,1.5,0.5,2
157,60,1.0,0.0,1
157,61,1.25,0.4330127018922193,4
157,62,1.0,0.0,3
157,63,1.0,0.0,5
157,64,1.1428571428571428,0.34992710611188266,7
157,65,1.0,0.0,1
157,67,1.0,0.0,3
157,68,1.0,0.0,4
157,69,1.0,0.0,2
157,71,1.5,0.5,2
157,73,1.0,0.0,3
157,76,1.0,0.0,1
157,77,1.0,0.0,2
157,78,1.0,0.0,2
157,79,1.25,0.4330127018922193,4
157,80,1.0,0.0,2
157,81,1.5,0.5,2
157,82,1.0,0.0,2
157,84,1.0,0.0,1
157,85,1.0,0.0,1
157,86,1.0,0.0,3
157,88,2.0,0.0,2
157,90,1.0,0.0,1
157,91,1.0,0.0,1
157,92,1.0,0.0,1
157,93,1.0,0.0,1
157,94,1.3333333333333333,0.4714045207910317,3
157,95,2.1666666666666665,1.0671873729054748,6
157,96,1.0,0.0,3
157,97,2.0,0.0,1
157,99,1.0,0.0,2
157,100,1.0,0.0,1
157,101,1.0,0.0,2
157,102,1.0,0.0,2
157,103,1.0,0.0,4
157,104,1.2857142857142858,0.45175395145262565,7
157,105,1.5,0.5,2
157,106,1.0,0.0,1
157,107,1.0,0.0,3
157,108,1.0,0.0,2
157,109,1.25,0.4330127018922193,4
157,110,1.0,0.0,3
157,111,1.3333333333333333,0.4714045207910317,3
157,112,1.0,0.0,2
157,113,1.0,0.0,2
157,114,1.0,0.0,3
157,115,1.0,0.0,1
157,116,1.0,0.0,4
157,117,1.0,0.0,3
157,118,1.0,0.0,3
157,119,2.0,0.0,1
157,120,1.6666666666666667,0.9428090415820634,3
157,121,1.25,0.4330127018922193,4
157,122,2.8,1.6,5
157,123,2.8,0.9797958971132712,5
157,124,2.25,1.713913650100261,8
157,125,1.0,0.0,3
157,126,1.5,0.5,2
157,127,1.0,0.0,3
157,129,1.0,0.0,3
157,130,1.0,0.0,3
157,131,1.0,0.0,4
157,132,1.0,0.0,1
157,133,1.0,0.0,1
157,134,1.0,0.0,4
157,135,1.8,0.7483314773547883,5
157,136,1.0,0.0,1
157,137,1.0,0.0,2
157,138,1.0,0.0,2
157,139,1.0,0.0,2
157,140,1.0,0.0,1
157,141,1.5,0.5,2
157,142,1.0,0.0,4
157,143,1.25,0.4330127018922193,4
157,144,2.5,1.5,2
157,145,3.25,1.479019945774904,4
157,146,2.0,1.1547005383792515,6
157,147,3.5,1.118033988749895,4
157,148,4.2,2.227105745132009,5
157,149,2.6,1.2,5
157,150,1.0,0.0,4
157,151,1.3333333333333333,0.4714045207910317,3
157,152,1.0,0.0,3
157,153,2.0,0.0,1
157,154,1.0,0.0,2
157,155,1.5,0.5,2
157,156,1.0,0.0,2
157,157,1.0,0.0,5
157,158,2.0,0.0,1
157,159,1.0,0.0,3
157,160,1.25,0.4330127018922193,4
157,161,1.3333333333333333,0.4714045207910317,3
157,162,1.0,0.0,2
157,163,1.0,0.0,2
157,164,1.5,0.5,4
157,165,1.0,0.0,5
157,166,3.3333333333333335,1.247219128924647,3
157,167,3.0,1.0,2
158,0,10.375,3.42554740151118,8
158,1,6.75,4.993746088859544,8
158,2,2.7142857142857144,1.8294640678379568,7
158,3,3.7142857142857144,1.8294640678379568,7
158,4,2.2857142857142856,1.4846149779161806,7
158,5,2.25,1.1989578808281798,8
158,6,7.142857142857143,3.270149469217028,7
158,7,18.75,6.777720855862979,8
158,8,22.75,9.743587634952538,8
158,9,22.625,7.9833811759178825,8
158,10,21.625,6.537153432496441,8
158,11,23.0,5.634713834792322,8
158,12,25.5,5.522680508593631,8
158,13,29.625,6.460214779711275,8
158,14,35.25,10.928746497197197,8
158,15,35.25,8.302860952707807,8
158,16,38.25,8.511022265274601,8
158,17,36.25,9.404121436902013,8
158,18,41.0,11.302654555457314,8
158,19,40.25,9.377499666755526,8
158,20,45.125,12.292655327470953,8
158,21,47.25,19.155612754490523,8
158,22,43.75,17.5695048308141,8
158,23,27.375,10.499255926016852,8
158,24,14.25,6.703543838895961,8
158,25,5.375,2.2325713874364688,8
158,26,2.7142857142857144,1.9059520091609048,7
158,27,1.8333333333333333,0.6871842709362768,6
158,28,1.0,0.0,4
158,29,1.7142857142857142,0.45175395145262565,7
158,30,4.571428571428571,1.8405855323893037,7
158,31,16.0,6.224949798994366,8
158,32,24.875,9.373333185158842,8
158,33,26.625,7.364399160827718,8
158,34,24.375,7.1752613192830825,8
158,35,25.25,7.1545440106270926,8
158,36,32.375,2.6427968139832467,8
158,37,31.75,3.992179855667828,8
158,38,42.25,8.257572282456872,8
158,39,41.625,6.203577596838779,8
158,40,42.875,7.91260860904923,8
158,41,47.375,13.369157602481916,8
158,42,56.25,10.231690964840562,8
158,43,50.22222222222222,21.415351595306984,9
158,44,63.5,15.945218719101975,8
158,45,77.875,17.98219605609949,8
158,46,63.25,19.613452016409553,8
158,47,54.25,24.029929254993657,8
158,48,35.22222222222222,21.657832957040316,9
158,49,19.555555555555557,21.99551020403488,9
158,50,10.0,18.826694995257252,9
158,51,8.0,15.253414918196734,9
158,52,7.4,11.80847153530041,5
158,53,2.75,2.165063509461097,8
158,54,5.0,3.018461712712472,9
158,55,21.88888888888889,8.723460633951344,9
158,56,32.888888888888886,15.02179486571609,9
158,57,27.22222222222222,9.565885888902615,9
158,58,26.0,4.666666666666667,9
158,59,31.444444444444443,7.833136325339808,9
158,60,34.77777777777778,5.864730320176288,9
158,61,40.0,5.754225500544023,9
158,62,48.77777777777778,5.115939748098373,9
158,63,47.888888888888886,7.156107639157608,9
158,64,50.44444444444444,8.908312112367753,9
158,65,50.77777777777778,11.202953755126643,9
158,66,60.55555555555556,14.476886644357627,9
158,67,52.666666666666664,13.832329280830955,9
158,68,67.44444444444444,25.091437721134678,9
158,69,79.55555555555556,25.9833755018307,9
158,70,75.88888888888889,20.647541927656206,9
158,71,67.11111111111111,22.163255098094456,9
158,72,52.333333333333336,22.65686062395524,9
158,73,30.22222222222222,13.918634813146308,9
158,74,18.77777777777778,9.052658023141635,9
158,75,10.11111111111111,6.0266896099202745,9
158,76,5.444444444444445,3.2697642154582582,9
158,77,2.25,1.479019945774904,8
158,78,3.875,1.6153559979150107,8
158,79,18.22222222222222,9.74996043043569,9
158,80,31.444444444444443,15.100486460972862,9
158,81,26.22222222222222,9.42547113797711,9
158,82,26.444444444444443,8.908312112367753,9
158,83,27.666666666666668,8.919392106839767,9
158,84,35.0,9.079892314584157,9
158,85,43.0,6.306962642808167,9
158,86,43.333333333333336,10.593499054713801,9
158,87,46.0,7.859884081701064,9
158,88,45.22222222222222,9.246954787361414,9
158,89,54.888888888888886,15.552380628375726,9
158,90,58.22222222222222,16.040073273438747,9
158,91,62.666666666666664,11.652372195299023,9
158,92,65.55555555555556,18.547902613449985,9
158,93,77.33333333333333,26.47010892812243,9
158,94,75.55555555555556,20.271003434633265,9
158,95,80.33333333333333,35.54027449403157,9
158,96,77.44444444444444,31.404568355260782,9
158,97,59.888888888888886,24.564854951035883,9
158,98,34.333333333333336,20.428737928059416,9
158,99,15.88888888888889,8.116436607888744,9
158,100,3.7777777777777777,2.3465235646603197,9
158,101,2.2222222222222223,0.7856742013183862,9
158,102,4.666666666666667,3.858612300930075,9
158,103,12.555555555555555,6.0756547175521405,9
158,104,20.555555555555557,10.863916943626947,9
158,105,20.77777777777778,7.75711541142536,9
158,106,28.0,8.819171036881968,9
158,107,29.444444444444443,5.0135618545237675,9
158,108,37.111111111111114,6.83852557930183,9
158,109,42.44444444444444,5.079613089183316,9
158,110,46.22222222222222,6.5111490328816055,9
158,111,56.666666666666664,8.73053390247253,9
158,112,53.888888888888886,4.840671313509326,9
158,113,60.666666666666664,13.266499161421597,9
158,114,66.55555555555556,15.115195526438587,9
158,115,70.33333333333333,15.57776192739723,9
158,116,68.33333333333333,13.654466098842695,9
158,117,73.55555555555556,15.776995285760643,9
158,118,83.88888888888889,21.56357239237014,9
158,119,96.77777777777777,38.80085273340659,9
158,120,123.88888888888889,54.9574470627441,9
158,121,130.66666666666666,54.1623075169029,9
158,122,109.44444444444444,54.37137954457517,9
158,123,58.888888888888886,27.290390838146042,9
158,124,17.11111111111111,6.773222512945853,9
158,125,2.6666666666666665,1.1055415967851334,6
158,126,1.875,0.7806247497997998,8
158,127,3.2222222222222223,1.9876159799998132,9
158,128,8.11111111111111,2.282515398241571,9
158,129,13.11111111111111,4.280302285390716,9
158,130,27.22222222222222,8.727705282957992,9
158,131,34.333333333333336,6.548960901462833,9
158,132,40.111111111111114,6.9032109186706965,9
158,133,46.44444444444444,10.605146665768896,9
158,134,54.111111111111114,13.43663685140531,9
158,135,63.0,14.922019523732928,9
158,136,66.77777777777777,21.688592894155097,9
158,137,66.11111111111111,15.487948321513619,9
158,138,68.55555555555556,22.662308949301263,9
158,139,72.55555555555556,22.964277142800686,9
158,140,69.55555555555556,24.42271761705624,9
158,141,78.0,21.071307505705477,9
158,142,85.44444444444444,30.445255463650057,9
158,143,97.33333333333333,38.23610858861032,9
158,144,113.33333333333333,44.17641401874484,9
158,145,136.77777777777777,64.46838635723849,9
158,146,107.66666666666667,48.52490769354091,9
158,147,62.77777777777778,34.18829487080102,9
158,148,19.22222222222222,8.052298191997085,9
158,149,2.125,1.2686114456365274,8
158,150,3.3333333333333335,1.4907119849998596,6
158,151,4.111111111111111,1.9116278371205837,9
158,152,6.222222222222222,2.615244954653293,9
158,153,13.333333333333334,5.163977794943222,9
158,154,19.88888888888889,5.60643369401905,9
158,155,33.333333333333336,11.633285577743433,9
158,156,39.44444444444444,11.156573658721085,9
158,157,46.888888888888886,11.53202732918144,9
158,158,48.111111111111114,11.209563817903636,9
158,159,52.44444444444444,10.699024993076199,9
158,160,51.111111111111114,16.17573247144173,9
158,161,47.77777777777778,13.070558755188681,9
158,162,44.333333333333336,11.69045194450012,9
158,163,41.666666666666664,11.065461781798554,9
158,164,40.22222222222222,10.612129096021086,9
158,165,38.111111111111114,8.761588446096143,9
158,166,36.22222222222222,10.239116474229577,9
158,167,22.555555555555557,10.6156185888855,9
159,0,2.0,0.0,1
159,1,2.0,0.0,1
159,4,1.0,0.0,3
159,6,1.25,0.4330127018922193,4
159,7,1.0,0.0,2
159,8,1.25,0.4330127018922193,4
159,9,1.0,0.0,4
159,10,1.0,0.0,2
159,11,1.25,0.4330127018922193,4
159,12,2.0,0.0,2
159,13,1.3333333333333333,0.4714045207910317,3
159,14,1.0,0.0,3
159,15,3.0,0.0,1
159,16,2.0,0.0,2
159,17,1.0,0.0,1
159,18,1.0,0.0,2
159,19,1.0,0.0,1
159,20,1.0,0.0,2
159,21,1.0,0.0,1
159,22,1.0,0.0,1
159,23,1.0,0.0,1
159,30,2.0,0.816496580927726,3
159,31,1.6666666666666667,0.9428090415820634,3
159,32,1.25,0.4330127018922193,4
159,33,1.4,0.4898979485566356,5
159,34,1.5,0.5,4
159,35,1.4,0.4898979485566356,5
159,36,1.25,0.4330127018922193,4
159,37,2.0,0.0,2
159,38,1.5,0.5,4
159,39,1.0,0.0,4
159,40,1.5,0.5,2
159,41,1.5,0.5,4
159,44,1.0,0.0,1
159,45,1.0,0.0,1
159,46,1.5,0.5,2
159,52,1.0,0.0,1
159,53,1.0,0.0,2
159,54,1.3333333333333333,0.4714045207910317,3
159,55,1.4,0.8000000000000002,5
159,56,1.2,0.4,5
159,57,1.0,0.0,6
159,58,1.0,0.0,4
159,59,1.3333333333333333,0.4714045207910317,3
159,60,1.0,0.0,2
159,61,1.25,0.4330127018922193,4
159,62,1.5714285714285714,0.7284313590846836,7
159,63,1.3333333333333333,0.4714045207910317,3
159,64,1.6666666666666667,1.1055415967851332,6
159,65,1.0,0.0,1
159,66,1.0,0.0,4
159,67,1.0,0.0,1
159,68,1.0,0.0,2
159,70,1.0,0.0,5
159,72,1.0,0.0,2
159,76,1.0,0.0,1
159,77,1.0,0.0,1
159,78,1.75,0.82915619758885,4
159,79,1.6,0.8,5
159,80,1.0,0.0,2
159,81,1.0,0.0,1
159,82,1.7142857142857142,0.880630571852711,7
159,83,1.6666666666666667,0.9428090415820634,3
159,84,1.75,0.82915619758885,4
159,85,1.7142857142857142,0.6998542122237652,7
159,86,1.3333333333333333,0.4714045207910317,6
159,87,1.0,0.0,3
159,88,1.0,0.0,1
159,89,1.0,0.0,3
159,90,2.0,0.0,2
159,91,1.0,0.0,3
159,92,1.0,0.0,1
159,94,1.25,0.4330127018922193,4
159,95,3.0,0.0,1
159,96,1.0,0.0,2
159,97,1.0,0.0,1
159,98,1.0,0.0,2
159,101,1.0,0.0,1
159,102,1.4,0.4898979485566356,5
159,103,1.0,0.0,4
159,104,1.5,0.5,6
159,105,1.5,0.5,4
159,106,2.6666666666666665,1.247219128924647,3
159,107,1.3333333333333333,0.4714045207910317,3
159,108,2.5,0.5,2
159,109,1.25,0.4330127018922193,4
159,110,2.0,0.0,1
159,111,1.3333333333333333,0.4714045207910317,3
159,112,1.0,0.0,3
159,113,1.2,0.4000000000000001,5
159,114,1.0,0.0,3
159,115,1.0,0.0,4
159,118,1.0,0.0,1
159,119,1.0,0.0,2
159,120,1.0,0.0,1
159,122,1.0,0.0,1
159,123,1.0,0.0,1
159,126,1.0,0.0,1
159,127,1.2857142857142858,0.6998542122237652,7
159,128,1.75,1.299038105676658,4
159,129,1.3333333333333333,0.4714045207910317,3
159,130,1.5,0.8660254037844386,4
159,131,1.5,0.5,2
159,132,1.0,0.0,2
159,133,1.0,0.0,1
159,134,1.0,0.0,4
159,136,1.5,0.5,2
159,137,1.0,0.0,2
159,138,1.0,0.0,1
159,139,1.0,0.0,1
159,140,1.0,0.0,1
159,141,1.0,0.0,2
159,143,1.0,0.0,2
159,144,1.0,0.0,1
159,145,1.0,0.0,2
159,146,1.0,0.0,2
159,147,1.0,0.0,1
159,148,1.0,0.0,1
159,150,1.0,0.0,4
159,151,1.5,0.5,2
159,152,1.0,0.0,2
159,153,1.0,0.0,3
159,154,1.4,0.8,5
159,155,1.3333333333333333,0.4714045207910317,6
159,156,1.25,0.4330127018922193,4
159,157,1.0,0.0,3
159,158,1.2,0.4000000000000001,5
159,159,1.3333333333333333,0.4714045207910317,3
159,160,1.0,0.0,3
159,162,3.0,0.0,1
159,163,1.25,0.4330127018922193,4
159,164,1.0,0.0,1
159,165,1.6666666666666667,0.9428090415820634,3
159,166,1.0,0.0,2
159,167,1.0,0.0,3
160,1,1.0,0.0,1
160,2,1.0,0.0,2
160,3,1.0,0.0,1
160,4,1.0,0.0,1
160,5,1.0,0.0,1
160,7,1.0,0.0,4
160,8,1.0,0.0,1
160,9,1.0,0.0,1
160,10,1.0,0.0,2
160,11,1.0,0.0,2
160,13,1.5,0.5,2
160,14,1.0,0.0,1
160,15,1.0,0.0,1
160,16,1.2,0.4,5
160,17,1.0,0.0,2
160,18,1.0,0.0,1
160,19,1.0,0.0,2
160,20,1.0,0.0,1
160,21,1.0,0.0,1
160,27,1.0,0.0,1
160,28,1.0,0.0,1
160,31,1.0,0.0,2
160,32,1.0,0.0,2
160,33,1.0,0.0,3
160,34,1.0,0.0,3
160,35,1.0,0.0,3
160,36,1.0,0.0,1
160,37,1.0,0.0,1
160,38,1.0,0.0,1
160,39,1.0,0.0,2
160,40,1.0,0.0,1
160,41,1.0,0.0,1
160,42,1.0,0.0,1
160,43,1.0,0.0,1
160,47,1.0,0.0,1
160,52,1.0,0.0,2
160,56,1.0,0.0,1
160,57,1.0,0.0,3
160,58,1.25,0.4330127018922193,4
160,59,1.0,0.0,2
160,61,1.0,0.0,1
160,62,1.0,0.0,4
160,66,1.0,0.0,1
160,67,1.0,0.0,1
160,68,2.0,0.0,1
160,76,1.0,0.0,2
160,77,1.0,0.0,1
160,78,1.0,0.0,2
160,79,1.0,0.0,3
160,80,1.0,0.0,1
160,82,1.0,0.0,6
160,83,1.0,0.0,1
160,84,1.5,0.5,2
160,85,1.0,0.0,2
160,86,1.0,0.0,1
160,87,1.0,0.0,3
160,88,1.2,0.4,5
160,90,1.0,0.0,3
160,91,1.0,0.0,1
160,92,1.0,0.0,1
160,94,1.0,0.0,1
160,95,2.0,0.0,1
160,101,1.0,0.0,1
160,102,1.0,0.0,2
160,104,1.0,0.0,3
160,105,1.0,0.0,4
160,106,1.3333333333333333,0.4714045207910317,3
160,107,1.0,0.0,1
160,108,1.0,0.0,3
160,109,1.0,0.0,1
160,110,1.0,0.0,2
160,111,1.0,0.0,3
160,112,1.0,0.0,2
160,115,1.0,0.0,2
160,116,1.0,0.0,1
160,117,3.0,0.0,1
160,118,1.0,0.0,1
160,120,1.0,0.0,1
160,122,1.0,0.0,2
160,124,1.0,0.0,3
160,126,1.0,0.0,1
160,128,1.0,0.0,1
160,130,1.0,0.0,1
160,131,1.0,0.0,2
160,132,1.0,0.0,2
160,133,1.0,0.0,1
160,134,1.0,0.0,2
160,135,1.0,0.0,2
160,136,1.0,0.0,2
160,137,1.0,0.0,2
160,138,1.0,0.0,1
160,140,1.0,0.0,2
160,143,1.0,0.0,2
160,145,1.0,0.0,1
160,148,1.0,0.0,1
160,152,1.0,0.0,1
160,153,1.0,0.0,1
160,154,1.0,0.0,2
160,155,1.0,0.0,1
160,156,1.0,0.0,1
160,159,1.0,0.0,1
160,161,1.0,0.0,1
160,162,1.0,0.0,2
160,164,1.0,0.0,2
160,165,1.0,0.0,2
160,166,1.6666666666666667,0.9428090415820634,3
161,0,37.875,32.00170893874263,8
161,1,21.125,31.0983821926479,8
161,2,6.125,3.6206870894900596,8
161,3,6.5,2.692582403567252,8
161,4,10.5,4.330127018922194,8
161,5,16.375,8.83087623059003,8
161,6,46.125,15.503527824337272,8
161,7,91.875,33.6542623600637,8
161,8,118.25,40.8709860414451,8
161,9,160.875,43.61604492615074,8
161,10,198.875,49.49605413565813,8
161,11,238.75,47.95766362115653,8
161,12,280.0,55.49324283189801,8
161,13,298.0,62.84504753757451,8
161,14,339.875,88.75730603730602,8
161,15,347.75,86.10712804408239,8
161,16,354.25,107.18646136523026,8
161,17,413.625,131.59496333446808,8
161,18,484.0,158.09411753762376,8
161,19,413.75,141.03700755475492,8
161,20,399.75,135.22550609999578,8
161,21,390.875,139.16037286167352,8
161,22,280.625,91.82719844904341,8
161,23,132.25,40.36009786905874,8
161,24,52.875,17.113134575524146,8
161,25,18.875,4.313858481684349,8
161,26,7.75,3.152380053229623,8
161,27,4.625,2.057759704144291,8
161,28,8.0,2.598076211353316,8
161,29,12.375,4.328322423295196,8
161,30,44.125,14.945212444124039,8
161,31,93.375,23.658706114240484,8
161,32,140.75,33.99908086992941,8
161,33,181.875,37.444750967258415,8
161,34,224.0,31.737202145116697,8
161,35,280.25,24.883478454589103,8
161,36,314.875,28.62445414326708,8
161,37,342.75,38.316934898292686,8
161,38,406.625,70.00167408712451,8
161,39,397.625,64.70304764846861,8
161,40,411.125,75.13727021259157,8
161,41,439.75,120.82295932479059,8
161,42,500.25,159.67290784600874,8
161,43,497.625,135.6142852910415,8
161,44,502.125,150.11448755866303,8
161,45,509.25,125.17163216959344,8
161,46,391.375,94.81157300140104,8
161,47,203.0,77.90539134103621,8
161,48,83.77777777777777,38.328341059783185,9
161,49,23.0,8.628119403696523,9
161,50,9.444444444444445,4.901498888913951,9
161,51,6.111111111111111,2.3306863292670035,9
161,52,9.777777777777779,2.199887763691481,9
161,53,15.444444444444445,7.875575620741934,9
161,54,50.333333333333336,10.954451150103322,9
161,55,103.0,34.925317146416546,9
161,56,145.44444444444446,39.93358684146331,9
161,57,185.88888888888889,39.32328810837569,9
161,58,234.22222222222223,25.550724180986325,9
161,59,283.44444444444446,38.64399079664726,9
161,60,312.8888888888889,42.86527847530484,9
161,61,335.1111111111111,46.677247477746214,9
161,62,373.22222222222223,70.62542472285706,9
161,63,368.3333333333333,66.44630246380238,9
161,64,393.3333333333333,97.29222876354399,9
161,65,413.44444444444446,124.05474697452564,9
161,66,455.8888888888889,134.94644571042448,9
161,67,451.8888888888889,160.72090678111297,9
161,68,441.44444444444446,196.58592190530334,9
161,69,410.55555555555554,157.56840568189997,9
161,70,380.44444444444446,109.26431877801961,9
161,71,273.55555555555554,113.98743703789965,9
161,72,116.44444444444444,56.515703051081516,9
161,73,36.111111111111114,14.616918997779742,9
161,74,10.222222222222221,4.802262841105402,9
161,75,5.666666666666667,3.018461712712472,9
161,76,9.333333333333334,3.197221015541813,9
161,77,19.88888888888889,8.620962107231477,9
161,78,42.888888888888886,14.479444774840447,9
161,79,92.66666666666667,35.66822426505449,9
161,80,146.66666666666666,52.84568730432661,9
161,81,176.66666666666666,61.41841924229426,9
161,82,231.33333333333334,64.28409169028092,9
161,83,276.22222222222223,63.54487089674469,9
161,84,313.1111111111111,77.8309342163362,9
161,85,340.6666666666667,73.22567855609124,9
161,86,363.0,88.90069366058587,9
161,87,373.3333333333333,88.35660070922198,9
161,88,370.55555555555554,95.12110539390312,9
161,89,389.44444444444446,117.0594446435097,9
161,90,403.22222222222223,131.90381830694145,9
161,91,434.3333333333333,137.90576492663388,9
161,92,426.44444444444446,155.12225365899928,9
161,93,429.3333333333333,136.00326793459374,9
161,94,373.55555555555554,123.81357950215235,9
161,95,271.6666666666667,107.19763678987206,9
161,96,147.33333333333334,81.54208184189996,9
161,97,45.333333333333336,21.60761182752247,9
161,98,17.333333333333332,10.1762250149825,9
161,99,10.333333333333334,2.9814239699997196,9
161,100,14.11111111111111,2.469567863432541,9
161,101,22.77777777777778,9.401864800580524,9
161,102,41.55555555555556,12.175668917157978,9
161,103,69.44444444444444,23.286195773037875,9
161,104,102.55555555555556,14.810740180401453,9
161,105,168.22222222222223,28.47524374211465,9
161,106,212.22222222222223,14.428195989318029,9
161,107,279.1111111111111,27.040892672824427,9
161,108,303.0,15.513435037626794,9
161,109,319.3333333333333,36.60601043544625,9
161,110,370.3333333333333,50.0199960015992,9
161,111,374.6666666666667,41.3602063179896,9
161,112,367.22222222222223,62.192850210325226,9
161,113,406.22222222222223,99.27378279594912,9
161,114,382.22222222222223,89.6186708941809,9
161,115,330.3333333333333,75.17830656364758,9
161,116,263.0,50.17081931871465,9
161,117,266.1111111111111,60.307442777164646,9
161,118,291.0,56.31459254343703,9
161,119,274.8888888888889,80.20175177422449,9
161,120,162.33333333333334,83.65139302818308,9
161,121,53.111111111111114,24.34677457280051,9
161,122,23.555555555555557,9.05674838769548,9
161,123,13.666666666666666,3.5276684147527875,9
161,124,10.333333333333334,4.96655480858378,9
161,125,11.88888888888889,2.8846122190549264,9
161,126,20.333333333333332,4.396968652757639,9
161,127,33.333333333333336,7.039570693980958,9
161,128,68.88888888888889,15.80045318931246,9
161,129,117.11111111111111,24.089852379255483,9
161,130,184.33333333333334,33.2131165522164,9
161,131,248.0,37.87699389691144,9
161,132,265.1111111111111,54.08315499599656,9
161,133,274.77777777777777,50.03504944375998,9
161,134,285.3333333333333,42.26897995772629,9
161,135,306.0,34.93804039534368,9
161,136,299.55555555555554,67.74152035677169,9
161,137,283.22222222222223,85.92086511277918,9
161,138,250.33333333333334,89.4675608499776,9
161,139,223.88888888888889,76.01965307945694,9
161,140,177.77777777777777,48.29717676997919,9
161,141,179.55555555555554,48.2565162234562,9
161,142,234.44444444444446,69.4631974679336,9
161,143,240.0,44.574531841499905,9
161,144,148.33333333333334,67.47345156924068,9
161,145,79.55555555555556,41.23943935148357,9
161,146,27.333333333333332,14.220486005134362,9
161,147,16.444444444444443,8.05689644012591,9
161,148,15.666666666666666,6.879922480183431,9
161,149,20.11111111111111,7.593044250342173,9
161,150,27.22222222222222,8.916623398995057,9
161,151,44.77777777777778,11.35074914588634,9
161,152,75.33333333333333,16.289055630494154,9
161,153,118.0,25.315783394730033,9
161,154,171.22222222222223,32.13782049506219,9
161,155,224.0,30.40467800264368,9
161,156,257.8888888888889,39.184590067594584,9
161,157,251.33333333333334,36.037018004638874,9
161,158,257.3333333333333,46.88994206294849,9
161,159,272.44444444444446,56.839170982911874,9
161,160,259.0,58.19316492891965,9
161,161,263.3333333333333,60.14796569941313,9
161,162,260.1111111111111,55.95324326702399,9
161,163,208.22222222222223,36.18402894395929,9
161,164,173.77777777777777,58.12013951535174,9
161,165,163.11111111111111,30.274464650535823,9
161,166,123.88888888888889,24.924082260801697,9
161,167,74.0,30.72458299147443,9
162,0,25.75,11.110243021644486,8
162,1,10.125,4.136348026943574,8
162,2,5.375,3.07967124868873,8
162,3,5.25,1.8540496217739157,8
162,4,7.375,3.5333235062756425,8
162,5,21.375,9.109576005501024,8
162,6,63.875,23.105397096782387,8
162,7,117.625,41.30356370823225,8
162,8,161.625,50.91644503497863,8
162,9,187.375,59.29784460669713,8
162,10,180.75,51.48239990521032,8
162,11,194.375,46.47832155962605,8
162,12,196.25,50.016872153304426,8
162,13,205.625,47.641729345186455,8
162,14,221.25,54.607119499200834,8
162,15,210.125,45.86239608873483,8
162,16,240.0,54.97954164959908,8
162,17,307.75,74.61358790461695,8
162,18,358.75,101.36166681739206,8
162,19,270.25,78.72221732141442,8
162,20,249.375,49.30754886424593,8
162,21,211.875,54.118937304791935,8
162,22,138.0,35.39420856580918,8
162,23,75.25,13.376752221671746,8
162,24,31.25,5.7608593109014565,8
162,25,16.875,5.2544623892459255,8
162,26,7.625,1.5761900266148114,8
162,27,3.6666666666666665,1.699673171197595,6
162,28,6.0,2.0,8
162,29,21.375,3.3517719194479807,8
162,30,64.5,14.941552797483935,8
162,31,136.5,33.20391543176798,8
162,32,189.5,47.00531884797719,8
162,33,225.0,48.92340952959023,8
162,34,224.375,39.08304459736984,8
162,35,238.125,20.913138812717712,8
162,36,230.75,17.376348868505143,8
162,37,246.375,16.537363000188392,8
162,38,265.875,20.251157374332955,8
162,39,261.5,32.04293994002423,8
162,40,289.125,33.52774038016878,8
162,41,393.5,57.37377449671583,8
162,42,429.25,87.22349167512156,8
162,43,360.0,83.15046602394962,8
162,44,344.75,92.41448750060782,8
162,45,318.75,92.85842718892023,8
162,46,242.0,91.83953397094304,8
162,47,116.125,48.12857129606072,8
162,48,50.77777777777778,18.575837219222763,9
162,49,21.22222222222222,4.15739709641549,9
162,50,9.444444444444445,4.112612338515944,9
162,51,5.444444444444445,2.4993826398226653,9
162,52,8.88888888888889,4.4583116994975285,9
162,53,27.555555555555557,8.920776138519576,9
162,54,67.22222222222223,13.838575535058013,9
162,55,135.77777777777777,37.368369802928186,9
162,56,186.22222222222223,42.13675560409826,9
162,57,220.33333333333334,40.038870002924796,9
162,58,222.33333333333334,29.13188402192118,9
162,59,240.88888888888889,24.986416062619327,9
162,60,234.88888888888889,17.947110225105845,9
162,61,248.0,25.746628689770024,9
162,62,257.8888888888889,30.866898647236418,9
162,63,264.55555555555554,37.33068773694881,9
162,64,281.22222222222223,45.72083837516975,9
162,65,380.3333333333333,93.2690254645727,9
162,66,401.1111111111111,117.28260687989166,9
162,67,355.0,114.2346512909089,9
162,68,324.3333333333333,122.69202636411762,9
162,69,300.77777777777777,120.0905008527391,9
162,70,263.55555555555554,130.2340722708421,9
162,71,124.0,50.76306618880393,9
162,72,58.55555555555556,26.453779864809537,9
162,73,25.0,11.832159566199232,9
162,74,13.777777777777779,6.390579486465958,9
162,75,6.888888888888889,2.960647243216495,9
162,76,9.333333333333334,4.570436400267363,9
162,77,22.77777777777778,5.452375176171243,9
162,78,65.11111111111111,15.800453189312462,9
162,79,126.66666666666667,49.55356249106168,9
162,80,172.33333333333334,58.6609845733185,9
162,81,203.33333333333334,71.53709216592156,9
162,82,215.33333333333334,67.45204057534343,9
162,83,227.0,42.07136793592526,9
162,84,225.0,40.75945698035406,9
162,85,225.66666666666666,47.66083880457367,9
162,86,245.11111111111111,52.18438345466208,9
162,87,256.44444444444446,64.35338394126107,9
162,88,258.3333333333333,56.1288200877628,9
162,89,361.77777777777777,107.10304257300567,9
162,90,376.77777777777777,113.12802754969235,9
162,91,331.77777777777777,94.34072736366926,9
162,92,328.22222222222223,97.86700474257884,9
162,93,308.22222222222223,86.14042511797915,9
162,94,284.22222222222223,102.50395957422846,9
162,95,165.22222222222223,76.44573642319074,9
162,96,90.77777777777777,48.487748229785446,9
162,97,35.22222222222222,16.136761190784075,9
162,98,17.666666666666668,6.463573143221772,9
162,99,9.333333333333334,4.163331998932266,9
162,100,13.444444444444445,3.6851386559504444,9
162,101,25.77777777777778,10.217390162286799,9
162,102,59.22222222222222,18.029468333677002,9
162,103,97.66666666666667,28.61235164516658,9
162,104,129.44444444444446,29.810926822638226,9
162,105,164.33333333333334,35.37104905301949,9
162,106,186.88888888888889,22.917457898798677,9
162,107,210.55555555555554,26.64211833048946,9
162,108,212.33333333333334,26.8824602048746,9
162,109,222.11111111111111,24.465142752016455,9
162,110,236.33333333333334,16.83910792042012,9
162,111,234.88888888888889,30.009052132257413,9
162,112,256.55555555555554,42.06902030159251,9
162,113,326.77777777777777,58.5221283462319,9
162,114,325.0,78.2559901860554,9
162,115,291.77777777777777,60.84365716559082,9
162,116,198.22222222222223,47.67896759177241,9
162,117,178.22222222222223,40.40840885475249,9
162,118,174.77777777777777,61.67437389274194,9
162,119,149.77777777777777,46.81115198985477,9
162,120,93.11111111111111,44.58311699497529,9
162,121,48.888888888888886,22.63941717175032,9
162,122,24.333333333333332,10.066445913694333,9
162,123,12.88888888888889,5.065009475573992,9
162,124,11.11111111111111,3.2126293988446575,9
162,125,10.555555555555555,3.9189315752329774,9
162,126,28.333333333333332,6.48074069840786,9
162,127,35.44444444444444,9.96784955200258,9
162,128,67.22222222222223,15.942798985942613,9
162,129,113.0,16.165807537309522,9
162,130,172.0,31.36523198986065,9
162,131,218.66666666666666,31.594654962860762,9
162,132,222.33333333333334,38.07011076071796,9
162,133,205.55555555555554,27.88911022488531,9
162,134,196.88888888888889,28.52073103490568,9
162,135,207.0,38.787168554103616,9
162,136,211.88888888888889,41.310328125984945,9
162,137,247.11111111111111,31.288778408895862,9
162,138,234.11111111111111,37.33167985756406,9
162,139,216.55555555555554,27.366285466736503,9
162,140,171.22222222222223,32.8220040615634,9
162,141,153.0,27.892651361962706,9
162,142,154.11111111111111,44.39330391059856,9
162,143,147.22222222222223,62.1910636270335,9
162,144,91.66666666666667,43.59663595584718,9
162,145,55.55555555555556,25.055986692521262,9
162,146,25.0,12.710450643291745,9
162,147,15.11111111111111,6.854754140083191,9
162,148,13.555555555555555,5.418304595660715,9
162,149,17.666666666666668,7.7746025264604,9
162,150,25.0,8.205689083394114,9
162,151,38.55555555555556,11.146609959097292,9
162,152,58.0,16.944353369518446,9
162,153,108.88888888888889,28.301725288769724,9
162,154,165.66666666666666,45.82333224218616,9
162,155,183.77777777777777,40.38365394776505,9
162,156,197.44444444444446,44.949628872800155,9
162,157,196.44444444444446,50.429513208726654,9
162,158,191.33333333333334,48.189440982669865,9
162,159,187.44444444444446,47.56541953775315,9
162,160,197.0,50.75868836410614,9
162,161,212.22222222222223,57.738448152524235,9
162,162,202.33333333333334,53.655278294766944,9
162,163,164.33333333333334,32.799051476800024,9
162,164,147.11111111111111,23.047990726811953,9
162,165,124.33333333333333,17.65093639316497,9
162,166,80.55555555555556,10.520996056680724,9
162,167,50.55555555555556,16.84643787676797,9
163,0,25.75,11.288821904875636,8
163,1,13.25,3.5619517121937516,8
163,2,7.375,3.314268395890713,8
163,3,5.75,2.6339134382131846,8
163,4,9.25,3.6996621467371855,8
163,5,12.875,4.3714271125114275,8
163,6,22.125,7.321842322803735,8
163,7,50.875,15.503527824337272,8
163,8,81.125,22.047888220870497,8
163,9,107.375,27.919247393151558,8
163,10,136.375,27.78010754118853,8
163,11,158.875,28.876623330992146,8
163,12,167.375,30.87044500813035,8
163,13,185.875,39.13897513987815,8
163,14,206.75,38.91256223894798,8
163,15,198.75,39.97108329780418,8
163,16,213.125,43.87037012608852,8
163,17,254.5,59.49789912257407,8
163,18,277.125,71.85130044056267,8
163,19,227.875,66.08789128879813,8
163,20,200.125,54.1997174808135,8
163,21,233.125,69.33512367480137,8
163,22,173.25,51.46540099911785,8
163,23,88.75,23.15032397181517,8
163,24,39.0,10.712142642814275,8
163,25,10.875,5.8829733128750465,8
163,26,8.75,3.8649062084350767,8
163,27,4.0,1.5811388300841898,8
163,28,6.0,2.598076211353316,8
163,29,11.625,4.29934588047996,8
163,30,17.625,3.637908052713812,8
163,31,56.875,15.02861853265296,8
163,32,88.375,24.530274662139437,8
163,33,121.0,16.25576820700886,8
163,34,147.375,29.338274915202497,8
163,35,176.375,27.018223017067573,8
163,36,186.75,25.998798049140657,8
163,37,215.0,26.02402735934621,8
163,38,242.375,38.34037525898775,8
163,39,234.25,27.922884879610844,8
163,40,250.625,52.071915415125645,8
163,41,322.125,65.18519291219441,8
163,42,343.625,73.41140493819745,8
163,43,286.375,70.77064628078509,8
163,44,246.5,66.46051459325304,8
163,45,274.875,79.24398636489711,8
163,46,271.625,113.80568691853672,8
163,47,123.33333333333333,68.24954212300622,9
163,48,56.77777777777778,18.310760514442975,9
163,49,23.0,8.94427190999916,9
163,50,8.555555555555555,3.130889511912305,9
163,51,6.666666666666667,3.80058475033046,9
163,52,9.333333333333334,2.9059326290271157,9
163,53,10.0,4.0,9
163,54,18.88888888888889,6.04509800388242,9
163,55,58.0,15.656024754423171,9
163,56,97.0,21.756225162774292,9
163,57,123.33333333333333,20.0,9
163,58,153.22222222222223,20.263693739064884,9
163,59,176.66666666666666,25.280646967811386,9
163,60,188.88888888888889,24.950815815851456,9
163,61,208.66666666666666,26.263620804789614,9
163,62,227.55555555555554,31.0451682091723,9
163,63,231.22222222222223,31.60090637862492,9
163,64,233.77777777777777,30.734626790488562,9
163,65,292.0,55.99404730266721,9
163,66,326.22222222222223,64.86186651951253,9
163,67,278.77777777777777,74.15116358984797,9
163,68,263.44444444444446,81.47407373734313,9
163,69,263.44444444444446,74.64153016043655,9
163,70,297.77777777777777,107.94831868154705,9
163,71,166.88888888888889,61.66656656648533,9
163,72,67.77777777777777,24.2522749346566,9
163,73,28.88888888888889,10.877545111573703,9
163,74,14.777777777777779,5.390893098092535,9
163,75,10.555555555555555,2.3147407395555173,9
163,76,9.222222222222221,3.119037521692933,9
163,77,14.11111111111111,7.217947452849651,9
163,78,21.666666666666668,7.7746025264604,9
163,79,58.333333333333336,24.689178916188272,9
163,80,94.33333333333333,35.32704346531139,9
163,81,122.44444444444444,39.85839131255414,9
163,82,147.33333333333334,41.16093077448835,9
163,83,168.44444444444446,38.99889203870943,9
163,84,196.22222222222223,41.60335931355591,9
163,85,207.77777777777777,42.61136462332236,9
163,86,235.77777777777777,51.76609310216224,9
163,87,231.33333333333334,34.682688605252174,9
163,88,243.44444444444446,51.822584332639956,9
163,89,297.77777777777777,69.63360902734283,9
163,90,323.55555555555554,89.32103287345174,9
163,91,269.55555555555554,80.22899325072385,9
163,92,246.66666666666666,77.36493607140984,9
163,93,260.77777777777777,72.80991656785004,9
163,94,263.1111111111111,102.20724527964894,9
163,95,180.44444444444446,93.33346560837188,9
163,96,101.88888888888889,54.45986176267689,9
163,97,47.22222222222222,32.94702069746984,9
163,98,25.22222222222222,13.13838970158129,9
163,99,12.555555555555555,4.374448818895451,9
163,100,12.0,2.70801280154532,9
163,101,13.444444444444445,4.901498888913951,9
163,102,20.555555555555557,5.7370358415224825,9
163,103,50.44444444444444,18.135974753150535,9
163,104,86.77777777777777,16.69848814033293,9
163,105,112.55555555555556,17.808307119688155,9
163,106,148.88888888888889,23.562891939301718,9
163,107,164.33333333333334,19.39644870130154,9
163,108,182.66666666666666,21.530340349273523,9
163,109,198.55555555555554,26.85810910491202,9
163,110,220.44444444444446,33.78727936537034,9
163,111,220.11111111111111,27.758660087917484,9
163,112,240.66666666666666,29.769484749021476,9
163,113,267.0,50.34547314969506,9
163,114,283.1111111111111,42.816000239901086,9
163,115,224.88888888888889,44.598067831700824,9
163,116,187.66666666666666,35.27353430296179,9
163,117,177.11111111111111,30.391681772940014,9
163,118,202.88888888888889,59.835783504975694,9
163,119,170.0,59.02165327704363,9
163,120,111.11111111111111,37.672402054331634,9
163,121,61.888888888888886,29.504969240393102,9
163,122,31.77777777777778,10.6016537261125,9
163,123,24.0,7.60116950066092,9
163,124,17.88888888888889,6.063450510952113,9
163,125,9.777777777777779,2.4393887111222385,9
163,126,16.0,3.1269438398822866,9
163,127,27.444444444444443,6.002057260475335,9
163,128,57.666666666666664,12.283683848458853,9
163,129,95.22222222222223,13.636371118591288,9
163,130,129.0,17.029386365926403,9
163,131,163.22222222222223,20.6654718890003,9
163,132,184.88888888888889,22.067796770882854,9
163,133,202.33333333333334,28.347055500625732,9
163,134,200.55555555555554,24.340688893342136,9
163,135,213.55555555555554,25.974821616802135,9
163,136,207.88888888888889,15.351036479262705,9
163,137,206.22222222222223,33.7664454674485,9
163,138,208.0,22.150996967781534,9
163,139,198.33333333333334,34.43512418705322,9
163,140,145.33333333333334,20.35790864613663,9
163,141,159.0,31.944396135229173,9
163,142,155.77777777777777,13.036510932145557,9
163,143,136.0,38.00292386412159,9
163,144,112.66666666666667,41.37900702315393,9
163,145,73.88888888888889,27.400099125710575,9
163,146,33.55555555555556,12.311793001572934,9
163,147,28.666666666666668,8.768630958643937,9
163,148,23.88888888888889,6.870944370551247,9
163,149,17.666666666666668,13.703203194062976,9
163,150,18.0,6.749485577105529,9
163,151,33.666666666666664,11.489125293076057,9
163,152,56.888888888888886,15.256652060618196,9
163,153,95.77777777777777,23.39884981873054,9
163,154,128.66666666666666,26.00427315312278,9
163,155,147.0,35.09985754956849,9
163,156,159.11111111111111,35.1139239379621,9
163,157,186.77777777777777,32.529568695360425,9
163,158,173.44444444444446,34.72786620796079,9
163,159,181.22222222222223,36.97379786274412,9
163,160,183.33333333333334,36.31650986657293,9
163,161,178.11111111111111,28.757393037634472,9
163,162,171.88888888888889,21.85530418428566,9
163,163,135.22222222222223,20.109576368695464,9
163,164,125.77777777777777,25.990501588840225,9
163,165,127.22222222222223,29.947278777425495,9
163,166,94.22222222222223,25.358661802135018,9
163,167,59.666666666666664,15.441646429200626,9
164,0,28.0,9.539392014169456,8
164,1,12.375,5.851014869234225,8
164,2,8.25,1.713913650100261,8
164,3,5.625,2.2878756522153907,8
164,4,7.375,2.4462982238476156,8
164,5,9.125,5.464373248598599,8
164,6,20.25,7.51248960065836,8
164,7,38.25,12.636751956100111,8
164,8,60.375,21.094652758459905,8
164,9,85.625,24.0465044237203,8
164,10,98.375,17.691364418834404,8
164,11,118.875,27.876681563629486,8
164,12,128.75,27.566963924233658,8
164,13,130.125,22.323964141702074,8
164,14,134.125,20.53921554003463,8
164,15,132.25,20.504572660750576,8
164,16,137.0,28.552583070538468,8
164,17,161.25,42.516908401246674,8
164,18,164.75,38.596470045847454,8
164,19,153.625,35.926791882938836,8
164,20,131.375,27.8160812301086,8
164,21,143.25,39.410499869958514,8
164,22,116.0,51.995192085422666,8
164,23,64.75,22.100622163188078,8
164,24,39.125,17.229607511490215,8
164,25,19.25,10.145811943851513,8
164,26,10.625,3.6033838263498934,8
164,27,7.0,2.179449471770337,8
164,28,8.125,3.1399641717701177,8
164,29,7.375,2.2325713874364688,8
164,30,20.125,4.833153732295301,8
164,31,43.25,13.654211804421374,8
164,32,70.0,16.046806535881213,8
164,33,100.125,22.446812134465777,8
164,34,114.125,13.914358591038251,8
164,35,131.875,17.481686846525996,8
164,36,141.0,18.34393632784414,8
164,37,144.25,18.81322673014919,8
164,38,159.0,16.140012391568973,8
164,39,155.25,13.799909419992582,8
164,40,160.5,26.377073378219958,8
164,41,190.25,37.10710848341595,8
164,42,217.875,40.051334247438,8
164,43,203.75,36.574410453211684,8
164,44,189.5,44.78001786511479,8
164,45,193.875,45.88691943244829,8
164,46,197.125,58.626865641956336,8
164,47,160.0,73.2666363360568,8
164,48,73.77777777777777,32.5193199934978,9
164,49,31.444444444444443,10.382796787754371,9
164,50,14.88888888888889,3.7548322774924,9
164,51,10.555555555555555,4.901498888913951,9
164,52,11.666666666666666,3.559026084010437,9
164,53,8.88888888888889,2.7666443551086073,9
164,54,19.555555555555557,6.993824436380541,9
164,55,46.666666666666664,13.490737563232042,9
164,56,83.77777777777777,28.117917489576236,9
164,57,94.66666666666667,18.52325865259974,9
164,58,110.11111111111111,11.608851454763535,9
164,59,137.0,17.23691129846386,9
164,60,138.44444444444446,10.985961861607356,9
164,61,147.88888888888889,15.940475696543649,9
164,62,148.77777777777777,15.039043836167671,9
164,63,153.0,14.30617582258329,9
164,64,156.22222222222223,14.860669775378211,9
164,65,201.0,45.2990066116245,9
164,66,215.66666666666666,33.2532371022398,9
164,67,199.66666666666666,48.405692961790265,9
164,68,205.22222222222223,64.28716439673506,9
164,69,217.22222222222223,64.0724898112855,9
164,70,210.55555555555554,61.577613376419535,9
164,71,163.55555555555554,56.682568574888286,9
164,72,99.44444444444444,46.409077443273986,9
164,73,47.666666666666664,19.44793619441976,9
164,74,24.0,11.944315244779277,9
164,75,14.333333333333334,7.226494462892933,9
164,76,15.11111111111111,5.30082686305625,9
164,77,9.666666666666666,3.944053188733078,9
164,78,16.444444444444443,5.92754607482184,9
164,79,50.55555555555556,21.239957685201162,9
164,80,79.44444444444444,33.253608362639426,9
164,81,91.55555555555556,26.72955547334203,9
164,82,117.33333333333333,34.49959742116163,9
164,83,125.77777777777777,29.641479112058786,9
164,84,138.44444444444446,28.840985925169107,9
164,85,145.22222222222223,25.836140827134113,9
164,86,150.11111111111111,21.11052630768959,9
164,87,157.55555555555554,21.56700726733164,9
164,88,159.22222222222223,28.912810608516608,9
164,89,189.77777777777777,43.984284511068466,9
164,90,207.44444444444446,52.61202040748886,9
164,91,199.44444444444446,55.28132316938538,9
164,92,202.0,56.41709748727675,9
164,93,197.66666666666666,56.33431951799503,9
164,94,188.11111111111111,68.87257871435796,9
164,95,165.77777777777777,56.88932291501099,9
164,96,138.33333333333334,62.617001596123146,9
164,97,77.33333333333333,41.745259211875386,9
164,98,40.55555555555556,19.894784973349235,9
164,99,24.666666666666668,8.459051693633013,9
164,100,21.11111111111111,6.573421981221795,9
164,101,14.333333333333334,6.128258770283413,9
164,102,20.77777777777778,7.62711213410245,9
164,103,36.111111111111114,11.357273190382788,9
164,104,69.0,17.371752294393843,9
164,105,88.66666666666667,17.38453974720706,9
164,106,105.66666666666667,8.768630958643937,9
164,107,120.88888888888889,15.452036503282194,9
164,108,140.22222222222223,20.274657294145854,9
164,109,139.44444444444446,17.827015149368176,9
164,110,150.0,18.50525450904268,9
164,111,154.77777777777777,17.319082460798857,9
164,112,161.55555555555554,21.092974665677517,9
164,113,181.55555555555554,29.76616689058275,9
164,114,197.33333333333334,38.23029630483598,9
164,115,180.33333333333334,38.67815921162743,9
164,116,149.33333333333334,25.564732651752013,9
164,117,148.44444444444446,31.15235361577788,9
164,118,172.22222222222223,37.353499844288805,9
164,119,187.11111111111111,62.34392859051125,9
164,120,157.66666666666666,60.347143907377905,9
164,121,111.77777777777777,44.216079975446284,9
164,122,67.55555555555556,17.96361205394648,9
164,123,47.22222222222222,9.519311106935064,9
164,124,38.888888888888886,12.653014084877118,9
164,125,12.88888888888889,4.99876527964533,9
164,126,14.88888888888889,3.4138425546082707,9
164,127,20.333333333333332,4.666666666666667,9
164,128,40.888888888888886,9.03627804948776,9
164,129,66.22222222222223,13.414567353588062,9
164,130,96.66666666666667,21.10818693198342,9
164,131,120.77777777777777,35.28858102300635,9
164,132,139.22222222222223,30.629607237216952,9
164,133,135.22222222222223,34.37950868299241,9
164,134,149.11111111111111,27.428470384881493,9
164,135,152.11111111111111,23.844144142253107,9
164,136,153.11111111111111,23.439967977056455,9
164,137,158.11111111111111,28.668389267795924,9
164,138,160.33333333333334,26.486894033758574,9
164,139,153.66666666666666,26.267851073127396,9
164,140,137.66666666666666,31.864295588218067,9
164,141,135.66666666666666,16.699966733167134,9
164,142,155.88888888888889,30.28914159835884,9
164,143,183.77777777777777,60.903891095867465,9
164,144,151.44444444444446,59.97983200137843,9
164,145,113.44444444444444,43.43350245838423,9
164,146,68.0,28.241026106633512,9
164,147,49.111111111111114,15.559523303498045,9
164,148,44.666666666666664,17.113996870657914,9
164,149,21.0,8.246211251235321,9
164,150,19.11111111111111,5.1735318785879185,9
164,151,29.0,10.263202878893768,9
164,152,37.55555555555556,10.822929477231929,9
164,153,67.0,15.398412616601464,9
164,154,98.66666666666667,23.77673933350268,9
164,155,118.77777777777777,34.168789455283694,9
164,156,136.0,29.574764017091777,9
164,157,134.44444444444446,24.653650219304293,9
164,158,127.66666666666667,29.314387821227538,9
164,159,121.77777777777777,21.07540840662816,9
164,160,116.33333333333333,19.91649232838621,9
164,161,122.11111111111111,19.722769945445993,9
164,162,130.66666666666666,25.152865973217974,9
164,163,115.88888888888889,16.196326362923198,9
164,164,122.66666666666667,22.37061564741669,9
164,165,96.88888888888889,23.544022333796768,9
164,166,82.44444444444444,31.38333284160421,9
164,167,52.55555555555556,27.560483430331555,9
165,0,1.0,0.0,1
165,5,1.0,0.0,1
165,6,1.0,0.0,2
165,7,1.25,0.4330127018922193,4
165,8,1.3333333333333333,0.4714045207910317,3
165,9,1.0,0.0,1
165,10,1.0,0.0,4
165,11,1.6666666666666667,0.74535599249993,6
165,12,1.6,0.4898979485566356,5
165,13,2.3333333333333335,1.247219128924647,3
165,14,1.0,0.0,3
165,15,1.1666666666666667,0.3726779962499649,6
165,16,1.0,0.0,1
165,17,2.0,0.816496580927726,3
165,29,1.0,0.0,4
165,30,1.0,0.0,1
165,31,1.0,0.0,2
165,32,1.0,0.0,1
165,33,1.5,0.5,2
165,34,1.3333333333333333,0.4714045207910317,3
165,35,2.4285714285714284,1.3997084244475304,7
165,36,2.25,1.0897247358851685,4
165,37,1.25,0.4330127018922193,8
165,38,1.4,0.8,5
165,39,1.25,0.4330127018922193,4
165,40,1.6666666666666667,0.9428090415820634,3
165,41,1.0,0.0,1
165,42,1.0,0.0,3
165,43,1.0,0.0,1
165,45,1.0,0.0,1
165,51,1.0,0.0,1
165,54,1.0,0.0,2
165,55,1.0,0.0,1
165,56,2.0,0.0,1
165,57,1.0,0.0,2
165,58,1.0,0.0,3
165,59,2.0,1.1547005383792515,6
165,60,1.25,0.4330127018922193,4
165,61,1.6,0.4898979485566356,5
165,62,1.0,0.0,5
165,63,1.6666666666666667,0.9428090415820634,3
165,64,1.0,0.0,2
165,65,1.0,0.0,6
165,66,1.0,0.0,1
165,76,1.0,0.0,1
165,77,1.0,0.0,2
165,78,1.0,0.0,1
165,79,1.0,0.0,1
165,80,1.0,0.0,4
165,81,1.3333333333333333,0.4714045207910317,6
165,82,2.0,0.0,4
165,83,1.5,0.7637626158259734,6
165,84,1.2,0.4,5
165,85,1.6666666666666667,0.74535599249993,6
165,86,1.0,0.0,1
165,87,1.0,0.0,4
165,88,1.5,0.5,4
165,89,1.0,0.0,1
165,90,1.0,0.0,1
165,92,1.0,0.0,1
165,101,1.0,0.0,1
165,104,1.0,0.0,2
165,105,1.0,0.0,2
165,106,1.6666666666666667,0.4714045207910317,3
165,107,1.5,0.5,4
165,108,1.0,0.0,3
165,109,1.3333333333333333,0.4714045207910317,3
165,110,1.0,0.0,2
165,111,1.25,0.4330127018922193,4
165,112,2.0,0.0,1
165,113,1.0,0.0,3
165,114,1.0,0.0,1
165,128,1.0,0.0,1
165,129,1.0,0.0,2
165,130,1.0,0.0,1
165,131,1.0,0.0,1
165,133,1.0,0.0,1
165,134,1.0,0.0,1
165,136,1.0,0.0,1
165,139,1.0,0.0,2
165,142,1.0,0.0,1
165,144,1.0,0.0,1
165,146,1.0,0.0,1
165,147,1.0,0.0,1
165,150,1.0,0.0,1
165,152,1.0,0.0,7
165,153,1.0,0.0,2
165,154,1.0,0.0,1
165,155,1.0,0.0,2
165,158,3.0,0.0,1
165,160,1.3333333333333333,0.4714045207910317,3
165,161,1.0,0.0,2
165,163,1.0,0.0,1
165,164,1.0,0.0,1
165,165,2.0,0.0,1
165,166,1.0,0.0,1
165,167,1.0,0.0,1
166,0,7.142857142857143,9.14062472745508,7
166,1,2.857142857142857,2.531435020952764,7
166,2,2.0,1.4142135623730951,3
166,3,1.6,0.8,5
166,4,2.1666666666666665,1.3437096247164249,6
166,5,5.0,2.0701966780270626,7
166,6,6.625,3.5333235062756425,8
166,7,21.875,11.889464874417182,8
166,8,26.75,10.697546447667333,8
166,9,20.125,5.085211401701998,8
166,10,17.375,4.442338910979215,8
166,11,24.625,4.498263553861645,8
166,12,23.5,4.6097722286464435,8
166,13,27.625,5.12195031213697,8
166,14,29.125,7.622950544244663,8
166,15,31.0,8.645808232895291,8
166,16,31.125,7.183966522750506,8
166,17,35.375,11.499320632106924,8
166,18,28.875,8.146126380065558,8
166,19,27.625,4.328322423295196,8
166,20,18.875,3.6890886408434267,8
166,21,20.0,8.32165848854662,8
166,22,11.5,4.636809247747852,8
166,23,6.75,2.7271780286589284,8
166,24,3.25,1.479019945774904,8
166,25,1.7142857142857142,0.6998542122237652,7
166,26,1.1666666666666667,0.3726779962499649,6
166,27,1.5,0.5,4
166,28,2.6666666666666665,1.4907119849998598,6
166,29,3.25,1.1989578808281798,8
166,30,6.285714285714286,2.602981022612657,7
166,31,19.75,5.5170191226784775,8
166,32,30.5,8.351646544245034,8
166,33,25.25,5.043560250458004,8
166,34,22.0,5.385164807134504,8
166,35,23.25,5.2141634036535525,8
166,36,27.625,7.532222447591415,8
166,37,31.125,8.313204857333902,8
166,38,34.25,11.233320969330485,8
166,39,35.25,15.14719445970111,8
166,40,37.375,13.018616477951872,8
166,41,51.75,17.181021506301654,8
166,42,41.625,18.787878406036164,8
166,43,29.125,8.738385148298283,8
166,44,23.25,11.755317945508747,8
166,45,22.125,7.975548570474635,8
166,46,13.25,6.398241946034863,8
166,47,8.375,2.9973947020704497,8
166,48,3.2222222222222223,1.0304020550550783,9
166,49,2.0,0.816496580927726,6
166,50,1.5,0.5,4
166,51,1.5,0.8660254037844386,4
166,52,3.5714285714285716,2.920721185751553,7
166,53,4.0,2.9154759474226504,8
166,54,7.111111111111111,3.6038388311615233,9
166,55,23.666666666666668,7.039570693980958,9
166,56,32.44444444444444,9.262962222518372,9
166,57,25.11111111111111,5.30082686305625,9
166,58,22.555555555555557,4.924115512480076,9
166,59,29.11111111111111,6.773222512945853,9
166,60,27.333333333333332,6.863753427324667,9
166,61,30.88888888888889,7.030796453136166,9
166,62,30.666666666666668,8.65383665716478,9
166,63,34.0,4.08248290463863,9
166,64,35.22222222222222,9.15032212885035,9
166,65,47.333333333333336,13.072447700751718,9
166,66,41.22222222222222,13.902659839659602,9
166,67,32.0,12.54325848148452,9
166,68,23.444444444444443,8.125557910569876,9
166,69,21.444444444444443,9.889513088914057,9
166,70,14.0,6.200358412579424,9
166,71,9.333333333333334,4.0,9
166,72,5.0,2.260776661041756,9
166,73,1.7777777777777777,0.9162456945817024,9
166,74,1.7142857142857142,0.6998542122237652,7
166,75,1.1666666666666667,0.3726779962499649,6
166,76,2.125,0.9270248108869579,8
166,77,3.5555555555555554,1.640535895581489,9
166,78,6.888888888888889,1.7284832429004495,9
166,79,22.555555555555557,9.511526470681199,9
166,80,30.666666666666668,11.430952132988164,9
166,81,28.88888888888889,9.194738162478755,9
166,82,24.444444444444443,6.32650704243856,9
166,83,26.77777777777778,9.003428702170176,9
166,84,31.666666666666668,9.591663046625438,9
166,85,33.44444444444444,8.394589674455156,9
166,86,35.0,7.859884081701064,9
166,87,39.333333333333336,9.888264649460883,9
166,88,39.666666666666664,9.104333522498441,9
166,89,45.55555555555556,14.03258993368343,9
166,90,46.22222222222222,17.47237678786959,9
166,91,30.444444444444443,9.73094846480503,9
166,92,29.333333333333332,10.540925533894598,9
166,93,23.333333333333332,8.32666399786453,9
166,94,19.22222222222222,12.145211930613074,9
166,95,11.11111111111111,7.340064251072775,9
166,96,4.777777777777778,2.8588178511708016,9
166,97,3.5,1.5,6
166,98,2.625,0.9921567416492215,8
166,99,2.6,0.8,5
166,100,2.7777777777777777,1.1331154474650633,9
166,101,5.333333333333333,1.5634719199411433,9
166,102,8.777777777777779,4.779069592801459,9
166,103,19.88888888888889,9.631481303453038,9
166,104,26.22222222222222,10.98259003835695,9
166,105,21.555555555555557,6.685159536218366,9
166,106,20.444444444444443,7.072813539039799,9
166,107,31.444444444444443,17.19244737998579,9
166,108,33.77777777777778,11.2128673880381,9
166,109,35.888888888888886,12.449403773714934,9
166,110,34.333333333333336,10.370899457402697,9
166,111,41.22222222222222,17.56750648073361,9
166,112,35.77777777777778,13.98235219265722,9
166,113,42.888888888888886,14.517762640943177,9
166,114,36.888888888888886,15.48794832151362,9
166,115,29.77777777777778,8.350352990247082,9
166,116,20.22222222222222,5.749932903526938,9
166,117,16.88888888888889,7.078048137170216,9
166,118,17.333333333333332,6.5149400952306875,9
166,119,11.777777777777779,5.094174838376733,9
166,120,8.88888888888889,3.381138678822875,9
166,121,4.222222222222222,2.2986845406196887,9
166,122,3.6666666666666665,2.0548046676563256,9
166,123,2.2857142857142856,1.4846149779161804,7
166,124,2.3333333333333335,0.9428090415820634,6
166,125,3.0,1.3228756555322954,8
166,126,4.75,2.331844763272204,8
166,127,6.222222222222222,1.9876159799998132,9
166,128,11.777777777777779,3.224137361899313,9
166,129,17.444444444444443,4.297573245736381,9
166,130,19.666666666666668,6.716480559869961,9
166,131,25.77777777777778,7.699607172920184,9
166,132,25.22222222222222,6.612744896162893,9
166,133,26.11111111111111,6.4367770479823285,9
166,134,26.11111111111111,5.9711239300197345,9
166,135,25.666666666666668,9.067647005823629,9
166,136,28.22222222222222,10.891156226526975,9
166,137,36.666666666666664,10.85254706406647,9
166,138,31.77777777777778,15.346210373884041,9
166,139,26.77777777777778,12.838983845026034,9
166,140,18.555555555555557,6.751314458205917,9
166,141,20.11111111111111,9.433326789684944,9
166,142,18.333333333333332,12.165525060596439,9
166,143,13.777777777777779,8.024653371230128,9
166,144,11.222222222222221,9.126004088169365,9
166,145,4.222222222222222,3.1894889098682944,9
166,146,3.75,1.984313483298443,8
166,147,2.142857142857143,0.8329931278350429,7
166,148,2.3333333333333335,1.247219128924647,6
166,149,2.857142857142857,1.5518257844571737,7
166,150,4.777777777777778,2.528845928164676,9
166,151,7.444444444444445,3.7449554547450483,9
166,152,13.444444444444445,5.599823630379624,9
166,153,13.444444444444445,3.7151674438445528,9
166,154,22.333333333333332,7.586537784494028,9
166,155,23.0,6.306962642808167,9
166,156,27.333333333333332,9.368979548370131,9
166,157,26.555555555555557,9.765143352319924,9
166,158,27.444444444444443,7.847308259115367,9
166,159,23.0,5.270462766947299,9
166,160,26.555555555555557,9.708084959467904,9
166,161,29.666666666666668,8.73053390247253,9
166,162,25.0,7.118052168020874,9
166,163,19.555555555555557,3.5935470286213844,9
166,164,15.0,8.366600265340756,9
166,165,16.666666666666668,13.207741837439299,9
166,166,12.222222222222221,6.9406656385517405,9
166,167,7.555555555555555,6.7183184257026545,9
167,0,1.0,0.0,2
167,3,1.0,0.0,2
167,4,2.0,0.0,1
167,5,1.0,0.0,3
167,6,1.25,0.4330127018922193,4
167,7,1.4,0.8,5
167,8,1.0,0.0,1
167,9,1.0,0.0,2
167,10,2.5,0.5,2
167,11,1.0,0.0,1
167,12,1.0,0.0,2
167,13,1.0,0.0,4
167,14,1.0,0.0,2
167,15,1.0,0.0,1
167,17,1.0,0.0,1
167,18,1.0,0.0,1
167,19,1.0,0.0,1
167,20,1.0,0.0,1
167,23,1.0,0.0,1
167,24,1.0,0.0,1
167,28,2.0,0.0,1
167,29,1.4,0.4898979485566356,5
167,30,1.5,0.8660254037844386,4
167,31,1.3333333333333333,0.4714045207910317,3
167,32,1.5,0.8660254037844386,4
167,33,1.75,0.82915619758885,4
167,34,1.3333333333333333,0.4714045207910317,3
167,35,1.0,0.0,2
167,36,1.0,0.0,3
167,37,1.25,0.4330127018922193,4
167,38,1.0,0.0,2
167,39,1.0,0.0,1
167,40,1.0,0.0,1
167,41,1.0,0.0,1
167,44,1.0,0.0,2
167,48,1.0,0.0,1
167,49,1.0,0.0,1
167,51,1.0,0.0,1
167,52,1.0,0.0,2
167,53,1.0,0.0,4
167,54,1.0,0.0,1
167,55,1.0,0.0,4
167,56,1.6,0.4898979485566356,5
167,57,1.75,1.299038105676658,4
167,58,1.2,0.4000000000000001,5
167,59,1.0,0.0,2
167,60,1.6666666666666667,0.7453559924999299,6
167,61,1.3333333333333333,0.4714045207910317,3
167,62,1.0,0.0,3
167,63,1.0,0.0,3
167,64,1.3333333333333333,0.4714045207910317,3
167,65,1.0,0.0,1
167,66,1.0,0.0,1
167,67,1.0,0.0,1
167,69,1.0,0.0,1
167,72,1.0,0.0,1
167,73,1.0,0.0,1
167,75,2.0,0.0,1
167,76,1.0,0.0,2
167,77,1.25,0.4330127018922193,4
167,78,1.0,0.0,6
167,79,1.6666666666666667,0.4714045207910317,3
167,80,1.6666666666666667,0.9428090415820634,3
167,81,1.75,0.82915619758885,4
167,82,1.25,0.4330127018922193,4
167,83,1.0,0.0,3
167,84,1.0,0.0,1
167,85,2.0,1.0,2
167,86,1.0,0.0,2
167,87,1.0,0.0,1
167,88,1.0,0.0,4
167,89,1.0,0.0,1
167,90,1.0,0.0,5
167,91,1.0,0.0,1
167,92,1.0,0.0,2
167,94,1.0,0.0,1
167,97,1.0,0.0,1
167,98,1.0,0.0,1
167,100,1.0,0.0,4
167,101,1.25,0.4330127018922193,4
167,102,3.0,0.0,1
167,103,1.4285714285714286,0.4948716593053935,7
167,104,1.1428571428571428,0.3499271061118826,7
167,105,2.0,0.7071067811865476,4
167,106,1.3333333333333333,0.4714045207910317,3
167,107,1.0,0.0,3
167,108,1.0,0.0,2
167,109,1.0,0.0,3
167,110,1.25,0.4330127018922193,4
167,111,1.0,0.0,2
167,112,1.6666666666666667,0.9428090415820634,3
167,113,1.3333333333333333,0.4714045207910317,3
167,114,1.5,0.5,4
167,115,1.0,0.0,2
167,116,1.0,0.0,1
167,121,1.0,0.0,1
167,126,1.0,0.0,3
167,127,1.3333333333333333,0.4714045207910317,3
167,128,1.6666666666666667,0.4714045207910317,3
167,129,1.4,0.8,5
167,131,1.0,0.0,3
167,132,1.3333333333333333,0.4714045207910317,3
167,133,1.0,0.0,3
167,134,1.5,0.5,2
167,135,1.0,0.0,3
167,137,1.0,0.0,2
167,139,1.0,0.0,1
167,142,1.0,0.0,1
167,145,1.0,0.0,2
167,149,1.0,0.0,2
167,150,1.3333333333333333,0.4714045207910317,3
167,151,1.0,0.0,3
167,152,1.0,0.0,1
167,153,1.2857142857142858,0.45175395145262565,7
167,154,1.0,0.0,3
167,155,1.0,0.0,2
167,157,1.3333333333333333,0.4714045207910317,3
167,158,1.3333333333333333,0.4714045207910317,3
167,159,1.0,0.0,4
167,160,1.5,0.5,2
167,161,1.0,0.0,1
167,162,1.5,0.5,2
167,163,1.5,0.5,2
167,165,2.0,0.0,1
167,167,1.0,0.0,2
168,0,3.0,2.0,2
168,1,1.5,0.5,2
168,2,1.0,0.0,1
168,3,1.0,0.0,2
168,4,1.25,0.4330127018922193,4
168,5,1.0,0.0,2
168,6,1.0,0.0,2
168,7,2.0,1.1547005383792515,6
168,8,2.75,1.299038105676658,4
168,9,1.0,0.0,3
168,10,1.8,0.7483314773547883,5
168,11,1.8333333333333333,1.0671873729054748,6
168,12,1.3333333333333333,0.4714045207910317,6
168,13,2.0,2.0,5
168,14,1.8,0.7483314773547883,5
168,15,1.0,0.0,3
168,16,2.375,0.9921567416492215,8
168,17,1.1428571428571428,0.34992710611188266,7
168,18,1.6666666666666667,0.9428090415820634,3
168,19,3.0,0.0,1
168,20,2.0,1.0,2
168,22,1.0,0.0,2
168,23,1.0,0.0,2
168,24,1.0,0.0,1
168,25,1.0,0.0,1
168,26,1.0,0.0,2
168,27,1.0,0.0,1
168,28,1.25,0.4330127018922193,4
168,29,1.6666666666666667,0.4714045207910317,3
168,30,2.0,0.816496580927726,3
168,31,2.1666666666666665,1.0671873729054748,6
168,32,1.6666666666666667,1.1055415967851332,6
168,33,1.75,0.82915619758885,4
168,34,1.0,0.0,5
168,35,2.25,1.299038105676658,4
168,36,1.3333333333333333,0.4714045207910317,3
168,37,1.0,0.0,3
168,38,1.6666666666666667,0.4714045207910317,3
168,39,1.0,0.0,4
168,40,1.75,0.4330127018922193,4
168,41,1.4,0.8,5
168,42,1.3333333333333333,0.4714045207910317,3
168,43,1.0,0.0,1
168,44,1.0,0.0,2
168,46,2.0,1.0,2
168,47,2.0,0.0,1
168,48,1.0,0.0,2
168,49,1.5,0.5,2
168,50,1.0,0.0,1
168,51,1.0,0.0,1
168,52,1.3333333333333333,0.4714045207910317,6
168,53,1.0,0.0,3
168,54,1.0,0.0,3
168,55,1.6666666666666667,1.1055415967851332,6
168,56,1.5,1.118033988749895,6
168,57,1.25,0.4330127018922193,4
168,58,1.4,0.4898979485566356,5
168,59,1.6666666666666667,0.7453559924999299,6
168,60,1.0,0.0,4
168,61,1.25,0.4330127018922193,4
168,62,1.1666666666666667,0.3726779962499649,6
168,63,1.0,0.0,5
168,64,1.5714285714285714,1.049781318335648,7
168,65,1.4,0.4898979485566356,5
168,66,1.0,0.0,2
168,67,1.0,0.0,3
168,68,1.0,0.0,2
168,69,1.0,0.0,1
168,70,1.0,0.0,1
168,71,1.0,0.0,1
168,72,1.0,0.0,2
168,74,1.0,0.0,2
168,75,1.0,0.0,1
168,76,1.25,0.4330127018922193,4
168,77,1.4,0.8,5
168,78,1.0,0.0,4
168,79,2.0,0.6324555320336759,5
168,80,1.3333333333333333,0.4714045207910317,3
168,81,1.125,0.33071891388307384,8
168,82,1.3333333333333333,0.74535599249993,6
168,83,1.1666666666666667,0.3726779962499649,6
168,84,1.4,0.4898979485566356,5
168,85,1.2,0.4,5
168,86,1.0,0.0,6
168,87,2.0,1.0954451150103321,5
168,88,1.8,1.1661903789690602,5
168,89,1.0,0.0,6
168,90,1.5714285714285714,0.7284313590846835,7
168,91,1.6,0.8,5
168,92,1.0,0.0,4
168,93,1.0,0.0,3
168,94,1.75,0.82915619758885,4
168,95,1.5,0.8660254037844386,4
168,96,1.0,0.0,2
168,97,2.3333333333333335,1.247219128924647,3
168,98,1.0,0.0,3
168,99,1.0,0.0,2
168,101,1.6,0.8,5
168,102,2.75,1.920286436967152,4
168,103,1.6666666666666667,1.4907119849998596,6
168,104,1.3333333333333333,0.4714045207910317,6
168,105,1.3333333333333333,0.4714045207910317,6
168,106,2.0,1.2649110640673518,5
168,107,1.0,0.0,2
168,108,1.5714285714285714,0.4948716593053935,7
168,109,2.0,1.0,2
168,110,1.4444444444444444,0.4969039949999533,9
168,111,3.0,2.160246899469287,3
168,112,2.142857142857143,0.8329931278350429,7
168,113,2.5,0.5,4
168,114,1.5,0.8660254037844386,4
168,115,1.4285714285714286,0.4948716593053935,7
168,116,1.3333333333333333,0.4714045207910317,3
168,117,2.0,0.0,1
168,118,1.0,0.0,2
168,119,1.0,0.0,1
168,120,1.5,0.5,2
168,121,1.0,0.0,1
168,123,1.0,0.0,1
168,124,1.0,0.0,4
168,125,1.3333333333333333,0.4714045207910317,3
168,126,1.5,0.8660254037844386,4
168,127,1.75,0.4330127018922193,4
168,128,2.0,0.7071067811865476,4
168,129,1.1666666666666667,0.3726779962499649,6
168,130,1.75,1.299038105676658,4
168,131,1.2,0.4,5
168,132,1.6,0.8,5
168,133,1.4,0.4898979485566356,5
168,134,2.0,0.6324555320336759,5
168,135,1.4,0.4898979485566356,5
168,136,1.25,0.4330127018922193,4
168,137,1.25,0.4330127018922193,4
168,138,1.3333333333333333,0.4714045207910317,3
168,139,1.5,0.8660254037844386,4
168,140,2.0,0.7071067811865476,4
168,141,1.3333333333333333,0.4714045207910317,3
168,142,1.0,0.0,2
168,143,1.6666666666666667,0.9428090415820634,3
168,144,1.75,0.82915619758885,4
168,145,1.3333333333333333,0.4714045207910317,3
168,146,1.0,0.0,4
168,148,1.5,0.5,2
168,149,1.2,0.4,5
168,150,2.0,1.4142135623730951,6
168,152,1.4285714285714286,0.4948716593053935,7
168,153,1.4,0.4898979485566356,5
168,154,1.6666666666666667,1.1055415967851332,6
168,155,1.4285714285714286,0.4948716593053935,7
168,156,1.3333333333333333,0.7453559924999299,6
168,157,1.25,0.4330127018922193,4
168,158,2.25,1.6393596310755,4
168,159,2.3333333333333335,1.247219128924647,3
168,160,1.5,0.5,2
168,161,1.4,0.4898979485566356,5
168,162,2.3333333333333335,1.247219128924647,3
168,163,1.5,0.7637626158259734,6
168,164,1.0,0.0,5
168,165,2.5,2.0615528128088303,4
168,167,1.5,0.5,4
169,1,1.0,0.0,1
169,4,1.0,0.0,2
169,6,1.3333333333333333,0.4714045207910317,3
169,7,1.25,0.4330127018922193,4
169,8,1.5,0.5,2
169,9,2.3333333333333335,1.247219128924647,3
169,10,2.0,0.816496580927726,3
169,11,1.0,0.0,3
169,12,1.0,0.0,3
169,13,2.0,0.816496580927726,3
169,14,1.0,0.0,1
169,15,1.0,0.0,1
169,16,1.25,0.4330127018922193,4
169,17,1.0,0.0,3
169,22,1.0,0.0,1
169,23,1.0,0.0,1
169,29,1.0,0.0,2
169,30,1.0,0.0,2
169,31,1.0,0.0,2
169,32,1.0,0.0,3
169,33,1.5,0.5,4
169,34,1.5,0.5,4
169,35,1.0,0.0,4
169,36,1.0,0.0,2
169,37,1.5,0.5,2
169,38,1.3333333333333333,0.4714045207910317,3
169,39,1.3333333333333333,0.4714045207910317,3
169,40,1.2,0.4000000000000001,5
169,41,1.0,0.0,3
169,45,1.0,0.0,2
169,46,1.0,0.0,1
169,47,1.0,0.0,1
169,49,1.0,0.0,1
169,52,1.0,0.0,5
169,53,1.8,0.7483314773547883,5
169,54,1.5,0.5,4
169,55,1.3333333333333333,0.4714045207910317,3
169,56,1.3333333333333333,0.4714045207910317,3
169,57,1.0,0.0,6
169,58,1.0,0.0,1
169,59,2.0,0.816496580927726,3
169,60,1.75,0.82915619758885,4
169,61,1.0,0.0,2
169,62,1.2,0.4,5
169,63,1.0,0.0,3
169,64,1.6,0.8,5
169,65,1.25,0.4330127018922193,4
169,67,1.0,0.0,2
169,69,1.0,0.0,1
169,70,1.0,0.0,1
169,71,1.0,0.0,1
169,74,1.0,0.0,1
169,77,1.0,0.0,2
169,78,1.0,0.0,1
169,79,2.3333333333333335,1.8856180831641267,3
169,80,1.0,0.0,5
169,81,1.75,0.4330127018922193,4
169,82,1.25,0.4330127018922193,4
169,83,1.5,0.5,2
169,84,1.0,0.0,2
169,85,1.75,0.82915619758885,4
169,86,1.6666666666666667,0.4714045207910317,3
169,87,1.0,0.0,1
169,88,1.0,0.0,5
169,89,1.5,0.5,2
169,90,1.5,0.5,2
169,91,1.0,0.0,2
169,92,1.0,0.0,1
169,93,1.0,0.0,1
169,95,1.0,0.0,2
169,98,1.0,0.0,2
169,100,1.0,0.0,1
169,102,1.0,0.0,1
169,103,2.0,0.0,1
169,104,1.0,0.0,2
169,105,1.0,0.0,1
169,106,1.3333333333333333,0.4714045207910317,6
169,107,1.4,0.4898979485566356,5
169,108,1.0,0.0,2
169,109,1.0,0.0,2
169,110,1.5,0.5,4
169,111,1.0,0.0,4
169,112,1.0,0.0,5
169,113,1.0,0.0,3
169,114,1.0,0.0,1
169,117,1.0,0.0,1
169,124,2.0,0.0,1
169,126,1.0,0.0,1
169,127,1.3333333333333333,0.4714045207910317,3
169,128,1.5,0.5,2
169,129,1.0,0.0,4
169,130,1.5,0.5,2
169,131,1.0,0.0,2
169,132,1.3333333333333333,0.4714045207910317,3
169,133,1.0,0.0,3
169,134,1.0,0.0,2
169,135,1.0,0.0,1
169,136,1.0,0.0,1
169,138,1.0,0.0,1
169,141,1.0,0.0,1
169,142,2.0,0.0,1
169,145,1.0,0.0,2
169,146,1.0,0.0,1
169,148,1.0,0.0,2
169,151,1.0,0.0,2
169,152,1.25,0.4330127018922193,4
169,153,1.0,0.0,2
169,154,1.0,0.0,4
169,155,1.0,0.0,3
169,156,1.0,0.0,2
169,157,1.0,0.0,3
169,158,2.0,0.0,1
169,159,1.0,0.0,3
169,160,1.0,0.0,4
169,161,1.0,0.0,2
169,162,2.0,0.0,1
169,164,1.0,0.0,2
169,165,1.0,0.0,2
169,166,1.0,0.0,1
169,167,3.0,0.0,1
170,0,20.125,6.091746465505603,8
170,1,10.75,3.072051431861127,8
170,2,4.5,2.179449471770337,8
170,3,3.25,1.8540496217739157,8
170,4,7.375,3.3888604279314896,8
170,5,15.25,5.332682251925386,8
170,6,44.375,16.829568473374472,8
170,7,97.375,35.608768231995896,8
170,8,130.0,42.46174749112429,8
170,9,152.25,47.60711606472293,8
170,10,157.0,43.08131845707603,8
170,11,162.25,39.86775012463081,8
170,12,166.0,43.2145808726638,8
170,13,170.875,36.65186727848937,8
170,14,177.875,41.992372819358515,8
170,15,165.125,32.61302462207392,8
170,16,180.5,39.91866731242415,8
170,17,199.5,54.18486873657626,8
170,18,211.125,48.79405061070458,8
170,19,177.25,41.57147459496716,8
170,20,153.875,44.61344388186144,8
170,21,140.75,33.45052316481762,8
170,22,108.375,40.366872246930406,8
170,23,50.0,13.057564857200596,8
170,24,25.125,8.62318821550359,8
170,25,13.625,2.9973947020704497,8
170,26,6.25,2.1065374432940898,8
170,27,4.75,1.479019945774904,8
170,28,5.25,2.537222891273055,8
170,29,12.25,4.630064794363034,8
170,30,49.875,14.269175694482145,8
170,31,102.625,24.90450511453701,8
170,32,164.25,47.90550594660284,8
170,33,181.125,41.13525707954187,8
170,34,189.125,29.182346975526148,8
170,35,199.875,31.70345998467675,8
170,36,197.5,29.28736929121494,8
170,37,202.125,19.877358350646094,8
170,38,204.625,30.809647433880187,8
170,39,207.875,20.55138377336183,8
170,40,218.75,26.58829629743132,8
170,41,265.75,47.19308741754453,8
170,42,298.125,72.88421897091304,8
170,43,239.22222222222223,99.04519482177795,9
170,44,240.5,78.9920882114152,8
170,45,222.625,70.26367749413633,8
170,46,138.8,81.65390376460883,10
170,47,95.375,37.75889795796482,8
170,48,41.333333333333336,16.686654681045102,9
170,49,18.444444444444443,6.897843642297225,9
170,50,7.888888888888889,3.5416394334464947,9
170,51,5.777777777777778,3.965904066127721,9
170,52,9.25,6.139014578904337,8
170,53,15.0,4.136557881996952,9
170,54,45.111111111111114,11.91119402956213,9
170,55,108.77777777777777,32.72368417786786,9
170,56,168.88888888888889,43.894936292228124,9
170,57,181.11111111111111,36.34539385288028,9
170,58,196.66666666666666,25.858589804292627,9
170,59,182.0,31.372316175606514,9
170,60,205.66666666666666,25.974346318370873,9
170,61,201.33333333333334,29.702225879927283,9
170,62,215.44444444444446,29.97447473772425,9
170,63,214.88888888888889,27.298532497978893,9
170,64,224.11111111111111,21.671509430301672,9
170,65,267.8888888888889,61.5023837739363,9
170,66,284.44444444444446,72.80889919830636,9
170,67,260.8888888888889,70.71923272026649,9
170,68,236.0,84.5116691482438,9
170,69,233.88888888888889,84.53722972676916,9
170,70,192.44444444444446,74.39998672507515,9
170,71,113.44444444444444,45.526820205508436,9
170,72,57.333333333333336,28.608468054833768,9
170,73,24.77777777777778,12.993825694261083,9
170,74,11.555555555555555,4.901498888913951,9
170,75,6.555555555555555,3.2697642154582582,9
170,76,9.88888888888889,3.071172213574501,9
170,77,14.333333333333334,2.160246899469287,9
170,78,48.0,13.564659966250536,9
170,79,107.44444444444444,40.96912417665857,9
170,80,154.22222222222223,57.78269209869716,9
170,81,178.44444444444446,49.949109904450886,9
170,82,189.88888888888889,48.53508340353042,9
170,83,185.11111111111111,37.731344012473954,9
170,84,196.11111111111111,29.28952958328072,9
170,85,197.22222222222223,25.31041848627986,9
170,86,199.11111111111111,35.6509137936321,9
170,87,211.77777777777777,38.81803068385669,9
170,88,218.0,52.702519442200824,9
170,89,254.0,69.69457176375599,9
170,90,278.6666666666667,75.53806987208503,9
170,91,265.55555555555554,78.82062774442164,9
170,92,226.88888888888889,71.73786299893747,9
170,93,218.88888888888889,68.85805761684998,9
170,94,196.0,66.77657606609604,9
170,95,134.88888888888889,58.61445488092211,9
170,96,90.55555555555556,49.005920529193,9
170,97,42.55555555555556,28.382745584484603,9
170,98,19.555555555555557,7.733205618357918,9
170,99,11.555555555555555,4.621474298463427,9
170,100,12.11111111111111,4.532461789860253,9
170,101,16.77777777777778,5.072316538005923,9
170,102,38.22222222222222,17.138506208585635,9
170,103,80.77777777777777,28.125819603969973,9
170,104,114.77777777777777,39.48776963335969,9
170,105,135.77777777777777,32.93690189093139,9
170,106,161.11111111111111,23.22567757387138,9
170,107,167.0,19.83263304085802,9
170,108,180.22222222222223,25.87052281298706,9
170,109,179.88888888888889,26.12127461771958,9
170,110,189.33333333333334,34.698703145794944,9
170,111,194.33333333333334,21.878452108562588,9
170,112,198.77777777777777,35.379773813037986,9
170,113,245.66666666666666,52.328025208507746,9
170,114,273.55555555555554,64.84359149541835,9
170,115,254.88888888888889,72.93291353389914,9
170,116,191.55555555555554,50.193206957628824,9
170,117,147.88888888888889,39.05962520285691,9
170,118,146.44444444444446,44.90263815835599,9
170,119,133.66666666666666,53.756653334985224,9
170,120,104.33333333333333,57.154760664940824,9
170,121,68.22222222222223,39.22521235061217,9
170,122,36.666666666666664,14.259499757471625,9
170,123,23.88888888888889,5.645931562627778,9
170,124,17.77777777777778,6.069555681665628,9
170,125,13.222222222222221,5.492980930803678,9
170,126,22.555555555555557,4.449996532111285,9
170,127,35.111111111111114,7.795218540795726,9
170,128,63.55555555555556,17.531629265169794,9
170,129,102.0,17.243356208503418,9
170,130,143.0,27.956315128349008,9
170,131,157.11111111111111,29.841970609806307,9
170,132,174.11111111111111,37.85482339571785,9
170,133,173.44444444444446,27.612843674682786,9
170,134,164.88888888888889,31.75407041080436,9
170,135,179.22222222222223,26.523690784645833,9
170,136,164.77777777777777,28.70841060571227,9
170,137,195.44444444444446,39.68238095206349,9
170,138,199.77777777777777,42.85318029888091,9
170,139,202.66666666666666,53.057620669524105,9
170,140,168.44444444444446,44.793628294685725,9
170,141,146.66666666666666,39.50808637341081,9
170,142,129.33333333333334,38.334782581300175,9
170,143,138.0,49.18220093579474,9
170,144,103.11111111111111,44.913359666620465,9
170,145,75.0,37.21708090529282,9
170,146,41.44444444444444,25.206309223909756,9
170,147,21.22222222222222,10.464519713752093,9
170,148,20.11111111111111,8.633840968916626,9
170,149,15.333333333333334,6.446359868604572,9
170,150,21.555555555555557,5.459163776239221,9
170,151,30.77777777777778,6.32065006814573,9
170,152,49.0,12.657891697365017,9
170,153,81.88888888888889,20.582864742004556,9
170,154,119.66666666666667,38.0467548623474,9
170,155,148.33333333333334,41.6839963961657,9
170,156,151.55555555555554,38.46820075251509,9
170,157,149.88888888888889,38.19087862142665,9
170,158,150.66666666666666,35.839146815241634,9
170,159,126.88888888888889,20.898933755069073,9
170,160,136.88888888888889,23.02869921759197,9
170,161,144.33333333333334,18.654758106177628,9
170,162,152.44444444444446,38.86761322778505,9
170,163,144.44444444444446,31.752904018061827,9
170,164,126.33333333333333,30.31684533573886,9
170,165,93.88888888888889,24.145137281054907,9
170,166,73.0,22.120880030716076,9
170,167,37.77777777777778,16.157404754324308,9
171,4,1.0,0.0,1
171,6,1.0,0.0,1
171,7,1.0,0.0,2
171,8,1.0,0.0,1
171,11,1.0,0.0,1
171,12,1.0,0.0,1
171,15,1.0,0.0,1
171,16,1.5,0.5,2
171,17,1.0,0.0,2
171,21,1.0,0.0,1
171,31,1.0,0.0,1
171,33,1.0,0.0,2
171,36,1.0,0.0,1
171,38,1.0,0.0,1
171,39,1.0,0.0,1
171,41,1.0,0.0,1
171,42,1.0,0.0,3
171,43,1.0,0.0,1
171,45,1.0,0.0,2
171,54,1.0,0.0,1
171,56,1.0,0.0,2
171,57,1.0,0.0,4
171,58,1.0,0.0,3
171,59,1.3333333333333333,0.4714045207910317,3
171,60,1.0,0.0,1
171,61,1.0,0.0,1
171,64,1.0,0.0,1
171,66,1.0,0.0,1
171,67,1.0,0.0,2
171,78,1.0,0.0,2
171,79,1.5,0.5,2
171,80,1.0,0.0,1
171,81,1.0,0.0,3
171,83,2.0,0.0,2
171,84,1.0,0.0,2
171,88,1.0,0.0,1
171,89,1.0,0.0,1
171,90,1.0,0.0,1
171,91,1.0,0.0,1
171,95,1.0,0.0,1
171,100,1.0,0.0,1
171,101,1.0,0.0,3
171,102,1.0,0.0,1
171,103,1.0,0.0,3
171,104,2.0,0.0,1
171,105,1.0,0.0,3
171,106,1.0,0.0,1
171,107,1.0,0.0,2
171,109,1.0,0.0,1
171,110,1.0,0.0,1
171,111,1.0,0.0,1
171,112,1.0,0.0,1
171,115,1.0,0.0,1
171,127,1.0,0.0,1
171,128,1.0,0.0,6
171,130,1.0,0.0,1
171,132,1.0,0.0,1
171,133,1.0,0.0,2
171,134,1.0,0.0,1
171,135,1.0,0.0,1
171,142,1.0,0.0,1
171,146,1.0,0.0,1
171,152,1.0,0.0,8
171,154,1.0,0.0,1
171,160,1.0,0.0,1
171,164,2.0,0.0,1
171,166,1.0,0.0,1
171,167,2.0,0.0,1
172,0,1.0,0.0,1
172,4,1.0,0.0,1
172,52,1.0,0.0,1
172,163,1.0,0.0,1
173,0,1.5,0.5,2
173,1,1.0,0.0,2
173,3,1.0,0.0,2
173,4,1.0,0.0,1
173,5,1.0,0.0,1
173,6,1.5,0.5,2
173,7,2.0,0.0,1
173,10,2.0,0.0,1
173,11,1.0,0.0,2
173,13,1.0,0.0,2
173,14,1.0,0.0,1
173,15,1.0,0.0,2
173,19,1.0,0.0,1
173,24,1.0,0.0,2
173,25,1.0,0.0,1
173,27,1.0,0.0,1
173,28,1.0,0.0,1
173,29,1.0,0.0,1
173,34,1.0,0.0,2
173,35,1.0,0.0,2
173,36,1.0,0.0,1
173,37,1.0,0.0,1
173,38,2.0,0.0,1
173,43,1.0,0.0,1
173,46,1.0,0.0,1
173,48,1.0,0.0,2
173,49,1.0,0.0,1
173,52,1.0,0.0,1
173,53,1.0,0.0,1
173,56,1.0,0.0,1
173,57,1.5,0.5,2
173,58,1.0,0.0,1
173,59,1.5,0.5,2
173,60,1.0,0.0,4
173,62,1.0,0.0,2
173,64,1.0,0.0,1
173,75,1.0,0.0,1
173,78,1.0,0.0,1
173,79,1.5,0.5,2
173,80,1.0,0.0,1
173,81,1.5,0.5,2
173,84,1.0,0.0,2
173,88,1.0,0.0,2
173,89,1.0,0.0,1
173,90,1.0,0.0,1
173,92,1.0,0.0,2
173,94,2.0,0.0,1
173,96,1.0,0.0,2
173,98,1.0,0.0,1
173,100,1.0,0.0,3
173,101,1.0,0.0,2
173,102,3.0,0.0,1
173,103,1.0,0.0,1
173,105,1.0,0.0,1
173,106,1.0,0.0,2
173,107,1.0,0.0,1
173,108,2.0,1.0,2
173,109,1.0,0.0,1
173,110,1.0,0.0,1
173,114,1.0,0.0,2
173,116,1.0,0.0,1
173,117,1.0,0.0,1
173,120,1.0,0.0,1
173,121,1.0,0.0,1
173,123,1.0,0.0,2
173,124,1.25,0.4330127018922193,4
173,125,1.0,0.0,1
173,128,2.0,0.0,1
173,129,1.0,0.0,1
173,133,1.0,0.0,1
173,134,1.0,0.0,2
173,135,1.0,0.0,1
173,136,1.0,0.0,1
173,138,1.0,0.0,1
173,139,1.0,0.0,1
173,141,1.0,0.0,2
173,143,1.0,0.0,1
173,144,1.0,0.0,1
173,145,1.0,0.0,1
173,147,1.0,0.0,1
173,148,2.0,1.0,2
173,149,1.5,0.5,2
173,152,1.0,0.0,1
173,155,1.0,0.0,1
173,156,1.0,0.0,1
173,157,2.0,0.0,1
173,159,1.0,0.0,1
173,160,1.0,0.0,1
173,162,1.0,0.0,1
173,163,1.0,0.0,1
173,164,1.3333333333333333,0.4714045207910317,3
173,165,2.0,0.0,1
173,166,1.0,0.0,3
173,167,1.0,0.0,2
174,1,1.0,0.0,1
174,5,1.0,0.0,2
174,6,1.3333333333333333,0.4714045207910317,3
174,7,1.0,0.0,3
174,8,1.0,0.0,2
174,10,1.0,0.0,3
174,11,1.5,0.5,4
174,12,1.0,0.0,3
174,13,1.0,0.0,1
174,14,1.0,0.0,2
174,15,1.0,0.0,3
174,17,1.2,0.4000000000000001,5
174,18,1.0,0.0,2
174,19,1.0,0.0,1
174,20,1.0,0.0,2
174,22,1.0,0.0,2
174,23,1.0,0.0,1
174,31,1.0,0.0,1
174,32,1.0,0.0,2
174,33,3.0,0.0,1
174,34,1.0,0.0,1
174,35,1.5,0.5,4
174,36,1.3333333333333333,0.4714045207910317,3
174,37,1.5,0.5,2
174,38,1.0,0.0,3
174,39,3.0,0.0,2
174,40,1.0,0.0,2
174,41,1.0,0.0,1
174,42,1.0,0.0,2
174,44,1.0,0.0,1
174,45,1.0,0.0,1
174,48,1.0,0.0,1
174,53,1.5,0.5,2
174,54,1.0,0.0,3
174,55,1.0,0.0,3
174,56,1.0,0.0,1
174,57,1.5,0.5,2
174,58,2.0,0.0,2
174,59,1.0,0.0,4
174,60,1.0,0.0,6
174,61,1.5,0.5,2
174,62,1.3333333333333333,0.4714045207910317,3
174,63,1.0,0.0,3
174,64,2.0,1.0,2
174,65,1.0,0.0,4
174,66,1.0,0.0,1
174,76,1.0,0.0,1
174,77,1.0,0.0,1
174,78,1.0,0.0,2
174,79,1.0,0.0,1
174,80,1.0,0.0,2
174,81,1.0,0.0,1
174,82,1.5,0.5,2
174,83,1.5714285714285714,0.9035079029052513,7
174,84,1.5,0.7637626158259734,6
174,85,1.5,0.5,6
174,86,1.6666666666666667,0.4714045207910317,3
174,87,1.0,0.0,1
174,88,1.0,0.0,2
174,89,2.0,0.0,1
174,91,1.0,0.0,1
174,94,1.0,0.0,1
174,95,1.0,0.0,2
174,96,1.0,0.0,1
174,100,1.0,0.0,1
174,101,2.0,0.0,1
174,102,1.3333333333333333,0.4714045207910317,3
174,103,2.0,0.0,1
174,105,1.0,0.0,1
174,106,2.0,0.0,1
174,107,1.5,0.7637626158259734,6
174,108,1.25,0.4330127018922193,4
174,109,1.0,0.0,2
174,110,1.0,0.0,1
174,111,1.0,0.0,1
174,112,1.0,0.0,2
174,113,1.0,0.0,3
174,114,1.0,0.0,1
174,116,1.0,0.0,1
174,121,1.0,0.0,1
174,125,1.0,0.0,1
174,126,1.0,0.0,1
174,127,1.0,0.0,2
174,128,1.3333333333333333,0.4714045207910317,3
174,129,1.0,0.0,2
174,130,1.0,0.0,1
174,131,1.0,0.0,1
174,132,1.5,0.5,4
174,134,1.5,0.5,2
174,135,1.5,0.5,2
174,136,1.0,0.0,1
174,138,1.0,0.0,3
174,139,1.0,0.0,1
174,143,1.0,0.0,1
174,150,1.0,0.0,1
174,151,2.0,0.0,1
174,152,2.0,1.224744871391589,4
174,154,1.0,0.0,2
174,155,1.5,0.5,2
174,156,1.0,0.0,4
174,157,1.0,0.0,1
174,158,1.0,0.0,1
174,160,1.0,0.0,1
174,161,1.0,0.0,2
174,162,1.0,0.0,3
174,163,1.0,0.0,2
174,164,1.0,0.0,1
174,165,1.5,0.5,2
174,166,1.5,0.5,2
174,167,1.5,0.5,2
175,3,1.0,0.0,2
175,5,1.0,0.0,2
175,7,1.0,0.0,2
175,8,1.0,0.0,1
175,9,1.0,0.0,1
175,10,1.0,0.0,1
175,11,1.0,0.0,1
175,13,1.0,0.0,1
175,14,1.0,0.0,1
175,18,1.0,0.0,1
175,19,1.0,0.0,6
175,23,1.0,0.0,1
175,28,1.0,0.0,1
175,30,1.0,0.0,1
175,32,1.5,0.5,2
175,35,1.0,0.0,1
175,37,1.5,0.5,2
175,38,1.0,0.0,1
175,40,1.0,0.0,2
175,41,1.5,0.5,2
175,42,1.0,0.0,3
175,43,1.0,0.0,5
175,46,1.0,0.0,1
175,53,1.0,0.0,1
175,54,1.0,0.0,1
175,55,1.0,0.0,1
175,57,1.0,0.0,1
175,61,1.0,0.0,1
175,65,1.0,0.0,1
175,66,1.0,0.0,3
175,67,1.25,0.4330127018922193,4
175,71,1.0,0.0,1
175,75,1.0,0.0,1
175,77,1.0,0.0,1
175,78,1.0,0.0,1
175,79,1.0,0.0,1
175,81,1.0,0.0,1
175,86,1.0,0.0,1
175,87,1.0,0.0,2
175,88,1.0,0.0,3
175,89,1.0,0.0,1
175,90,1.0,0.0,1
175,91,1.0,0.0,4
175,102,1.0,0.0,1
175,103,1.0,0.0,1
175,105,1.0,0.0,1
175,107,1.0,0.0,1
175,109,1.0,0.0,1
175,112,1.0,0.0,1
175,114,1.0,0.0,2
175,115,1.0,0.0,2
175,127,1.0,0.0,1
175,135,1.0,0.0,2
175,136,1.0,0.0,1
175,137,1.0,0.0,1
175,139,1.0,0.0,1
175,142,2.0,0.0,1
175,151,1.0,0.0,1
175,154,1.0,0.0,2
175,159,1.0,0.0,1
175,160,1.0,0.0,1
175,162,1.0,0.0,2
175,166,1.0,0.0,2
176,58,1.0,0.0,1
176,162,1.0,0.0,1
177,0,1.0,0.0,2
177,1,1.0,0.0,1
177,4,1.0,0.0,1
177,5,1.5,0.5,2
177,6,1.0,0.0,4
177,7,1.4,0.4898979485566356,5
177,8,2.8333333333333335,1.0671873729054748,6
177,9,2.0,0.0,2
177,10,1.5,0.5,6
177,11,2.0,1.0954451150103321,5
177,12,1.2,0.4,5
177,13,1.6666666666666667,0.9428090415820634,3
177,14,1.0,0.0,1
177,15,1.0,0.0,3
177,16,1.0,0.0,2
177,17,1.0,0.0,1
177,18,2.0,0.0,1
177,20,1.0,0.0,1
177,21,1.0,0.0,1
177,22,1.0,0.0,1
177,23,1.0,0.0,1
177,24,1.0,0.0,1
177,28,2.0,0.0,1
177,29,1.0,0.0,5
177,30,1.25,0.4330127018922193,4
177,31,1.6,0.8,5
177,32,1.8,1.1661903789690602,5
177,33,1.25,0.4330127018922193,4
177,34,1.0,0.0,2
177,35,1.0,0.0,4
177,36,1.0,0.0,1
177,37,1.0,0.0,2
177,38,1.0,0.0,1
177,39,1.0,0.0,1
177,40,2.0,0.0,1
177,41,1.0,0.0,1
177,42,1.0,0.0,3
177,44,1.0,0.0,1
177,47,1.0,0.0,2
177,49,1.0,0.0,1
177,52,1.0,0.0,2
177,53,1.2857142857142858,0.6998542122237652,7
177,54,1.3333333333333333,0.4714045207910317,6
177,55,1.4285714285714286,0.7284313590846836,7
177,56,1.5,0.7637626158259734,6
177,57,1.5,0.8660254037844386,4
177,58,1.5,0.5,2
177,59,1.2,0.4,5
177,60,1.0,0.0,3
177,61,1.0,0.0,3
177,62,3.0,0.0,1
177,63,1.0,0.0,2
177,65,1.0,0.0,3
177,66,1.0,0.0,1
177,67,1.0,0.0,2
177,68,1.0,0.0,2
177,71,1.0,0.0,1
177,73,1.0,0.0,1
177,74,1.0,0.0,1
177,75,1.0,0.0,1
177,76,1.0,0.0,1
177,77,1.5,1.0,8
177,78,1.0,0.0,3
177,79,1.4,0.4898979485566356,5
177,80,1.875,1.6153559979150107,8
177,81,2.142857142857143,0.989743318610787,7
177,82,1.25,0.4330127018922193,4
177,83,1.5,0.7637626158259734,6
177,84,1.0,0.0,2
177,85,2.0,1.0,2
177,86,1.0,0.0,4
177,87,1.0,0.0,4
177,88,1.0,0.0,3
177,89,2.0,0.0,1
177,90,1.0,0.0,4
177,91,1.5,0.5,2
177,93,1.0,0.0,1
177,95,1.0,0.0,1
177,96,1.3333333333333333,0.4714045207910317,3
177,97,1.0,0.0,1
177,100,1.0,0.0,3
177,101,1.25,0.4330127018922193,4
177,102,1.0,0.0,4
177,103,2.2,0.7483314773547882,5
177,104,1.2857142857142858,0.45175395145262565,7
177,105,1.5,0.5,4
177,106,2.75,1.299038105676658,4
177,107,1.3333333333333333,0.4714045207910317,6
177,108,1.3333333333333333,0.4714045207910317,3
177,109,2.3333333333333335,0.9428090415820634,3
177,110,1.0,0.0,3
177,111,1.75,1.299038105676658,4
177,112,1.0,0.0,3
177,113,1.2,0.4,5
177,114,1.0,0.0,2
177,115,1.3333333333333333,0.4714045207910317,3
177,116,1.0,0.0,3
177,117,1.0,0.0,1
177,118,1.0,0.0,2
177,119,1.0,0.0,2
177,120,1.0,0.0,3
177,123,1.0,0.0,1
177,124,1.0,0.0,1
177,126,1.0,0.0,1
177,127,1.0,0.0,1
177,128,1.0,0.0,2
177,129,1.0,0.0,2
177,130,1.0,0.0,3
177,131,1.0,0.0,2
177,132,1.2,0.4000000000000001,5
177,133,1.1428571428571428,0.3499271061118826,7
177,134,1.0,0.0,1
177,135,1.0,0.0,1
177,136,1.0,0.0,2
177,137,1.0,0.0,2
177,138,1.0,0.0,1
177,139,1.0,0.0,2
177,140,1.0,0.0,3
177,141,1.0,0.0,1
177,143,1.0,0.0,1
177,144,1.0,0.0,5
177,145,1.0,0.0,1
177,146,1.0,0.0,1
177,147,1.0,0.0,1
177,149,1.0,0.0,2
177,150,1.0,0.0,2
177,151,1.0,0.0,1
177,152,1.2,0.4,5
177,153,2.0,0.6324555320336759,5
177,154,1.5,0.8660254037844386,4
177,155,1.0,0.0,4
177,156,1.6666666666666667,0.9428090415820634,3
177,157,1.1666666666666667,0.3726779962499649,6
177,158,2.0,1.0,2
177,162,1.0,0.0,2
177,163,1.0,0.0,3
177,164,1.0,0.0,3
177,165,1.3333333333333333,0.4714045207910317,3
177,166,2.0,0.0,1
177,167,1.0,0.0,1
178,5,1.0,0.0,1
178,6,1.0,0.0,1
178,7,1.0,0.0,1
178,9,1.0,0.0,3
178,12,1.0,0.0,1
178,13,1.0,0.0,1
178,15,1.0,0.0,1
178,16,1.0,0.0,2
178,23,1.0,0.0,1
178,29,1.0,0.0,1
178,32,1.0,0.0,3
178,33,1.0,0.0,2
178,34,1.0,0.0,1
178,36,1.0,0.0,2
178,43,1.0,0.0,1
178,44,1.0,0.0,1
178,46,1.0,0.0,1
178,50,1.0,0.0,1
178,53,1.0,0.0,2
178,54,1.0,0.0,1
178,55,1.0,0.0,3
178,56,1.0,0.0,3
178,58,1.0,0.0,2
178,59,1.5,0.5,2
178,62,1.0,0.0,1
178,64,1.0,0.0,1
178,65,1.0,0.0,1
178,68,1.0,0.0,1
178,72,1.0,0.0,1
178,77,1.0,0.0,4
178,78,1.0,0.0,2
178,80,1.0,0.0,1
178,81,1.0,0.0,2
178,82,1.0,0.0,1
178,83,1.0,0.0,1
178,84,1.0,0.0,2
178,86,1.0,0.0,1
178,87,1.0,0.0,1
178,88,1.0,0.0,2
178,89,1.0,0.0,2
178,102,1.0,0.0,1
178,103,1.0,0.0,1
178,104,1.0,0.0,2
178,105,1.0,0.0,1
178,108,1.0,0.0,2
178,114,1.0,0.0,1
178,123,1.0,0.0,1
178,126,1.0,0.0,1
178,129,1.0,0.0,1
178,130,1.0,0.0,1
178,152,1.0,0.0,1
178,154,1.0,0.0,1
178,166,1.0,0.0,3
179,0,1.6666666666666667,0.4714045207910317,3
179,1,1.2,0.4,5
179,2,1.0,0.0,1
179,3,1.0,0.0,3
179,4,1.0,0.0,2
179,5,3.0,0.0,1
179,6,2.4,0.8,5
179,7,2.0,1.4142135623730951,7
179,8,1.3333333333333333,0.4714045207910317,6
179,9,2.0,0.8944271909999159,5
179,10,1.6,0.8,5
179,11,1.7142857142857142,0.6998542122237652,7
179,12,2.2,0.9797958971132712,5
179,13,1.5,0.5,2
179,14,1.7142857142857142,0.6998542122237652,7
179,15,1.0,0.0,4
179,16,1.6,0.8,5
179,17,1.3333333333333333,0.4714045207910317,3
179,18,1.0,0.0,5
179,19,1.0,0.0,2
179,20,3.0,0.0,1
179,21,1.0,0.0,5
179,22,2.0,0.816496580927726,3
179,23,2.0,0.0,1
179,24,1.0,0.0,2
179,25,1.0,0.0,1
179,28,1.0,0.0,1
179,29,1.5,0.8660254037844386,4
179,30,1.0,0.0,4
179,31,2.0,1.7320508075688772,4
179,32,1.0,0.0,3
179,33,1.3333333333333333,0.4714045207910317,3
179,34,1.8,0.7483314773547883,5
179,35,3.0,1.5811388300841898,4
179,36,2.0,0.7071067811865476,4
179,37,1.7142857142857142,0.45175395145262565,7
179,38,1.5,1.118033988749895,6
179,39,1.2,0.4000000000000001,5
179,40,1.0,0.0,4
179,41,2.0,0.0,1
179,42,1.4,0.8,5
179,43,1.0,0.0,2
179,44,1.0,0.0,3
179,45,1.0,0.0,3
179,46,1.0,0.0,3
179,47,1.5,0.5,2
179,48,1.3333333333333333,0.4714045207910317,6
179,49,1.0,0.0,1
179,50,1.5,0.5,2
179,51,1.0,0.0,1
179,52,1.0,0.0,2
179,53,1.3333333333333333,0.7453559924999299,6
179,54,1.5,0.5,6
179,55,1.2,0.4,5
179,56,2.0,1.0,4
179,57,1.1428571428571428,0.34992710611188266,7
179,58,1.1666666666666667,0.3726779962499649,6
179,59,1.6666666666666667,0.4714045207910317,6
179,60,2.3333333333333335,0.9428090415820634,6
179,61,1.0,0.0,5
179,62,1.5,0.7637626158259734,6
179,63,1.0,0.0,3
179,64,1.25,0.4330127018922193,4
179,65,1.0,0.0,2
179,66,1.0,0.0,2
179,67,1.5,0.8660254037844386,4
179,68,1.0,0.0,3
179,69,1.3333333333333333,0.4714045207910317,3
179,70,1.0,0.0,2
179,71,1.0,0.0,4
179,72,1.3333333333333333,0.4714045207910317,3
179,73,1.0,0.0,3
179,74,1.0,0.0,1
179,75,1.0,0.0,2
179,76,1.0,0.0,2
179,77,1.0,0.0,4
179,78,1.5714285714285714,0.9035079029052513,7
179,79,2.0,1.5275252316519468,6
179,80,1.5,0.5,8
179,81,1.6666666666666667,0.4714045207910317,3
179,82,1.5,0.5,6
179,83,1.4285714285714286,0.4948716593053935,7
179,84,1.8333333333333333,0.8975274678557508,6
179,85,1.1428571428571428,0.34992710611188266,7
179,86,1.25,0.6614378277661477,8
179,87,1.6666666666666667,0.9428090415820634,3
179,88,1.4,0.4898979485566356,5
179,89,1.0,0.0,4
179,90,1.25,0.4330127018922193,4
179,91,1.0,0.0,1
179,92,1.0,0.0,5
179,93,1.3333333333333333,0.4714045207910317,3
179,94,1.6,0.8,5
179,95,2.0,1.224744871391589,4
179,96,1.0,0.0,4
179,97,1.0,0.0,2
179,98,1.0,0.0,1
179,100,1.25,0.4330127018922193,4
179,101,1.0,0.0,2
179,102,1.6,0.8,5
179,103,1.25,0.4330127018922193,4
179,104,1.2222222222222223,0.41573970964154905,9
179,105,1.2857142857142858,0.6998542122237652,7
179,106,1.8,0.7483314773547883,5
179,107,1.6,0.4898979485566356,5
179,108,1.4,0.4898979485566356,5
179,109,2.2,0.7483314773547882,5
179,110,2.2857142857142856,1.0301575072754257,7
179,111,1.2,0.4,5
179,112,1.0,0.0,2
179,113,1.0,0.0,5
179,114,1.3333333333333333,0.4714045207910317,3
179,116,1.0,0.0,3
179,117,1.3333333333333333,0.4714045207910317,3
179,118,1.2,0.4,5
179,119,1.5,0.5,2
179,120,2.0,1.224744871391589,4
179,121,1.2,0.4000000000000001,5
179,122,1.0,0.0,1
179,123,1.0,0.0,3
179,124,1.5,1.118033988749895,6
179,125,2.0,0.0,1
179,126,1.5,0.5,2
179,127,1.4,0.4898979485566356,5
179,128,1.0,0.0,8
179,129,1.6,0.4898979485566356,5
179,130,1.8,0.7483314773547883,5
179,131,2.0,0.816496580927726,6
179,132,1.25,0.4330127018922193,4
179,133,1.75,1.299038105676658,4
179,134,2.0,1.0,6
179,135,2.0,1.0,4
179,136,1.2,0.4000000000000001,5
179,137,1.3333333333333333,0.74535599249993,6
179,138,1.75,0.82915619758885,4
179,139,1.5,0.5,4
179,140,1.0,0.0,4
179,141,1.0,0.0,6
179,142,1.0,0.0,3
179,143,1.25,0.4330127018922193,4
179,144,1.8333333333333333,0.6871842709362768,6
179,145,1.25,0.4330127018922193,4
179,146,1.8,0.7483314773547883,5
179,148,2.0,0.816496580927726,3
179,149,1.375,0.6959705453537527,8
179,150,1.0,0.0,5
179,151,1.8,0.4,5
179,152,1.75,0.82915619758885,8
179,153,1.1666666666666667,0.3726779962499649,6
179,154,1.25,0.4330127018922193,4
179,155,2.1666666666666665,1.0671873729054748,6
179,156,1.5714285714285714,0.7284313590846835,7
179,157,1.25,0.4330127018922193,4
179,158,1.75,0.82915619758885,4
179,159,1.2222222222222223,0.41573970964154905,9
179,160,1.4285714285714286,0.7284313590846836,7
179,161,1.3333333333333333,0.4714045207910317,6
179,162,1.7142857142857142,1.0301575072754254,7
179,163,1.6666666666666667,0.4714045207910317,3
179,164,2.6,1.3564659966250536,5
179,165,3.0,1.632993161855452,3
179,166,1.8333333333333333,0.8975274678557507,6
179,167,1.0,0.0,3
180,0,1.5,0.5,2
180,4,1.0,0.0,1
180,5,1.0,0.0,3
180,6,1.0,0.0,1
180,8,1.0,0.0,2
180,9,1.0,0.0,1
180,10,1.0,0.0,1
180,11,1.0,0.0,1
180,12,1.0,0.0,2
180,14,1.0,0.0,2
180,21,1.0,0.0,1
180,23,1.0,0.0,1
180,26,1.0,0.0,1
180,29,1.0,0.0,1
180,30,1.0,0.0,2
180,31,1.0,0.0,2
180,33,1.0,0.0,1
180,35,1.3333333333333333,0.4714045207910317,3
180,36,1.0,0.0,1
180,37,1.0,0.0,2
180,38,1.0,0.0,2
180,40,1.3333333333333333,0.4714045207910317,3
180,42,1.0,0.0,2
180,43,1.0,0.0,1
180,44,1.0,0.0,1
180,45,1.0,0.0,1
180,46,1.0,0.0,1
180,47,1.0,0.0,1
180,49,1.0,0.0,2
180,51,1.0,0.0,1
180,53,1.0,0.0,2
180,55,1.0,0.0,2
180,56,1.0,0.0,1
180,57,1.0,0.0,1
180,58,1.0,0.0,3
180,59,1.0,0.0,2
180,60,1.0,0.0,1
180,61,1.3333333333333333,0.4714045207910317,3
180,63,1.5,0.5,2
180,64,1.0,0.0,4
180,65,1.0,0.0,1
180,66,1.0,0.0,1
180,71,2.0,0.0,1
180,73,1.0,0.0,1
180,76,1.0,0.0,1
180,78,1.0,0.0,2
180,79,1.0,0.0,2
180,80,1.0,0.0,2
180,81,1.0,0.0,2
180,82,1.0,0.0,2
180,83,1.0,0.0,4
180,84,1.0,0.0,3
180,87,1.0,0.0,1
180,88,1.0,0.0,2
180,94,1.0,0.0,2
180,98,1.0,0.0,1
180,100,1.0,0.0,1
180,101,1.0,0.0,1
180,102,1.0,0.0,2
180,103,1.0,0.0,5
180,104,1.0,0.0,1
180,105,1.0,0.0,1
180,107,1.0,0.0,2
180,108,1.0,0.0,1
180,110,1.0,0.0,1
180,111,1.0,0.0,2
180,112,1.0,0.0,2
180,116,1.0,0.0,1
180,121,1.0,0.0,1
180,123,1.0,0.0,1
180,129,1.0,0.0,3
180,130,1.0,0.0,1
180,131,1.0,0.0,1
180,132,1.0,0.0,1
180,135,1.0,0.0,1
180,136,1.0,0.0,1
180,138,1.0,0.0,1
180,139,1.0,0.0,2
180,145,1.0,0.0,1
180,147,1.0,0.0,1
180,148,1.0,0.0,1
180,152,1.0,0.0,1
180,158,1.0,0.0,1
180,160,1.0,0.0,1
180,165,1.0,0.0,3
180,166,1.0,0.0,3
180,167,1.0,0.0,1
181,0,1.0,0.0,3
181,1,1.0,0.0,2
181,3,2.0,0.0,1
181,4,2.0,0.0,1
181,5,1.25,0.4330127018922193,4
181,6,1.3333333333333333,0.4714045207910317,3
181,7,1.3333333333333333,0.7453559924999299,6
181,8,1.6,0.8,5
181,9,1.3333333333333333,0.4714045207910317,3
181,10,1.7142857142857142,0.45175395145262565,7
181,11,1.5714285714285714,0.7284313590846835,7
181,12,1.6666666666666667,0.4714045207910317,3
181,13,1.5,0.5,6
181,14,1.4,0.4898979485566356,5
181,15,1.6,0.8,5
181,16,2.25,0.82915619758885,8
181,17,1.2,0.4,5
181,18,2.142857142857143,0.8329931278350428,7
181,19,1.75,0.6614378277661477,8
181,20,2.0,1.0954451150103321,5
181,21,2.6666666666666665,1.699673171197595,3
181,22,3.8,3.655133376499413,5
181,23,3.142857142857143,2.899683304312063,7
181,24,2.2,1.469693845669907,5
181,25,1.0,0.0,4
181,27,1.0,0.0,1
181,28,1.4,0.4898979485566356,5
181,29,1.6666666666666667,0.4714045207910317,3
181,30,1.0,0.0,3
181,31,1.5,0.5,6
181,32,1.25,0.4330127018922193,4
181,33,2.0,1.1952286093343936,7
181,34,1.8,0.7483314773547883,5
181,35,1.75,0.82915619758885,4
181,36,1.3333333333333333,0.74535599249993,6
181,37,2.0,0.7559289460184544,7
181,38,1.8,0.7483314773547883,5
181,39,3.0,1.5275252316519468,6
181,40,2.0,1.0690449676496976,7
181,41,1.4,0.4898979485566356,5
181,42,1.7142857142857142,1.0301575072754254,7
181,43,1.8333333333333333,0.6871842709362768,6
181,44,1.8571428571428572,0.8329931278350429,7
181,45,8.75,7.980444849756184,4
181,46,4.125,3.4437443284889775,8
181,47,4.0,3.521363372331802,5
181,48,1.8571428571428572,0.8329931278350429,7
181,49,1.25,0.4330127018922193,4
181,50,1.0,0.0,1
181,51,1.3333333333333333,0.4714045207910317,3
181,52,1.5,0.5,4
181,53,1.2857142857142858,0.45175395145262565,7
181,54,1.3333333333333333,0.4714045207910317,3
181,55,1.6666666666666667,0.4714045207910317,6
181,56,1.3333333333333333,0.9428090415820635,9
181,57,1.4,0.4898979485566356,5
181,58,1.2,0.4000000000000001,5
181,59,1.4,0.4898979485566356,5
181,60,2.0,1.0,6
181,61,1.0,0.0,4
181,62,1.8888888888888888,0.7370277311900889,9
181,63,1.75,1.299038105676658,4
181,64,2.75,0.82915619758885,4
181,65,1.5555555555555556,0.8314794192830981,9
181,66,1.5,0.5,6
181,67,1.5,0.7637626158259734,6
181,68,2.142857142857143,1.2453996981544782,7
181,69,7.0,4.873397172404482,8
181,70,8.88888888888889,7.187094057242769,9
181,71,4.75,3.6314597615834874,8
181,72,5.875,9.917629505078319,8
181,73,7.333333333333333,8.956685895029603,3
181,74,1.3333333333333333,0.4714045207910317,3
181,75,1.0,0.0,1
181,76,1.3333333333333333,0.4714045207910317,3
181,77,1.0,0.0,2
181,78,1.0,0.0,3
181,79,1.75,0.82915619758885,4
181,80,1.4,0.4898979485566356,5
181,81,2.0,0.816496580927726,3
181,82,2.3333333333333335,0.7453559924999298,6
181,83,1.8,0.4,5
181,84,1.7142857142857142,0.6998542122237652,7
181,85,1.8571428571428572,0.8329931278350429,7
181,86,2.3333333333333335,0.4714045207910317,6
181,87,1.8,0.7483314773547883,5
181,88,1.5714285714285714,0.9035079029052513,7
181,89,1.7142857142857142,0.45175395145262565,7
181,90,1.6666666666666667,0.7453559924999299,6
181,91,1.875,0.9270248108869579,8
181,92,2.142857142857143,1.124858267715973,7
181,93,3.625,1.653594569415369,8
181,94,3.111111111111111,1.9688939051854835,9
181,95,5.75,9.971835337589566,8
181,96,8.285714285714286,12.58927304963902,7
181,97,5.4,6.343500610861482,5
181,98,1.0,0.0,1
181,99,1.0,0.0,2
181,100,1.0,0.0,4
181,101,1.0,0.0,2
181,102,1.75,0.82915619758885,4
181,103,2.0,0.6324555320336759,5
181,104,2.0,0.816496580927726,3
181,105,1.6,0.8,5
181,106,1.0,0.0,4
181,107,2.3333333333333335,0.7453559924999298,6
181,108,3.0,0.7071067811865476,4
181,109,2.142857142857143,1.2453996981544782,7
181,110,1.75,0.4330127018922193,4
181,111,1.2857142857142858,0.45175395145262565,7
181,112,2.857142857142857,2.0995626366712954,7
181,113,1.75,0.82915619758885,8
181,114,2.5,1.3228756555322954,8
181,115,2.8333333333333335,2.1147629234082532,6
181,116,1.8,0.4,5
181,117,3.4285714285714284,1.2936264483053452,7
181,118,5.875,1.8328597873268975,8
181,119,4.625,4.0600954422279285,8
181,120,10.0,13.313526955694348,8
181,121,3.0,2.0615528128088303,8
181,122,2.2857142857142856,2.050385727772475,7
181,123,1.4,0.4898979485566356,5
181,124,1.4285714285714286,0.7284313590846836,7
181,125,1.0,0.0,3
181,126,1.0,0.0,3
181,127,1.3333333333333333,0.4714045207910317,3
181,128,2.0,0.816496580927726,3
181,129,2.0,0.0,4
181,130,1.6666666666666667,0.4714045207910317,6
181,131,1.6666666666666667,1.1055415967851332,6
181,132,2.1666666666666665,0.6871842709362768,6
181,133,2.0,0.816496580927726,6
181,134,2.5,1.2583057392117916,6
181,135,1.3333333333333333,0.7453559924999299,6
181,136,2.2,0.39999999999999997,5
181,137,1.8888888888888888,1.286204100310025,9
181,138,2.7142857142857144,1.577908716741037,7
181,139,3.0,1.5118578920369088,7
181,140,2.888888888888889,1.4487116456005886,9
181,141,3.6666666666666665,2.0,9
181,142,5.333333333333333,3.5901098714230026,9
181,143,7.888888888888889,3.813556067051225,9
181,144,8.666666666666666,7.363574011458174,9
181,145,6.428571428571429,6.883876458946718,7
181,146,2.2,1.469693845669907,5
181,147,2.142857142857143,1.124858267715973,7
181,148,1.4,0.4898979485566356,5
181,149,1.0,0.0,2
181,150,1.0,0.0,2
181,151,1.0,0.0,3
181,152,1.3333333333333333,0.4714045207910317,6
181,153,1.5714285714285714,0.7284313590846836,7
181,154,1.1666666666666667,0.3726779962499649,6
181,155,1.4,0.4898979485566356,5
181,156,1.8571428571428572,0.6388765649999398,7
181,157,1.6666666666666667,0.7453559924999299,6
181,158,1.75,1.299038105676658,8
181,159,1.875,1.0532687216470449,8
181,160,2.5,0.9574271077563381,6
181,161,2.75,1.0897247358851685,8
181,162,3.125,2.027159342528357,8
181,163,2.25,0.9682458365518543,8
181,164,1.875,0.7806247497997998,8
181,165,2.4,1.4966629547095764,5
181,166,1.7142857142857142,0.880630571852711,7
181,167,2.0,0.7559289460184544,7
182,1,1.0,0.0,1
182,4,1.0,0.0,1
182,5,1.5714285714285714,1.049781318335648,7
182,6,1.5,0.5,4
182,7,1.0,0.0,1
182,8,1.5,0.5,4
182,9,1.0,0.0,2
182,10,1.0,0.0,1
182,11,1.2,0.4,5
182,12,1.3333333333333333,0.74535599249993,6
182,13,1.25,0.4330127018922193,4
182,14,1.0,0.0,2
182,17,1.0,0.0,2
182,18,1.0,0.0,1
182,19,1.0,0.0,1
182,23,1.0,0.0,2
182,28,1.0,0.0,1
182,29,1.8333333333333333,1.0671873729054748,6
182,30,5.0,0.0,1
182,31,1.4,0.4898979485566356,5
182,32,1.0,0.0,3
182,33,1.6666666666666667,0.4714045207910317,3
182,34,1.0,0.0,2
182,35,1.0,0.0,2
182,36,1.4,0.4898979485566356,5
182,37,1.0,0.0,3
182,38,1.0,0.0,1
182,39,1.0,0.0,2
182,40,1.0,0.0,1
182,41,1.0,0.0,1
182,42,1.0,0.0,1
182,47,1.0,0.0,1
182,52,1.0,0.0,5
182,53,1.625,0.6959705453537527,8
182,54,1.5,0.5,6
182,55,1.4,0.4898979485566356,5
182,56,1.6,0.4898979485566356,5
182,57,1.5,0.7637626158259734,6
182,58,2.0,0.0,3
182,59,1.0,0.0,3
182,60,1.75,0.82915619758885,4
182,61,1.0,0.0,3
182,62,1.0,0.0,2
182,63,1.25,0.4330127018922193,4
182,65,1.0,0.0,3
182,66,1.0,0.0,1
182,76,1.3333333333333333,0.4714045207910317,3
182,77,1.5,1.118033988749895,6
182,78,1.8,0.4,5
182,79,1.8,0.7483314773547883,5
182,80,1.0,0.0,3
182,81,1.2,0.4000000000000001,5
182,82,2.0,0.0,1
182,83,1.4,0.4898979485566356,5
182,84,2.0,0.0,1
182,85,1.0,0.0,5
182,86,1.0,0.0,1
182,87,1.5,0.5,2
182,89,1.0,0.0,3
182,90,1.5,0.5,2
182,91,1.0,0.0,1
182,93,1.0,0.0,2
182,95,2.0,0.0,1
182,100,1.0,0.0,1
182,101,2.0,1.0,2
182,102,2.0,0.5773502691896257,6
182,103,1.3333333333333333,0.4714045207910317,3
182,104,1.1428571428571428,0.3499271061118826,7
182,105,1.2,0.4000000000000001,5
182,106,1.0,0.0,6
182,107,1.5,0.5,6
182,108,1.3333333333333333,0.4714045207910317,3
182,109,1.0,0.0,4
182,110,1.0,0.0,3
182,111,1.25,0.4330127018922193,4
182,112,1.0,0.0,2
182,114,1.0,0.0,3
182,115,1.0,0.0,1
182,116,1.0,0.0,3
182,124,1.0,0.0,1
182,126,1.0,0.0,1
182,127,1.0,0.0,1
182,128,1.0,0.0,5
182,129,1.6666666666666667,0.4714045207910317,3
182,130,1.4,0.4898979485566356,5
182,131,1.0,0.0,2
182,132,1.0,0.0,5
182,133,1.0,0.0,3
182,134,1.0,0.0,1
182,135,1.0,0.0,3
182,136,1.0,0.0,1
182,137,1.0,0.0,1
182,138,1.0,0.0,2
182,144,1.0,0.0,1
182,146,1.0,0.0,1
182,151,1.0,0.0,4
182,152,1.6666666666666667,0.4714045207910317,3
182,153,1.125,0.33071891388307384,8
182,154,1.0,0.0,2
182,156,1.0,0.0,3
182,159,1.5,0.5,2
182,160,1.0,0.0,2
182,165,1.0,0.0,2
182,166,2.0,0.0,1
183,1,1.0,0.0,1
183,4,1.0,0.0,2
183,5,1.0,0.0,2
183,6,1.0,0.0,3
183,7,1.0,0.0,1
183,8,1.0,0.0,1
183,9,1.0,0.0,1
183,10,1.0,0.0,2
183,13,2.0,0.0,1
183,18,1.0,0.0,1
183,23,1.0,0.0,1
183,28,1.0,0.0,2
183,29,1.0,0.0,1
183,33,1.0,0.0,1
183,35,1.0,0.0,2
183,37,1.0,0.0,1
183,42,1.0,0.0,1
183,52,1.0,0.0,4
183,54,1.25,0.4330127018922193,4
183,56,1.0,0.0,4
183,57,1.0,0.0,2
183,58,1.0,0.0,1
183,60,1.0,0.0,1
183,61,1.0,0.0,2
183,62,1.0,0.0,1
183,63,1.0,0.0,1
183,66,1.0,0.0,1
183,76,1.0,0.0,3
183,77,1.3333333333333333,0.4714045207910317,3
183,78,1.0,0.0,2
183,81,1.0,0.0,1
183,82,1.0,0.0,1
183,83,1.0,0.0,1
183,84,1.0,0.0,1
183,85,1.0,0.0,3
183,86,1.0,0.0,1
183,87,1.0,0.0,1
183,88,1.0,0.0,1
183,91,1.0,0.0,1
183,93,1.0,0.0,1
183,100,1.0,0.0,1
183,101,1.0,0.0,3
183,102,1.0,0.0,3
183,103,1.0,0.0,1
183,104,1.3333333333333333,0.4714045207910317,3
183,105,1.0,0.0,2
183,109,1.0,0.0,1
183,112,1.0,0.0,1
183,115,1.0,0.0,1
183,116,2.0,0.0,1
183,127,1.0,0.0,1
183,128,1.0,0.0,1
183,131,1.0,0.0,1
183,133,1.0,0.0,2
183,136,1.0,0.0,1
183,143,1.0,0.0,1
183,145,1.0,0.0,1
183,151,1.0,0.0,2
183,152,1.0,0.0,3
183,155,1.0,0.0,1
183,159,1.0,0.0,1
183,163,1.0,0.0,1
183,165,1.0,0.0,1
184,9,1.0,0.0,1
184,13,1.0,0.0,1
184,36,1.0,0.0,1
184,38,1.0,0.0,1
184,57,1.0,0.0,1
184,68,1.0,0.0,1
184,69,1.0,0.0,1
184,88,1.0,0.0,1
184,93,1.0,0.0,1
184,106,1.0,0.0,1
184,166,1.0,0.0,1
185,0,1.0,0.0,1
185,1,1.0,0.0,1
185,6,1.25,0.4330127018922193,4
185,8,1.0,0.0,1
185,9,1.0,0.0,3
185,10,1.0,0.0,1
185,11,1.0,0.0,2
185,12,1.0,0.0,1
185,13,1.0,0.0,3
185,14,1.0,0.0,3
185,15,1.0,0.0,1
185,16,1.0,0.0,3
185,18,1.0,0.0,1
185,22,1.0,0.0,2
185,29,1.0,0.0,2
185,30,1.1666666666666667,0.3726779962499649,6
185,31,1.3333333333333333,0.4714045207910317,3
185,32,1.25,0.4330127018922193,4
185,33,1.5,0.5,2
185,34,1.0,0.0,1
185,35,1.2,0.4,5
185,36,1.0,0.0,1
185,38,1.0,0.0,1
185,39,1.0,0.0,1
185,40,1.0,0.0,1
185,41,1.0,0.0,1
185,42,1.0,0.0,1
185,45,1.0,0.0,1
185,46,1.0,0.0,1
185,53,1.0,0.0,2
185,54,1.1428571428571428,0.3499271061118826,7
185,55,1.0,0.0,1
185,56,1.0,0.0,3
185,57,1.5,0.5,2
185,58,1.5,0.8660254037844386,4
185,59,1.0,0.0,3
185,60,1.6666666666666667,0.9428090415820634,3
185,61,1.0,0.0,4
185,63,1.0,0.0,2
185,64,1.5,0.5,2
185,65,2.0,0.0,1
185,67,1.0,0.0,1
185,70,1.0,0.0,1
185,71,1.0,0.0,1
185,73,1.0,0.0,1
185,77,1.0,0.0,2
185,78,1.0,0.0,5
185,79,1.0,0.0,2
185,81,1.0,0.0,3
185,82,1.0,0.0,1
185,83,1.3333333333333333,0.4714045207910317,3
185,84,1.0,0.0,1
185,85,1.25,0.4330127018922193,4
185,86,1.0,0.0,3
185,87,1.0,0.0,1
185,88,1.0,0.0,2
185,90,1.0,0.0,1
185,93,1.0,0.0,2
185,100,1.0,0.0,1
185,102,1.25,0.4330127018922193,4
185,103,1.0,0.0,3
185,104,1.0,0.0,3
185,105,1.0,0.0,2
185,106,1.0,0.0,1
185,107,1.0,0.0,2
185,108,1.3333333333333333,0.4714045207910317,3
185,109,1.0,0.0,2
185,111,1.3333333333333333,0.4714045207910317,3
185,112,1.25,0.4330127018922193,4
185,113,1.0,0.0,3
185,119,1.0,0.0,1
185,120,1.0,0.0,1
185,126,1.0,0.0,2
185,127,1.0,0.0,2
185,129,1.0,0.0,2
185,131,1.0,0.0,1
185,132,1.0,0.0,2
185,134,1.0,0.0,2
185,135,1.0,0.0,1
185,137,1.0,0.0,2
185,140,1.0,0.0,1
185,142,1.0,0.0,1
185,149,2.0,0.0,1
185,150,1.0,0.0,2
185,151,1.0,0.0,1
185,152,1.0,0.0,1
185,157,1.0,0.0,1
185,158,1.0,0.0,2
185,160,1.0,0.0,1
185,161,1.0,0.0,1
185,162,1.0,0.0,1
185,163,1.0,0.0,1
185,165,1.0,0.0,1
185,166,1.0,0.0,2
186,0,69.625,25.144271216322814,8
186,1,37.875,16.389306727253597,8
186,2,10.0,6.103277807866851,8
186,3,11.875,9.252533436848527,8
186,4,13.75,13.045593125649749,8
186,5,53.875,20.87125714948671,8
186,6,123.25,43.59400761572627,8
186,7,170.0,62.25953742198861,8
186,8,195.125,67.69312649745171,8
186,9,201.75,66.50892797211515,8
186,10,184.875,54.17664972107448,8
186,11,190.375,47.99462860570962,8
186,12,181.625,40.499807098306036,8
186,13,169.125,38.98858005878132,8
186,14,175.375,31.654136775467435,8
186,15,172.25,16.790994610206983,8
186,16,153.0,29.82029510249689,8
186,17,165.75,32.93079865414746,8
186,18,208.75,25.306866657095263,8
186,19,169.875,29.838890311135902,8
186,20,205.75,66.79586439293978,8
186,21,214.75,79.94490290193616,8
186,22,154.0,62.74153329334565,8
186,23,123.625,56.87692304441231,8
186,24,85.875,69.70013898838366,8
186,25,28.0,20.334699407662754,8
186,26,10.625,3.6721077053920954,8
186,27,5.875,2.9764702249476644,8
186,28,7.75,3.112474899497183,8
186,29,49.625,5.170529469986609,8
186,30,127.75,28.80429655450728,8
186,31,208.125,55.10543870617491,8
186,32,246.75,54.66888969057265,8
186,33,246.75,42.419777227137814,8
186,34,243.0,36.98648401781386,8
186,35,223.375,25.114425635478906,8
186,36,199.625,29.945523455100933,8
186,37,211.125,18.850978091335207,8
186,38,184.125,24.548103287219565,8
186,39,190.375,27.073684178552426,8
186,40,188.25,25.474251706379913,8
186,41,218.5,34.18698582794336,8
186,42,227.5,18.261982367749674,8
186,43,204.0,54.559600438419636,8
186,44,185.875,36.866100621031244,8
186,45,197.625,65.67902538101491,8
186,46,208.875,29.939261430436122,8
186,47,167.75,81.42289297243128,8
186,48,62.111111111111114,18.693102973167193,9
186,49,25.77777777777778,4.589305872902974,9
186,50,15.777777777777779,3.4889596595794625,9
186,51,10.11111111111111,2.960647243216495,9
186,52,8.222222222222221,3.083208205669246,9
186,53,51.111111111111114,9.134117295362048,9
186,54,126.11111111111111,21.252160384009297,9
186,55,197.88888888888889,58.89056601385403,9
186,56,236.33333333333334,67.37457482859044,9
186,57,247.55555555555554,51.68518186764324,9
186,58,246.88888888888889,41.95353102460029,9
186,59,238.0,31.78049716414141,9
186,60,201.33333333333334,36.4417343165772,9
186,61,185.55555555555554,18.385447814998273,9
186,62,187.0,22.973414586817036,9
186,63,206.33333333333334,36.0,9
186,64,189.88888888888889,24.578420726973057,9
186,65,210.88888888888889,19.66070217150301,9
186,66,220.66666666666666,30.24713025873511,9
186,67,201.22222222222223,44.08017386983701,9
186,68,199.55555555555554,25.281135308152912,9
186,69,221.33333333333334,76.90542532516444,9
186,70,196.22222222222223,26.831895521635264,9
186,71,142.44444444444446,29.582694307130577,9
186,72,97.33333333333333,27.664658561661906,9
186,73,41.77777777777778,13.521815934734489,9
186,74,20.11111111111111,11.435271404683206,9
186,75,15.666666666666666,9.38083151964686,9
186,76,9.222222222222221,2.8196838978776713,9
186,77,49.0,13.856406460551018,9
186,78,112.22222222222223,37.25222671279837,9
186,79,169.0,67.35973079914537,9
186,80,214.66666666666666,89.93825042154694,9
186,81,221.55555555555554,81.96626828032656,9
186,82,206.33333333333334,62.70920542029253,9
186,83,221.0,61.514225996918796,9
186,84,190.55555555555554,44.171662890015085,9
186,85,178.77777777777777,45.38667885276417,9
186,86,177.11111111111111,44.62297476125062,9
186,87,198.55555555555554,51.94465240600083,9
186,88,187.0,46.77131124477435,9
186,89,207.66666666666666,50.635955604688654,9
186,90,222.77777777777777,45.555284552039446,9
186,91,211.33333333333334,29.940682097180826,9
186,92,217.55555555555554,28.213909536929204,9
186,93,196.33333333333334,53.872276935565125,9
186,94,179.55555555555554,37.49995884771404,9
186,95,179.88888888888889,39.396684701026544,9
186,96,135.0,49.358101890391026,9
186,97,53.0,21.31770260709264,9
186,98,29.0,12.073846850849888,9
186,99,16.666666666666668,7.817359599705716,9
186,100,12.333333333333334,5.120763831912406,9
186,101,40.666666666666664,13.012814197295425,9
186,102,86.44444444444444,24.25380204380845,9
186,103,126.66666666666667,41.41926551202418,9
186,104,148.22222222222223,42.24999086857962,9
186,105,170.77777777777777,39.4962101635581,9
186,106,184.11111111111111,25.912006845580912,9
186,107,219.88888888888889,22.103013592642593,9
186,108,186.22222222222223,20.895389059565684,9
186,109,202.22222222222223,22.478521984714295,9
186,110,200.55555555555554,24.84669041726399,9
186,111,213.33333333333334,21.087120871912948,9
186,112,203.88888888888889,22.35791902682082,9
186,113,234.44444444444446,39.676780534466836,9
186,114,271.8888888888889,47.68751162969293,9
186,115,251.0,29.646060259145546,9
186,116,199.77777777777777,39.33835498390224,9
186,117,167.88888888888889,45.11330043948469,9
186,118,197.88888888888889,43.34472784663396,9
186,119,167.66666666666666,37.08249062712901,9
186,120,133.11111111111111,50.052071650863866,9
186,121,83.77777777777777,29.02404282191568,9
186,122,44.77777777777778,13.717610561106218,9
186,123,31.444444444444443,5.619630496178575,9
186,124,22.0,6.9602043392737,9
186,125,21.11111111111111,6.505458297024199,9
186,126,39.0,7.630348761506398,9
186,127,36.333333333333336,6.548960901462833,9
186,128,71.0,10.466878978738388,9
186,129,129.44444444444446,23.678922231062195,9
186,130,154.44444444444446,22.896438884251126,9
186,131,226.77777777777777,37.893939057373686,9
186,132,252.66666666666666,52.74888097812544,9
186,133,240.88888888888889,44.81181502050658,9
186,134,228.55555555555554,35.024153923038476,9
186,135,207.0,32.11783858785575,9
186,136,196.22222222222223,33.369239920014756,9
186,137,192.11111111111111,21.548108679286006,9
186,138,222.66666666666666,40.74309757492672,9
186,139,187.22222222222223,35.00405620235009,9
186,140,144.11111111111111,33.4213652372399,9
186,141,139.66666666666666,37.98245208865097,9
186,142,169.88888888888889,41.62382983191892,9
186,143,165.88888888888889,48.415893727495096,9
186,144,139.77777777777777,37.87927541773786,9
186,145,99.66666666666667,33.443152429824025,9
186,146,52.111111111111114,23.105768613267912,9
186,147,29.11111111111111,8.824768734073237,9
186,148,25.88888888888889,9.814325634210482,9
186,149,18.11111111111111,5.665577237325316,9
186,150,30.444444444444443,5.7370358415224825,9
186,151,35.111111111111114,7.563721077830003,9
186,152,54.888888888888886,13.576486572538602,9
186,153,90.88888888888889,25.86049945570977,9
186,154,124.66666666666667,33.81321240777535,9
186,155,201.11111111111111,58.37321388072985,9
186,156,231.33333333333334,74.37890979452591,9
186,157,201.11111111111111,56.2779697265565,9
186,158,222.11111111111111,58.27033635363221,9
186,159,191.0,45.42637510913187,9
186,160,211.55555555555554,69.17306976162699,9
186,161,213.11111111111111,42.12532741565985,9
186,162,214.33333333333334,57.54997827975264,9
186,163,211.33333333333334,78.76970652901194,9
186,164,216.66666666666666,104.2742111507496,9
186,165,184.11111111111111,87.16197494632169,9
186,166,184.77777777777777,72.26152776589855,9
186,167,125.11111111111111,57.85891738520221,9
187,37,1.0,0.0,1
187,91,2.0,0.0,1
188,0,1.0,0.0,1
188,1,1.0,0.0,1
188,2,1.0,0.0,1
188,4,1.0,0.0,3
188,5,1.4285714285714286,0.4948716593053935,7
188,6,1.625,0.9921567416492215,8
188,7,3.1666666666666665,1.4624940645653537,6
188,8,2.2857142857142856,1.2777531299998797,7
188,9,1.8571428571428572,0.6388765649999399,7
188,10,1.8333333333333333,0.6871842709362768,6
188,11,1.6666666666666667,0.74535599249993,6
188,12,1.8333333333333333,0.8975274678557508,6
188,13,1.8571428571428572,0.989743318610787,7
188,14,1.8333333333333333,0.6871842709362768,6
188,15,1.25,0.4330127018922193,4
188,16,1.5,0.8660254037844386,4
188,17,1.5,0.5,4
188,18,1.3333333333333333,0.4714045207910317,3
188,20,1.0,0.0,2
188,21,2.0,0.0,1
188,22,1.0,0.0,1
188,24,1.0,0.0,3
188,27,3.0,0.0,1
188,28,1.6,0.4898979485566356,5
188,29,1.1666666666666667,0.3726779962499649,6
188,30,2.5,1.6583123951777,8
188,31,2.5,1.118033988749895,8
188,32,2.0,0.7071067811865476,4
188,33,2.2,0.39999999999999997,5
188,34,2.375,1.3169567191065923,8
188,35,1.5714285714285714,1.049781318335648,7
188,36,1.8,0.7483314773547883,5
188,37,1.8,0.9797958971132713,5
188,38,1.3333333333333333,0.4714045207910317,6
188,39,1.1666666666666667,0.3726779962499649,6
188,40,1.4,0.4898979485566356,5
188,41,2.0,0.0,1
188,42,1.3333333333333333,0.4714045207910317,3
188,44,1.3333333333333333,0.4714045207910317,3
188,45,1.0,0.0,1
188,46,1.0,0.0,1
188,47,1.3333333333333333,0.4714045207910317,3
188,48,1.0,0.0,2
188,52,1.75,0.4330127018922193,4
188,53,1.1428571428571428,0.34992710611188266,7
188,54,2.4444444444444446,1.3425606637327303,9
188,55,1.6,0.8,5
188,56,1.875,1.0532687216470449,8
188,57,1.75,0.9682458365518543,8
188,58,1.5,0.7637626158259734,6
188,59,2.4,0.4898979485566356,5
188,60,2.0,0.7559289460184544,7
188,61,1.7142857142857142,0.6998542122237652,7
188,62,1.6666666666666667,0.6666666666666666,9
188,63,1.8571428571428572,0.6388765649999399,7
188,64,1.0,0.0,3
188,65,2.0,0.816496580927726,3
188,66,1.6666666666666667,0.4714045207910317,3
188,69,1.3333333333333333,0.4714045207910317,3
188,71,1.0,0.0,1
188,72,1.0,0.0,4
188,74,1.0,0.0,2
188,75,1.0,0.0,2
188,76,1.3333333333333333,0.4714045207910317,3
188,77,2.0,0.9258200997725514,7
188,78,2.0,0.816496580927726,9
188,79,2.25,1.1989578808281798,8
188,80,1.5,0.8660254037844386,4
188,81,2.25,1.6393596310755,8
188,82,1.7142857142857142,0.880630571852711,7
188,83,1.625,0.6959705453537527,8
188,84,1.375,0.4841229182759271,8
188,85,1.8,1.1661903789690602,5
188,86,1.625,1.1110243021644486,8
188,87,1.8,0.7483314773547883,5
188,88,1.3333333333333333,0.4714045207910317,6
188,89,1.5,0.7637626158259734,6
188,90,1.6,1.2,5
188,91,1.25,0.4330127018922193,4
188,92,1.0,0.0,2
188,93,1.0,0.0,5
188,94,1.0,0.0,1
188,95,1.0,0.0,1
188,96,1.0,0.0,6
188,97,1.0,0.0,2
188,100,1.0,0.0,4
188,101,2.0,1.5491933384829668,5
188,102,3.0,1.118033988749895,8
188,103,2.1666666666666665,1.0671873729054748,6
188,104,1.5714285714285714,0.7284313590846836,7
188,105,2.142857142857143,0.989743318610787,7
188,106,1.6666666666666667,0.7453559924999299,6
188,107,2.0,1.1547005383792515,6
188,108,1.6666666666666667,0.6666666666666666,9
188,109,1.3333333333333333,0.4714045207910317,6
188,110,2.375,1.1110243021644486,8
188,111,1.2,0.4,5
188,112,2.2,1.16619037896906,5
188,113,1.5,0.7637626158259734,6
188,114,1.0,0.0,4
188,115,1.25,0.4330127018922193,4
188,117,1.0,0.0,1
188,118,1.0,0.0,2
188,119,1.0,0.0,2
188,120,1.3333333333333333,0.4714045207910317,3
188,121,1.0,0.0,1
188,122,1.0,0.0,2
188,123,1.0,0.0,3
188,124,1.375,0.4841229182759271,8
188,125,1.25,0.4330127018922193,4
188,126,1.3333333333333333,0.4714045207910317,3
188,127,1.6666666666666667,0.9428090415820634,3
188,128,1.4285714285714286,0.7284313590846835,7
188,129,1.8333333333333333,0.6871842709362768,6
188,130,1.6666666666666667,0.816496580927726,9
188,131,1.3333333333333333,0.4714045207910317,3
188,132,1.0,0.0,5
188,133,1.6666666666666667,0.4714045207910317,3
188,134,1.0,0.0,2
188,135,1.6,1.2,5
188,136,1.0,0.0,4
188,137,1.0,0.0,3
188,138,1.6666666666666667,0.9428090415820634,3
188,139,1.0,0.0,5
188,140,1.3333333333333333,0.4714045207910317,3
188,141,1.3333333333333333,0.4714045207910317,3
188,142,1.3333333333333333,0.4714045207910317,3
188,143,1.0,0.0,2
188,144,1.6666666666666667,0.9428090415820634,3
188,145,2.0,1.0,2
188,149,1.0,0.0,6
188,150,1.0,0.0,1
188,151,1.75,0.82915619758885,4
188,152,2.2857142857142856,0.6998542122237652,7
188,153,2.5,1.5811388300841898,8
188,154,1.7142857142857142,1.3850513878332367,7
188,155,1.3333333333333333,0.4714045207910317,6
188,156,1.5,0.5,4
188,157,1.5,0.5,4
188,158,2.0,1.0,2
188,159,1.0,0.0,3
188,160,1.25,0.4330127018922193,4
188,161,2.0,0.0,1
188,162,1.5,0.5,2
188,163,1.0,0.0,1
188,164,1.3333333333333333,0.4714045207910317,3
188,165,2.0,1.4142135623730951,3
188,166,1.0,0.0,2
188,167,2.6666666666666665,1.699673171197595,3
189,0,1.0,0.0,2
189,3,1.0,0.0,1
189,4,1.3333333333333333,0.4714045207910317,3
189,5,1.0,0.0,2
189,6,1.3333333333333333,0.4714045207910317,3
189,7,1.25,0.4330127018922193,4
189,8,1.0,0.0,2
189,9,1.0,0.0,2
189,10,1.0,0.0,5
189,11,2.0,0.0,1
189,12,1.0,0.0,4
189,13,1.5,0.5,2
189,14,1.0,0.0,4
189,15,1.0,0.0,2
189,16,1.5,0.5,2
189,17,1.3333333333333333,0.4714045207910317,3
189,18,1.0,0.0,1
189,19,2.0,0.0,1
189,20,1.0,0.0,2
189,21,1.0,0.0,1
189,22,1.5,0.5,4
189,23,1.0,0.0,3
189,24,1.0,0.0,1
189,28,1.0,0.0,2
189,29,1.3333333333333333,0.4714045207910317,3
189,30,1.0,0.0,2
189,31,1.3333333333333333,0.4714045207910317,3
189,32,1.0,0.0,3
189,33,1.2,0.4,5
189,34,2.0,0.0,2
189,35,1.6666666666666667,0.9428090415820634,3
189,36,1.6666666666666667,0.7453559924999299,6
189,37,1.0,0.0,2
189,38,2.5,1.5,2
189,39,1.5,0.8660254037844386,4
189,40,1.0,0.0,3
189,41,1.3333333333333333,0.4714045207910317,3
189,42,1.0,0.0,2
189,43,1.0,0.0,2
189,44,1.0,0.0,2
189,45,1.25,0.4330127018922193,4
189,46,1.0,0.0,5
189,47,1.5,0.5,2
189,48,1.0,0.0,4
189,49,1.0,0.0,1
189,51,1.0,0.0,1
189,52,1.0,0.0,2
189,53,1.0,0.0,5
189,54,1.2,0.4000000000000001,5
189,55,1.8,0.9797958971132713,5
189,56,1.25,0.4330127018922193,4
189,57,1.25,0.4330127018922193,4
189,58,1.4,0.8000000000000002,5
189,59,1.0,0.0,2
189,60,1.3333333333333333,0.4714045207910317,3
189,61,1.0,0.0,2
189,62,1.5,0.5,2
189,63,1.0,0.0,1
189,64,1.0,0.0,1
189,65,1.25,0.4330127018922193,4
189,66,1.0,0.0,3
189,67,1.0,0.0,5
189,68,1.0,0.0,5
189,69,1.1666666666666667,0.37267799624996495,6
189,70,2.0,1.2649110640673518,5
189,71,1.8333333333333333,0.8975274678557508,6
189,72,1.6666666666666667,1.4907119849998596,6
189,73,1.6666666666666667,0.9428090415820634,3
189,76,1.25,0.4330127018922193,4
189,77,1.0,0.0,4
189,79,1.4,0.8,5
189,80,1.25,0.4330127018922193,4
189,81,1.6666666666666667,0.9428090415820634,3
189,82,1.0,0.0,4
189,83,1.25,0.4330127018922193,4
189,84,1.0,0.0,3
189,85,1.3333333333333333,0.4714045207910317,3
189,86,1.6666666666666667,0.9428090415820634,3
189,87,1.3333333333333333,0.4714045207910317,3
189,88,1.0,0.0,2
189,89,1.6666666666666667,0.4714045207910317,3
189,90,1.5,0.8660254037844386,4
189,91,2.0,0.0,2
189,92,1.25,0.4330127018922193,4
189,93,1.6666666666666667,0.7453559924999299,6
189,94,1.875,1.0532687216470449,8
189,95,1.75,1.299038105676658,4
189,96,2.1666666666666665,1.3437096247164249,6
189,97,2.5,1.5,2
189,98,1.0,0.0,1
189,101,1.0,0.0,3
189,102,1.0,0.0,3
189,103,1.0,0.0,3
189,104,1.4,0.4898979485566356,5
189,105,1.6666666666666667,0.9428090415820634,3
189,106,2.0,0.0,1
189,107,1.0,0.0,4
189,108,1.0,0.0,3
189,109,1.6,1.2,5
189,110,1.3333333333333333,0.4714045207910317,3
189,111,1.25,0.4330127018922193,4
189,112,1.1666666666666667,0.3726779962499649,6
189,113,1.0,0.0,1
189,114,1.6,0.8,5
189,115,1.75,1.299038105676658,4
189,116,1.8,0.7483314773547883,5
189,117,1.0,0.0,3
189,118,2.0,1.1547005383792515,6
189,119,2.1666666666666665,1.3437096247164249,6
189,120,4.333333333333333,3.3499585403736303,6
189,121,2.0,0.816496580927726,3
189,122,1.0,0.0,2
189,123,1.3333333333333333,0.4714045207910317,3
189,124,1.0,0.0,1
189,125,1.0,0.0,1
189,126,1.0,0.0,2
189,127,1.0,0.0,1
189,128,1.25,0.4330127018922193,4
189,129,1.0,0.0,3
189,130,1.0,0.0,2
189,131,1.6666666666666667,0.4714045207910317,3
189,132,1.0,0.0,2
189,133,1.0,0.0,3
189,134,1.3333333333333333,0.4714045207910317,3
189,135,1.2,0.4,5
189,136,1.3333333333333333,0.4714045207910317,3
189,137,1.0,0.0,2
189,138,1.4,0.4898979485566356,5
189,139,1.0,0.0,5
189,140,1.0,0.0,2
189,141,1.3333333333333333,0.7453559924999299,6
189,142,2.3333333333333335,1.3743685418725535,6
189,143,2.75,1.984313483298443,8
189,144,3.375,3.1598061649411346,8
189,145,2.4,1.019803902718557,5
189,146,1.0,0.0,4
189,147,1.0,0.0,2
189,148,1.0,0.0,1
189,150,1.0,0.0,2
189,152,1.3333333333333333,0.4714045207910317,3
189,153,1.25,0.4330127018922193,4
189,154,1.0,0.0,3
189,155,1.0,0.0,4
189,156,1.0,0.0,4
189,157,2.3333333333333335,1.8856180831641267,3
189,158,2.0,0.6324555320336759,5
189,159,1.3333333333333333,0.4714045207910317,3
189,160,1.5,0.5,4
189,161,3.0,1.0,2
189,162,1.4,0.8000000000000002,5
189,163,1.0,0.0,4
189,164,1.25,0.4330127018922193,4
189,165,1.25,0.4330127018922193,4
189,166,1.0,0.0,1
189,167,1.5,0.7637626158259734,6
190,7,1.5,0.5,2
190,8,1.0,0.0,3
190,9,1.0,0.0,1
190,10,1.0,0.0,1
190,15,1.0,0.0,1
190,18,1.0,0.0,1
190,38,1.0,0.0,1
190,41,1.0,0.0,2
190,42,1.0,0.0,2
190,55,1.0,0.0,1
190,58,1.0,0.0,2
190,59,1.0,0.0,2
190,61,1.0,0.0,2
190,62,1.3333333333333333,0.4714045207910317,3
190,63,1.25,0.4330127018922193,4
190,65,1.0,0.0,1
190,67,1.0,0.0,3
190,68,1.0,0.0,3
190,78,1.0,0.0,2
190,79,1.0,0.0,1
190,80,1.0,0.0,1
190,81,1.0,0.0,1
190,82,1.0,0.0,1
190,84,1.0,0.0,1
190,85,1.0,0.0,3
190,87,1.0,0.0,2
190,88,1.0,0.0,1
190,90,1.0,0.0,2
190,91,1.3333333333333333,0.4714045207910317,3
190,92,1.0,0.0,3
190,93,1.0,0.0,1
190,94,1.0,0.0,1
190,96,1.0,0.0,2
190,97,1.0,0.0,1
190,101,1.0,0.0,1
190,103,1.0,0.0,1
190,109,1.0,0.0,1
190,110,1.5,0.5,2
190,111,1.5,0.5,2
190,112,1.0,0.0,1
190,113,1.0,0.0,2
190,114,1.0,0.0,2
190,115,1.0,0.0,3
190,116,1.0,0.0,1
190,117,1.0,0.0,1
190,119,1.0,0.0,1
190,128,1.0,0.0,1
190,129,1.0,0.0,1
190,130,1.0,0.0,1
190,131,1.0,0.0,1
190,132,1.0,0.0,1
190,133,1.0,0.0,2
190,134,1.0,0.0,3
190,135,1.0,0.0,4
190,136,1.0,0.0,2
190,137,1.3333333333333333,0.4714045207910317,3
190,138,1.0,0.0,2
190,139,1.0,0.0,3
190,140,1.0,0.0,2
190,141,1.0,0.0,1
190,142,1.0,0.0,1
190,144,1.0,0.0,2
190,150,1.0,0.0,1
190,153,1.0,0.0,1
190,154,1.0,0.0,2
190,155,1.0,0.0,1
190,157,1.5,0.5,4
190,158,1.0,0.0,3
190,159,1.0,0.0,1
190,161,1.0,0.0,2
190,162,1.5,0.5,2
190,163,2.0,0.0,1
190,164,1.0,0.0,1
191,0,1.0,0.0,2
191,4,1.0,0.0,1
191,5,1.5,0.5,2
191,6,1.4,0.4898979485566356,5
191,7,1.25,0.4330127018922193,4
191,8,1.0,0.0,1
191,9,1.3333333333333333,0.4714045207910317,3
191,10,1.0,0.0,3
191,11,1.3333333333333333,0.4714045207910317,3
191,12,1.0,0.0,5
191,13,1.6666666666666667,0.9428090415820634,6
191,14,1.0,0.0,3
191,15,1.0,0.0,3
191,16,2.0,0.8944271909999159,5
191,17,1.0,0.0,3
191,18,1.0,0.0,1
191,20,1.0,0.0,1
191,21,1.0,0.0,1
191,22,2.0,1.0,2
191,23,1.5,0.5,2
191,24,1.0,0.0,2
191,26,1.0,0.0,1
191,27,1.0,0.0,1
191,28,1.0,0.0,1
191,29,1.3333333333333333,0.4714045207910317,3
191,30,1.5,0.5,2
191,31,1.0,0.0,3
191,32,1.8,0.7483314773547883,5
191,33,1.2,0.4000000000000001,5
191,34,1.6,0.8,5
191,35,1.8,1.1661903789690604,5
191,36,1.75,0.4330127018922193,4
191,37,1.3333333333333333,0.4714045207910317,3
191,38,1.0,0.0,2
191,39,1.5,0.5,2
191,40,1.8333333333333333,1.0671873729054748,6
191,41,1.5,0.5,2
191,43,1.0,0.0,2
191,45,1.0,0.0,1
191,46,1.0,0.0,1
191,48,1.0,0.0,2
191,49,1.0,0.0,2
191,52,1.0,0.0,2
191,53,1.0,0.0,4
191,54,1.5,0.5,4
191,55,1.25,0.4330127018922193,4
191,56,1.2,0.4000000000000001,5
191,57,1.5714285714285714,0.7284313590846835,7
191,58,1.2857142857142858,0.6998542122237652,7
191,59,2.0,0.7071067811865476,4
191,60,2.0,1.3228756555322954,8
191,61,2.2857142857142856,0.6998542122237652,7
191,62,2.0,1.0954451150103321,5
191,63,1.75,0.82915619758885,8
191,64,1.4,0.4898979485566356,5
191,65,1.75,0.82915619758885,4
191,66,1.0,0.0,4
191,67,1.0,0.0,1
191,70,1.0,0.0,1
191,76,1.0,0.0,1
191,77,1.0,0.0,2
191,78,1.0,0.0,1
191,79,1.5,0.8660254037844386,4
191,80,1.3333333333333333,0.4714045207910317,3
191,81,1.8571428571428572,0.34992710611188266,7
191,82,1.6666666666666667,0.7453559924999299,6
191,83,1.3333333333333333,0.4714045207910317,3
191,84,2.2,1.16619037896906,5
191,85,2.0,1.0,6
191,86,1.2857142857142858,0.45175395145262565,7
191,87,1.0,0.0,2
191,88,1.0,0.0,3
191,89,1.3333333333333333,0.4714045207910317,3
191,90,1.0,0.0,1
191,91,1.0,0.0,2
191,92,1.0,0.0,1
191,93,2.0,0.0,2
191,94,1.6666666666666667,0.9428090415820634,3
191,96,1.0,0.0,1
191,101,1.25,0.4330127018922193,4
191,102,1.0,0.0,3
191,103,1.2,0.4000000000000001,5
191,104,1.3333333333333333,0.4714045207910317,3
191,105,3.0,0.0,1
191,106,1.2,0.4000000000000001,5
191,107,1.1428571428571428,0.3499271061118826,7
191,108,2.6,1.019803902718557,5
191,109,1.7142857142857142,0.880630571852711,7
191,110,1.0,0.0,6
191,111,1.6666666666666667,0.4714045207910317,3
191,112,1.3333333333333333,0.4714045207910317,6
191,113,1.0,0.0,2
191,114,1.0,0.0,1
191,115,1.0,0.0,1
191,118,2.0,0.0,1
191,120,1.0,0.0,1
191,121,1.0,0.0,2
191,124,1.0,0.0,1
191,125,1.0,0.0,1
191,128,1.25,0.4330127018922193,4
191,129,1.25,0.4330127018922193,4
191,130,1.5,0.5,2
191,131,1.0,0.0,5
191,132,1.0,0.0,4
191,133,1.0,0.0,4
191,134,1.0,0.0,1
191,135,1.5,0.7637626158259734,6
191,136,1.2,0.4,5
191,137,1.4,0.4898979485566356,5
191,138,1.0,0.0,2
191,141,1.0,0.0,1
191,143,1.0,0.0,1
191,144,1.0,0.0,1
191,145,1.0,0.0,1
191,148,1.0,0.0,1
191,149,1.0,0.0,2
191,151,1.0,0.0,1
191,152,1.0,0.0,3
191,153,1.0,0.0,2
191,154,1.0,0.0,3
191,155,1.25,0.4330127018922193,4
191,156,1.0,0.0,5
191,157,1.0,0.0,2
191,158,1.0,0.0,1
191,159,1.0,0.0,2
191,160,1.0,0.0,3
191,162,1.0,0.0,1
191,164,1.0,0.0,2
191,166,1.0,0.0,2
192,1,1.0,0.0,1
192,2,1.0,0.0,1
192,3,1.0,0.0,1
192,5,1.0,0.0,1
192,7,1.0,0.0,2
192,8,1.0,0.0,1
192,10,2.5,1.5,2
192,11,1.0,0.0,1
192,12,1.3333333333333333,0.4714045207910317,3
192,15,1.0,0.0,1
192,20,1.0,0.0,1
192,25,1.0,0.0,1
192,30,1.0,0.0,1
192,31,1.0,0.0,2
192,33,1.0,0.0,2
192,34,1.5,0.5,2
192,35,1.3333333333333333,0.4714045207910317,3
192,36,1.0,0.0,1
192,37,2.0,0.0,1
192,38,1.0,0.0,1
192,39,1.0,0.0,2
192,47,1.0,0.0,1
192,52,1.0,0.0,1
192,55,1.0,0.0,2
192,56,1.0,0.0,2
192,59,1.0,0.0,2
192,60,1.0,0.0,1
192,61,1.0,0.0,2
192,62,1.0,0.0,1
192,63,1.5,0.5,2
192,65,1.0,0.0,1
192,67,1.0,0.0,1
192,72,1.0,0.0,1
192,78,1.0,0.0,1
192,81,1.0,0.0,1
192,82,1.0,0.0,3
192,83,1.0,0.0,3
192,84,2.0,0.0,2
192,85,1.0,0.0,1
192,86,1.0,0.0,1
192,87,1.0,0.0,2
192,89,1.0,0.0,1
192,90,1.0,0.0,1
192,91,1.0,0.0,2
192,93,1.0,0.0,1
192,95,2.0,0.0,1
192,96,1.0,0.0,1
192,99,1.0,0.0,1
192,101,1.0,0.0,1
192,103,1.0,0.0,1
192,104,1.0,0.0,1
192,106,1.0,0.0,1
192,107,1.0,0.0,2
192,111,1.5,0.5,2
192,113,1.0,0.0,2
192,115,1.0,0.0,1
192,119,1.0,0.0,1
192,128,1.0,0.0,1
192,134,1.3333333333333333,0.4714045207910317,3
192,135,1.0,0.0,1
192,136,1.0,0.0,1
192,143,1.0,0.0,1
192,150,1.0,0.0,1
192,152,1.0,0.0,1
192,155,1.0,0.0,2
192,165,1.0,0.0,2
192,166,3.0,0.0,1
192,167,1.0,0.0,1
193,0,1.0,0.0,1
193,1,1.0,0.0,1
193,3,1.0,0.0,2
193,4,2.0,0.0,1
193,5,1.0,0.0,2
193,6,2.8,0.9797958971132712,5
193,7,2.2857142857142856,1.0301575072754257,7
193,8,2.7142857142857144,1.1605769149479945,7
193,9,2.375,0.8569568250501305,8
193,10,2.875,1.6153559979150107,8
193,11,3.0,1.0,8
193,12,3.2,1.9390719429665317,5
193,13,3.125,2.315032397181517,8
193,14,2.375,1.4086784586980805,8
193,15,2.7142857142857144,1.4846149779161804,7
193,16,3.625,1.5761900266148114,8
193,17,2.4285714285714284,0.9035079029052513,7
193,18,2.5,1.118033988749895,6
193,19,1.75,0.4330127018922193,4
193,20,1.5,0.5,4
193,21,1.3333333333333333,0.4714045207910317,3
193,22,1.0,0.0,3
193,23,1.0,0.0,2
193,24,1.0,0.0,1
193,25,1.0,0.0,1
193,27,1.0,0.0,1
193,28,1.0,0.0,1
193,29,1.5,0.5,4
193,30,1.625,0.6959705453537527,8
193,31,1.8333333333333333,0.6871842709362768,6
193,32,1.4285714285714286,0.4948716593053935,7
193,33,2.75,0.9682458365518543,8
193,34,1.8333333333333333,1.0671873729054748,6
193,35,3.75,1.8540496217739157,8
193,36,2.25,1.3919410907075054,8
193,37,2.75,0.4330127018922193,4
193,38,2.7142857142857144,1.577908716741037,7
193,39,2.3333333333333335,0.7453559924999298,6
193,40,2.375,1.653594569415369,8
193,41,3.5,2.345207879911715,8
193,42,2.8333333333333335,1.7716909687891083,6
193,43,2.5,1.118033988749895,4
193,44,1.3333333333333333,0.4714045207910317,3
193,45,1.0,0.0,3
193,46,1.0,0.0,1
193,47,1.0,0.0,3
193,48,1.0,0.0,1
193,49,1.0,0.0,2
193,50,1.0,0.0,1
193,51,1.0,0.0,3
193,52,1.0,0.0,2
193,53,1.3333333333333333,0.4714045207910317,3
193,54,2.0,0.7559289460184544,7
193,55,2.5714285714285716,1.5907898179514348,7
193,56,2.0,1.5634719199411433,9
193,57,2.2857142857142856,1.1605769149479943,7
193,58,1.8571428571428572,0.989743318610787,7
193,59,3.0,1.632993161855452,9
193,60,2.0,0.816496580927726,9
193,61,3.5,1.6072751268321592,6
193,62,2.4444444444444446,1.1653431646335017,9
193,63,3.142857142857143,1.124858267715973,7
193,64,3.2857142857142856,1.3850513878332367,7
193,65,2.25,0.82915619758885,8
193,66,1.7142857142857142,1.1605769149479943,7
193,67,1.5,0.7637626158259734,6
193,68,1.0,0.0,4
193,69,1.5,0.5,4
193,70,1.0,0.0,3
193,71,1.0,0.0,1
193,72,1.0,0.0,2
193,73,1.5,0.5,2
193,75,1.0,0.0,2
193,76,1.0,0.0,1
193,77,1.3333333333333333,0.4714045207910317,6
193,78,1.5555555555555556,0.6849348892187752,9
193,79,1.8333333333333333,0.6871842709362768,6
193,80,2.0,1.1547005383792515,6
193,81,2.0,0.7071067811865476,8
193,82,1.8571428571428572,1.124858267715973,7
193,83,2.888888888888889,1.7916128329552332,9
193,84,2.0,1.0690449676496976,7
193,85,2.5714285714285716,0.7284313590846836,7
193,86,2.2,1.469693845669907,5
193,87,2.0,1.0690449676496976,7
193,88,1.8333333333333333,0.8975274678557507,6
193,89,2.1666666666666665,1.4624940645653537,6
193,90,2.4,1.4966629547095764,5
193,91,1.75,0.4330127018922193,4
193,92,1.25,0.4330127018922193,4
193,93,1.1428571428571428,0.3499271061118826,7
193,94,2.0,1.0,2
193,95,1.0,0.0,4
193,96,1.0,0.0,1
193,97,1.0,0.0,2
193,100,1.0,0.0,2
193,101,1.0,0.0,1
193,102,1.875,1.0532687216470449,8
193,103,2.5,1.3228756555322954,8
193,104,1.1428571428571428,0.3499271061118826,7
193,105,2.7142857142857144,1.2777531299998799,7
193,106,2.5555555555555554,1.7069212773041351,9
193,107,1.8888888888888888,0.5665577237325317,9
193,108,2.5,1.224744871391589,8
193,109,1.75,1.299038105676658,8
193,110,2.5,0.7071067811865476,8
193,111,2.3333333333333335,1.3743685418725535,6
193,112,2.0,0.7559289460184544,7
193,113,1.75,1.299038105676658,8
193,114,1.8333333333333333,1.21335164821342,6
193,115,1.5,0.5,2
193,116,1.0,0.0,4
193,117,1.3333333333333333,0.4714045207910317,3
193,118,2.3333333333333335,1.247219128924647,3
193,119,1.0,0.0,2
193,120,1.0,0.0,1
193,121,1.0,0.0,1
193,122,1.0,0.0,2
193,123,1.0,0.0,3
193,124,1.0,0.0,1
193,125,1.0,0.0,1
193,126,2.0,1.0,4
193,127,1.8888888888888888,1.0999438818457405,9
193,128,1.8888888888888888,0.7370277311900889,9
193,129,2.142857142857143,0.989743318610787,7
193,130,1.5714285714285714,1.049781318335648,7
193,131,1.5714285714285714,0.7284313590846835,7
193,132,2.2857142857142856,1.0301575072754257,7
193,133,2.5,2.0615528128088303,4
193,134,1.0,0.0,5
193,135,1.8571428571428572,0.6388765649999399,7
193,136,1.6,0.8,5
193,137,1.0,0.0,4
193,138,1.0,0.0,5
193,139,1.0,0.0,4
193,140,1.0,0.0,2
193,141,1.0,0.0,1
193,142,2.0,0.0,1
193,143,1.75,0.82915619758885,4
193,144,1.3333333333333333,0.4714045207910317,3
193,145,1.0,0.0,3
193,146,1.0,0.0,2
193,147,2.0,0.0,1
193,148,1.0,0.0,2
193,149,1.2,0.4,5
193,150,1.75,0.82915619758885,4
193,151,1.5,0.5,4
193,152,1.75,0.6614378277661477,8
193,153,1.875,0.9270248108869579,8
193,154,1.8571428571428572,0.6388765649999398,7
193,155,2.25,1.3919410907075054,8
193,156,1.3333333333333333,0.4714045207910317,6
193,157,1.875,1.3635890143294642,8
193,158,1.1666666666666667,0.3726779962499649,6
193,159,1.1666666666666667,0.3726779962499649,6
193,160,1.6,0.8,5
193,161,1.0,0.0,2
193,162,1.25,0.4330127018922193,4
193,163,1.6666666666666667,0.4714045207910317,3
193,164,1.6,1.2,5
193,165,1.0,0.0,2
193,166,1.6666666666666667,0.9428090415820634,3
194,0,1.0,0.0,2
194,1,1.0,0.0,1
194,5,1.0,0.0,1
194,6,1.0,0.0,1
194,7,1.0,0.0,1
194,8,1.0,0.0,3
194,9,1.0,0.0,1
194,10,1.0,0.0,2
194,12,1.0,0.0,2
194,14,1.0,0.0,1
194,15,1.0,0.0,2
194,16,2.0,0.0,2
194,17,1.0,0.0,1
194,18,1.0,0.0,1
194,20,1.0,0.0,2
194,30,1.0,0.0,1
194,32,1.0,0.0,3
194,33,1.0,0.0,2
194,34,1.0,0.0,1
194,35,1.0,0.0,1
194,36,1.0,0.0,1
194,37,1.0,0.0,1
194,39,1.0,0.0,1
194,40,2.0,0.0,1
194,41,1.0,0.0,1
194,43,1.0,0.0,1
194,44,1.0,0.0,1
194,45,2.0,0.0,1
194,46,1.0,0.0,1
194,47,1.0,0.0,2
194,48,1.0,0.0,1
194,55,1.0,0.0,1
194,56,1.0,0.0,2
194,58,1.0,0.0,1
194,59,1.0,0.0,1
194,60,1.0,0.0,2
194,61,1.0,0.0,1
194,62,1.25,0.4330127018922193,4
194,63,2.0,0.0,1
194,64,1.5,0.5,2
194,65,1.0,0.0,2
194,66,1.0,0.0,1
194,69,1.0,0.0,1
194,70,1.0,0.0,1
194,72,1.0,0.0,1
194,75,1.0,0.0,2
194,76,1.0,0.0,1
194,78,1.0,0.0,2
194,79,1.0,0.0,2
194,81,1.0,0.0,1
194,83,1.0,0.0,1
194,85,1.0,0.0,2
194,86,1.0,0.0,3
194,87,1.3333333333333333,0.4714045207910317,3
194,88,1.0,0.0,5
194,89,1.0,0.0,3
194,90,1.0,0.0,4
194,91,1.0,0.0,1
194,92,1.0,0.0,1
194,94,1.0,0.0,3
194,95,1.0,0.0,3
194,96,1.0,0.0,2
194,101,1.0,0.0,1
194,103,1.0,0.0,1
194,104,1.0,0.0,2
194,105,1.0,0.0,3
194,106,1.0,0.0,1
194,107,1.0,0.0,1
194,108,1.0,0.0,1
194,109,1.0,0.0,1
194,110,1.3333333333333333,0.4714045207910317,3
194,111,1.0,0.0,1
194,112,1.6666666666666667,0.4714045207910317,3
194,113,2.0,0.0,1
194,114,1.0,0.0,1
194,116,1.0,0.0,2
194,118,2.0,0.0,1
194,119,1.0,0.0,2
194,128,1.0,0.0,1
194,129,1.0,0.0,1
194,130,1.0,0.0,4
194,131,1.0,0.0,3
194,132,1.0,0.0,1
194,134,1.0,0.0,2
194,135,1.0,0.0,3
194,136,1.0,0.0,2
194,138,1.0,0.0,2
194,139,1.0,0.0,1
194,140,1.0,0.0,2
194,142,1.0,0.0,1
194,144,1.0,0.0,1
194,145,1.0,0.0,3
194,149,1.5,0.5,2
194,150,1.0,0.0,1
194,151,2.0,0.0,1
194,153,1.0,0.0,1
194,155,1.0,0.0,2
194,156,1.0,0.0,2
194,157,1.0,0.0,1
194,158,1.25,0.4330127018922193,4
194,159,1.0,0.0,1
194,160,1.0,0.0,3
194,161,1.0,0.0,1
194,162,1.0,0.0,1
194,163,1.0,0.0,1
194,165,1.0,0.0,3
194,166,1.25,0.4330127018922193,4
195,5,1.1666666666666667,0.3726779962499649,6
195,6,1.0,0.0,3
195,7,4.0,1.0,2
195,8,7.2,7.909487973314077,5
195,9,9.666666666666666,6.342099196813483,3
195,10,4.0,2.449489742783178,3
195,11,1.3333333333333333,0.4714045207910317,3
195,12,1.0,0.0,4
195,13,1.0,0.0,2
195,14,1.0,0.0,2
195,15,1.0,0.0,2
195,16,1.0,0.0,5
195,19,1.0,0.0,3
195,20,1.0,0.0,1
195,21,1.0,0.0,2
195,22,1.0,0.0,1
195,23,1.0,0.0,5
195,25,1.0,0.0,1
195,28,1.0,0.0,1
195,29,1.5,0.5,2
195,30,1.0,0.0,2
195,31,1.0,0.0,2
195,33,1.0,0.0,2
195,34,2.0,0.0,1
195,35,1.6666666666666667,0.9428090415820634,3
195,36,2.0,0.0,1
195,37,1.3333333333333333,0.4714045207910317,3
195,38,1.0,0.0,3
195,39,1.0,0.0,2
195,41,1.0,0.0,1
195,42,1.0,0.0,1
195,44,1.0,0.0,2
195,45,1.0,0.0,1
195,46,1.0,0.0,1
195,47,1.0,0.0,1
195,49,1.0,0.0,1
195,51,1.0,0.0,1
195,52,1.0,0.0,1
195,53,1.0,0.0,3
195,54,1.5,0.5,2
195,56,1.5,0.5,2
195,57,1.0,0.0,1
195,58,1.0,0.0,3
195,59,1.0,0.0,1
195,60,1.3333333333333333,0.4714045207910317,3
195,62,1.3333333333333333,0.4714045207910317,3
195,63,1.0,0.0,2
195,65,1.0,0.0,1
195,66,1.0,0.0,2
195,67,1.0,0.0,1
195,68,1.0,0.0,1
195,69,1.5,0.5,2
195,70,1.0,0.0,2
195,71,1.0,0.0,4
195,77,1.0,0.0,2
195,79,1.0,0.0,2
195,80,1.0,0.0,2
195,81,1.0,0.0,1
195,82,1.0,0.0,1
195,83,1.8,0.4,5
195,84,1.0,0.0,1
195,85,1.3333333333333333,0.4714045207910317,3
195,86,1.0,0.0,3
195,88,1.0,0.0,1
195,89,1.0,0.0,1
195,90,1.0,0.0,1
195,92,1.0,0.0,3
195,93,1.0,0.0,2
195,94,2.0,0.0,2
195,95,1.5,0.5,2
195,98,1.0,0.0,1
195,101,1.0,0.0,1
195,102,1.0,0.0,1
195,103,9.0,8.04155872120988,3
195,104,6.0,3.559026084010437,3
195,105,13.5,3.5,2
195,106,11.5,4.5,2
195,107,2.3333333333333335,1.8856180831641267,3
195,108,2.5,0.5,2
195,109,1.2,0.4,5
195,110,2.3333333333333335,1.247219128924647,3
195,111,1.0,0.0,2
195,112,2.0,1.0,2
195,113,1.0,0.0,4
195,114,1.0,0.0,1
195,115,1.0,0.0,1
195,116,1.0,0.0,1
195,118,2.0,0.0,1
195,119,1.0,0.0,2
195,120,1.0,0.0,1
195,127,7.333333333333333,4.4969125210773475,6
195,128,12.285714285714286,6.839262402049042,7
195,129,14.857142857142858,7.548482750641661,7
195,130,8.2,4.445222154178573,5
195,131,1.5,0.5,4
195,132,1.0,0.0,3
195,133,1.3333333333333333,0.4714045207910317,3
195,134,1.0,0.0,1
195,135,1.0,0.0,3
195,136,1.0,0.0,2
195,137,1.0,0.0,2
195,138,1.0,0.0,2
195,139,1.0,0.0,3
195,140,1.0,0.0,3
195,141,1.25,0.4330127018922193,4
195,142,2.0,1.0,2
195,143,1.25,0.4330127018922193,4
195,144,1.0,0.0,3
195,145,1.0,0.0,3
195,150,1.0,0.0,1
195,151,9.333333333333334,1.247219128924647,3
195,152,8.2,6.8527366796047255,5
195,153,11.0,8.740709353364863,5
195,154,13.5,6.5,2
195,155,7.333333333333333,8.956685895029603,3
195,156,3.6666666666666665,3.7712361663282534,3
195,157,1.3333333333333333,0.4714045207910317,3
195,160,1.0,0.0,4
195,161,1.0,0.0,1
195,162,1.0,0.0,2
195,163,1.0,0.0,2
195,164,1.0,0.0,1
195,166,1.0,0.0,2
196,0,1.3333333333333333,0.4714045207910317,3
196,1,2.0,0.0,1
196,6,1.25,0.4330127018922193,4
196,7,1.3333333333333333,0.4714045207910317,3
196,8,1.0,0.0,1
196,9,1.3333333333333333,0.4714045207910317,3
196,10,1.2,0.4,5
196,11,1.0,0.0,2
196,12,1.6666666666666667,0.4714045207910317,3
196,13,1.2,0.4,5
196,14,1.4,0.4898979485566356,5
196,15,1.0,0.0,5
196,16,1.8,0.4,5
196,17,1.0,0.0,1
196,18,1.0,0.0,1
196,19,1.0,0.0,1
196,20,1.0,0.0,2
196,21,1.0,0.0,1
196,22,1.0,0.0,1
196,23,2.0,0.0,1
196,24,1.6666666666666667,0.9428090415820634,3
196,25,1.0,0.0,1
196,29,1.0,0.0,1
196,30,1.0,0.0,3
196,31,1.25,0.4330127018922193,4
196,32,2.0,0.0,1
196,33,1.0,0.0,2
196,34,1.5,0.5,2
196,35,1.0,0.0,3
196,36,1.25,0.4330127018922193,4
196,37,2.0,0.0,1
196,38,1.0,0.0,5
196,39,1.25,0.4330127018922193,4
196,44,1.0,0.0,1
196,46,1.0,0.0,1
196,47,1.0,0.0,2
196,49,1.5,0.5,2
196,54,1.0,0.0,7
196,55,1.0,0.0,4
196,56,1.3333333333333333,0.4714045207910317,3
196,57,2.0,1.0,4
196,58,1.2,0.4000000000000001,5
196,59,1.7142857142857142,0.6998542122237652,7
196,60,1.3333333333333333,0.4714045207910317,3
196,61,1.5,0.8660254037844386,4
196,62,1.0,0.0,4
196,63,1.6666666666666667,0.9428090415820634,3
196,64,1.25,0.4330127018922193,4
196,65,1.5,0.5,2
196,66,1.3333333333333333,0.4714045207910317,3
196,67,1.0,0.0,1
196,68,1.0,0.0,3
196,70,1.0,0.0,2
196,71,1.4,0.4898979485566356,5
196,72,1.0,0.0,1
196,73,1.0,0.0,1
196,77,1.5,0.5,4
196,78,1.0,0.0,3
196,79,1.75,1.299038105676658,4
196,80,1.25,0.4330127018922193,4
196,81,1.0,0.0,3
196,82,1.0,0.0,5
196,83,1.2,0.4000000000000001,5
196,84,1.4285714285714286,0.4948716593053935,7
196,85,1.2857142857142858,0.45175395145262565,7
196,86,1.5,0.5,2
196,87,1.6666666666666667,0.4714045207910317,3
196,88,1.6666666666666667,0.74535599249993,6
196,89,1.0,0.0,2
196,90,1.6666666666666667,0.4714045207910317,3
196,91,1.0,0.0,1
196,92,1.0,0.0,4
196,93,1.0,0.0,2
196,94,1.0,0.0,1
196,96,1.0,0.0,1
196,97,1.0,0.0,2
196,100,1.0,0.0,1
196,101,1.0,0.0,1
196,102,1.5,0.5,2
196,103,1.0,0.0,4
196,104,1.6666666666666667,0.4714045207910317,3
196,105,1.0,0.0,4
196,106,1.0,0.0,3
196,107,1.0,0.0,3
196,108,1.5,0.5,4
196,109,1.1666666666666667,0.3726779962499649,6
196,110,1.6666666666666667,0.7453559924999299,6
196,111,1.4,0.4898979485566356,5
196,112,1.5,0.5,6
196,113,1.0,0.0,1
196,114,1.0,0.0,1
196,115,1.3333333333333333,0.4714045207910317,3
196,117,1.0,0.0,1
196,119,1.3333333333333333,0.4714045207910317,3
196,120,1.0,0.0,2
196,123,1.0,0.0,1
196,126,1.0,0.0,2
196,127,1.0,0.0,1
196,128,1.3333333333333333,0.4714045207910317,3
196,129,1.0,0.0,3
196,130,1.0,0.0,4
196,131,2.0,0.0,1
196,132,1.0,0.0,3
196,133,1.25,0.4330127018922193,4
196,134,1.0,0.0,2
196,135,1.0,0.0,3
196,136,1.5,0.5,2
196,137,1.0,0.0,5
196,138,1.0,0.0,2
196,139,1.3333333333333333,0.4714045207910317,3
196,140,1.0,0.0,1
196,141,1.3333333333333333,0.4714045207910317,3
196,142,1.0,0.0,1
196,143,1.5,0.5,2
196,144,1.0,0.0,1
196,147,1.0,0.0,1
196,149,1.3333333333333333,0.4714045207910317,3
196,151,1.0,0.0,4
196,152,1.0,0.0,3
196,153,1.3333333333333333,0.4714045207910317,3
196,155,1.5,0.5,2
196,156,1.0,0.0,1
196,157,1.5,0.5,2
196,158,1.0,0.0,2
196,160,1.3333333333333333,0.4714045207910317,3
196,161,1.0,0.0,2
196,162,1.3333333333333333,0.4714045207910317,3
196,164,2.5,1.5,2
196,165,1.3333333333333333,0.4714045207910317,3
196,167,1.0,0.0,2
197,0,4.0,0.0,1
197,1,3.0,0.0,1
197,3,1.5,0.5,2
197,4,1.0,0.0,1
197,5,1.1666666666666667,0.3726779962499649,6
197,6,1.0,0.0,6
197,7,1.75,0.4330127018922193,4
197,8,1.3333333333333333,0.4714045207910317,6
197,9,1.25,0.4330127018922193,4
197,10,1.25,0.4330127018922193,4
197,11,1.5,0.5,2
197,12,1.6,0.4898979485566356,5
197,13,2.125,1.6909686573085854,8
197,14,1.5,0.5,4
197,15,1.3333333333333333,0.4714045207910317,6
197,16,1.8333333333333333,0.6871842709362768,6
197,17,1.0,0.0,4
197,18,1.3333333333333333,0.4714045207910317,3
197,19,1.3333333333333333,0.4714045207910317,3
197,20,1.0,0.0,2
197,21,1.0,0.0,1
197,22,1.0,0.0,3
197,23,1.0,0.0,1
197,24,1.0,0.0,2
197,25,1.0,0.0,2
197,26,2.0,0.0,1
197,27,1.0,0.0,1
197,28,1.0,0.0,2
197,29,1.0,0.0,4
197,30,1.3333333333333333,0.4714045207910317,6
197,31,2.5,1.5,4
197,32,1.1666666666666667,0.3726779962499649,6
197,33,1.2,0.4,5
197,34,1.0,0.0,2
197,35,1.2857142857142858,0.45175395145262565,7
197,36,1.2857142857142858,0.45175395145262565,7
197,37,1.4,0.4898979485566356,5
197,38,1.5,0.5,4
197,39,1.4285714285714286,0.4948716593053935,7
197,40,2.4285714285714284,0.4948716593053935,7
197,41,1.6666666666666667,0.4714045207910317,3
197,42,1.0,0.0,2
197,45,1.0,0.0,1
197,46,1.5,0.5,2
197,47,1.0,0.0,2
197,48,2.0,0.0,1
197,49,1.0,0.0,2
197,52,1.0,0.0,2
197,53,1.5,0.5,4
197,54,1.6666666666666667,0.74535599249993,6
197,55,1.4,0.4898979485566356,5
197,56,1.25,0.4330127018922193,4
197,57,1.5,0.7637626158259734,6
197,58,1.5,0.5,4
197,59,1.0,0.0,4
197,60,1.4,0.8000000000000002,5
197,61,1.5714285714285714,0.7284313590846835,7
197,62,1.25,0.4330127018922193,4
197,63,3.0,1.5275252316519468,6
197,64,1.6666666666666667,0.7453559924999299,6
197,65,1.0,0.0,2
197,66,1.25,0.4330127018922193,4
197,67,1.3333333333333333,0.4714045207910317,3
197,69,1.0,0.0,1
197,70,2.0,0.0,1
197,71,1.0,0.0,2
197,72,1.5,0.5,2
197,74,1.0,0.0,1
197,75,1.0,0.0,1
197,76,1.0,0.0,2
197,77,1.2,0.4000000000000001,5
197,78,1.5,0.5,2
197,79,1.1666666666666667,0.3726779962499649,6
197,80,1.125,0.33071891388307384,8
197,81,1.5,0.7637626158259734,6
197,82,1.5,0.7071067811865476,8
197,83,1.75,0.82915619758885,4
197,84,1.1666666666666667,0.3726779962499649,6
197,85,1.2,0.4,5
197,86,2.0,1.0954451150103321,5
197,87,1.375,0.4841229182759271,8
197,88,2.3333333333333335,1.1547005383792515,9
197,89,1.0,0.0,4
197,90,1.0,0.0,4
197,91,1.0,0.0,5
197,92,1.25,0.4330127018922193,4
197,93,1.5,0.5,2
197,94,1.5,0.5,2
197,95,1.25,0.4330127018922193,4
197,96,1.0,0.0,3
197,98,1.0,0.0,2
197,99,1.0,0.0,2
197,100,1.0,0.0,3
197,101,1.0,0.0,3
197,102,1.0,0.0,3
197,103,1.6666666666666667,0.4714045207910317,3
197,104,1.5714285714285714,0.4948716593053935,7
197,105,1.0,0.0,2
197,106,1.1428571428571428,0.3499271061118826,7
197,107,1.5,0.5,4
197,108,1.6,0.8,5
197,109,2.7142857142857144,1.2777531299998797,7
197,110,1.2857142857142858,0.45175395145262565,7
197,111,2.5,1.2583057392117916,6
197,112,2.142857142857143,0.8329931278350429,7
197,113,1.0,0.0,4
197,114,1.0,0.0,2
197,115,1.5,0.5,4
197,116,1.0,0.0,2
197,117,1.0,0.0,4
197,118,1.0,0.0,4
197,119,1.0,0.0,1
197,120,1.0,0.0,2
197,122,1.0,0.0,2
197,123,1.5,0.5,2
197,124,1.0,0.0,2
197,126,1.0,0.0,1
197,127,1.0,0.0,2
197,128,1.5,0.7637626158259734,6
197,129,1.3333333333333333,0.4714045207910317,3
197,130,1.0,0.0,1
197,131,1.6666666666666667,0.4714045207910317,3
197,132,1.3333333333333333,0.4714045207910317,3
197,133,1.4,0.4898979485566356,5
197,134,1.2,0.4,5
197,135,1.25,0.4330127018922193,4
197,136,1.2857142857142858,0.45175395145262565,7
197,137,1.0,0.0,3
197,138,1.0,0.0,1
197,139,1.0,0.0,2
197,142,1.5,0.5,2
197,143,1.0,0.0,1
197,144,2.0,0.0,1
197,145,1.3333333333333333,0.4714045207910317,3
197,146,1.0,0.0,3
197,147,1.0,0.0,1
197,148,1.5,0.5,2
197,149,1.0,0.0,1
197,150,1.0,0.0,3
197,151,1.0,0.0,1
197,152,2.5,0.5,2
197,153,1.0,0.0,1
197,155,1.0,0.0,2
197,156,1.3333333333333333,0.4714045207910317,3
197,157,1.0,0.0,2
197,158,2.0,0.7071067811865476,4
197,159,1.0,0.0,4
197,160,1.0,0.0,3
197,161,1.0,0.0,4
197,162,1.0,0.0,2
197,163,2.0,0.0,1
197,164,1.3333333333333333,0.4714045207910317,3
197,165,3.0,0.0,1
197,166,1.0,0.0,2
197,167,1.0,0.0,1
198,0,1.0,0.0,1
198,1,2.0,0.0,1
198,5,1.0,0.0,2
198,7,1.6666666666666667,0.4714045207910317,3
198,8,1.6666666666666667,0.9428090415820634,3
198,9,1.5,0.5,2
198,10,1.5,0.5,2
198,11,1.0,0.0,3
198,12,1.0,0.0,2
198,13,1.0,0.0,1
198,15,1.0,0.0,1
198,16,1.0,0.0,1
198,20,1.0,0.0,1
198,23,1.0,0.0,2
198,27,1.0,0.0,1
198,29,1.0,0.0,2
198,30,1.0,0.0,1
198,31,1.3333333333333333,0.4714045207910317,3
198,32,1.6666666666666667,0.4714045207910317,3
198,33,2.0,0.0,2
198,34,1.5,0.5,2
198,35,1.0,0.0,1
198,36,1.0,0.0,2
198,37,1.0,0.0,1
198,39,1.0,0.0,2
198,40,1.0,0.0,1
198,43,1.0,0.0,3
198,44,1.0,0.0,1
198,48,1.0,0.0,2
198,49,1.0,0.0,1
198,52,1.0,0.0,2
198,53,1.0,0.0,1
198,54,1.0,0.0,3
198,55,1.6666666666666667,0.9428090415820634,3
198,56,1.0,0.0,1
198,57,1.0,0.0,2
198,58,1.0,0.0,3
198,59,1.0,0.0,2
198,60,1.0,0.0,4
198,61,1.0,0.0,1
198,62,2.0,0.0,1
198,63,1.0,0.0,2
198,65,1.0,0.0,1
198,66,1.0,0.0,1
198,67,1.5,0.5,2
198,68,1.0,0.0,1
198,69,1.0,0.0,2
198,71,1.0,0.0,2
198,72,1.0,0.0,1
198,73,1.0,0.0,1
198,74,1.0,0.0,1
198,78,1.0,0.0,3
198,79,1.0,0.0,1
198,80,1.3333333333333333,0.4714045207910317,3
198,81,1.3333333333333333,0.4714045207910317,3
198,82,1.75,0.82915619758885,4
198,83,1.0,0.0,2
198,84,2.0,0.0,1
198,85,1.0,0.0,1
198,86,1.0,0.0,4
198,88,1.0,0.0,2
198,89,1.0,0.0,1
198,90,1.0,0.0,4
198,92,1.0,0.0,2
198,94,1.0,0.0,1
198,95,2.0,1.0,2
198,97,1.0,0.0,1
198,99,1.0,0.0,2
198,101,1.0,0.0,1
198,102,1.5,0.5,2
198,104,1.0,0.0,1
198,105,1.0,0.0,4
198,106,1.0,0.0,2
198,107,1.0,0.0,3
198,108,1.3333333333333333,0.4714045207910317,3
198,109,1.0,0.0,1
198,110,1.0,0.0,1
198,111,2.0,0.0,1
198,112,1.25,0.4330127018922193,4
198,113,1.0,0.0,2
198,114,1.0,0.0,3
198,116,1.0,0.0,1
198,118,1.0,0.0,1
198,119,1.0,0.0,1
198,120,1.0,0.0,1
198,121,1.0,0.0,1
198,122,2.0,0.816496580927726,3
198,123,1.5,0.5,2
198,124,1.0,0.0,2
198,125,1.0,0.0,2
198,128,1.0,0.0,2
198,129,1.0,0.0,2
198,130,1.0,0.0,2
198,131,1.0,0.0,3
198,132,1.3333333333333333,0.4714045207910317,3
198,133,2.0,1.0,4
198,134,1.0,0.0,1
198,135,1.0,0.0,1
198,136,1.0,0.0,3
198,137,1.0,0.0,1
198,138,1.0,0.0,3
198,139,1.0,0.0,2
198,140,1.0,0.0,1
198,141,1.0,0.0,1
198,142,1.0,0.0,1
198,143,1.0,0.0,1
198,144,4.0,0.0,1
198,145,1.0,0.0,4
198,146,1.5,0.5,2
198,147,1.25,0.4330127018922193,4
198,148,1.75,1.299038105676658,4
198,149,1.0,0.0,1
198,150,1.0,0.0,2
198,153,1.0,0.0,2
198,155,1.0,0.0,2
198,156,1.0,0.0,3
198,157,1.0,0.0,1
198,158,1.0,0.0,2
198,159,1.0,0.0,2
198,160,1.5,0.5,4
198,161,1.5,0.5,2
198,162,1.0,0.0,3
198,163,1.0,0.0,2
198,164,1.0,0.0,2
198,165,1.0,0.0,3
198,166,2.3333333333333335,0.9428090415820634,3
198,167,1.3333333333333333,0.4714045207910317,3
199,14,1.0,0.0,1
199,19,1.0,0.0,1
199,90,1.0,0.0,1
200,6,1.0,0.0,2
200,8,1.0,0.0,2
200,9,1.0,0.0,2
200,10,1.0,0.0,1
200,11,1.0,0.0,1
200,12,2.0,1.0,2
200,13,1.0,0.0,3
200,14,1.0,0.0,3
200,16,1.0,0.0,2
200,17,1.0,0.0,1
200,18,1.0,0.0,1
200,19,1.0,0.0,1
200,20,1.5,0.5,2
200,23,1.0,0.0,1
200,30,1.0,0.0,2
200,31,1.0,0.0,1
200,32,1.0,0.0,2
200,33,1.0,0.0,2
200,34,1.0,0.0,1
200,35,1.0,0.0,1
200,38,1.0,0.0,1
200,39,1.0,0.0,1
200,42,1.0,0.0,2
200,45,1.0,0.0,1
200,46,1.0,0.0,2
200,52,1.0,0.0,1
200,53,1.0,0.0,2
200,54,1.0,0.0,1
200,55,1.25,0.4330127018922193,4
200,56,1.0,0.0,1
200,57,1.0,0.0,2
200,58,1.0,0.0,1
200,59,1.0,0.0,1
200,60,1.3333333333333333,0.4714045207910317,3
200,61,1.0,0.0,4
200,64,1.0,0.0,1
200,66,1.0,0.0,2
200,67,1.0,0.0,2
200,68,1.0,0.0,1
200,69,1.0,0.0,1
200,70,1.0,0.0,1
200,76,1.0,0.0,2
200,77,1.0,0.0,1
200,78,1.0,0.0,2
200,79,1.25,0.4330127018922193,4
200,80,1.0,0.0,3
200,81,1.0,0.0,2
200,82,1.0,0.0,2
200,83,1.0,0.0,3
200,84,1.0,0.0,2
200,85,1.0,0.0,3
200,86,1.0,0.0,1
200,89,1.0,0.0,1
200,90,1.0,0.0,2
200,91,1.0,0.0,2
200,92,1.0,0.0,2
200,93,1.0,0.0,1
200,95,1.0,0.0,1
200,100,1.0,0.0,1
200,101,1.0,0.0,2
200,102,1.0,0.0,1
200,103,1.0,0.0,2
200,104,1.0,0.0,1
200,105,1.0,0.0,3
200,106,1.0,0.0,2
200,107,1.5,0.5,2
200,108,2.0,1.0,2
200,109,1.0,0.0,4
200,110,1.0,0.0,1
200,111,1.0,0.0,1
200,112,1.0,0.0,3
200,114,1.0,0.0,2
200,115,1.0,0.0,1
200,119,1.0,0.0,2
200,124,1.0,0.0,1
200,132,1.0,0.0,2
200,133,1.0,0.0,1
200,135,1.0,0.0,1
200,136,1.0,0.0,1
200,137,1.0,0.0,2
200,141,1.0,0.0,1
200,145,1.0,0.0,2
200,148,1.5,0.5,2
200,152,1.0,0.0,1
200,154,1.0,0.0,2
200,155,1.0,0.0,2
200,156,1.0,0.0,3
200,157,1.0,0.0,1
200,159,1.0,0.0,2
200,160,1.0,0.0,2
200,161,1.0,0.0,1
200,164,2.0,0.0,1
200,165,1.0,0.0,2
200,166,1.0,0.0,1
201,5,1.0,0.0,1
201,6,1.5,0.5,2
201,8,1.0,0.0,1
201,10,1.0,0.0,1
201,12,1.0,0.0,1
201,13,1.0,0.0,1
201,14,1.0,0.0,1
201,16,2.0,0.0,1
201,17,1.0,0.0,2
201,29,1.0,0.0,1
201,30,1.0,0.0,1
201,31,1.0,0.0,1
201,32,1.0,0.0,1
201,35,1.0,0.0,1
201,36,1.0,0.0,2
201,39,1.0,0.0,1
201,43,1.0,0.0,2
201,44,1.0,0.0,1
201,53,1.0,0.0,1
201,54,1.0,0.0,2
201,55,1.0,0.0,2
201,57,1.0,0.0,2
201,59,1.0,0.0,1
201,62,1.0,0.0,1
201,63,1.0,0.0,2
201,64,1.0,0.0,1
201,76,1.0,0.0,1
201,77,1.0,0.0,1
201,78,1.0,0.0,1
201,79,1.0,0.0,1
201,80,1.0,0.0,2
201,81,1.0,0.0,1
201,82,1.0,0.0,1
201,83,1.0,0.0,2
201,84,1.0,0.0,2
201,85,2.0,0.0,1
201,86,1.0,0.0,1
201,87,1.0,0.0,1
201,91,1.0,0.0,1
201,93,1.0,0.0,1
201,101,1.0,0.0,1
201,102,1.0,0.0,3
201,103,1.0,0.0,2
201,104,1.0,0.0,1
201,105,1.0,0.0,3
201,106,2.0,0.0,1
201,107,1.0,0.0,2
201,108,1.0,0.0,1
201,109,1.0,0.0,1
201,111,1.0,0.0,1
201,112,1.0,0.0,3
201,116,1.0,0.0,1
201,117,1.0,0.0,1
201,124,1.0,0.0,1
201,126,1.0,0.0,1
201,127,1.0,0.0,1
201,128,1.0,0.0,1
201,131,1.0,0.0,1
201,132,1.0,0.0,2
201,134,1.0,0.0,1
201,137,1.6666666666666667,0.4714045207910317,3
201,138,1.0,0.0,2
201,139,1.0,0.0,1
201,144,1.0,0.0,1
201,146,2.0,0.0,1
201,147,1.5,0.5,2
201,151,1.0,0.0,1
201,152,1.0,0.0,1
201,164,2.0,0.0,1
201,165,2.0,0.0,1
202,0,1.0,0.0,1
202,5,1.5,0.5,2
202,6,2.0,1.0,2
202,7,2.0,0.0,1
202,8,1.5,0.5,4
202,9,1.0,0.0,4
202,10,3.0,0.0,1
202,11,1.2,0.4000000000000001,5
202,12,1.0,0.0,3
202,13,1.0,0.0,3
202,15,1.0,0.0,2
202,16,1.0,0.0,2
202,17,1.0,0.0,2
202,18,2.0,0.0,1
202,19,2.0,0.0,1
202,22,1.0,0.0,1
202,23,1.0,0.0,1
202,25,1.0,0.0,2
202,27,1.0,0.0,1
202,28,1.0,0.0,1
202,29,1.0,0.0,1
202,30,1.0,0.0,1
202,31,1.0,0.0,4
202,32,1.0,0.0,3
202,33,1.4,0.8,5
202,34,1.0,0.0,5
202,35,1.0,0.0,2
202,36,1.5,0.5,2
202,37,1.0,0.0,3
202,39,1.0,0.0,2
202,40,1.0,0.0,2
202,41,1.5,0.5,2
202,43,1.0,0.0,4
202,44,2.0,0.0,1
202,45,1.0,0.0,1
202,46,1.0,0.0,2
202,49,1.0,0.0,1
202,51,1.0,0.0,3
202,52,1.0,0.0,1
202,54,1.0,0.0,3
202,55,1.0,0.0,4
202,56,2.0,0.0,2
202,57,1.0,0.0,2
202,58,1.0,0.0,3
202,59,1.0,0.0,1
202,60,1.0,0.0,4
202,61,1.0,0.0,1
202,62,1.25,0.4330127018922193,4
202,63,1.3333333333333333,0.4714045207910317,3
202,65,1.0,0.0,3
202,66,1.0,0.0,2
202,67,1.25,0.4330127018922193,4
202,68,1.0,0.0,1
202,69,1.0,0.0,1
202,70,3.0,0.0,1
202,72,1.0,0.0,2
202,73,1.0,0.0,1
202,76,1.0,0.0,4
202,77,1.0,0.0,1
202,78,1.0,0.0,2
202,79,1.0,0.0,1
202,80,1.5,0.5,2
202,81,1.25,0.4330127018922193,4
202,82,1.0,0.0,3
202,83,1.0,0.0,2
202,84,1.0,0.0,1
202,85,1.25,0.4330127018922193,4
202,86,1.0,0.0,3
202,87,1.0,0.0,4
202,88,1.0,0.0,3
202,89,1.0,0.0,3
202,93,1.0,0.0,2
202,94,1.0,0.0,2
202,95,1.3333333333333333,0.4714045207910317,3
202,96,2.0,0.0,1
202,101,1.0,0.0,2
202,102,1.0,0.0,3
202,103,2.0,0.0,1
202,104,1.0,0.0,1
202,105,1.3333333333333333,0.4714045207910317,3
202,106,1.0,0.0,3
202,107,1.0,0.0,2
202,108,1.5,0.5,2
202,109,2.0,1.0,2
202,110,1.0,0.0,1
202,111,1.0,0.0,3
202,112,1.3333333333333333,0.4714045207910317,3
202,113,1.4,0.4898979485566356,5
202,114,1.3333333333333333,0.4714045207910317,3
202,115,1.0,0.0,3
202,116,1.0,0.0,1
202,117,1.5,0.5,2
202,118,1.0,0.0,2
202,120,1.0,0.0,2
202,126,1.0,0.0,1
202,127,1.0,0.0,2
202,128,1.0,0.0,2
202,129,1.0,0.0,1
202,130,1.0,0.0,2
202,131,1.0,0.0,1
202,132,1.3333333333333333,0.4714045207910317,3
202,133,1.0,0.0,2
202,134,1.2,0.4,5
202,135,1.0,0.0,2
202,136,1.0,0.0,1
202,137,1.0,0.0,2
202,138,1.0,0.0,2
202,139,1.0,0.0,3
202,140,1.0,0.0,1
202,141,1.0,0.0,1
202,142,1.0,0.0,2
202,143,1.5,0.5,2
202,144,1.0,0.0,1
202,146,1.0,0.0,3
202,147,1.0,0.0,1
202,148,1.0,0.0,2
202,149,1.0,0.0,3
202,150,2.0,0.0,1
202,151,1.0,0.0,1
202,152,1.5,0.5,4
202,153,1.5,0.5,4
202,154,1.0,0.0,3
202,155,1.0,0.0,3
202,156,1.0,0.0,2
202,157,1.0,0.0,2
202,158,1.0,0.0,2
202,159,1.3333333333333333,0.4714045207910317,3
202,160,1.0,0.0,3
202,161,1.0,0.0,1
202,162,1.0,0.0,1
202,163,1.5,0.5,2
202,164,2.5,0.5,2
202,165,1.0,0.0,1
202,167,1.0,0.0,2
203,4,1.0,0.0,1
203,5,1.8,0.7483314773547883,5
203,6,1.0,0.0,1
203,7,1.25,0.4330127018922193,4
203,8,1.3333333333333333,0.4714045207910317,3
203,9,1.0,0.0,1
203,10,1.5,0.5,2
203,12,1.0,0.0,2
203,13,1.0,0.0,2
203,14,1.0,0.0,4
203,15,1.0,0.0,2
203,16,1.6666666666666667,0.9428090415820634,3
203,17,1.0,0.0,1
203,19,1.0,0.0,1
203,23,2.0,0.0,1
203,28,1.0,0.0,3
203,29,1.5,0.5,6
203,30,1.0,0.0,3
203,31,1.0,0.0,2
203,32,1.0,0.0,3
203,33,1.5,0.5,2
203,34,1.0,0.0,3
203,35,1.0,0.0,1
203,36,1.0,0.0,1
203,37,1.0,0.0,2
203,38,1.0,0.0,1
203,39,1.0,0.0,1
203,40,1.0,0.0,2
203,41,2.0,0.0,1
203,42,1.0,0.0,3
203,43,1.0,0.0,1
203,52,1.0,0.0,4
203,53,2.142857142857143,0.8329931278350429,7
203,54,1.0,0.0,2
203,55,1.4,0.4898979485566356,5
203,56,1.0,0.0,2
203,57,1.6,0.8,5
203,58,1.0,0.0,2
203,59,1.0,0.0,4
203,60,1.6,0.4898979485566356,5
203,61,1.0,0.0,2
203,62,1.0,0.0,2
203,66,1.0,0.0,2
203,73,1.0,0.0,1
203,76,1.0,0.0,2
203,77,1.375,0.4841229182759271,8
203,78,1.6666666666666667,0.4714045207910317,3
203,79,1.4,0.4898979485566356,5
203,80,1.0,0.0,4
203,81,1.0,0.0,3
203,82,1.0,0.0,1
203,83,1.5,0.5,4
203,84,1.0,0.0,1
203,87,1.0,0.0,2
203,88,1.0,0.0,2
203,89,1.0,0.0,1
203,90,1.0,0.0,1
203,95,1.0,0.0,2
203,96,1.0,0.0,1
203,99,1.0,0.0,1
203,100,1.0,0.0,5
203,101,1.7142857142857142,1.0301575072754254,7
203,102,1.0,0.0,2
203,103,1.3333333333333333,0.4714045207910317,3
203,104,1.5,0.5,4
203,105,1.0,0.0,3
203,106,1.0,0.0,2
203,107,1.0,0.0,2
203,109,1.0,0.0,3
203,111,1.0,0.0,1
203,112,1.0,0.0,3
203,113,1.0,0.0,1
203,114,1.0,0.0,1
203,115,1.0,0.0,1
203,120,1.0,0.0,1
203,125,1.0,0.0,1
203,126,1.0,0.0,1
203,128,1.6666666666666667,0.9428090415820634,3
203,129,1.0,0.0,1
203,130,1.0,0.0,2
203,131,1.0,0.0,1
203,132,1.0,0.0,1
203,134,1.0,0.0,2
203,135,1.0,0.0,1
203,136,1.0,0.0,1
203,139,1.0,0.0,1
203,142,1.0,0.0,1
203,149,1.0,0.0,1
203,150,1.0,0.0,1
203,151,1.0,0.0,3
203,152,1.0,0.0,1
203,160,1.0,0.0,1
203,161,1.0,0.0,1
203,162,1.0,0.0,1
203,163,1.0,0.0,2
203,165,2.0,1.4142135623730951,3
203,166,1.0,0.0,1
203,167,1.0,0.0,2
204,10,1.0,0.0,1
205,3,1.0,0.0,1
205,4,1.5,0.5,2
205,5,1.25,0.4330127018922193,4
205,6,2.0,0.0,3
205,7,1.3333333333333333,0.7453559924999299,6
205,8,1.75,0.4330127018922193,4
205,9,1.0,0.0,5
205,10,1.25,0.4330127018922193,4
205,11,1.75,0.4330127018922193,4
205,12,1.5,0.8660254037844386,4
205,13,2.0,0.0,2
205,14,1.0,0.0,1
205,15,1.0,0.0,2
205,16,1.0,0.0,3
205,17,1.0,0.0,1
205,18,2.0,0.0,1
205,20,1.0,0.0,1
205,22,1.0,0.0,1
205,23,1.0,0.0,1
205,25,1.0,0.0,1
205,28,1.5,0.5,4
205,29,2.0,1.0,6
205,30,1.1666666666666667,0.3726779962499649,6
205,31,2.0,0.6324555320336759,5
205,32,1.8571428571428572,0.8329931278350429,7
205,33,1.5,0.5,4
205,34,1.6666666666666667,0.74535599249993,6
205,35,1.6666666666666667,0.9428090415820634,6
205,36,3.0,0.0,2
205,37,1.3333333333333333,0.4714045207910317,3
205,38,1.75,0.82915619758885,4
205,39,1.6,0.8,5
205,40,1.0,0.0,2
205,41,1.3333333333333333,0.4714045207910317,3
205,42,2.0,0.0,1
205,43,1.0,0.0,1
205,45,1.0,0.0,2
205,48,1.0,0.0,1
205,51,1.0,0.0,2
205,52,1.5,0.8660254037844386,4
205,53,1.4285714285714286,0.4948716593053935,7
205,54,1.5,0.5,4
205,55,1.5714285714285714,0.9035079029052513,7
205,56,2.8,1.6,5
205,57,1.7142857142857142,1.0301575072754257,7
205,58,1.2,0.4,5
205,59,1.8333333333333333,0.6871842709362768,6
205,60,1.2,0.4000000000000001,5
205,61,1.5,0.8660254037844386,4
205,62,1.0,0.0,3
205,63,1.4,0.8000000000000002,5
205,64,1.3333333333333333,0.4714045207910317,3
205,65,1.1666666666666667,0.3726779962499649,6
205,67,1.0,0.0,1
205,69,1.0,0.0,1
205,71,1.0,0.0,1
205,75,1.0,0.0,1
205,76,2.0,0.6324555320336759,5
205,77,1.6666666666666667,0.9428090415820634,6
205,78,2.3333333333333335,0.9428090415820634,6
205,79,1.3333333333333333,0.4714045207910317,6
205,80,2.75,0.82915619758885,4
205,81,1.5,1.118033988749895,6
205,82,1.8,1.1661903789690604,5
205,83,1.2,0.4000000000000001,5
205,84,1.8571428571428572,0.8329931278350429,7
205,85,1.4,0.4898979485566356,5
205,86,1.0,0.0,2
205,87,1.0,0.0,2
205,88,1.0,0.0,1
205,89,1.0,0.0,2
205,90,1.0,0.0,2
205,91,1.0,0.0,4
205,93,1.0,0.0,1
205,94,1.0,0.0,1
205,95,1.0,0.0,1
205,96,2.0,0.0,1
205,98,1.0,0.0,1
205,99,1.0,0.0,1
205,100,1.0,0.0,3
205,101,1.4285714285714286,0.7284313590846835,7
205,102,1.75,1.299038105676658,4
205,103,2.1666666666666665,1.674979270186815,6
205,104,2.75,1.479019945774904,4
205,105,1.5,0.7071067811865476,8
205,106,1.5,0.5,2
205,107,1.8,1.1661903789690602,5
205,108,1.8333333333333333,0.6871842709362768,6
205,109,1.5,0.5,2
205,110,1.75,0.82915619758885,4
205,111,1.2,0.4000000000000001,5
205,112,1.0,0.0,4
205,113,1.0,0.0,2
205,114,2.0,0.0,1
205,115,1.0,0.0,1
205,116,1.0,0.0,2
205,117,1.0,0.0,2
205,120,1.0,0.0,1
205,123,1.0,0.0,1
205,126,1.0,0.0,2
205,127,1.0,0.0,1
205,128,1.0,0.0,4
205,129,1.25,0.4330127018922193,4
205,130,1.2,0.4000000000000001,5
205,131,1.0,0.0,3
205,132,1.3333333333333333,0.4714045207910317,3
205,133,1.0,0.0,1
205,134,1.0,0.0,3
205,135,1.0,0.0,1
205,136,1.3333333333333333,0.4714045207910317,3
205,137,1.5,0.5,2
205,138,1.3333333333333333,0.4714045207910317,3
205,139,1.0,0.0,1
205,142,1.0,0.0,1
205,148,1.0,0.0,1
205,150,1.0,0.0,1
205,151,1.0,0.0,3
205,152,1.5,0.8660254037844386,8
205,153,1.6,0.4898979485566356,5
205,154,1.0,0.0,1
205,155,1.0,0.0,2
205,156,1.0,0.0,2
205,157,1.0,0.0,2
205,158,1.0,0.0,3
205,159,1.0,0.0,3
205,161,1.0,0.0,2
205,162,1.0,0.0,2
205,163,1.0,0.0,1
205,164,1.0,0.0,1
205,165,1.0,0.0,1
205,166,1.0,0.0,1
205,167,2.0,1.0,2
206,69,1.0,0.0,1
206,100,2.0,0.0,1
207,7,1.25,0.4330127018922193,4
207,8,1.3333333333333333,0.4714045207910317,3
207,9,3.0,2.160246899469287,3
207,10,1.5,0.5,4
207,11,1.6,1.2000000000000002,5
207,12,1.6666666666666667,0.4714045207910317,6
207,13,1.3333333333333333,0.4714045207910317,3
207,14,1.0,0.0,1
207,15,1.0,0.0,1
207,17,1.0,0.0,1
207,20,1.0,0.0,2
207,22,1.0,0.0,1
207,23,1.0,0.0,1
207,30,1.0,0.0,1
207,31,1.5,0.5,2
207,32,1.5,0.5,2
207,33,2.25,0.82915619758885,4
207,34,2.0,0.6324555320336759,5
207,35,1.6666666666666667,0.4714045207910317,6
207,36,1.6,0.8,5
207,37,1.0,0.0,3
207,38,1.0,0.0,1
207,39,1.0,0.0,1
207,40,1.0,0.0,3
207,53,1.0,0.0,2
207,55,1.4,0.4898979485566356,5
207,56,1.0,0.0,5
207,57,1.7142857142857142,0.6998542122237652,7
207,58,2.25,1.299038105676658,8
207,59,2.0,1.0,8
207,60,2.375,1.4947825928876748,8
207,61,2.0,0.0,1
207,62,1.0,0.0,1
207,68,1.0,0.0,1
207,70,1.0,0.0,1
207,71,1.0,0.0,1
207,77,1.5,0.5,2
207,79,1.3333333333333333,0.74535599249993,6
207,80,2.0,0.0,5
207,81,1.5714285714285714,0.9035079029052513,7
207,82,1.8571428571428572,1.355261854357877,7
207,83,1.8333333333333333,0.8975274678557508,6
207,84,2.1666666666666665,1.0671873729054748,6
207,85,1.0,0.0,1
207,86,1.0,0.0,2
207,87,1.0,0.0,1
207,88,1.0,0.0,1
207,95,1.0,0.0,1
207,102,1.0,0.0,2
207,103,1.0,0.0,4
207,104,1.6,0.4898979485566356,5
207,105,1.8571428571428572,0.6388765649999398,7
207,106,2.5,0.8660254037844386,4
207,107,2.142857142857143,0.8329931278350429,7
207,108,2.5714285714285716,0.9035079029052513,7
207,109,1.3333333333333333,0.4714045207910317,3
207,110,1.0,0.0,2
207,112,1.0,0.0,3
207,114,1.0,0.0,1
207,116,1.0,0.0,2
207,117,2.0,0.0,1
207,118,1.0,0.0,1
207,133,1.0,0.0,1
207,134,1.0,0.0,1
207,137,1.0,0.0,1
207,142,1.0,0.0,1
207,156,1.0,0.0,1
207,159,1.0,0.0,1
207,161,1.0,0.0,2
207,166,1.0,0.0,2
208,0,1.0,0.0,2
208,1,1.0,0.0,2
208,6,1.3333333333333333,0.4714045207910317,3
208,7,1.0,0.0,2
208,9,1.5,0.5,2
208,10,1.0,0.0,3
208,11,1.0,0.0,1
208,14,1.0,0.0,2
208,15,1.0,0.0,1
208,16,1.0,0.0,1
208,17,1.0,0.0,1
208,18,1.0,0.0,1
208,19,1.0,0.0,1
208,20,1.0,0.0,4
208,21,1.0,0.0,1
208,25,1.0,0.0,1
208,29,1.0,0.0,1
208,30,1.0,0.0,3
208,31,1.0,0.0,1
208,33,1.0,0.0,3
208,34,1.0,0.0,4
208,36,1.0,0.0,1
208,37,2.0,0.0,1
208,38,1.0,0.0,2
208,40,1.0,0.0,1
208,42,1.5,0.5,2
208,44,1.0,0.0,1
208,45,1.0,0.0,1
208,47,1.0,0.0,1
208,53,1.0,0.0,3
208,54,1.3333333333333333,0.4714045207910317,3
208,56,1.2,0.4,5
208,57,1.0,0.0,2
208,58,1.0,0.0,3
208,59,1.0,0.0,2
208,60,1.0,0.0,1
208,61,1.0,0.0,2
208,62,2.0,0.0,1
208,63,1.5,0.5,2
208,64,1.0,0.0,1
208,66,1.0,0.0,3
208,77,1.25,0.4330127018922193,4
208,78,1.0,0.0,2
208,79,1.0,0.0,2
208,80,1.0,0.0,1
208,81,1.0,0.0,2
208,82,1.6666666666666667,0.4714045207910317,3
208,83,1.0,0.0,5
208,84,1.0,0.0,4
208,85,1.0,0.0,2
208,87,1.0,0.0,3
208,89,1.0,0.0,2
208,90,1.25,0.4330127018922193,4
208,92,1.0,0.0,1
208,93,1.0,0.0,1
208,95,1.0,0.0,1
208,101,1.2,0.4000000000000001,5
208,102,1.0,0.0,2
208,104,1.5,0.5,2
208,105,1.0,0.0,1
208,106,1.0,0.0,4
208,107,1.0,0.0,2
208,108,1.5,0.5,2
208,109,1.0,0.0,1
208,110,1.0,0.0,1
208,111,1.0,0.0,2
208,114,1.0,0.0,1
208,115,1.0,0.0,1
208,124,1.0,0.0,2
208,126,1.0,0.0,2
208,130,1.0,0.0,2
208,131,1.0,0.0,3
208,132,1.0,0.0,2
208,134,1.0,0.0,1
208,135,1.3333333333333333,0.4714045207910317,3
208,136,2.0,0.0,1
208,141,1.0,0.0,1
208,143,1.3333333333333333,0.4714045207910317,3
208,144,1.0,0.0,2
208,145,1.0,0.0,1
208,149,1.0,0.0,1
208,152,1.0,0.0,3
208,157,1.0,0.0,1
208,160,1.0,0.0,2
208,161,1.5,0.5,2
208,164,1.0,0.0,1
208,165,1.0,0.0,1
208,167,1.0,0.0,1
209,0,1.4,0.8000000000000002,5
209,1,1.1666666666666667,0.3726779962499649,6
209,2,1.0,0.0,1
209,3,1.0,0.0,1
209,4,1.25,0.4330127018922193,4
209,5,1.0,0.0,3
209,6,1.5714285714285714,0.7284313590846835,7
209,7,5.285714285714286,1.979486637221574,7
209,8,5.571428571428571,3.5799897388976194,7
209,9,5.625,1.9324531042175384,8
209,10,5.125,1.3635890143294642,8
209,11,6.625,1.8666480653835098,8
209,12,6.25,3.031088913245535,8
209,13,5.75,3.307189138830738,8
209,14,10.125,2.315032397181517,8
209,15,9.625,3.3517719194479807,8
209,16,6.5,3.427827300200522,8
209,17,10.875,3.9191038516477206,8
209,18,10.875,4.807221130757353,8
209,19,11.125,2.9764702249476644,8
209,20,11.25,2.9047375096555625,8
209,21,11.375,4.662014049742879,8
209,22,9.0,4.898979485566356,8
209,23,4.75,3.112474899497183,8
209,24,2.7142857142857144,1.9059520091609048,7
209,25,1.7142857142857142,1.3850513878332367,7
209,26,1.3333333333333333,0.4714045207910317,3
209,27,1.0,0.0,1
209,28,1.5,0.5,2
209,29,1.3333333333333333,0.4714045207910317,3
209,30,1.6666666666666667,0.74535599249993,6
209,31,3.5,1.4142135623730951,8
209,32,4.25,3.344772040064913,8
209,33,6.5,2.5,8
209,34,7.0,3.122498999199199,8
209,35,6.25,2.48746859276655,8
209,36,6.375,2.7357585785299112,8
209,37,8.375,4.090767042988393,8
209,38,9.125,3.2572035551988456,8
209,39,11.0,3.840572873934304,8
209,40,10.25,3.992179855667828,8
209,41,12.25,2.9895651857753496,8
209,42,15.75,5.825590098865522,8
209,43,11.75,2.7271780286589284,8
209,44,13.5,5.894913061275798,8
209,45,14.125,5.441449714919729,8
209,46,13.0,6.910137480542627,8
209,47,7.375,6.613197033205649,8
209,48,4.833333333333333,2.9107081994288304,6
209,49,1.8571428571428572,0.989743318610787,7
209,50,1.3333333333333333,0.4714045207910317,3
209,51,1.0,0.0,1
209,52,2.0,1.0,4
209,53,1.5,0.5,2
209,54,2.0,1.0954451150103321,5
209,55,3.888888888888889,1.7284832429004495,9
209,56,5.666666666666667,2.70801280154532,9
209,57,6.444444444444445,2.7125679146074893,9
209,58,5.666666666666667,2.449489742783178,9
209,59,7.222222222222222,3.3259176771323924,9
209,60,6.888888888888889,2.6851213274654606,9
209,61,7.777777777777778,2.3934065809486684,9
209,62,10.11111111111111,2.806517986736686,9
209,63,10.333333333333334,2.9059326290271157,9
209,64,9.666666666666666,3.6209268304000717,9
209,65,14.777777777777779,4.8711800481739935,9
209,66,15.0,2.5385910352879693,9
209,67,14.222222222222221,4.184037863058384,9
209,68,17.22222222222222,5.995883361436463,9
209,69,19.88888888888889,6.723829009069897,9
209,70,19.11111111111111,8.646700648152764,9
209,71,12.444444444444445,5.013561854523768,9
209,72,5.111111111111111,3.4138425546082702,9
209,73,2.3333333333333335,1.4142135623730951,9
209,74,1.3333333333333333,0.4714045207910317,6
209,75,1.3333333333333333,0.4714045207910317,3
209,76,2.5,0.5,2
209,77,1.4,0.4898979485566356,5
209,78,1.6666666666666667,0.74535599249993,6
209,79,4.125,3.0998991919093113,8
209,80,5.666666666666667,2.9059326290271157,9
209,81,6.333333333333333,2.943920288775949,9
209,82,7.666666666666667,4.109609335312651,9
209,83,7.375,2.8695600708122493,8
209,84,8.555555555555555,2.629368792488718,9
209,85,10.444444444444445,2.3622546250521443,9
209,86,10.333333333333334,3.681787005729087,9
209,87,11.11111111111111,3.314763086705844,9
209,88,9.222222222222221,3.3591592128513272,9
209,89,13.88888888888889,4.863570806275397,9
209,90,17.333333333333332,3.366501646120693,9
209,91,17.444444444444443,4.030746032714901,9
209,92,17.77777777777778,8.991079255175071,9
209,93,20.11111111111111,5.342584568965026,9
209,94,21.444444444444443,10.446808243149473,9
209,95,16.77777777777778,11.688339657565452,9
209,96,13.222222222222221,9.040375825247997,9
209,97,6.888888888888889,5.32174667325691,9
209,98,5.166666666666667,3.7155828016013257,6
209,99,1.6666666666666667,0.9428090415820634,3
209,100,1.0,0.0,7
209,101,1.2857142857142858,0.45175395145262565,7
209,102,1.0,0.0,4
209,103,3.0,2.160246899469287,9
209,104,5.5,3.278719262151,8
209,105,5.888888888888889,3.784308081316978,9
209,106,5.333333333333333,1.4142135623730951,9
209,107,6.444444444444445,2.0608041101101566,9
209,108,8.0,3.5276684147527875,9
209,109,9.222222222222221,2.779999111821512,9
209,110,13.0,2.3570226039551585,9
209,111,14.222222222222221,2.657391276244755,9
209,112,14.444444444444445,3.201080064641763,9
209,113,17.11111111111111,5.065009475573992,9
209,114,18.666666666666668,6.5149400952306875,9
209,115,17.11111111111111,5.445578113263488,9
209,116,16.333333333333332,2.9059326290271157,9
209,117,16.666666666666668,6.3595946761129705,9
209,118,15.666666666666666,7.195677714974301,9
209,119,18.666666666666668,9.092121131323903,9
209,120,19.88888888888889,10.33273594450015,9
209,121,18.444444444444443,9.226906440900752,9
209,122,9.777777777777779,6.142344427149001,9
209,123,6.375,3.9350190596742984,8
209,124,2.875,2.1469455046647083,8
209,125,1.5714285714285714,0.7284313590846835,7
209,126,1.7142857142857142,0.6998542122237652,7
209,127,1.5,0.7071067811865476,8
209,128,3.3333333333333335,2.0,9
209,129,5.333333333333333,2.748737083745107,9
209,130,7.111111111111111,3.1071403231354586,9
209,131,9.0,4.0,9
209,132,12.666666666666666,4.618802153517006,9
209,133,14.333333333333334,4.714045207910317,9
209,134,17.555555555555557,4.809969071536303,9
209,135,16.333333333333332,4.988876515698588,9
209,136,14.11111111111111,4.280302285390716,9
209,137,18.22222222222222,5.691665988829199,9
209,138,20.22222222222222,7.941141504535839,9
209,139,22.444444444444443,9.639169064131698,9
209,140,18.88888888888889,6.967295736262615,9
209,141,18.0,6.0,9
209,142,17.77777777777778,7.0044077833219935,9
209,143,17.11111111111111,7.992280225935309,9
209,144,19.444444444444443,11.106665777422045,9
209,145,16.22222222222222,11.360533807663343,9
209,146,8.333333333333334,6.7494855771055295,9
209,147,6.75,4.683748498798798,8
209,148,1.8571428571428572,1.355261854357877,7
209,149,1.5,0.8660254037844386,4
209,150,1.4,0.4898979485566356,5
209,151,1.3333333333333333,0.47140452079103173,6
209,152,2.5,1.224744871391589,8
209,153,5.0,3.4318767136623336,9
209,154,7.777777777777778,2.779999111821512,9
209,155,6.555555555555555,2.4088314876309775,9
209,156,8.666666666666666,2.8674417556808756,9
209,157,11.0,3.711842908553348,9
209,158,12.0,3.5901098714230026,9
209,159,12.0,3.5901098714230026,9
209,160,10.444444444444445,4.524282904778295,9
209,161,13.88888888888889,3.3481153718487473,9
209,162,11.777777777777779,4.661372658534007,9
209,163,9.88888888888889,2.282515398241571,9
209,164,12.444444444444445,3.8618104882183926,9
209,165,11.333333333333334,4.0276819911981905,9
209,166,6.888888888888889,2.960647243216495,9
209,167,5.142857142857143,2.0303814862216996,7
210,5,1.0,0.0,1
210,6,1.25,0.4330127018922193,4
210,7,1.3333333333333333,0.4714045207910317,3
210,8,1.75,0.82915619758885,4
210,9,1.3333333333333333,0.4714045207910317,3
210,10,1.0,0.0,2
210,11,1.5,0.5,4
210,13,1.0,0.0,1
210,15,1.0,0.0,3
210,16,1.0,0.0,1
210,17,1.0,0.0,1
210,22,1.0,0.0,1
210,28,1.0,0.0,1
210,29,1.0,0.0,1
210,30,1.3333333333333333,0.4714045207910317,3
210,31,1.0,0.0,1
210,32,1.0,0.0,5
210,33,1.3333333333333333,0.4714045207910317,3
210,34,1.0,0.0,1
210,35,1.5,0.5,2
210,36,1.0,0.0,1
210,38,2.0,0.0,1
210,39,1.3333333333333333,0.4714045207910317,3
210,41,1.3333333333333333,0.4714045207910317,3
210,42,2.0,0.0,1
210,45,1.0,0.0,1
210,48,1.0,0.0,1
210,52,1.0,0.0,1
210,53,1.0,0.0,1
210,55,1.0,0.0,2
210,56,1.5,0.5,6
210,57,1.0,0.0,5
210,58,1.0,0.0,3
210,59,1.6666666666666667,0.9428090415820634,3
210,60,1.0,0.0,2
210,61,1.0,0.0,3
210,62,1.0,0.0,2
210,64,1.0,0.0,2
210,65,1.0,0.0,1
210,66,1.0,0.0,1
210,67,1.0,0.0,1
210,71,1.0,0.0,2
210,72,1.0,0.0,1
210,74,2.0,0.0,1
210,76,1.0,0.0,1
210,78,1.25,0.4330127018922193,4
210,79,1.3333333333333333,0.4714045207910317,3
210,80,1.3333333333333333,0.4714045207910317,6
210,81,1.25,0.4330127018922193,4
210,82,1.3333333333333333,0.4714045207910317,3
210,83,1.0,0.0,3
210,84,1.0,0.0,4
210,85,1.0,0.0,3
210,86,1.0,0.0,4
210,87,1.0,0.0,1
210,88,1.0,0.0,1
210,89,1.0,0.0,2
210,90,1.0,0.0,1
210,95,1.0,0.0,1
210,101,1.0,0.0,1
210,102,1.0,0.0,2
210,103,1.5,0.5,2
210,104,1.0,0.0,4
210,105,1.0,0.0,3
210,106,1.4,0.4898979485566356,5
210,107,2.0,1.0,2
210,108,1.0,0.0,3
210,109,1.0,0.0,2
210,110,1.0,0.0,3
210,112,1.0,0.0,2
210,113,1.0,0.0,1
210,114,1.0,0.0,1
210,116,1.5,0.5,2
210,119,1.0,0.0,1
210,120,1.0,0.0,1
210,124,1.0,0.0,1
210,126,1.5,0.5,2
210,128,1.0,0.0,1
210,129,1.0,0.0,1
210,130,1.3333333333333333,0.4714045207910317,3
210,131,1.0,0.0,1
210,135,1.0,0.0,1
210,137,1.0,0.0,1
210,138,1.0,0.0,1
210,139,1.0,0.0,1
210,145,2.0,0.0,1
210,152,1.0,0.0,2
210,153,1.0,0.0,4
210,154,1.0,0.0,3
210,156,1.0,0.0,1
210,157,1.0,0.0,5
210,160,1.0,0.0,1
210,163,1.0,0.0,1
210,166,1.0,0.0,2
211,0,9.0,2.449489742783178,8
211,1,5.142857142857143,3.2261685116103473,7
211,2,1.1666666666666667,0.3726779962499649,6
211,3,1.2857142857142858,0.45175395145262565,7
211,4,2.3333333333333335,0.9428090415820634,3
211,5,1.7142857142857142,1.0301575072754254,7
211,6,3.125,1.4523687548277813,8
211,7,9.125,4.78114787472632,8
211,8,11.5,5.267826876426369,8
211,9,12.875,3.75624480032918,8
211,10,17.625,5.02338282435253,8
211,11,27.5,6.6332495807108,8
211,12,29.375,9.860749210886564,8
211,13,33.75,10.084022015049353,8
211,14,38.0,6.670832032063167,8
211,15,39.625,9.771610665596537,8
211,16,44.625,6.927075501248705,8
211,17,43.125,7.55707450009592,8
211,18,47.0,16.469669092000604,8
211,19,35.5,10.44030650891055,8
211,20,32.0,10.124228365658293,8
211,21,34.875,11.805057179022896,8
211,22,35.25,11.986972094736853,8
211,23,19.875,8.237680195297703,8
211,24,7.875,3.9823830805184977,8
211,25,4.714285714285714,1.6659862556700857,7
211,26,2.5,0.8660254037844386,8
211,27,1.5,0.5,4
211,28,2.25,1.299038105676658,8
211,29,1.7142857142857142,0.880630571852711,7
211,30,2.75,1.6393596310755,8
211,31,7.375,2.7810744326608736,8
211,32,11.375,4.270172713134681,8
211,33,15.0,2.9154759474226504,8
211,34,17.875,5.035809269620922,8
211,35,32.375,7.696387139431072,8
211,36,36.0,3.427827300200522,8
211,37,46.25,8.272696053887149,8
211,38,43.5,6.800735254367722,8
211,39,50.5,4.716990566028302,8
211,40,48.625,11.521040534604502,8
211,41,50.5,11.124297730643494,8
211,42,57.5,13.518505834595775,8
211,43,50.875,10.055315758343943,8
211,44,49.625,16.324349144759186,8
211,45,61.625,19.6210187044404,8
211,46,58.125,17.828611134914574,8
211,47,35.666666666666664,21.457969252574774,9
211,48,22.88888888888889,12.206049906541741,9
211,49,6.555555555555555,3.5311663515712675,9
211,50,3.5555555555555554,1.892154040658489,9
211,51,1.8571428571428572,0.8329931278350429,7
211,52,2.0,0.0,2
211,53,2.0,1.118033988749895,8
211,54,3.375,2.057759704144291,8
211,55,8.777777777777779,3.9938223901358727,9
211,56,16.444444444444443,5.7370358415224825,9
211,57,17.666666666666668,6.429100507328637,9
211,58,22.0,4.760952285695233,9
211,59,28.555555555555557,6.378977819736589,9
211,60,37.666666666666664,8.04155872120988,9
211,61,38.22222222222222,8.21621402103829,9
211,62,43.55555555555556,8.015417243053971,9
211,63,49.111111111111114,9.206814438162933,9
211,64,49.666666666666664,9.47511360236793,9
211,65,59.44444444444444,13.49165265480937,9
211,66,61.77777777777778,8.066085072391793,9
211,67,54.333333333333336,10.583005244258363,9
211,68,55.666666666666664,14.544949486180952,9
211,69,63.888888888888886,21.522311133872446,9
211,70,65.33333333333333,23.767391293301184,9
211,71,48.22222222222222,19.065837847823687,9
211,72,32.111111111111114,11.367052236319223,9
211,73,19.444444444444443,8.36807572611677,9
211,74,13.222222222222221,9.986410519387254,9
211,75,5.555555555555555,3.861810488218392,9
211,76,2.4285714285714284,1.178030178747903,7
211,77,1.7142857142857142,0.6998542122237652,7
211,78,2.75,1.1989578808281798,8
211,79,8.666666666666666,5.312459150169742,9
211,80,15.444444444444445,6.881716696534232,9
211,81,18.88888888888889,6.999118110232721,9
211,82,23.666666666666668,8.29993306532582,9
211,83,27.0,4.346134936801766,9
211,84,37.111111111111114,8.10273540155757,9
211,85,43.333333333333336,11.953614051360738,9
211,86,46.0,14.39907404430345,9
211,87,48.44444444444444,17.372462955372864,9
211,88,47.666666666666664,14.445299120013633,9
211,89,57.77777777777778,17.42780522790315,9
211,90,65.11111111111111,18.651448823345508,9
211,91,53.55555555555556,12.841868253759403,9
211,92,61.55555555555556,21.75679261038626,9
211,93,60.666666666666664,22.997584414213787,9
211,94,71.33333333333333,28.63952203201412,9
211,95,61.22222222222222,27.07100859171744,9
211,96,54.55555555555556,25.95770539041929,9
211,97,54.0,14.849242404917497,8
211,98,25.77777777777778,12.838983845026036,9
211,99,10.444444444444445,4.855949640758257,9
211,100,3.5555555555555554,2.1140330656044943,9
211,101,2.2222222222222223,1.1331154474650633,9
211,102,4.0,1.5634719199411433,9
211,103,5.666666666666667,2.309401076758503,9
211,104,10.777777777777779,5.072316538005923,9
211,105,14.666666666666666,5.333333333333333,9
211,106,22.88888888888889,4.581228472908512,9
211,107,31.11111111111111,5.762801102173306,9
211,108,39.22222222222222,9.43725216337159,9
211,109,42.666666666666664,8.602325267042627,9
211,110,54.333333333333336,10.09950493836208,9
211,111,68.66666666666667,12.995725793078618,9
211,112,65.88888888888889,11.742084278775918,9
211,113,63.888888888888886,11.179787758315793,9
211,114,75.44444444444444,11.136637345178512,9
211,115,62.44444444444444,13.458670159757084,9
211,116,51.55555555555556,11.383331977658399,9
211,117,51.0,8.894442709417556,9
211,118,57.333333333333336,16.193277068654826,9
211,119,72.33333333333333,26.288992204173805,9
211,120,83.0,39.88594851434386,9
211,121,85.44444444444444,35.00828826026174,9
211,122,75.22222222222223,32.44063904623944,9
211,123,42.22222222222222,18.954787010601937,9
211,124,15.444444444444445,7.80471525726042,9
211,125,2.3333333333333335,1.7638342073763937,9
211,126,1.75,0.9682458365518543,8
211,127,4.111111111111111,2.23330569358242,9
211,128,7.444444444444445,1.8324913891634047,9
211,129,13.222222222222221,4.939135726865082,9
211,130,24.666666666666668,3.1622776601683795,9
211,131,36.55555555555556,9.0934788736045,9
211,132,48.22222222222222,8.791129086601103,9
211,133,57.0,5.597618541248888,9
211,134,71.44444444444444,16.56711006188071,9
211,135,84.11111111111111,13.995590134391495,9
211,136,79.22222222222223,12.371811847706937,9
211,137,85.0,14.681810363696826,9
211,138,78.0,12.987173159185437,9
211,139,71.11111111111111,15.793419476650145,9
211,140,59.55555555555556,13.695993827159104,9
211,141,55.333333333333336,16.918103387266026,9
211,142,65.88888888888889,19.249498951311516,9
211,143,74.11111111111111,29.33880420362707,9
211,144,72.88888888888889,28.846122190549266,9
211,145,86.33333333333333,46.61902329879224,9
211,146,61.666666666666664,31.82940638954976,9
211,147,37.44444444444444,18.50592164153056,9
211,148,16.88888888888889,10.51395310416321,9
211,149,4.0,2.179449471770337,8
211,150,2.625,1.5761900266148114,8
211,151,3.4444444444444446,1.5713484026367723,9
211,152,6.0,2.9059326290271157,9
211,153,11.555555555555555,3.0590888662080453,9
211,154,22.0,6.831300510639732,9
211,155,32.0,6.548960901462833,9
211,156,40.666666666666664,11.756794725698931,9
211,157,55.77777777777778,10.778350500246912,9
211,158,57.0,11.69045194450012,9
211,159,63.77777777777778,12.053379219840549,9
211,160,63.55555555555556,15.528547983283428,9
211,161,57.77777777777778,12.708507891940194,9
211,162,53.666666666666664,17.480147469502526,9
211,163,36.44444444444444,10.446808243149475,9
211,164,33.0,10.739335795724674,9
211,165,34.55555555555556,6.6015336788946435,9
211,166,23.77777777777778,7.553921391903792,9
211,167,18.77777777777778,5.492980930803678,9
212,0,1.0,0.0,1
212,4,1.0,0.0,1
212,5,1.0,0.0,4
212,6,1.5,0.5,2
212,7,1.0,0.0,2
212,8,1.0,0.0,4
212,9,1.0,0.0,2
212,10,1.0,0.0,3
212,11,1.0,0.0,1
212,12,1.0,0.0,3
212,13,2.0,0.0,1
212,14,1.0,0.0,1
212,17,1.0,0.0,2
212,20,1.0,0.0,1
212,27,1.0,0.0,1
212,28,1.0,0.0,1
212,29,1.3333333333333333,0.4714045207910317,3
212,30,1.0,0.0,4
212,32,1.25,0.4330127018922193,4
212,33,1.3333333333333333,0.4714045207910317,3
212,34,1.0,0.0,4
212,35,1.0,0.0,1
212,37,2.0,0.0,2
212,38,1.0,0.0,2
212,39,1.0,0.0,1
212,40,1.0,0.0,1
212,41,1.0,0.0,2
212,43,1.0,0.0,1
212,44,1.0,0.0,1
212,45,1.0,0.0,1
212,46,1.0,0.0,1
212,51,1.0,0.0,1
212,53,1.0,0.0,2
212,54,1.0,0.0,3
212,55,1.0,0.0,3
212,56,1.25,0.4330127018922193,4
212,57,1.5,0.7637626158259734,6
212,58,1.0,0.0,2
212,59,1.0,0.0,2
212,60,1.0,0.0,3
212,61,1.0,0.0,1
212,62,2.0,0.0,1
212,64,1.0,0.0,1
212,66,1.0,0.0,3
212,76,1.0,0.0,1
212,77,1.0,0.0,1
212,78,1.25,0.4330127018922193,4
212,79,1.3333333333333333,0.4714045207910317,3
212,80,1.0,0.0,4
212,81,1.3333333333333333,0.4714045207910317,3
212,82,1.0,0.0,1
212,83,1.0,0.0,2
212,84,1.0,0.0,1
212,86,1.0,0.0,1
212,87,1.0,0.0,1
212,88,1.0,0.0,1
212,89,1.0,0.0,2
212,90,1.0,0.0,1
212,91,1.0,0.0,2
212,92,1.0,0.0,1
212,96,1.0,0.0,3
212,98,1.0,0.0,1
212,100,1.0,0.0,1
212,101,1.0,0.0,2
212,102,1.0,0.0,3
212,103,1.0,0.0,5
212,104,1.1666666666666667,0.3726779962499649,6
212,105,1.0,0.0,3
212,106,1.3333333333333333,0.7453559924999299,6
212,107,1.5,0.5,2
212,108,1.0,0.0,2
212,109,1.0,0.0,1
212,111,1.0,0.0,1
212,113,1.0,0.0,2
212,114,1.0,0.0,2
212,115,1.0,0.0,1
212,126,1.0,0.0,3
212,127,1.0,0.0,1
212,129,1.0,0.0,1
212,130,1.3333333333333333,0.4714045207910317,3
212,132,1.0,0.0,1
212,133,1.0,0.0,1
212,134,1.0,0.0,2
212,135,1.0,0.0,1
212,136,2.0,0.0,1
212,141,1.0,0.0,1
212,144,1.0,0.0,1
212,147,1.0,0.0,1
212,149,1.0,0.0,1
212,150,1.0,0.0,1
212,151,1.0,0.0,1
212,152,2.0,0.0,1
212,153,1.0,0.0,1
212,154,1.0,0.0,2
212,155,1.0,0.0,3
212,156,1.0,0.0,1
212,157,1.0,0.0,2
212,158,2.0,0.0,1
212,159,1.0,0.0,1
212,161,1.0,0.0,1
212,162,1.0,0.0,2
212,163,1.0,0.0,1
212,164,1.0,0.0,1
212,165,1.3333333333333333,0.4714045207910317,3
212,166,2.0,0.0,1
212,167,1.0,0.0,1
213,1,1.0,0.0,1
213,4,1.0,0.0,4
213,5,1.5,0.5,4
213,6,1.625,0.4841229182759271,8
213,7,1.1666666666666667,0.3726779962499649,6
213,8,2.2,0.7483314773547882,5
213,9,1.0,0.0,2
213,10,1.0,0.0,2
213,11,1.2,0.4000000000000001,5
213,12,2.0,0.0,3
213,13,1.6666666666666667,0.74535599249993,6
213,14,1.0,0.0,2
213,15,1.0,0.0,1
213,17,1.0,0.0,1
213,18,1.5,0.5,2
213,19,1.0,0.0,1
213,20,1.0,0.0,1
213,21,1.0,0.0,1
213,23,1.0,0.0,2
213,28,1.3333333333333333,0.4714045207910317,3
213,29,1.5,0.5,4
213,30,1.6666666666666667,0.4714045207910317,6
213,31,1.3333333333333333,0.4714045207910317,3
213,32,1.25,0.4330127018922193,4
213,33,1.6666666666666667,0.9428090415820634,6
213,34,1.0,0.0,4
213,35,1.0,0.0,2
213,36,1.0,0.0,1
213,37,1.0,0.0,1
213,38,1.5,0.5,2
213,39,1.5,0.5,2
213,40,1.5,0.5,2
213,41,1.0,0.0,1
213,46,1.0,0.0,1
213,48,1.0,0.0,1
213,49,1.0,0.0,1
213,52,1.25,0.4330127018922193,4
213,53,1.5,0.5,2
213,54,1.5,0.7071067811865476,8
213,55,1.125,0.33071891388307384,8
213,56,1.3333333333333333,0.7453559924999299,6
213,57,1.4,0.4898979485566356,5
213,58,1.5,0.5,6
213,59,1.4285714285714286,0.7284313590846836,7
213,60,1.2857142857142858,0.45175395145262565,7
213,61,1.0,0.0,6
213,62,2.0,0.816496580927726,3
213,65,1.0,0.0,4
213,66,1.0,0.0,3
213,70,1.0,0.0,2
213,71,1.0,0.0,1
213,76,1.5,0.5,2
213,77,1.4,0.4898979485566356,5
213,78,2.5,1.118033988749895,8
213,79,1.0,0.0,6
213,80,1.6,0.8,5
213,81,1.6666666666666667,0.4714045207910317,6
213,82,1.0,0.0,4
213,83,1.3333333333333333,0.74535599249993,6
213,84,1.0,0.0,4
213,85,1.6666666666666667,1.1055415967851332,6
213,86,1.5,0.5,2
213,87,1.0,0.0,4
213,89,1.5,0.5,2
213,90,1.0,0.0,1
213,92,1.0,0.0,1
213,93,1.0,0.0,1
213,94,1.0,0.0,1
213,95,2.0,0.0,1
213,97,1.0,0.0,1
213,100,1.0,0.0,4
213,101,1.6666666666666667,0.4714045207910317,3
213,102,1.6,1.2,5
213,103,2.0,0.5773502691896257,6
213,104,3.2,1.16619037896906,5
213,105,2.8333333333333335,2.4776781245530843,6
213,106,1.6666666666666667,0.4714045207910317,6
213,107,2.25,1.299038105676658,4
213,108,1.25,0.4330127018922193,4
213,109,1.0,0.0,1
213,110,1.0,0.0,7
213,111,1.0,0.0,3
213,112,1.0,0.0,1
213,113,1.0,0.0,3
213,114,1.0,0.0,1
213,116,1.0,0.0,1
213,117,1.0,0.0,1
213,119,1.0,0.0,1
213,124,1.0,0.0,1
213,125,1.0,0.0,2
213,126,1.0,0.0,4
213,127,1.2,0.4,5
213,128,1.0,0.0,4
213,129,1.25,0.4330127018922193,4
213,130,2.2,0.9797958971132712,5
213,131,1.0,0.0,2
213,132,1.3333333333333333,0.4714045207910317,3
213,133,1.25,0.4330127018922193,4
213,134,1.5,0.5,2
213,135,1.0,0.0,3
213,136,1.5,0.5,2
213,137,1.0,0.0,4
213,138,1.0,0.0,3
213,139,1.0,0.0,2
213,140,1.0,0.0,2
213,141,1.0,0.0,1
213,144,1.0,0.0,1
213,146,1.0,0.0,1
213,147,1.0,0.0,1
213,148,1.0,0.0,2
213,150,1.2,0.4,5
213,151,1.0,0.0,3
213,152,2.0,0.0,2
213,153,1.2,0.4,5
213,154,2.0,0.0,1
213,155,1.0,0.0,4
213,156,1.0,0.0,3
213,157,1.5,0.8660254037844386,4
213,158,1.0,0.0,3
213,159,1.3333333333333333,0.4714045207910317,3
213,160,1.0,0.0,1
213,162,1.0,0.0,2
213,163,1.0,0.0,3
213,164,1.0,0.0,2
213,166,1.0,0.0,2
213,167,2.0,0.0,2
214,53,1.0,0.0,2
214,77,1.0,0.0,2
214,92,1.0,0.0,1
214,101,1.0,0.0,1
214,102,1.0,0.0,1
214,110,1.0,0.0,1
215,0,1.5,0.5,2
215,1,1.5,0.5,2
215,3,1.0,0.0,1
215,4,1.3333333333333333,0.4714045207910317,3
215,5,2.1666666666666665,0.6871842709362768,6
215,6,2.0,0.5773502691896257,6
215,7,2.0,1.4142135623730951,3
215,8,1.4,0.4898979485566356,5
215,9,1.6666666666666667,1.1055415967851332,6
215,10,1.1666666666666667,0.3726779962499649,6
215,11,2.5,0.5,2
215,12,1.3333333333333333,0.4714045207910317,3
215,13,1.3333333333333333,0.4714045207910317,6
215,14,1.5,0.8660254037844386,4
215,15,1.3333333333333333,0.4714045207910317,3
215,16,1.0,0.0,4
215,17,1.0,0.0,1
215,18,1.0,0.0,1
215,19,1.6666666666666667,0.4714045207910317,3
215,20,1.4,0.4898979485566356,5
215,21,2.0,0.0,4
215,22,1.2,0.4,5
215,23,1.3333333333333333,0.4714045207910317,3
215,24,1.3333333333333333,0.4714045207910317,3
215,28,1.6666666666666667,0.4714045207910317,3
215,29,2.375,0.4841229182759271,8
215,30,3.0,1.5811388300841898,4
215,31,1.6666666666666667,1.1055415967851332,6
215,32,1.4,0.4898979485566356,5
215,33,2.5,1.2583057392117916,6
215,34,1.3333333333333333,0.47140452079103173,6
215,35,1.8333333333333333,0.6871842709362768,6
215,36,1.5,0.5,4
215,37,1.5,0.5,4
215,38,1.0,0.0,5
215,39,1.4,0.4898979485566356,5
215,40,2.0,1.1952286093343936,7
215,41,1.0,0.0,4
215,42,1.0,0.0,1
215,43,1.0,0.0,3
215,44,1.0,0.0,2
215,45,1.5,0.5,2
215,46,1.4,0.4898979485566356,5
215,47,1.6666666666666667,0.4714045207910317,3
215,48,1.0,0.0,3
215,52,1.0,0.0,4
215,53,1.4285714285714286,0.4948716593053935,7
215,54,2.75,1.479019945774904,8
215,55,2.125,0.7806247497997998,8
215,56,1.8333333333333333,1.0671873729054748,6
215,57,1.4444444444444444,0.8314794192830981,9
215,58,1.8571428571428572,0.6388765649999398,7
215,59,1.75,0.4330127018922193,4
215,60,2.0,1.0,6
215,61,1.5,0.5,4
215,62,1.0,0.0,5
215,63,1.8333333333333333,0.6871842709362768,6
215,64,2.111111111111111,0.8748897637790901,9
215,65,1.2,0.4000000000000001,5
215,66,1.0,0.0,3
215,67,1.2,0.4000000000000001,5
215,68,1.4,0.4898979485566356,5
215,69,1.5,0.5,4
215,70,1.25,0.4330127018922193,4
215,71,2.0,1.224744871391589,4
215,72,1.0,0.0,3
215,76,1.3333333333333333,0.4714045207910317,3
215,77,2.4285714285714284,1.178030178747903,7
215,78,1.875,0.5994789404140899,8
215,79,2.0,1.247219128924647,9
215,80,2.2,0.7483314773547882,5
215,81,1.1666666666666667,0.3726779962499649,6
215,82,1.3333333333333333,0.4714045207910317,6
215,83,2.142857142857143,1.355261854357877,7
215,84,1.25,0.4330127018922193,4
215,85,2.5,0.9574271077563381,6
215,86,2.0,1.0,6
215,87,1.0,0.0,3
215,88,2.25,0.82915619758885,8
215,89,2.0,0.0,1
215,90,1.3333333333333333,0.4714045207910317,3
215,91,2.0,1.0,2
215,92,1.5,0.8660254037844386,4
215,93,1.5714285714285714,0.4948716593053935,7
215,94,2.3333333333333335,1.247219128924647,3
215,95,1.4,0.4898979485566356,5
215,96,1.0,0.0,3
215,97,1.0,0.0,1
215,99,1.0,0.0,1
215,100,1.5,0.5,2
215,101,1.5,0.5,6
215,102,1.7777777777777777,0.7856742013183862,9
215,103,2.142857142857143,0.989743318610787,7
215,104,2.1666666666666665,1.0671873729054748,6
215,105,1.3333333333333333,0.4714045207910317,6
215,106,1.4285714285714286,0.7284313590846836,7
215,107,1.1666666666666667,0.3726779962499649,6
215,108,2.2,0.9797958971132712,5
215,109,1.2,0.4,5
215,110,1.4,0.4898979485566356,5
215,111,1.5,0.5,2
215,112,1.8571428571428572,0.6388765649999398,7
215,113,1.0,0.0,2
215,114,1.3333333333333333,0.4714045207910317,3
215,115,1.4285714285714286,0.7284313590846835,7
215,116,1.6666666666666667,0.4714045207910317,3
215,117,1.0,0.0,3
215,118,1.25,0.4330127018922193,4
215,119,1.5,0.8660254037844386,4
215,120,1.1666666666666667,0.3726779962499649,6
215,125,1.0,0.0,3
215,126,1.0,0.0,3
215,127,2.875,0.9270248108869579,8
215,128,1.75,0.82915619758885,4
215,129,1.8,1.1661903789690602,5
215,130,1.75,0.82915619758885,4
215,131,1.0,0.0,4
215,132,1.8,0.9797958971132713,5
215,133,1.75,1.0897247358851685,8
215,134,1.0,0.0,4
215,135,1.5,0.5,4
215,136,2.3333333333333335,1.247219128924647,3
215,137,1.2,0.4,5
215,138,1.0,0.0,2
215,139,1.0,0.0,1
215,140,2.3333333333333335,0.4714045207910317,3
215,141,1.0,0.0,4
215,142,1.4,0.8,5
215,143,1.1666666666666667,0.3726779962499649,6
215,144,2.0,0.0,1
215,148,1.0,0.0,2
215,149,1.0,0.0,1
215,150,1.25,0.4330127018922193,4
215,151,1.6,0.8,5
215,152,1.2,0.4,5
215,153,1.6,1.2000000000000002,5
215,154,1.4,0.4898979485566356,5
215,155,1.625,0.8569568250501305,8
215,156,1.4,0.4898979485566356,5
215,157,1.375,0.4841229182759271,8
215,158,1.7142857142857142,1.0301575072754254,7
215,159,1.75,1.299038105676658,8
215,160,1.3333333333333333,0.4714045207910317,3
215,161,1.0,0.0,1
215,162,1.5,0.5,2
215,163,1.2,0.4000000000000001,5
215,164,1.25,0.4330127018922193,4
215,165,1.2,0.4,5
215,166,1.4,0.8,5
215,167,2.0,1.224744871391589,4
216,0,1.5,0.8660254037844386,4
216,1,2.0,1.0,2
216,2,1.0,0.0,1
216,3,2.0,0.0,1
216,4,1.0,0.0,3
216,5,1.6666666666666667,0.4714045207910317,3
216,6,1.0,0.0,4
216,7,1.8,1.6000000000000003,5
216,8,1.4,0.4898979485566356,5
216,9,1.1428571428571428,0.3499271061118826,7
216,10,1.0,0.0,5
216,11,1.0,0.0,6
216,12,1.7142857142857142,1.0301575072754254,7
216,13,2.4,1.4966629547095764,5
216,14,1.3333333333333333,0.4714045207910317,3
216,15,1.6,0.8,5
216,16,1.6,0.8,5
216,17,1.75,0.4330127018922193,4
216,18,1.5,0.7637626158259734,6
216,19,1.0,0.0,3
216,20,1.75,1.299038105676658,4
216,21,1.0,0.0,2
216,22,2.0,1.224744871391589,4
216,23,2.0,1.0,2
216,24,1.0,0.0,3
216,25,1.0,0.0,1
216,26,1.0,0.0,2
216,28,1.0,0.0,3
216,29,1.3333333333333333,0.47140452079103173,6
216,30,1.25,0.4330127018922193,4
216,31,1.0,0.0,5
216,32,2.3333333333333335,1.247219128924647,6
216,33,1.4,0.8000000000000002,5
216,34,1.5,0.5,4
216,35,1.8,0.7483314773547883,5
216,36,1.3333333333333333,0.4714045207910317,3
216,37,2.1666666666666665,0.6871842709362768,6
216,38,1.5,0.5,6
216,39,1.6666666666666667,0.7453559924999299,6
216,40,1.6666666666666667,0.74535599249993,6
216,41,1.3333333333333333,0.4714045207910317,3
216,42,1.6,0.8,5
216,43,1.5,0.5,6
216,44,1.3333333333333333,0.4714045207910317,3
216,45,1.5,0.5,4
216,46,1.25,0.4330127018922193,4
216,47,1.0,0.0,2
216,50,1.0,0.0,1
216,51,1.0,0.0,2
216,52,1.5,0.5,2
216,53,1.1428571428571428,0.34992710611188266,7
216,54,1.3333333333333333,0.4714045207910317,6
216,55,1.75,0.6614378277661477,8
216,56,1.6,1.2000000000000002,5
216,57,1.6666666666666667,1.1055415967851332,6
216,58,1.3333333333333333,0.4714045207910317,3
216,59,1.1666666666666667,0.3726779962499649,6
216,60,1.3333333333333333,0.4714045207910317,6
216,61,2.5,1.5,8
216,62,1.8333333333333333,0.6871842709362768,6
216,63,2.0,0.9428090415820634,9
216,64,2.0,1.118033988749895,8
216,65,2.2,1.469693845669907,5
216,66,1.5,0.7071067811865476,8
216,67,1.25,0.4330127018922193,4
216,68,1.5,0.5,2
216,69,1.6,0.8,5
216,70,1.0,0.0,3
216,71,1.3333333333333333,0.4714045207910317,3
216,72,2.0,0.0,1
216,73,2.0,1.0,2
216,74,1.0,0.0,1
216,75,1.0,0.0,2
216,76,1.5,0.5,2
216,77,1.5,0.8660254037844386,4
216,78,1.2857142857142858,0.6998542122237652,7
216,79,1.875,1.6153559979150107,8
216,80,2.0,1.224744871391589,4
216,81,1.8,1.1661903789690602,5
216,82,1.4285714285714286,0.4948716593053935,7
216,83,1.5,0.7071067811865476,8
216,84,2.0,0.5773502691896257,6
216,85,1.8333333333333333,0.8975274678557507,6
216,86,1.5714285714285714,0.7284313590846835,7
216,87,1.8571428571428572,1.355261854357877,7
216,88,1.6666666666666667,0.6666666666666666,9
216,89,1.25,0.4330127018922193,4
216,90,2.2857142857142856,1.5779087167410373,7
216,91,1.1666666666666667,0.3726779962499649,6
216,92,1.25,0.4330127018922193,4
216,93,1.4,0.4898979485566356,5
216,94,1.25,0.4330127018922193,4
216,95,1.5,0.5,4
216,96,1.0,0.0,1
216,97,1.0,0.0,2
216,100,1.0,0.0,2
216,101,1.6666666666666667,0.4714045207910317,3
216,102,2.25,1.0897247358851685,4
216,103,1.1666666666666667,0.3726779962499649,6
216,104,1.2,0.4,5
216,105,2.1666666666666665,0.6871842709362768,6
216,106,1.3333333333333333,0.4714045207910317,3
216,107,1.6666666666666667,0.9428090415820634,3
216,108,1.4285714285714286,0.4948716593053935,7
216,109,1.4,0.4898979485566356,5
216,110,1.1428571428571428,0.3499271061118826,7
216,111,2.2222222222222223,0.7856742013183862,9
216,112,2.0,1.0,8
216,113,1.6666666666666667,0.4714045207910317,6
216,114,1.2857142857142858,0.45175395145262565,7
216,115,1.5,0.5,4
216,116,1.5,0.8660254037844386,4
216,117,2.5,1.5,2
216,118,1.0,0.0,2
216,119,1.5,0.5,2
216,121,1.0,0.0,4
216,122,1.0,0.0,2
216,123,1.0,0.0,3
216,124,1.0,0.0,3
216,125,1.0,0.0,3
216,126,1.5,0.5,4
216,127,1.6666666666666667,0.9428090415820634,3
216,128,1.4,0.4898979485566356,5
216,129,1.0,0.0,4
216,130,1.2,0.4000000000000001,5
216,131,1.0,0.0,5
216,132,1.5,0.5,4
216,133,1.7142857142857142,0.880630571852711,7
216,134,2.1666666666666665,1.3437096247164249,6
216,135,2.142857142857143,1.124858267715973,7
216,136,2.5,1.118033988749895,8
216,137,2.0,0.8660254037844386,8
216,138,2.375,1.4086784586980805,8
216,139,1.6666666666666667,0.4714045207910317,3
216,140,2.0,0.816496580927726,3
216,141,1.0,0.0,2
216,142,1.0,0.0,4
216,143,1.5,0.5,2
216,144,1.3333333333333333,0.4714045207910317,3
216,145,1.6666666666666667,0.4714045207910317,3
216,146,1.0,0.0,4
216,147,1.0,0.0,2
216,148,1.25,0.4330127018922193,4
216,149,1.2,0.4,5
216,150,1.3333333333333333,0.4714045207910317,3
216,151,2.0,0.0,1
216,152,1.0,0.0,3
216,153,1.4,0.4898979485566356,5
216,154,1.5,0.5,6
216,155,1.25,0.4330127018922193,4
216,156,1.1428571428571428,0.3499271061118826,7
216,157,1.5,0.5,6
216,158,1.8888888888888888,0.8748897637790901,9
216,159,1.625,0.9921567416492215,8
216,160,3.2857142857142856,1.2777531299998797,7
216,161,2.2857142857142856,0.880630571852711,7
216,162,1.2,0.4,5
216,163,2.0,1.2649110640673518,5
216,164,1.4,0.4898979485566356,5
216,165,1.0,0.0,3
216,166,2.5,1.6072751268321592,6
216,167,2.75,2.48746859276655,4
217,3,1.0,0.0,1
217,7,1.25,0.4330127018922193,4
217,8,1.0,0.0,1
217,9,1.0,0.0,2
217,11,1.0,0.0,1
217,12,1.0,0.0,2
217,13,1.3333333333333333,0.4714045207910317,3
217,14,1.0,0.0,1
217,15,2.0,0.0,1
217,16,1.0,0.0,2
217,17,1.3333333333333333,0.4714045207910317,3
217,18,1.0,0.0,2
217,20,1.0,0.0,3
217,23,1.0,0.0,1
217,25,1.0,0.0,1
217,29,1.0,0.0,1
217,30,1.0,0.0,1
217,31,1.0,0.0,2
217,32,1.0,0.0,2
217,33,3.0,0.0,1
217,34,1.0,0.0,2
217,35,1.0,0.0,2
217,37,1.0,0.0,2
217,38,1.25,0.4330127018922193,4
217,39,1.0,0.0,2
217,40,1.0,0.0,1
217,41,1.5,0.5,2
217,42,1.0,0.0,2
217,43,1.0,0.0,1
217,45,1.0,0.0,1
217,46,1.0,0.0,2
217,48,1.0,0.0,1
217,49,1.0,0.0,1
217,51,1.0,0.0,1
217,52,1.0,0.0,2
217,53,1.0,0.0,1
217,55,1.0,0.0,2
217,56,2.5,0.5,2
217,57,1.3333333333333333,0.4714045207910317,3
217,58,2.0,0.0,1
217,59,1.0,0.0,3
217,60,1.0,0.0,2
217,61,1.3333333333333333,0.4714045207910317,3
217,62,1.0,0.0,4
217,63,1.0,0.0,2
217,64,1.0,0.0,2
217,65,1.0,0.0,1
217,66,1.0,0.0,2
217,68,1.0,0.0,1
217,69,1.0,0.0,2
217,70,1.0,0.0,2
217,71,1.0,0.0,1
217,75,5.0,0.0,1
217,76,5.5,4.5,2
217,79,1.0,0.0,1
217,80,1.6666666666666667,0.4714045207910317,3
217,83,1.0,0.0,5
217,84,1.0,0.0,1
217,85,1.0,0.0,2
217,87,1.5,0.8660254037844386,4
217,88,2.0,0.0,1
217,90,1.0,0.0,1
217,91,1.0,0.0,1
217,92,1.0,0.0,1
217,93,1.0,0.0,1
217,94,1.0,0.0,2
217,95,1.6666666666666667,0.9428090415820634,3
217,96,1.0,0.0,1
217,99,2.0,0.0,1
217,100,6.0,0.0,1
217,101,4.0,0.0,1
217,102,1.0,0.0,1
217,103,1.0,0.0,1
217,104,1.0,0.0,1
217,105,1.5,0.5,4
217,106,1.0,0.0,1
217,107,1.0,0.0,1
217,108,1.0,0.0,2
217,109,1.0,0.0,2
217,110,1.0,0.0,2
217,111,1.0,0.0,1
217,113,1.0,0.0,1
217,114,1.0,0.0,1
217,115,1.5,0.5,2
217,116,1.0,0.0,1
217,118,1.0,0.0,1
217,119,1.0,0.0,2
217,120,1.0,0.0,3
217,123,1.6666666666666667,0.4714045207910317,3
217,124,1.25,0.4330127018922193,4
217,128,1.0,0.0,1
217,130,1.0,0.0,1
217,131,1.0,0.0,1
217,133,1.0,0.0,1
217,134,1.3333333333333333,0.4714045207910317,3
217,135,1.5,0.5,2
217,136,1.0,0.0,1
217,137,1.0,0.0,1
217,142,1.0,0.0,1
217,143,1.0,0.0,2
217,144,1.0,0.0,2
217,145,1.0,0.0,1
217,146,1.0,0.0,3
217,147,8.0,0.0,1
217,148,8.0,0.0,1
217,150,1.0,0.0,1
217,151,2.0,0.0,1
217,152,1.0,0.0,1
217,154,1.0,0.0,4
217,155,1.0,0.0,1
217,156,1.0,0.0,1
217,157,1.0,0.0,2
217,158,1.0,0.0,4
217,159,1.0,0.0,1
217,160,1.0,0.0,2
217,161,1.0,0.0,2
217,162,1.0,0.0,1
217,163,2.0,0.0,1
217,165,1.0,0.0,2
217,166,1.0,0.0,1
217,167,1.5,0.5,2
218,0,1.0,0.0,1
218,2,1.0,0.0,1
218,3,1.0,0.0,1
218,4,1.25,0.4330127018922193,4
218,5,2.1666666666666665,1.4624940645653537,6
218,6,2.0,1.0,6
218,7,2.0,1.224744871391589,4
218,8,2.0,0.6324555320336759,5
218,9,1.25,0.4330127018922193,4
218,10,2.0,0.816496580927726,3
218,11,1.3333333333333333,0.4714045207910317,3
218,12,1.0,0.0,3
218,13,1.3333333333333333,0.4714045207910317,3
218,14,1.0,0.0,2
218,15,1.0,0.0,1
218,17,1.0,0.0,1
218,18,1.0,0.0,3
218,21,1.0,0.0,2
218,22,2.0,0.0,1
218,23,1.0,0.0,2
218,24,1.0,0.0,1
218,26,1.0,0.0,1
218,28,1.5,0.8660254037844386,4
218,29,2.3333333333333335,1.1055415967851334,6
218,30,1.8333333333333333,0.6871842709362768,6
218,31,2.0,1.1547005383792515,6
218,32,1.7142857142857142,0.6998542122237652,7
218,33,1.75,0.4330127018922193,4
218,34,2.5,1.5,2
218,35,1.3333333333333333,0.4714045207910317,3
218,36,2.25,0.82915619758885,4
218,37,2.0,0.0,1
218,38,1.3333333333333333,0.4714045207910317,3
218,39,1.5,0.8660254037844386,4
218,40,1.0,0.0,2
218,42,1.0,0.0,1
218,45,1.0,0.0,1
218,46,1.0,0.0,1
218,47,1.0,0.0,1
218,51,1.0,0.0,1
218,52,1.2,0.4,5
218,53,2.25,0.6614378277661477,8
218,54,2.142857142857143,0.9897433186107869,7
218,55,1.5,0.5,6
218,56,3.142857142857143,1.5518257844571737,7
218,57,1.1428571428571428,0.34992710611188266,7
218,58,2.2,1.16619037896906,5
218,59,1.6,0.4898979485566356,5
218,60,1.6,0.8,5
218,61,1.5,0.5,4
218,62,1.0,0.0,2
218,63,1.0,0.0,3
218,64,1.6666666666666667,0.9428090415820634,3
218,65,1.0,0.0,1
218,66,1.0,0.0,1
218,68,1.0,0.0,1
218,69,1.0,0.0,2
218,72,1.0,0.0,1
218,73,1.0,0.0,1
218,76,2.2,1.16619037896906,5
218,77,1.6,0.8,5
218,78,3.0,0.7559289460184544,7
218,79,2.0,0.7071067811865476,4
218,80,1.5,1.118033988749895,6
218,81,2.5,1.5,4
218,82,1.6,0.8,5
218,83,1.5,0.5,6
218,84,1.0,0.0,5
218,85,1.4,0.4898979485566356,5
218,86,2.0,0.0,1
218,87,1.2,0.4,5
218,88,1.0,0.0,3
218,89,1.0,0.0,1
218,90,1.0,0.0,4
218,91,1.0,0.0,1
218,93,1.0,0.0,2
218,94,1.0,0.0,1
218,95,1.0,0.0,2
218,98,1.0,0.0,1
218,99,2.0,0.0,1
218,100,1.0,0.0,4
218,101,1.8,0.4000000000000001,5
218,102,1.875,0.5994789404140899,8
218,103,2.3333333333333335,0.9428090415820634,6
218,104,1.6,0.4898979485566356,5
218,105,2.0,0.6324555320336759,5
218,106,1.6,0.8,5
218,107,1.3333333333333333,0.4714045207910317,3
218,108,1.3333333333333333,0.4714045207910317,3
218,109,1.25,0.4330127018922193,4
218,110,1.25,0.4330127018922193,4
218,111,1.5,0.5,2
218,112,1.5,0.5,2
218,113,1.0,0.0,6
218,114,1.0,0.0,2
218,115,1.0,0.0,1
218,116,2.0,1.0,2
218,119,1.0,0.0,1
218,124,1.0,0.0,1
218,125,1.0,0.0,1
218,126,1.0,0.0,5
218,127,1.0,0.0,2
218,128,1.0,0.0,4
218,129,1.25,0.4330127018922193,4
218,130,1.0,0.0,4
218,131,1.0,0.0,3
218,132,1.3333333333333333,0.4714045207910317,3
218,133,1.0,0.0,4
218,134,1.0,0.0,2
218,135,1.5,0.5,2
218,136,1.0,0.0,3
218,137,1.5,0.5,2
218,138,1.0,0.0,3
218,139,1.0,0.0,3
218,140,1.0,0.0,1
218,141,1.0,0.0,1
218,142,1.0,0.0,1
218,143,1.0,0.0,1
218,144,1.0,0.0,2
218,150,1.0,0.0,1
218,151,1.6666666666666667,0.74535599249993,6
218,152,1.5714285714285714,0.4948716593053935,7
218,153,1.3333333333333333,0.4714045207910317,3
218,154,1.2,0.4000000000000001,5
218,156,1.5,0.5,2
218,157,1.0,0.0,2
218,158,1.0,0.0,1
218,159,1.0,0.0,1
218,161,1.0,0.0,2
218,163,1.0,0.0,1
218,164,1.0,0.0,1
218,166,6.0,0.0,1
218,167,1.3333333333333333,0.4714045207910317,3
219,0,1.0,0.0,2
219,1,1.0,0.0,1
219,2,1.0,0.0,1
219,3,1.0,0.0,3
219,4,1.4,0.4898979485566356,5
219,5,1.0,0.0,4
219,6,1.25,0.4330127018922193,4
219,8,1.25,0.4330127018922193,4
219,9,1.3333333333333333,0.4714045207910317,3
219,10,1.3333333333333333,0.4714045207910317,3
219,11,1.0,0.0,3
219,12,1.0,0.0,2
219,13,2.0,0.0,1
219,14,1.6666666666666667,0.4714045207910317,3
219,15,1.0,0.0,3
219,16,1.5,0.5,6
219,17,1.6666666666666667,0.7453559924999299,6
219,18,2.0,0.816496580927726,3
219,19,1.0,0.0,3
219,20,1.0,0.0,3
219,21,1.3333333333333333,0.4714045207910317,3
219,22,1.2,0.4,5
219,23,2.1666666666666665,1.3437096247164249,6
219,24,1.0,0.0,2
219,26,1.0,0.0,3
219,27,1.0,0.0,1
219,28,1.0,0.0,3
219,29,1.0,0.0,4
219,30,1.3333333333333333,0.4714045207910317,3
219,31,1.5,0.5,2
219,32,1.0,0.0,4
219,33,1.4,0.4898979485566356,5
219,34,1.5,0.5,2
219,35,1.0,0.0,4
219,36,1.0,0.0,3
219,37,1.0,0.0,5
219,38,1.5,0.5,2
219,39,1.3333333333333333,0.7453559924999299,6
219,40,3.25,1.479019945774904,4
219,41,2.5,0.5,2
219,42,1.5,0.5,2
219,43,1.0,0.0,4
219,44,1.5,0.5,2
219,45,2.0,0.0,1
219,46,1.5,0.5,2
219,47,1.0,0.0,1
219,48,1.5,0.5,2
219,49,1.0,0.0,3
219,50,1.25,0.4330127018922193,4
219,52,1.0,0.0,4
219,53,1.5,0.7637626158259734,6
219,54,1.0,0.0,2
219,55,1.3333333333333333,0.4714045207910317,3
219,56,1.25,0.4330127018922193,4
219,57,1.0,0.0,3
219,58,1.3333333333333333,0.4714045207910317,3
219,59,1.2,0.4,5
219,60,1.5,0.5,4
219,61,1.4,0.4898979485566356,5
219,62,1.1428571428571428,0.34992710611188266,7
219,63,1.25,0.4330127018922193,4
219,64,2.0,0.0,4
219,65,1.0,0.0,3
219,66,1.2,0.4,5
219,67,1.6666666666666667,0.9428090415820634,3
219,68,1.0,0.0,2
219,69,1.0,0.0,4
219,70,1.3333333333333333,0.4714045207910317,3
219,71,1.2,0.4000000000000001,5
219,72,1.0,0.0,2
219,73,1.0,0.0,2
219,74,1.0,0.0,1
219,75,1.0,0.0,3
219,76,1.0,0.0,1
219,77,1.0,0.0,2
219,78,1.0,0.0,4
219,79,1.2,0.4000000000000001,5
219,80,1.75,0.82915619758885,4
219,81,1.5,0.5,4
219,82,1.25,0.4330127018922193,4
219,83,1.0,0.0,5
219,84,1.5,0.5,2
219,85,1.5,0.5,2
219,86,1.5,0.5,6
219,87,1.25,0.4330127018922193,4
219,88,1.5,0.8660254037844386,4
219,89,2.0,0.6324555320336759,5
219,90,1.0,0.0,6
219,91,1.0,0.0,3
219,92,1.0,0.0,3
219,94,1.25,0.4330127018922193,4
219,95,1.3333333333333333,0.4714045207910317,3
219,96,1.0,0.0,1
219,97,1.0,0.0,1
219,98,1.0,0.0,5
219,99,1.0,0.0,1
219,100,1.0,0.0,3
219,101,1.0,0.0,1
219,102,1.6,0.8,5
219,103,1.25,0.4330127018922193,4
219,104,1.8333333333333333,0.6871842709362768,6
219,105,1.0,0.0,3
219,106,1.5,0.5,2
219,107,1.5,0.5,4
219,108,2.0,1.0,2
219,109,1.0,0.0,4
219,110,1.1666666666666667,0.3726779962499649,6
219,111,1.5,0.5,4
219,112,1.6,0.8,5
219,113,2.0,0.816496580927726,6
219,114,1.0,0.0,4
219,115,1.6666666666666667,0.4714045207910317,3
219,116,1.0,0.0,1
219,117,1.0,0.0,1
219,118,2.0,1.0,2
219,119,1.0,0.0,1
219,120,1.0,0.0,3
219,121,1.0,0.0,1
219,124,1.0,0.0,1
219,125,2.0,0.0,1
219,126,1.0,0.0,1
219,127,1.5,0.5,2
219,128,1.25,0.4330127018922193,4
219,129,1.25,0.4330127018922193,4
219,130,1.0,0.0,4
219,131,1.3333333333333333,0.4714045207910317,3
219,132,1.0,0.0,4
219,133,1.5,0.5,2
219,134,1.75,0.4330127018922193,4
219,135,1.2,0.4,5
219,136,1.7142857142857142,0.6998542122237652,7
219,137,1.25,0.4330127018922193,4
219,138,1.0,0.0,3
219,139,1.0,0.0,1
219,140,1.6666666666666667,0.4714045207910317,3
219,141,1.0,0.0,3
219,142,1.0,0.0,1
219,143,1.0,0.0,4
219,144,1.0,0.0,2
219,150,1.0,0.0,1
219,151,1.25,0.4330127018922193,4
219,152,2.0,1.5491933384829668,5
219,153,1.25,0.4330127018922193,4
219,154,1.2,0.4,5
219,155,1.5,0.5,2
219,156,1.3333333333333333,0.4714045207910317,3
219,157,1.0,0.0,1
219,158,1.0,0.0,4
219,159,1.25,0.4330127018922193,4
219,160,3.0,1.632993161855452,3
219,161,1.5,0.5,2
219,162,2.0,1.0,2
219,163,1.0,0.0,2
219,164,1.25,0.4330127018922193,4
219,165,1.25,0.4330127018922193,4
219,166,1.4,0.4898979485566356,5
219,167,1.0,0.0,2
220,0,1.0,0.0,1
220,5,1.0,0.0,1
220,8,1.0,0.0,3
220,9,1.3333333333333333,0.4714045207910317,3
220,10,1.5,0.5,2
220,11,1.0,0.0,4
220,12,1.0,0.0,2
220,13,1.6666666666666667,0.4714045207910317,3
220,14,1.0,0.0,1
220,15,1.0,0.0,1
220,17,1.0,0.0,1
220,18,1.0,0.0,1
220,19,1.0,0.0,1
220,20,1.0,0.0,1
220,22,1.0,0.0,1
220,29,1.0,0.0,1
220,32,1.1666666666666667,0.3726779962499649,6
220,33,1.3333333333333333,0.4714045207910317,3
220,34,1.3333333333333333,0.4714045207910317,3
220,35,1.6666666666666667,0.4714045207910317,3
220,36,1.0,0.0,2
220,37,1.0,0.0,3
220,38,1.75,0.82915619758885,4
220,39,1.0,0.0,1
220,40,1.5,0.5,2
220,41,1.0,0.0,1
220,42,1.0,0.0,2
220,43,1.0,0.0,2
220,47,1.0,0.0,1
220,55,1.5,0.5,4
220,56,1.5,0.5,4
220,57,1.75,0.82915619758885,4
220,58,1.0,0.0,4
220,59,1.6666666666666667,0.4714045207910317,3
220,60,1.0,0.0,6
220,61,1.4,0.8,5
220,62,1.3333333333333333,0.4714045207910317,3
220,64,1.0,0.0,1
220,65,1.0,0.0,2
220,66,1.5,0.5,2
220,69,1.0,0.0,2
220,70,1.0,0.0,1
220,79,1.0,0.0,2
220,80,2.0,0.0,1
220,81,1.0,0.0,3
220,82,1.5,0.8660254037844386,4
220,83,1.3333333333333333,0.4714045207910317,6
220,84,1.0,0.0,6
220,85,1.6666666666666667,0.9428090415820634,3
220,86,1.0,0.0,3
220,87,1.5,0.5,2
220,88,1.0,0.0,3
220,89,1.0,0.0,3
220,90,1.0,0.0,4
220,91,1.5,0.5,2
220,92,1.0,0.0,1
220,93,1.0,0.0,1
220,96,1.0,0.0,1
220,102,1.0,0.0,2
220,103,1.0,0.0,1
220,104,1.6666666666666667,0.9428090415820634,3
220,105,1.4,0.4898979485566356,5
220,106,1.0,0.0,2
220,107,1.0,0.0,3
220,108,1.5,0.7637626158259734,6
220,109,1.1666666666666667,0.3726779962499649,6
220,110,1.0,0.0,1
220,112,1.0,0.0,3
220,113,1.0,0.0,3
220,114,1.0,0.0,2
220,115,1.3333333333333333,0.4714045207910317,3
220,118,1.0,0.0,1
220,119,1.0,0.0,2
220,120,1.0,0.0,1
220,127,1.0,0.0,1
220,128,1.0,0.0,1
220,129,1.0,0.0,2
220,130,1.0,0.0,2
220,131,2.0,0.0,1
220,132,2.0,0.0,1
220,133,1.0,0.0,2
220,134,1.0,0.0,2
220,136,1.5,0.5,2
220,137,1.0,0.0,3
220,138,1.0,0.0,1
220,140,1.0,0.0,1
220,142,1.0,0.0,1
220,143,1.0,0.0,1
220,146,1.0,0.0,1
220,150,1.0,0.0,1
220,151,1.0,0.0,2
220,153,1.0,0.0,1
220,155,1.0,0.0,3
220,156,1.5,0.5,2
220,157,1.3333333333333333,0.4714045207910317,3
220,158,1.0,0.0,2
220,159,1.0,0.0,1
220,161,1.0,0.0,2
220,162,1.0,0.0,1
220,163,1.0,0.0,1
220,164,1.0,0.0,1
220,165,1.0,0.0,3
220,166,1.0,0.0,1
220,167,1.0,0.0,1
221,13,2.0,0.0,1
221,91,1.0,0.0,1
221,94,1.0,0.0,1
221,105,1.0,0.0,1
221,134,1.0,0.0,1
221,136,1.0,0.0,1
221,142,1.0,0.0,1
222,3,1.0,0.0,1
222,5,1.3333333333333333,0.74535599249993,6
222,6,1.6666666666666667,0.9428090415820634,3
222,7,1.75,0.4330127018922193,4
222,8,1.8,0.4,5
222,9,2.0,0.0,3
222,10,2.0,0.0,2
222,11,1.0,0.0,1
222,12,1.0,0.0,2
222,13,1.0,0.0,2
222,15,1.0,0.0,2
222,17,1.0,0.0,1
222,22,1.0,0.0,2
222,27,1.0,0.0,1
222,28,2.0,1.0,2
222,29,1.0,0.0,3
222,31,1.0,0.0,2
222,32,1.3333333333333333,0.4714045207910317,3
222,33,1.0,0.0,3
222,34,1.5,0.5,2
222,35,1.2,0.4,5
222,36,1.4,0.8,5
222,37,1.0,0.0,5
222,38,1.6666666666666667,0.4714045207910317,3
222,39,1.0,0.0,1
222,41,1.0,0.0,1
222,51,1.0,0.0,1
222,52,1.0,0.0,2
222,53,1.2,0.4,5
222,54,1.5,0.5,4
222,55,2.0,1.0,2
222,56,2.5714285714285716,1.178030178747903,7
222,57,2.0,0.816496580927726,3
222,58,1.25,0.4330127018922193,4
222,59,1.1666666666666667,0.3726779962499649,6
222,60,1.5714285714285714,0.9035079029052512,7
222,61,1.25,0.4330127018922193,4
222,62,1.4,0.4898979485566356,5
222,63,1.0,0.0,1
222,64,1.0,0.0,3
222,65,1.0,0.0,2
222,66,1.0,0.0,1
222,68,1.0,0.0,1
222,69,1.0,0.0,1
222,74,1.0,0.0,2
222,75,1.0,0.0,1
222,76,1.3333333333333333,0.4714045207910317,3
222,77,1.0,0.0,1
222,78,2.0,1.0,2
222,79,1.2,0.4,5
222,80,1.75,0.82915619758885,4
222,81,2.0,0.816496580927726,3
222,82,1.6,0.8,5
222,83,5.0,0.0,1
222,84,1.3333333333333333,0.4714045207910317,3
222,85,1.6666666666666667,0.9428090415820634,6
222,86,1.0,0.0,2
222,87,1.0,0.0,4
222,88,1.0,0.0,2
222,89,1.0,0.0,2
222,91,1.0,0.0,1
222,95,1.0,0.0,1
222,99,1.0,0.0,1
222,100,1.3333333333333333,0.4714045207910317,3
222,101,1.0,0.0,3
222,102,1.3333333333333333,0.4714045207910317,3
222,103,1.6,0.8,5
222,104,2.2,0.7483314773547882,5
222,105,1.1666666666666667,0.3726779962499649,6
222,106,1.5,0.5,4
222,107,1.0,0.0,1
222,108,1.6,0.8,5
222,109,1.0,0.0,3
222,110,1.0,0.0,2
222,111,1.0,0.0,1
222,112,1.5,0.5,2
222,113,1.0,0.0,1
222,114,1.0,0.0,1
222,115,1.0,0.0,1
222,117,1.0,0.0,1
222,118,1.0,0.0,1
222,123,1.0,0.0,2
222,124,1.0,0.0,3
222,127,1.0,0.0,1
222,128,1.0,0.0,1
222,129,1.3333333333333333,0.4714045207910317,3
222,130,1.5714285714285714,0.4948716593053935,7
222,131,1.0,0.0,2
222,132,1.3333333333333333,0.4714045207910317,6
222,133,2.0,0.0,1
222,134,1.0,0.0,1
222,135,1.0,0.0,1
222,136,1.0,0.0,2
222,137,1.0,0.0,1
222,138,1.0,0.0,1
222,139,1.0,0.0,1
222,141,2.0,0.0,1
222,142,2.0,0.0,1
222,151,1.0,0.0,1
222,152,1.25,0.4330127018922193,4
222,153,1.1666666666666667,0.3726779962499649,6
222,154,1.2857142857142858,0.45175395145262565,7
222,155,1.0,0.0,3
222,156,3.125,0.9270248108869579,8
222,157,1.5,0.5,2
222,158,1.0,0.0,2
222,165,1.0,0.0,1
222,167,1.0,0.0,1
223,0,1.0,0.0,3
223,1,1.0,0.0,3
223,2,2.0,0.0,1
223,3,1.0,0.0,1
223,4,1.5,0.5,2
223,5,1.0,0.0,2
223,6,1.75,0.4330127018922193,4
223,7,4.5,0.5,2
223,8,1.6,0.4898979485566356,5
223,9,1.6,0.8,5
223,10,1.4,0.4898979485566356,5
223,11,1.6,0.4898979485566356,5
223,12,2.0,1.0690449676496976,7
223,13,2.4,1.4966629547095764,5
223,14,2.0,0.816496580927726,3
223,15,2.0,1.1547005383792515,6
223,16,1.4,0.4898979485566356,5
223,17,1.3333333333333333,0.4714045207910317,3
223,18,1.3333333333333333,0.4714045207910317,3
223,19,1.25,0.4330127018922193,4
223,20,1.2857142857142858,0.45175395145262565,7
223,21,2.0,0.0,1
223,22,1.2,0.4,5
223,23,1.8,0.7483314773547883,5
223,24,1.0,0.0,3
223,25,1.25,0.4330127018922193,4
223,26,1.0,0.0,3
223,27,1.0,0.0,1
223,28,1.0,0.0,1
223,29,1.0,0.0,1
223,30,1.6666666666666667,0.4714045207910317,3
223,31,1.0,0.0,5
223,32,1.3333333333333333,0.4714045207910317,3
223,33,2.0,1.0954451150103321,5
223,34,1.6,0.8,5
223,35,1.5,0.5,4
223,36,2.5,1.5,2
223,37,1.6,0.4898979485566356,5
223,38,1.6666666666666667,0.4714045207910317,6
223,39,2.3333333333333335,1.247219128924647,3
223,40,1.8,0.4,5
223,41,2.2,0.9797958971132712,5
223,42,2.0,0.0,3
223,43,1.5,0.5,2
223,44,1.5,0.5,6
223,45,1.5,0.5,6
223,46,1.0,0.0,2
223,47,1.0,0.0,3
223,48,1.0,0.0,6
223,49,2.0,0.0,1
223,50,1.0,0.0,1
223,51,1.5,0.5,2
223,52,1.0,0.0,1
223,53,1.0,0.0,2
223,54,1.2,0.4,5
223,55,2.2,1.16619037896906,5
223,56,3.0,1.4142135623730951,4
223,57,2.2,0.7483314773547882,5
223,58,1.7142857142857142,0.45175395145262565,7
223,59,1.5,0.5,6
223,60,1.6666666666666667,0.4714045207910317,6
223,61,1.4,0.4898979485566356,5
223,62,1.3333333333333333,0.7453559924999299,6
223,63,2.6666666666666665,0.4714045207910317,6
223,64,1.5,0.7071067811865476,8
223,65,1.0,0.0,5
223,66,1.2,0.4000000000000001,5
223,67,1.3333333333333333,0.4714045207910317,6
223,68,1.3333333333333333,0.4714045207910317,6
223,69,1.2857142857142858,0.6998542122237652,7
223,70,1.8,0.4000000000000001,5
223,71,1.75,0.82915619758885,4
223,72,1.25,0.4330127018922193,4
223,73,1.5,0.5,4
223,74,1.3333333333333333,0.4714045207910317,3
223,75,1.0,0.0,2
223,76,2.0,0.0,1
223,77,1.0,0.0,5
223,78,1.3333333333333333,0.4714045207910317,3
223,79,1.0,0.0,7
223,80,1.25,0.4330127018922193,4
223,81,1.375,0.4841229182759271,8
223,82,1.3333333333333333,0.4714045207910317,6
223,83,1.5555555555555556,0.6849348892187752,9
223,84,2.2857142857142856,1.1605769149479943,7
223,85,1.3333333333333333,0.4714045207910317,6
223,86,1.5,1.0,8
223,87,1.625,0.4841229182759271,8
223,88,2.4285714285714284,1.049781318335648,7
223,89,1.25,0.4330127018922193,4
223,90,1.5,0.7637626158259734,6
223,91,1.5,0.5,2
223,92,1.3333333333333333,0.4714045207910317,6
223,93,1.3333333333333333,0.4714045207910317,3
223,94,1.5,0.7637626158259734,6
223,95,1.1666666666666667,0.3726779962499649,6
223,96,1.5,0.8660254037844386,4
223,97,1.5,0.5,2
223,98,1.0,0.0,2
223,100,1.0,0.0,3
223,101,1.0,0.0,2
223,102,1.3333333333333333,0.4714045207910317,6
223,103,1.4285714285714286,0.4948716593053935,7
223,104,2.0,0.816496580927726,6
223,105,1.5,0.7637626158259734,6
223,106,1.4285714285714286,0.7284313590846835,7
223,107,1.4,0.8,5
223,108,2.0,1.1547005383792515,6
223,109,1.6666666666666667,0.4714045207910317,6
223,110,1.7142857142857142,0.6998542122237652,7
223,111,1.7142857142857142,0.6998542122237652,7
223,112,1.8333333333333333,0.6871842709362768,6
223,113,1.875,0.9270248108869579,8
223,114,1.75,0.82915619758885,4
223,115,1.25,0.4330127018922193,4
223,116,1.2,0.4,5
223,117,2.1666666666666665,0.6871842709362768,6
223,118,1.2,0.4,5
223,119,2.2,1.16619037896906,5
223,120,1.8,1.6,5
223,121,1.0,0.0,4
223,122,1.0,0.0,2
223,123,1.5,0.8660254037844386,4
223,124,1.4,0.4898979485566356,5
223,125,1.0,0.0,1
223,126,1.25,0.4330127018922193,4
223,127,1.3333333333333333,0.4714045207910317,3
223,128,1.0,0.0,6
223,129,1.2857142857142858,0.6998542122237652,7
223,130,2.0,0.8660254037844386,8
223,131,1.7142857142857142,0.6998542122237652,7
223,132,1.75,0.82915619758885,4
223,133,2.0,0.816496580927726,6
223,134,2.0,1.224744871391589,4
223,135,1.2,0.4,5
223,136,1.0,0.0,4
223,137,1.2,0.4,5
223,138,1.5,1.118033988749895,6
223,139,1.2,0.4000000000000001,5
223,140,1.3333333333333333,0.4714045207910317,3
223,141,1.0,0.0,3
223,142,1.5,0.5,6
223,143,2.6666666666666665,1.1055415967851334,6
223,144,2.0,0.7071067811865476,4
223,145,1.6,0.8,5
223,146,1.0,0.0,5
223,147,1.25,0.4330127018922193,4
223,148,1.25,0.4330127018922193,4
223,149,1.3333333333333333,0.4714045207910317,3
223,150,1.0,0.0,5
223,151,1.0,0.0,4
223,152,2.0,1.0954451150103321,5
223,153,1.3333333333333333,0.4714045207910317,6
223,154,2.0,0.6324555320336759,5
223,155,1.6666666666666667,0.9428090415820634,3
223,156,1.5,0.5,6
223,157,1.4,0.8,5
223,158,2.25,0.4330127018922193,8
223,159,2.0,0.6324555320336759,5
223,160,1.6666666666666667,0.4714045207910317,6
223,161,1.4285714285714286,0.7284313590846835,7
223,162,1.6,0.8,5
223,163,1.8333333333333333,0.8975274678557508,6
223,164,3.5,2.598076211353316,4
223,165,2.8333333333333335,3.2360813064912666,6
223,166,1.2,0.4,5
223,167,2.0,1.3093073414159542,7
224,0,1.25,0.4330127018922193,4
224,1,1.5,0.5,6
224,2,1.0,0.0,2
224,3,1.3333333333333333,0.4714045207910317,3
224,4,1.3333333333333333,0.4714045207910317,3
224,5,2.0,0.816496580927726,3
224,6,4.5,1.118033988749895,8
224,7,8.285714285714286,2.1852940772540506,7
224,8,9.285714285714286,2.1189138534559038,7
224,9,7.0,1.6583123951777,8
224,10,7.375,2.057759704144291,8
224,11,6.125,1.3635890143294642,8
224,12,5.75,2.277608394786075,8
224,13,6.571428571428571,4.624689730353899,7
224,14,5.375,1.5761900266148114,8
224,15,5.875,2.666341125962693,8
224,16,4.125,2.1469455046647083,8
224,17,3.375,1.79843682124227,8
224,18,5.625,1.996089927833914,8
224,19,3.6666666666666665,1.7950549357115015,6
224,20,2.625,1.2183492931011204,8
224,21,4.142857142857143,0.8329931278350429,7
224,22,2.2857142857142856,0.6998542122237652,7
224,23,2.5,1.2583057392117916,6
224,24,2.0,1.224744871391589,4
224,25,1.3333333333333333,0.4714045207910317,3
224,26,1.0,0.0,2
224,27,2.0,0.0,1
224,28,2.0,1.7320508075688772,4
224,29,1.8333333333333333,1.0671873729054748,6
224,30,3.5,1.3228756555322954,8
224,31,6.125,2.2043990110685496,8
224,32,12.125,4.648588495446763,8
224,33,10.0,4.301162633521313,8
224,34,8.25,1.8540496217739157,8
224,35,6.25,2.6339134382131846,8
224,36,7.375,2.117634293262177,8
224,37,7.75,3.112474899497183,8
224,38,7.5,1.9364916731037085,8
224,39,7.25,3.992179855667828,8
224,40,7.75,4.4651427748729375,8
224,41,8.125,3.550968177835448,8
224,42,10.125,5.06057061999929,8
224,43,4.25,2.222048604328897,8
224,44,3.875,2.315032397181517,8
224,45,3.25,1.479019945774904,8
224,46,6.75,4.437059837324712,8
224,47,3.857142857142857,1.456862718169367,7
224,48,2.1666666666666665,1.0671873729054748,6
224,49,1.7142857142857142,1.1605769149479943,7
224,50,1.2,0.4,5
224,51,1.75,0.82915619758885,4
224,52,3.4,1.9595917942265424,5
224,53,2.0,0.5345224838248488,7
224,54,3.3333333333333335,2.0,9
224,55,8.0,3.7712361663282534,9
224,56,13.11111111111111,5.877347180194753,9
224,57,9.444444444444445,3.8618104882183926,9
224,58,8.88888888888889,2.4241582476968255,9
224,59,7.777777777777778,1.3966450099973928,9
224,60,9.222222222222221,3.0469576001782417,9
224,61,5.555555555555555,2.7932900199947857,9
224,62,6.555555555555555,3.1308895119123044,9
224,63,7.222222222222222,1.7497795275581802,9
224,64,6.444444444444445,2.7532248207475263,9
224,65,5.666666666666667,4.320493798938573,9
224,66,9.333333333333334,5.696002496878354,9
224,67,5.888888888888889,2.6851213274654606,9
224,68,3.7777777777777777,2.3465235646603197,9
224,69,5.333333333333333,1.9436506316151,9
224,70,5.555555555555555,5.29383522203182,9
224,71,4.222222222222222,2.1487866228681907,9
224,72,2.4444444444444446,1.3425606637327303,9
224,73,1.5714285714285714,0.7284313590846835,7
224,74,1.0,0.0,3
224,75,1.25,0.4330127018922193,4
224,76,1.5,0.7637626158259734,6
224,77,1.6666666666666667,0.9428090415820634,6
224,78,3.0,1.8027756377319946,8
224,79,8.11111111111111,4.55691036764664,9
224,80,11.11111111111111,4.8863629838435605,9
224,81,13.0,4.0,9
224,82,9.333333333333334,3.431876713662333,9
224,83,7.444444444444445,3.337034981706935,9
224,84,9.222222222222221,2.9731307022799225,9
224,85,7.555555555555555,3.9471821485181358,9
224,86,6.444444444444445,4.6930471293206395,9
224,87,7.444444444444445,2.753224820747526,9
224,88,6.333333333333333,3.1269438398822866,9
224,89,8.0,3.9157800414902435,9
224,90,11.333333333333334,5.517648452415616,9
224,91,6.666666666666667,4.618802153517006,9
224,92,5.333333333333333,1.7638342073763937,9
224,93,5.444444444444445,2.5867659392939593,9
224,94,6.888888888888889,3.4462360931712936,9
224,95,5.555555555555555,3.832930735702298,9
224,96,4.444444444444445,2.629368792488718,9
224,97,2.142857142857143,1.355261854357877,7
224,98,1.4,0.4898979485566356,5
224,99,1.3333333333333333,0.4714045207910317,3
224,100,1.4285714285714286,1.0497813183356477,7
224,101,1.7142857142857142,0.6998542122237652,7
224,102,4.125,2.666341125962693,8
224,103,7.777777777777778,4.540625942600566,9
224,104,8.333333333333334,4.055175020198813,9
224,105,9.444444444444445,3.095197394929804,9
224,106,8.222222222222221,2.615244954653293,9
224,107,7.666666666666667,3.8586123009300746,9
224,108,6.125,2.2043990110685496,8
224,109,9.222222222222221,3.2923405311175675,9
224,110,7.888888888888889,2.5579698740491863,9
224,111,8.88888888888889,6.226189211609733,9
224,112,8.666666666666666,1.9436506316151,9
224,113,11.88888888888889,5.665577237325317,9
224,114,13.444444444444445,8.247708248842505,9
224,115,11.333333333333334,6.76592771006148,9
224,116,6.666666666666667,2.70801280154532,9
224,117,5.0,2.8284271247461903,9
224,118,6.333333333333333,3.2998316455372216,9
224,119,6.555555555555555,5.418304595660715,9
224,120,9.333333333333334,6.306962642808167,9
224,121,7.0,6.110100926607787,9
224,122,4.666666666666667,2.748737083745107,9
224,123,5.444444444444445,2.1140330656044943,9
224,124,3.125,1.899835519196333,8
224,125,1.3333333333333333,0.4714045207910317,6
224,126,2.5555555555555554,1.7708197167232473,9
224,127,3.4,1.3564659966250538,5
224,128,5.222222222222222,1.9876159799998132,9
224,129,5.444444444444445,1.8324913891634047,9
224,130,7.777777777777778,2.4393887111222385,9
224,131,7.666666666666667,3.197221015541813,9
224,132,9.333333333333334,4.422166387140533,9
224,133,7.444444444444445,3.80383172636082,9
224,134,7.111111111111111,3.5728744868474505,9
224,135,5.555555555555555,1.2570787221094177,9
224,136,6.222222222222222,2.439388711122239,9
224,137,10.88888888888889,5.762801102173307,9
224,138,10.666666666666666,4.594682917363407,9
224,139,10.444444444444445,7.3198529297780475,9
224,140,8.333333333333334,6.765927710061479,9
224,141,5.777777777777778,2.7799991118215117,9
224,142,6.444444444444445,3.269764215458258,9
224,143,8.88888888888889,5.820355934981687,9
224,144,10.222222222222221,7.036062310661139,9
224,145,10.375,5.6995065575889985,8
224,146,5.0,3.2317865716108862,9
224,147,3.0,2.23606797749979,8
224,148,1.75,0.9682458365518543,8
224,149,1.375,0.6959705453537527,8
224,150,3.125,1.7633419974582356,8
224,151,2.125,1.0532687216470449,8
224,152,4.0,1.9364916731037085,8
224,153,5.888888888888889,2.078698548207745,9
224,154,7.333333333333333,2.211083193570267,9
224,155,8.777777777777779,2.199887763691481,9
224,156,9.0,2.8284271247461903,9
224,157,8.11111111111111,4.7945442245314265,9
224,158,7.666666666666667,1.699673171197595,9
224,159,7.444444444444445,3.7151674438445528,9
224,160,7.111111111111111,3.212629398844658,9
224,161,9.444444444444445,3.3035708327374453,9
224,162,6.666666666666667,2.9439202887759484,9
224,163,5.375,1.8666480653835098,8
224,164,3.875,2.0879116360612584,8
224,165,4.0,2.0,9
224,166,3.625,2.057759704144291,8
224,167,2.3333333333333335,1.5634719199411433,9
225,0,1.0,0.0,1
225,1,1.0,0.0,1
225,3,1.0,0.0,1
225,4,1.0,0.0,2
225,5,1.0,0.0,4
225,6,1.4,0.4898979485566356,5
225,7,2.125,1.4523687548277813,8
225,8,2.0,0.5773502691896257,6
225,9,1.8333333333333333,0.6871842709362768,6
225,10,2.0,1.0,4
225,11,1.5,0.7637626158259734,6
225,12,1.3333333333333333,0.4714045207910317,3
225,13,1.5,0.5,4
225,14,1.0,0.0,3
225,15,1.0,0.0,4
225,16,1.0,0.0,3
225,17,1.6666666666666667,0.9428090415820634,3
225,18,1.0,0.0,1
225,19,1.0,0.0,1
225,20,1.0,0.0,2
225,21,1.0,0.0,2
225,24,1.0,0.0,1
225,26,1.0,0.0,1
225,28,1.25,0.4330127018922193,4
225,29,3.0,0.0,1
225,30,1.75,0.4330127018922193,4
225,31,1.5,0.5,6
225,32,2.8,1.8330302779823358,5
225,33,2.0,1.1547005383792515,6
225,34,1.5,0.7637626158259734,6
225,35,1.0,0.0,3
225,36,1.8333333333333333,0.6871842709362768,6
225,37,1.6666666666666667,0.4714045207910317,3
225,38,1.3333333333333333,0.4714045207910317,3
225,39,1.2,0.4,5
225,40,1.0,0.0,2
225,41,1.25,0.4330127018922193,4
225,42,1.3333333333333333,0.4714045207910317,3
225,43,1.0,0.0,1
225,44,1.0,0.0,2
225,46,1.25,0.4330127018922193,4
225,47,1.0,0.0,1
225,48,1.0,0.0,1
225,49,1.0,0.0,2
225,50,1.0,0.0,1
225,51,1.0,0.0,1
225,52,1.8,1.1661903789690602,5
225,53,1.2,0.4,5
225,54,1.25,0.4330127018922193,8
225,55,1.8571428571428572,0.989743318610787,7
225,56,2.5,1.707825127659933,6
225,57,1.75,0.82915619758885,4
225,58,1.7142857142857142,1.1605769149479943,7
225,59,1.8333333333333333,1.0671873729054748,6
225,60,1.5,0.5,8
225,61,1.0,0.0,4
225,62,1.0,0.0,2
225,63,1.3333333333333333,0.4714045207910317,3
225,64,1.0,0.0,3
225,65,2.0,0.0,1
225,66,1.1666666666666667,0.3726779962499649,6
225,67,1.2,0.4000000000000001,5
225,68,1.5,0.5,2
225,70,1.0,0.0,2
225,71,2.0,0.0,1
225,73,1.0,0.0,2
225,74,1.0,0.0,2
225,75,1.0,0.0,2
225,76,1.4,0.8000000000000002,5
225,77,1.3333333333333333,0.7453559924999299,6
225,78,1.8571428571428572,1.456862718169367,7
225,79,2.4285714285714284,1.178030178747903,7
225,80,2.25,1.0897247358851685,4
225,81,1.75,0.4330127018922193,4
225,82,2.1666666666666665,0.6871842709362768,6
225,83,1.3333333333333333,0.4714045207910317,3
225,84,2.0,1.0,4
225,85,1.0,0.0,2
225,86,1.0,0.0,2
225,87,2.5,0.8660254037844386,4
225,88,1.25,0.4330127018922193,4
225,89,1.0,0.0,2
225,90,1.0,0.0,2
225,91,1.0,0.0,5
225,92,1.5,0.5,4
225,93,1.5,0.5,2
225,94,1.5,0.5,2
225,95,1.0,0.0,1
225,96,2.0,0.0,1
225,97,1.0,0.0,1
225,99,1.0,0.0,1
225,100,2.0,1.4142135623730951,3
225,101,1.25,0.4330127018922193,4
225,102,2.125,1.0532687216470449,8
225,103,2.125,1.165922381636102,8
225,104,2.5,0.8660254037844386,4
225,105,1.8,0.7483314773547883,5
225,106,2.0,1.0954451150103321,5
225,107,2.25,1.299038105676658,4
225,108,1.6666666666666667,0.7453559924999299,6
225,109,1.75,0.82915619758885,4
225,110,1.6666666666666667,0.9428090415820634,6
225,111,2.5,1.5,4
225,112,1.25,0.4330127018922193,4
225,113,1.5,0.8660254037844386,4
225,114,2.75,0.82915619758885,4
225,115,1.25,0.4330127018922193,4
225,116,1.0,0.0,3
225,117,1.0,0.0,1
225,118,1.0,0.0,1
225,119,2.0,1.4142135623730951,3
225,121,1.0,0.0,1
225,122,1.0,0.0,2
225,124,1.8,1.6,5
225,125,1.0,0.0,2
225,126,1.0,0.0,1
225,127,1.0,0.0,3
225,128,1.0,0.0,3
225,129,1.6666666666666667,0.4714045207910317,6
225,130,1.4,0.4898979485566356,5
225,131,1.6666666666666667,0.4714045207910317,3
225,132,1.25,0.4330127018922193,4
225,133,1.4,0.8,5
225,134,1.3333333333333333,0.4714045207910317,3
225,135,1.0,0.0,1
225,136,1.3333333333333333,0.4714045207910317,3
225,137,1.3333333333333333,0.4714045207910317,3
225,138,1.0,0.0,4
225,139,1.5,1.118033988749895,6
225,140,1.0,0.0,2
225,141,1.0,0.0,3
225,142,1.0,0.0,3
225,143,2.0,1.4142135623730951,3
225,144,1.75,0.82915619758885,4
225,145,1.0,0.0,5
225,146,1.0,0.0,4
225,147,1.0,0.0,1
225,148,1.0,0.0,3
225,149,1.0,0.0,3
225,150,1.3333333333333333,0.4714045207910317,3
225,151,1.0,0.0,4
225,152,1.1428571428571428,0.3499271061118826,7
225,153,2.1666666666666665,0.8975274678557507,6
225,154,1.5,0.7637626158259734,6
225,155,1.6666666666666667,0.9428090415820634,3
225,156,1.2,0.4,5
225,157,1.3333333333333333,0.4714045207910317,3
225,158,1.75,0.9682458365518543,8
225,159,1.4285714285714286,0.4948716593053935,7
225,160,1.0,0.0,2
225,161,1.0,0.0,2
225,162,1.0,0.0,1
225,163,1.2,0.4,5
225,164,1.0,0.0,3
225,165,4.0,0.0,1
225,166,2.5,2.598076211353316,4
225,167,2.3333333333333335,0.9428090415820634,3
226,0,3.4285714285714284,1.3997084244475304,7
226,1,2.25,0.9682458365518543,8
226,2,1.6,0.8,5
226,3,1.6666666666666667,0.4714045207910317,3
226,4,2.6666666666666665,1.1055415967851334,6
226,5,2.7142857142857144,1.0301575072754257,7
226,6,4.125,2.315032397181517,8
226,7,6.5,3.968626966596886,8
226,8,8.625,10.511154789080027,8
226,9,4.125,2.0879116360612584,8
226,10,3.375,0.9921567416492215,8
226,11,3.875,1.165922381636102,8
226,12,2.375,0.6959705453537527,8
226,13,4.0,1.7320508075688772,8
226,14,2.75,0.82915619758885,8
226,15,3.0,1.3228756555322954,8
226,16,5.875,1.8328597873268975,8
226,17,4.0,1.5811388300841898,8
226,18,2.125,0.7806247497997998,8
226,19,1.8333333333333333,1.462494064565354,6
226,20,2.857142857142857,3.356382892705923,7
226,21,1.875,1.2686114456365274,8
226,22,1.6666666666666667,0.7453559924999299,6
226,23,2.375,1.1110243021644486,8
226,24,2.2857142857142856,1.1605769149479943,7
226,25,1.2,0.4000000000000001,5
226,26,1.0,0.0,4
226,27,1.8333333333333333,1.0671873729054748,6
226,28,2.0,0.5773502691896257,6
226,29,1.7142857142857142,0.6998542122237652,7
226,30,3.5,1.5811388300841898,8
226,31,4.375,1.8666480653835098,8
226,32,4.875,2.4206145913796355,8
226,33,3.375,1.4947825928876748,8
226,34,3.625,1.3169567191065923,8
226,35,4.25,2.277608394786075,8
226,36,2.4,1.3564659966250536,5
226,37,2.625,1.1110243021644486,8
226,38,3.0,1.5,8
226,39,3.625,1.996089927833914,8
226,40,5.75,3.6996621467371855,8
226,41,3.625,1.5761900266148114,8
226,42,4.5,2.9860788111948193,6
226,43,2.1666666666666665,0.8975274678557507,6
226,44,2.1666666666666665,0.8975274678557507,6
226,45,2.125,0.7806247497997998,8
226,46,2.3333333333333335,1.3743685418725535,6
226,47,2.25,1.1989578808281798,8
226,48,1.8333333333333333,0.8975274678557508,6
226,49,1.2857142857142858,0.6998542122237652,7
226,50,1.4,0.8,5
226,51,1.3333333333333333,0.4714045207910317,6
226,52,1.75,0.82915619758885,8
226,53,2.125,1.6153559979150107,8
226,54,2.7777777777777777,1.617802197617893,9
226,55,4.222222222222222,1.7497795275581802,9
226,56,7.555555555555555,2.7125679146074897,9
226,57,4.222222222222222,2.298684540619689,9
226,58,3.625,1.4086784586980805,8
226,59,2.875,1.0532687216470449,8
226,60,2.888888888888889,1.594744454934147,9
226,61,3.6666666666666665,1.3333333333333333,9
226,62,4.5,1.118033988749895,8
226,63,4.125,3.179524335494226,8
226,64,5.666666666666667,2.4037008503093262,9
226,65,2.6666666666666665,1.3333333333333333,9
226,66,3.375,1.5761900266148114,8
226,67,1.4444444444444444,0.6849348892187752,9
226,68,1.5,0.7637626158259734,6
226,69,2.25,1.0897247358851685,8
226,70,2.4285714285714284,1.3997084244475304,7
226,71,2.888888888888889,0.9938079899999066,9
226,72,2.0,1.0,8
226,73,1.2,0.4,5
226,74,1.4285714285714286,0.7284313590846835,7
226,75,1.6,0.8,5
226,76,1.8333333333333333,1.0671873729054748,6
226,77,2.25,1.479019945774904,8
226,78,4.333333333333333,1.7638342073763937,9
226,79,2.6666666666666665,1.1547005383792517,9
226,80,4.777777777777778,2.3465235646603193,9
226,81,3.0,1.7638342073763937,9
226,82,3.625,1.1110243021644486,8
226,83,3.142857142857143,1.958758457257441,7
226,84,3.875,1.6153559979150107,8
226,85,3.2222222222222223,1.1331154474650633,9
226,86,3.5,1.4142135623730951,8
226,87,3.3333333333333335,1.3333333333333333,9
226,88,4.555555555555555,2.454524670486058,9
226,89,4.125,1.899835519196333,8
226,90,2.375,0.9921567416492215,8
226,91,2.75,1.713913650100261,8
226,92,2.142857142857143,1.124858267715973,7
226,93,2.7142857142857144,2.0503857277724746,7
226,94,2.1666666666666665,1.0671873729054748,6
226,95,2.6666666666666665,2.0548046676563256,9
226,96,3.4444444444444446,1.0657403385139377,9
226,97,1.4285714285714286,0.7284313590846835,7
226,98,1.8333333333333333,0.6871842709362768,6
226,99,1.75,0.82915619758885,8
226,100,2.0,1.6035674514745464,7
226,101,4.444444444444445,6.9299849464500785,9
226,102,7.888888888888889,13.52729294134594,9
226,103,5.111111111111111,3.9283710065919304,9
226,104,3.6666666666666665,1.4907119849998598,9
226,105,3.5555555555555554,2.165954298846436,9
226,106,2.2222222222222223,0.7856742013183862,9
226,107,2.3333333333333335,1.1547005383792515,9
226,108,3.5555555555555554,3.861810488218392,9
226,109,5.0,3.4641016151377544,9
226,110,4.888888888888889,2.7261875880856214,9
226,111,3.111111111111111,1.1967032904743342,9
226,112,4.222222222222222,2.57240820062005,9
226,113,3.5555555555555554,1.640535895581489,9
226,114,4.0,2.1081851067789197,9
226,115,2.111111111111111,0.9938079899999066,9
226,116,2.142857142857143,0.989743318610787,7
226,117,3.2857142857142856,1.979486637221574,7
226,118,1.75,0.82915619758885,8
226,119,2.25,0.82915619758885,8
226,120,2.25,0.6614378277661477,8
226,121,2.4444444444444446,1.4229164972072998,9
226,122,3.857142857142857,1.6413036132965795,7
226,123,2.111111111111111,0.8748897637790901,9
226,124,2.7142857142857144,1.6659862556700857,7
226,125,2.2222222222222223,1.0304020550550783,9
226,126,3.888888888888889,2.5141574442188355,9
226,127,2.875,1.7633419974582356,8
226,128,4.555555555555555,3.2697642154582582,9
226,129,6.0,4.0276819911981905,9
226,130,3.25,2.277608394786075,8
226,131,3.5,2.179449471770337,8
226,132,3.0,1.5,8
226,133,3.2222222222222223,1.1331154474650633,9
226,134,3.7777777777777777,1.547598697464902,9
226,135,4.0,2.0,8
226,136,3.25,1.3919410907075054,8
226,137,4.777777777777778,2.8196838978776713,9
226,138,3.6666666666666665,2.0,9
226,139,2.75,1.3919410907075054,8
226,140,2.0,0.816496580927726,6
226,141,1.8571428571428572,0.989743318610787,7
226,142,2.8,0.7483314773547882,5
226,143,2.111111111111111,0.8748897637790901,9
226,144,3.3333333333333335,2.0,9
226,145,2.4285714285714284,1.5907898179514348,7
226,146,3.3333333333333335,1.7638342073763935,9
226,147,1.5,0.7071067811865476,8
226,148,3.0,1.118033988749895,8
226,149,2.7777777777777777,1.1331154474650633,9
226,150,2.875,1.6153559979150107,8
226,151,3.125,1.3635890143294642,8
226,152,3.5,2.1213203435596424,8
226,153,5.888888888888889,2.6010444246043614,9
226,154,3.0,2.0,8
226,155,3.625,2.1758618981911515,8
226,156,3.142857142857143,1.6413036132965795,7
226,157,3.7777777777777777,1.4740554623801778,9
226,158,2.7777777777777777,1.227262335243029,9
226,159,4.25,1.1989578808281798,8
226,160,3.7777777777777777,1.3966450099973928,9
226,161,3.75,1.920286436967152,8
226,162,3.875,1.8328597873268975,8
226,163,3.111111111111111,2.3778816176702997,9
226,164,2.5,1.9364916731037085,8
226,165,3.111111111111111,3.281071791162978,9
226,166,3.3333333333333335,2.309401076758503,9
226,167,3.888888888888889,2.23330569358242,9
227,5,1.0,0.0,2
227,6,1.0,0.0,2
227,8,1.0,0.0,1
227,9,1.0,0.0,1
227,10,1.4,0.4898979485566356,5
227,11,1.0,0.0,3
227,12,1.0,0.0,2
227,13,1.0,0.0,1
227,14,1.0,0.0,2
227,15,1.0,0.0,3
227,17,1.0,0.0,3
227,18,1.0,0.0,1
227,19,1.0,0.0,1
227,28,1.0,0.0,1
227,29,1.0,0.0,1
227,30,1.0,0.0,1
227,32,1.0,0.0,2
227,33,1.0,0.0,1
227,35,1.0,0.0,1
227,36,1.0,0.0,1
227,37,1.3333333333333333,0.4714045207910317,3
227,38,1.0,0.0,1
227,39,1.0,0.0,2
227,40,1.0,0.0,2
227,41,2.0,0.0,1
227,49,1.0,0.0,1
227,52,1.0,0.0,1
227,55,1.0,0.0,1
227,56,2.0,0.0,1
227,57,2.0,1.0,2
227,58,1.25,0.4330127018922193,4
227,60,1.0,0.0,4
227,61,1.0,0.0,5
227,62,1.0,0.0,2
227,63,1.5,0.5,2
227,64,2.0,0.0,1
227,66,1.0,0.0,1
227,69,1.0,0.0,1
227,70,1.0,0.0,1
227,71,1.0,0.0,2
227,76,1.0,0.0,1
227,78,1.5,0.5,2
227,80,1.0,0.0,1
227,81,1.0,0.0,2
227,82,1.0,0.0,1
227,83,1.0,0.0,1
227,84,1.0,0.0,1
227,86,1.0,0.0,3
227,87,1.0,0.0,1
227,88,1.0,0.0,1
227,90,1.0,0.0,1
227,91,1.0,0.0,1
227,94,1.0,0.0,1
227,102,1.0,0.0,4
227,105,1.0,0.0,2
227,106,1.0,0.0,1
227,107,1.0,0.0,2
227,109,1.3333333333333333,0.4714045207910317,3
227,111,2.3333333333333335,1.247219128924647,3
227,112,1.0,0.0,2
227,113,1.0,0.0,1
227,114,1.0,0.0,2
227,115,1.0,0.0,1
227,119,1.0,0.0,1
227,120,1.0,0.0,2
227,122,1.0,0.0,1
227,123,1.0,0.0,1
227,126,1.0,0.0,1
227,127,1.0,0.0,2
227,130,1.0,0.0,1
227,133,1.0,0.0,1
227,134,1.0,0.0,1
227,135,1.0,0.0,1
227,136,1.0,0.0,1
227,139,1.0,0.0,1
227,143,1.0,0.0,1
227,146,1.0,0.0,1
227,147,1.0,0.0,1
227,151,1.0,0.0,2
227,153,1.0,0.0,1
227,154,1.0,0.0,1
227,155,1.0,0.0,2
227,157,1.0,0.0,1
227,158,1.0,0.0,1
227,160,1.0,0.0,1
227,161,1.0,0.0,3
227,162,1.0,0.0,1
227,165,1.0,0.0,1
227,167,1.0,0.0,1
228,1,1.0,0.0,1
228,3,1.0,0.0,2
228,5,1.0,0.0,2
228,6,1.0,0.0,2
228,7,1.25,0.4330127018922193,4
228,8,1.3333333333333333,0.4714045207910317,3
228,9,1.0,0.0,2
228,10,1.0,0.0,2
228,11,1.0,0.0,1
228,12,1.3333333333333333,0.4714045207910317,3
228,13,1.0,0.0,2
228,14,1.0,0.0,2
228,15,2.0,0.0,1
228,16,1.0,0.0,4
228,17,1.0,0.0,1
228,18,1.5,0.5,2
228,20,1.0,0.0,4
228,21,1.0,0.0,1
228,22,3.0,0.0,1
228,23,1.0,0.0,3
228,24,1.0,0.0,2
228,26,1.0,0.0,1
228,29,1.0,0.0,1
228,30,1.0,0.0,2
228,31,1.0,0.0,4
228,32,1.0,0.0,1
228,33,1.5,0.5,2
228,34,1.0,0.0,1
228,35,1.3333333333333333,0.4714045207910317,3
228,36,1.5,0.5,2
228,37,1.0,0.0,4
228,38,1.0,0.0,2
228,39,1.0,0.0,3
228,40,1.0,0.0,2
228,41,1.0,0.0,3
228,42,1.0,0.0,1
228,43,1.0,0.0,1
228,44,1.0,0.0,3
228,45,1.0,0.0,2
228,46,1.3333333333333333,0.4714045207910317,3
228,48,1.0,0.0,2
228,50,1.0,0.0,1
228,52,1.0,0.0,1
228,53,1.0,0.0,2
228,54,1.0,0.0,3
228,55,1.0,0.0,1
228,56,1.0,0.0,3
228,57,1.5,0.5,2
228,58,1.0,0.0,1
228,59,1.3333333333333333,0.4714045207910317,3
228,60,1.0,0.0,3
228,61,1.0,0.0,2
228,62,1.0,0.0,4
228,63,1.0,0.0,2
228,65,1.0,0.0,1
228,66,1.0,0.0,3
228,68,1.0,0.0,2
228,69,1.0,0.0,1
228,70,1.0,0.0,1
228,73,1.0,0.0,1
228,77,1.0,0.0,1
228,78,1.0,0.0,2
228,79,1.0,0.0,2
228,80,1.75,0.4330127018922193,4
228,81,1.2,0.4,5
228,82,2.0,0.0,1
228,83,1.1666666666666667,0.3726779962499649,6
228,84,1.0,0.0,2
228,85,1.0,0.0,3
228,86,1.0,0.0,2
228,87,1.0,0.0,2
228,88,2.0,0.0,1
228,89,1.25,0.4330127018922193,4
228,90,1.4,0.4898979485566356,5
228,91,1.0,0.0,3
228,92,1.0,0.0,4
228,93,1.3333333333333333,0.4714045207910317,3
228,94,1.2,0.4,5
228,95,1.0,0.0,4
228,96,1.3333333333333333,0.4714045207910317,3
228,97,1.0,0.0,1
228,98,1.0,0.0,1
228,102,1.0,0.0,2
228,103,1.0,0.0,3
228,104,1.0,0.0,5
228,105,1.3333333333333333,0.4714045207910317,3
228,106,1.25,0.4330127018922193,4
228,107,1.0,0.0,5
228,108,1.3333333333333333,0.4714045207910317,3
228,109,1.25,0.4330127018922193,4
228,110,1.0,0.0,1
228,111,1.0,0.0,3
228,113,1.0,0.0,2
228,114,2.0,0.0,1
228,115,1.5,0.5,2
228,116,1.25,0.4330127018922193,4
228,117,1.0,0.0,1
228,119,1.0,0.0,4
228,120,1.0,0.0,3
228,121,1.0,0.0,1
228,127,2.0,0.0,1
228,129,1.6666666666666667,0.9428090415820634,3
228,130,1.0,0.0,1
228,131,1.0,0.0,1
228,132,1.5,0.5,2
228,133,1.0,0.0,1
228,134,1.3333333333333333,0.4714045207910317,3
228,135,1.0,0.0,1
228,138,1.0,0.0,1
228,139,1.3333333333333333,0.4714045207910317,3
228,140,1.5,0.5,2
228,141,1.0,0.0,1
228,142,1.0,0.0,3
228,143,1.2,0.4000000000000001,5
228,144,1.5,0.5,2
228,145,1.0,0.0,1
228,147,1.0,0.0,1
228,148,1.0,0.0,1
228,149,1.0,0.0,1
228,150,1.0,0.0,1
228,152,1.0,0.0,3
228,154,1.0,0.0,1
228,155,1.0,0.0,2
228,156,2.0,0.0,1
228,157,1.0,0.0,1
228,158,1.0,0.0,4
228,159,1.0,0.0,2
228,160,1.0,0.0,1
228,161,1.0,0.0,1
228,162,1.0,0.0,4
228,163,1.0,0.0,4
228,164,1.25,0.4330127018922193,4
228,165,1.25,0.4330127018922193,4
228,166,4.0,0.0,1
228,167,1.0,0.0,1
229,0,15.0,6.782329983125268,8
229,1,9.5,2.7838821814150108,8
229,2,5.0,2.23606797749979,8
229,3,2.875,1.5360257159305635,8
229,4,6.375,2.912795049432761,8
229,5,9.75,4.493050188902857,8
229,6,30.375,9.745992766260398,8
229,7,79.0,30.074906483645133,8
229,8,112.25,38.13708824753143,8
229,9,105.25,28.159145938753184,8
229,10,104.75,25.188042798121494,8
229,11,101.875,24.39998719261959,8
229,12,109.625,16.79983258845159,8
229,13,106.0,18.894443627691185,8
229,14,100.5,20.149441679609886,8
229,15,90.375,18.70786933351845,8
229,16,99.25,16.58123939879043,8
229,17,112.25,24.262883175748097,8
229,18,137.25,34.96337369305199,8
229,19,103.625,28.071059385067745,8
229,20,93.625,20.37730048362638,8
229,21,94.375,21.85713556255714,8
229,22,62.0,15.149257407543116,8
229,23,37.0,7.713624310270756,8
229,24,18.0,6.164414002968976,8
229,25,8.125,3.370367190678191,8
229,26,4.625,1.8666480653835098,8
229,27,6.0,2.878491668515698,7
229,28,7.125,2.368411915187052,8
229,29,8.875,3.8547859862773186,8
229,30,31.75,8.011710179481033,8
229,31,93.75,25.23762072779445,8
229,32,130.375,38.32733195775568,8
229,33,125.5,26.823497162003317,8
229,34,126.125,21.409329158103017,8
229,35,127.875,21.079833372206718,8
229,36,123.375,14.611104509926689,8
229,37,120.5,16.97056274847714,8
229,38,120.25,22.37046043334826,8
229,39,109.375,18.74124795738,8
229,40,101.125,17.374100696151153,8
229,41,138.25,30.359306645574105,8
229,42,161.75,26.199952290032897,8
229,43,141.375,35.8327277080604,8
229,44,136.0,35.14967994164385,8
229,45,135.125,37.54476494799242,8
229,46,106.375,34.15749368733017,8
229,47,58.75,16.276900810658027,8
229,48,29.666666666666668,8.16496580927726,9
229,49,17.0,4.944132324730441,9
229,50,8.11111111111111,3.381138678822875,9
229,51,5.222222222222222,1.9876159799998132,9
229,52,7.333333333333333,2.6666666666666665,9
229,53,9.555555555555555,2.362254625052144,9
229,54,27.88888888888889,5.933791076808306,9
229,55,93.66666666666667,26.524621685437015,9
229,56,132.44444444444446,33.02225213098691,9
229,57,135.44444444444446,27.552419176347033,9
229,58,131.55555555555554,24.676174343826347,9
229,59,121.22222222222223,21.85699876610987,9
229,60,131.55555555555554,28.713570586091677,9
229,61,118.33333333333333,22.6960593740656,9
229,62,118.0,18.46317656550164,9
229,63,104.77777777777777,18.103270286379985,9
229,64,105.11111111111111,20.545042356541853,9
229,65,142.88888888888889,36.05380067634862,9
229,66,171.44444444444446,42.539161332983284,9
229,67,148.0,35.298725189445584,9
229,68,137.33333333333334,43.46134936801766,9
229,69,142.22222222222223,48.90984399388504,9
229,70,118.0,45.306364527146364,9
229,71,70.66666666666667,25.152865973217974,9
229,72,37.111111111111114,13.519076599337895,9
229,73,19.11111111111111,6.83852557930183,9
229,74,11.777777777777779,5.533288710217215,9
229,75,5.222222222222222,2.779999111821512,9
229,76,7.222222222222222,5.349512496538099,9
229,77,11.11111111111111,2.8458329944145997,9
229,78,29.77777777777778,6.679617051195172,9
229,79,87.55555555555556,33.028980914447146,9
229,80,123.55555555555556,40.65877276147346,9
229,81,121.66666666666667,37.24692381034081,9
229,82,121.88888888888889,29.923771466267954,9
229,83,128.22222222222223,27.385226259498946,9
229,84,126.77777777777777,22.724327530829047,9
229,85,115.44444444444444,12.606092981051408,9
229,86,114.88888888888889,13.939906300055284,9
229,87,111.22222222222223,17.56750648073361,9
229,88,111.33333333333333,20.693530926891675,9
229,89,141.33333333333334,33.11260250183371,9
229,90,172.0,43.15089802078283,9
229,91,156.44444444444446,39.38728252483735,9
229,92,141.33333333333334,41.071752931776466,9
229,93,140.22222222222223,42.582671952535854,9
229,94,137.11111111111111,61.75479188684595,9
229,95,99.77777777777777,48.69354914560102,9
229,96,55.111111111111114,29.834523046834498,9
229,97,27.0,14.344956527566675,9
229,98,14.444444444444445,6.220237778790403,9
229,99,10.444444444444445,4.833014037984788,9
229,100,10.555555555555555,4.645454435637082,9
229,101,11.88888888888889,4.121608220220313,9
229,102,25.88888888888889,8.862460712270787,9
229,103,74.11111111111111,29.636480689419265,9
229,104,93.0,33.7573037364591,9
229,105,108.88888888888889,25.92915323828221,9
229,106,112.33333333333333,20.51557673790549,9
229,107,117.33333333333333,20.18800523963563,9
229,108,112.0,18.25133176267176,9
229,109,103.33333333333333,16.34353422950835,9
229,110,112.11111111111111,22.698235097540287,9
229,111,105.77777777777777,19.17045051216862,9
229,112,104.0,19.413626371414715,9
229,113,147.55555555555554,41.123421580276315,9
229,114,168.44444444444446,49.01952244001275,9
229,115,148.55555555555554,43.87383708141919,9
229,116,119.11111111111111,34.397817903803286,9
229,117,117.66666666666667,31.888695314937063,9
229,118,114.33333333333333,39.626029604569545,9
229,119,90.77777777777777,35.94680569266444,9
229,120,74.0,34.95075901258163,9
229,121,43.666666666666664,14.854853303438128,9
229,122,32.55555555555556,11.917411269148374,9
229,123,18.333333333333332,6.896053621859067,9
229,124,12.444444444444445,5.31478255248951,9
229,125,11.555555555555555,6.112121128655585,9
229,126,16.333333333333332,5.477225575051661,9
229,127,32.55555555555556,8.603760303380417,9
229,128,57.888888888888886,18.65740510982432,9
229,129,79.77777777777777,20.546845001269,9
229,130,107.55555555555556,23.075292756592905,9
229,131,118.77777777777777,20.02097665382085,9
229,132,129.66666666666666,22.954060400915758,9
229,133,116.33333333333333,27.780888714686178,9
229,134,112.77777777777777,23.691432008582428,9
229,135,105.0,19.413626371414715,9
229,136,107.55555555555556,28.370998929310076,9
229,137,124.44444444444444,32.47601204003797,9
229,138,151.22222222222223,39.87139820801032,9
229,139,140.33333333333334,40.587354352474534,9
229,140,110.88888888888889,26.72678408739669,9
229,141,110.0,33.27995726492983,9
229,142,102.88888888888889,33.38810315215235,9
229,143,96.66666666666667,42.5467063616236,9
229,144,74.55555555555556,33.648876854662575,9
229,145,54.0,24.61706725018234,9
229,146,31.333333333333332,14.220486005134362,9
229,147,20.666666666666668,10.780641085864152,9
229,148,13.0,4.96655480858378,9
229,149,9.666666666666666,6.683312551921141,9
229,150,14.666666666666666,6.782329983125267,9
229,151,27.555555555555557,5.756370598661608,9
229,152,39.111111111111114,5.2163087085802236,9
229,153,65.55555555555556,18.57783094091277,9
229,154,92.33333333333333,21.207964960782487,9
229,155,108.22222222222223,21.477521985026204,9
229,156,112.55555555555556,26.771091834751367,9
229,157,113.22222222222223,22.6312359252908,9
229,158,106.11111111111111,23.402015318934698,9
229,159,91.77777777777777,16.824438427331287,9
229,160,94.33333333333333,24.873010808236838,9
229,161,93.11111111111111,22.168267834123444,9
229,162,105.77777777777777,32.320539660572145,9
229,163,90.22222222222223,28.326578715552554,9
229,164,90.0,29.017236257093817,9
229,165,68.88888888888889,26.53485943871003,9
229,166,55.888888888888886,25.557970900351417,9
229,167,31.0,16.076207402383325,9
230,0,64.0,21.66217902243447,8
230,1,28.875,14.012828943507445,8
230,2,15.75,5.629165124598851,8
230,3,15.25,2.6339134382131846,8
230,4,23.25,8.98262211161084,8
230,5,27.0,10.14889156509222,8
230,6,38.625,14.662345480856738,8
230,7,69.625,20.56050522239179,8
230,8,101.0,26.32964109136317,8
230,9,141.5,28.97412638890084,8
230,10,159.5,29.941609843159736,8
230,11,181.125,29.40849154581037,8
230,12,158.0,31.606961258558215,8
230,13,171.625,30.12033158848023,8
230,14,181.625,34.71288485562673,8
230,15,185.375,35.55607367244027,8
230,16,187.75,44.18922379947401,8
230,17,226.375,60.63814290527044,8
230,18,258.125,90.66895485776816,8
230,19,225.75,71.99609364403044,8
230,20,206.375,69.76556725921463,8
230,21,240.125,81.69981257628442,8
230,22,204.875,69.08226527119677,8
230,23,121.125,35.17256565847877,8
230,24,68.0,20.23610634484806,8
230,25,31.0,12.971121771072847,8
230,26,16.0,7.19374728496908,8
230,27,14.0,5.766281297335398,8
230,28,16.875,4.9355217555999085,8
230,29,20.0,6.164414002968976,8
230,30,32.875,9.967917284969815,8
230,31,67.125,13.99497677740124,8
230,32,101.375,16.560023399741922,8
230,33,132.375,18.30257837027341,8
230,34,158.0,15.14100392972672,8
230,35,169.5,16.95582495781317,8
230,36,166.25,10.928746497197197,8
230,37,176.375,18.18610389830653,8
230,38,200.125,33.34455540264407,8
230,39,210.25,16.850445097978866,8
230,40,225.5,25.019992006393608,8
230,41,275.625,54.55029216237068,8
230,42,299.875,65.79786755663135,8
230,43,263.375,56.43566580629664,8
230,44,264.375,61.95953820841469,8
230,45,321.75,86.7002739326699,8
230,46,295.625,53.03757512368001,8
230,47,202.375,47.568207607602794,8
230,48,98.0,31.173350441968502,9
230,49,42.333333333333336,7.438637868140466,9
230,50,21.333333333333332,4.594682917363407,9
230,51,16.555555555555557,3.269764215458258,9
230,52,22.77777777777778,7.568616162633956,9
230,53,20.77777777777778,5.115939748098373,9
230,54,39.111111111111114,7.2333247994487975,9
230,55,87.11111111111111,33.53752274838983,9
230,56,121.22222222222223,28.161351679119768,9
230,57,146.22222222222223,15.47598697464902,9
230,58,164.11111111111111,19.524596706288452,9
230,59,175.77777777777777,21.637302038520716,9
230,60,185.66666666666666,19.28730152198591,9
230,61,180.55555555555554,20.144539437172607,9
230,62,202.33333333333334,29.393876913398138,9
230,63,209.44444444444446,33.19006247227595,9
230,64,255.77777777777777,29.039351759591398,9
230,65,280.55555555555554,52.911059778779524,9
230,66,283.77777777777777,66.89424120335651,9
230,67,245.11111111111111,61.864447597495044,9
230,68,257.22222222222223,84.61386513355542,9
230,69,290.3333333333333,82.75801404630786,9
230,70,323.6666666666667,43.63230199952528,9
230,71,257.1111111111111,60.988968846732064,9
230,72,122.77777777777777,40.471602603355734,9
230,73,56.666666666666664,14.460674642322575,9
230,74,25.11111111111111,5.915036290758295,9
230,75,20.11111111111111,4.331908597692872,9
230,76,26.333333333333332,5.92546294487706,9
230,77,24.444444444444443,7.790465841314712,9
230,78,38.888888888888886,14.700298140925534,9
230,79,80.66666666666667,36.56956840507327,9
230,80,121.11111111111111,49.52091464880592,9
230,81,143.0,47.84930047091134,9
230,82,167.0,50.24384981711139,9
230,83,180.55555555555554,58.97478012979807,9
230,84,187.66666666666666,42.56237253203298,9
230,85,164.88888888888889,35.10759476062898,9
230,86,198.0,37.90338595253288,9
230,87,199.0,23.79542439676633,9
230,88,223.88888888888889,33.23801185538578,9
230,89,251.55555555555554,57.347112900517416,9
230,90,276.6666666666667,64.20799534845071,9
230,91,253.0,61.14282005636021,9
230,92,257.77777777777777,74.28739653501539,9
230,93,269.1111111111111,69.77972396436668,9
230,94,249.0,77.30459236035075,9
230,95,225.77777777777777,70.12334811328738,9
230,96,144.33333333333334,61.82232606429492,9
230,97,74.55555555555556,28.414046256937045,9
230,98,42.22222222222222,17.106059860488543,9
230,99,32.111111111111114,10.104393372790806,9
230,100,31.444444444444443,9.032178414622923,9
230,101,32.22222222222222,11.583300026597467,9
230,102,44.44444444444444,12.902291881773142,9
230,103,69.44444444444444,15.420845279549447,9
230,104,108.11111111111111,15.466411236715837,9
230,105,158.88888888888889,11.91119402956213,9
230,106,186.33333333333334,14.944341180973263,9
230,107,192.0,16.885233522551918,9
230,108,181.0,10.241527663824812,9
230,109,179.33333333333334,16.73320053068151,9
230,110,198.66666666666666,21.51485275080657,9
230,111,197.55555555555554,19.911532733631258,9
230,112,235.33333333333334,26.72493633710326,9
230,113,248.0,36.59993928349548,9
230,114,239.33333333333334,60.9243611191597,9
230,115,208.55555555555554,52.07283597917037,9
230,116,174.44444444444446,25.686620430407004,9
230,117,207.88888888888889,54.13243932850543,9
230,118,237.66666666666666,61.63873241179878,9
230,119,221.44444444444446,33.43687622009605,9
230,120,160.0,49.27473997901968,9
230,121,104.77777777777777,35.225551893090895,9
230,122,57.666666666666664,19.316084259267225,9
230,123,41.0,10.370899457402697,9
230,124,36.77777777777778,5.958705634574187,9
230,125,22.555555555555557,3.7449554547450483,9
230,126,30.555555555555557,7.009693464705558,9
230,127,48.111111111111114,6.870944370551247,9
230,128,91.55555555555556,22.524609312735215,9
230,129,149.11111111111111,33.28477945262483,9
230,130,192.77777777777777,30.411174034766223,9
230,131,211.66666666666666,24.073960113690383,9
230,132,189.88888888888889,20.14086197231028,9
230,133,189.44444444444446,26.80012898439571,9
230,134,176.22222222222223,22.729216527426047,9
230,135,183.11111111111111,22.442244116568517,9
230,136,208.33333333333334,38.24191998899172,9
230,137,194.0,42.52842186898859,9
230,138,163.44444444444446,51.190518026314884,9
230,139,151.22222222222223,41.20080306061407,9
230,140,125.55555555555556,24.009771673268137,9
230,141,140.44444444444446,42.37166535187587,9
230,142,204.0,80.53570636680354,9
230,143,181.44444444444446,43.11512008851319,9
230,144,158.88888888888889,28.215222229004308,9
230,145,129.77777777777777,43.23264655783939,9
230,146,72.88888888888889,28.049339245314947,9
230,147,54.0,19.938795238317574,9
230,148,49.333333333333336,14.063348739819324,9
230,149,37.666666666666664,14.696938456699069,9
230,150,41.55555555555556,18.025359365264084,9
230,151,63.0,19.922070396645246,9
230,152,96.66666666666667,26.803813990632833,9
230,153,155.11111111111111,47.42817832012349,9
230,154,193.0,67.31022705849882,9
230,155,204.22222222222223,73.62484148676054,9
230,156,184.88888888888889,60.75532796836184,9
230,157,181.55555555555554,74.63408680743838,9
230,158,174.44444444444446,64.97197876539822,9
230,159,184.88888888888889,59.41463426995153,9
230,160,189.88888888888889,70.35851752029971,9
230,161,230.5,28.85740806101615,8
230,162,216.0,31.184932259025352,8
230,163,161.5,14.44818327679989,8
230,164,168.0,38.255718526777144,8
230,165,196.75,40.49305496007926,8
230,166,142.625,42.28456426404321,8
230,167,99.625,30.65916461679933,8
231,0,8.25,3.766629793329841,8
231,1,2.875,1.5360257159305635,8
231,2,1.6,0.8,5
231,3,2.0,1.0,6
231,4,2.3333333333333335,1.247219128924647,6
231,5,3.125,1.7633419974582356,8
231,6,13.25,7.013380069552769,8
231,7,38.25,14.652218262092603,8
231,8,42.125,19.776485405652846,8
231,9,45.0,16.492422502470642,8
231,10,54.5,15.708278072405008,8
231,11,55.75,18.666480653835098,8
231,12,61.875,13.013814775076522,8
231,13,60.75,15.188400179084036,8
231,14,64.0,15.98436736314578,8
231,15,66.375,11.499320632106924,8
231,16,74.625,18.199845466376907,8
231,17,93.5,24.69311644973149,8
231,18,95.375,31.55922012661276,8
231,19,78.5,27.995535358338838,8
231,20,71.75,21.9131809648896,8
231,21,69.125,22.183538378716772,8
231,22,42.75,15.473768125443783,8
231,23,26.125,11.751994511571217,8
231,24,9.625,3.7059917700933984,8
231,25,6.142857142857143,3.7579846965616874,7
231,26,1.8571428571428572,0.989743318610787,7
231,27,1.25,0.4330127018922193,4
231,28,2.0,0.816496580927726,6
231,29,2.875,1.7633419974582356,8
231,30,12.0,4.795831523312719,8
231,31,42.0,15.305227865013967,8
231,32,54.0,19.83053201505194,8
231,33,57.375,14.772757867101186,8
231,34,54.25,13.292385038058445,8
231,35,63.375,16.162746517841576,8
231,36,76.0,15.483862567202022,8
231,37,71.875,14.945212444124039,8
231,38,76.875,10.030422473654836,8
231,39,79.625,17.832116391499916,8
231,40,85.375,13.837787937383634,8
231,41,113.625,31.606714081030315,8
231,42,118.875,35.81004572742124,8
231,43,106.375,34.97119350265301,8
231,44,108.125,42.79438485362303,8
231,45,111.125,48.53719578838481,8
231,46,95.125,42.454203266578915,8
231,47,48.55555555555556,32.386935332737394,9
231,48,26.0,11.86029791643813,9
231,49,15.222222222222221,7.2230768725088925,9
231,50,14.222222222222221,5.652487707545291,9
231,51,9.666666666666666,7.211102550927979,9
231,52,6.0,3.5901098714230026,9
231,53,3.5,1.9364916731037085,8
231,54,12.777777777777779,4.825344611246325,9
231,55,43.666666666666664,16.020819787597222,9
231,56,61.0,22.045407685048602,9
231,57,57.55555555555556,17.09523072614836,9
231,58,56.888888888888886,10.877545111573703,9
231,59,72.88888888888889,15.989193881733199,9
231,60,71.55555555555556,6.499762578759851,9
231,61,80.44444444444444,12.623708832643361,9
231,62,84.11111111111111,16.051614279805452,9
231,63,83.77777777777777,14.0141022448245,9
231,64,84.33333333333333,18.135294011647257,9
231,65,115.33333333333333,28.7981480886069,9
231,66,134.77777777777777,51.61777854313758,9
231,67,119.33333333333333,43.92164740889293,9
231,68,105.11111111111111,42.00646628647241,9
231,69,119.55555555555556,53.53111475500562,9
231,70,111.0,54.08635071192485,9
231,71,66.0,29.604804414899355,9
231,72,40.111111111111114,19.255270242163974,9
231,73,29.333333333333332,15.698549119088822,9
231,74,19.555555555555557,10.636531505577173,9
231,75,14.666666666666666,12.283683848458853,9
231,76,8.222222222222221,5.632796380282922,9
231,77,4.0,1.4907119849998598,9
231,78,14.666666666666666,7.4833147735478835,9
231,79,43.55555555555556,21.561854749694277,9
231,80,57.55555555555556,26.841556136008005,9
231,81,60.111111111111114,23.94644229870968,9
231,82,57.22222222222222,21.77040691590193,9
231,83,67.0,19.584574428757843,9
231,84,75.0,19.037973748391515,9
231,85,78.66666666666667,21.77154105707724,9
231,86,80.33333333333333,23.065125189341593,9
231,87,88.88888888888889,25.198961373854033,9
231,88,82.77777777777777,21.60646908156998,9
231,89,100.33333333333333,35.13466158147029,9
231,90,135.55555555555554,52.04295471821781,9
231,91,113.55555555555556,43.43861853520337,9
231,92,118.11111111111111,47.87122644123142,9
231,93,115.88888888888889,52.49644314817792,9
231,94,133.44444444444446,64.09214046305368,9
231,95,103.88888888888889,60.31112748710168,9
231,96,66.77777777777777,41.88284660223291,9
231,97,38.666666666666664,21.374959389175196,9
231,98,26.22222222222222,12.407683800127671,9
231,99,17.77777777777778,9.162456945817024,9
231,100,7.625,3.3888604279314896,8
231,101,4.333333333333333,2.3570226039551585,9
231,102,9.444444444444445,4.297573245736381,9
231,103,29.333333333333332,15.15109090315135,9
231,104,42.22222222222222,22.27493747479828,9
231,105,42.888888888888886,13.345364941885206,9
231,106,55.111111111111114,14.790721148705543,9
231,107,63.44444444444444,13.141208392864462,9
231,108,62.666666666666664,14.704496666741852,9
231,109,70.22222222222223,12.708507891940192,9
231,110,75.11111111111111,12.749243502127614,9
231,111,85.0,16.08311744241976,9
231,112,82.55555555555556,18.252008176338727,9
231,113,94.11111111111111,25.65343574323133,9
231,114,115.66666666666667,41.82768886223043,9
231,115,111.33333333333333,34.06529677610992,9
231,116,81.55555555555556,26.175098900847267,9
231,117,77.55555555555556,23.133002452538143,9
231,118,87.11111111111111,32.40179845641097,9
231,119,97.44444444444444,46.88072598772125,9
231,120,102.22222222222223,53.66724177285594,9
231,121,97.77777777777777,50.499236028935854,9
231,122,74.88888888888889,33.79495177437155,9
231,123,46.888888888888886,23.047990726811953,9
231,124,25.11111111111111,13.236686766075938,9
231,125,2.7777777777777777,1.1331154474650633,9
231,126,4.285714285714286,2.1189138534559038,7
231,127,8.11111111111111,3.9283710065919304,9
231,128,19.22222222222222,6.612744896162893,9
231,129,33.111111111111114,9.666028075969576,9
231,130,45.666666666666664,12.283683848458853,9
231,131,64.88888888888889,12.973857855484658,9
231,132,72.66666666666667,21.78174567027272,9
231,133,76.55555555555556,16.667407390947236,9
231,134,75.88888888888889,19.07554830692624,9
231,135,87.33333333333333,20.672042311618203,9
231,136,76.22222222222223,20.17577082530087,9
231,137,83.88888888888889,23.14900739146015,9
231,138,88.66666666666667,31.640339933558096,9
231,139,92.44444444444444,36.15740622184282,9
231,140,79.55555555555556,26.60873336628455,9
231,141,80.44444444444444,27.289033658682225,9
231,142,91.66666666666667,30.670289641062514,9
231,143,121.88888888888889,59.72240310050128,9
231,144,105.88888888888889,60.405011647203295,9
231,145,92.88888888888889,52.899158666790925,9
231,146,61.22222222222222,37.21343179784471,9
231,147,37.888888888888886,21.692007972443292,9
231,148,18.88888888888889,12.14216203010947,9
231,149,5.75,2.5860201081971503,8
231,150,3.6666666666666665,3.1269438398822866,9
231,151,6.888888888888889,3.1426968052735447,9
231,152,16.77777777777778,5.050363634383783,9
231,153,27.77777777777778,7.13018275872642,9
231,154,43.888888888888886,13.79568728459445,9
231,155,49.111111111111114,10.21376461713902,9
231,156,63.22222222222222,19.19940842710049,9
231,157,69.22222222222223,24.11904631327135,9
231,158,62.111111111111114,13.31202000235914,9
231,159,56.333333333333336,9.451631252505216,9
231,160,56.44444444444444,13.334259227111284,9
231,161,59.44444444444444,10.594664392053526,9
231,162,52.0,18.233059108236457,9
231,163,47.55555555555556,10.361371757222015,9
231,164,37.888888888888886,8.849914556328834,9
231,165,36.77777777777778,8.337036214357363,9
231,166,30.11111111111111,12.71433525543724,9
231,167,20.11111111111111,12.476150086771732,9
232,0,2.6666666666666665,0.7453559924999298,6
232,1,1.6,1.2,5
232,2,1.0,0.0,1
232,3,1.0,0.0,1
232,4,2.0,1.0,2
232,5,1.2,0.4000000000000001,5
232,6,3.0,1.632993161855452,6
232,7,2.6666666666666665,1.699673171197595,6
232,8,3.375,1.7275343701356567,8
232,9,3.4285714285714284,1.2936264483053452,7
232,10,2.75,1.1989578808281798,8
232,11,3.375,1.8666480653835098,8
232,12,3.0,1.7320508075688772,8
232,13,3.5,1.5811388300841898,8
232,14,4.625,4.02919036532155,8
232,15,5.75,3.4550687402713134,8
232,16,4.375,2.54644359843292,8
232,17,4.625,2.595067436503337,8
232,18,7.125,3.9191038516477206,8
232,19,5.375,3.119995993587171,8
232,20,5.125,2.315032397181517,8
232,21,4.125,2.6190408549696205,8
232,22,4.5,2.0615528128088303,8
232,23,3.375,1.653594569415369,8
232,24,3.4285714285714284,1.2936264483053452,7
232,25,1.25,0.4330127018922193,4
232,26,2.0,0.0,1
232,27,1.0,0.0,3
232,28,2.1666666666666665,1.0671873729054748,6
232,29,1.0,0.0,2
232,30,1.4285714285714286,0.4948716593053935,7
232,31,2.142857142857143,0.989743318610787,7
232,32,5.0,2.692582403567252,8
232,33,3.2857142857142856,1.0301575072754257,7
232,34,2.5714285714285716,1.049781318335648,7
232,35,3.75,1.6393596310755,8
232,36,7.0,5.477225575051661,8
232,37,6.375,4.498263553861645,8
232,38,7.625,4.635124054434789,8
232,39,10.25,4.235268586524354,8
232,40,7.375,5.337075510052299,8
232,41,8.714285714285714,6.562105187346201,7
232,42,7.875,4.075460096725276,8
232,43,6.875,2.0879116360612584,8
232,44,6.375,2.8695600708122493,8
232,45,7.0,3.7416573867739413,8
232,46,7.375,3.9031237489989987,8
232,47,5.125,3.295356581616017,8
232,48,4.25,1.8540496217739157,8
232,49,3.142857142857143,1.5518257844571737,7
232,50,2.6,1.8547236990991407,5
232,51,1.0,0.0,3
232,52,1.4285714285714286,0.4948716593053935,7
232,53,1.75,0.82915619758885,4
232,54,2.25,1.920286436967152,8
232,55,2.8333333333333335,1.3437096247164249,6
232,56,4.375,1.7275343701356567,8
232,57,5.111111111111111,2.5579698740491863,9
232,58,2.888888888888889,1.7284832429004495,9
232,59,4.125,1.964529205687714,8
232,60,4.777777777777778,2.8974232912011773,9
232,61,5.444444444444445,3.624334762288909,9
232,62,10.0,8.981462390204987,9
232,63,8.666666666666666,6.342099196813483,9
232,64,9.777777777777779,7.742778395637487,9
232,65,7.777777777777778,4.916588197741686,9
232,66,7.222222222222222,2.9731307022799225,9
232,67,7.444444444444445,3.303570832737446,9
232,68,6.666666666666667,1.0540925533894598,9
232,69,8.333333333333334,6.5828058860438325,9
232,70,10.666666666666666,5.637178175095921,9
232,71,9.777777777777779,3.1544599036840864,9
232,72,5.222222222222222,4.184037863058385,9
232,73,2.4285714285714284,1.6781914463529615,7
232,74,1.75,0.82915619758885,4
232,75,2.0,1.7320508075688772,4
232,76,2.1666666666666665,1.4624940645653537,6
232,77,1.0,0.0,6
232,78,2.6666666666666665,1.247219128924647,9
232,79,2.25,1.1989578808281798,8
232,80,5.111111111111111,2.3778816176702997,9
232,81,4.125,1.3635890143294642,8
232,82,3.888888888888889,2.1829869671542776,9
232,83,3.25,1.299038105676658,8
232,84,6.0,3.8297084310253524,9
232,85,6.444444444444445,5.079613089183316,9
232,86,8.777777777777779,7.771425977798095,9
232,87,10.777777777777779,4.46661138716484,9
232,88,11.222222222222221,8.765814632584899,9
232,89,7.777777777777778,5.9400295131660705,9
232,90,9.88888888888889,6.773222512945853,9
232,91,7.444444444444445,3.0590888662080453,9
232,92,4.333333333333333,2.3570226039551585,9
232,93,7.444444444444445,3.130889511912305,9
232,94,11.333333333333334,7.164728420068226,9
232,95,11.25,4.736823830374104,8
232,96,8.333333333333334,4.853406592853679,9
232,97,3.857142857142857,2.415933503612538,7
232,98,2.5714285714285716,1.761261143705422,7
232,99,2.3333333333333335,1.1055415967851334,6
232,100,2.1666666666666665,1.2133516482134197,6
232,101,2.0,1.0,2
232,102,2.0,1.3333333333333333,9
232,103,3.142857142857143,1.9587584572574415,7
232,104,2.5555555555555554,1.7069212773041351,9
232,105,3.857142857142857,2.4743582965269675,7
232,106,3.7777777777777777,1.6850834320114558,9
232,107,7.5,4.0,8
232,108,10.222222222222221,5.094174838376733,9
232,109,10.444444444444445,5.813989089756057,9
232,110,13.11111111111111,6.0266896099202745,9
232,111,13.333333333333334,5.456901847914967,9
232,112,12.222222222222221,5.749932903526938,9
232,113,12.666666666666666,4.898979485566356,9
232,114,12.777777777777779,6.142344427149001,9
232,115,8.444444444444445,2.499382639822665,9
232,116,8.88888888888889,2.8846122190549264,9
232,117,7.888888888888889,3.446236093171294,9
232,118,9.666666666666666,4.496912521077347,9
232,119,13.444444444444445,5.775640630385346,9
232,120,17.88888888888889,9.03627804948776,9
232,121,15.777777777777779,10.041887580173336,9
232,122,11.555555555555555,3.4995590551163605,9
232,123,6.666666666666667,3.7712361663282534,9
232,124,4.111111111111111,1.3698697784375504,9
232,125,2.3333333333333335,1.247219128924647,3
232,126,2.0,0.8944271909999159,5
232,127,2.2,0.7483314773547882,5
232,128,2.25,1.1989578808281798,8
232,129,3.4,2.0591260281974,5
232,130,3.375,1.4086784586980805,8
232,131,11.222222222222221,6.178417233092374,9
232,132,15.333333333333334,5.436502143433364,9
232,133,11.666666666666666,2.581988897471611,9
232,134,15.11111111111111,7.475061418468516,9
232,135,15.0,4.109609335312651,9
232,136,17.77777777777778,7.524445757038674,9
232,137,16.444444444444443,3.9471821485181358,9
232,138,15.777777777777779,6.459751934999392,9
232,139,14.666666666666666,4.666666666666667,9
232,140,9.444444444444445,3.130889511912305,9
232,141,8.88888888888889,2.23330569358242,9
232,142,9.777777777777779,3.9659040661277216,9
232,143,17.0,10.635370755695877,9
232,144,19.22222222222222,10.314798191355711,9
232,145,16.77777777777778,9.565885888902615,9
232,146,12.666666666666666,6.666666666666667,9
232,147,9.625,3.2379584617471546,8
232,148,5.555555555555555,2.543449587168799,9
232,149,1.625,0.6959705453537527,8
232,150,1.375,0.4841229182759271,8
232,151,2.0,1.0,2
232,152,1.5,0.5,6
232,153,2.75,2.537222891273055,8
232,154,2.7777777777777777,0.7856742013183862,9
232,155,6.555555555555555,2.832788618662658,9
232,156,9.333333333333334,3.9440531887330774,9
232,157,11.11111111111111,5.486234175834893,9
232,158,8.444444444444445,2.7125679146074893,9
232,159,11.88888888888889,4.771313456351975,9
232,160,11.11111111111111,2.997941680718231,9
232,161,9.333333333333334,4.055175020198813,9
232,162,9.0,3.0550504633038935,9
232,163,6.222222222222222,3.852207960746604,9
232,164,5.0,3.559026084010437,9
232,165,4.5,2.753785273643051,6
232,166,6.222222222222222,3.993822390135873,9
232,167,3.75,0.9682458365518543,8
233,0,6.5,2.345207879911715,8
233,1,3.125,1.899835519196333,8
233,2,2.8,1.16619037896906,5
233,3,3.2857142857142856,1.3850513878332367,7
233,4,5.875,2.8034576865007255,8
233,5,8.75,4.548351349665063,8
233,6,23.25,6.514407110397691,8
233,7,43.125,16.419786082650408,8
233,8,61.5,22.321514285549714,8
233,9,65.0,19.974984355438178,8
233,10,72.625,15.651976712223922,8
233,11,71.875,17.222351029984264,8
233,12,71.625,19.614646950684584,8
233,13,77.625,21.56349635379198,8
233,14,72.75,16.246153390879947,8
233,15,70.875,17.85663392131899,8
233,16,67.875,14.399978298594759,8
233,17,86.125,18.717889170523474,8
233,18,85.875,22.04221801452839,8
233,19,72.0,16.859715300087366,8
233,20,60.5,15.157506391224118,8
233,21,45.875,13.176091036418958,8
233,22,30.875,6.233728819895841,8
233,23,14.75,4.02336923485777,8
233,24,8.0,3.3166247903554,8
233,25,3.5,1.8708286933869707,8
233,26,2.4285714285714284,1.5907898179514348,7
233,27,2.8333333333333335,1.674979270186815,6
233,28,5.25,2.9895651857753496,8
233,29,8.375,2.8256636388643286,8
233,30,24.125,6.352902879786531,8
233,31,43.5,9.38083151964686,8
233,32,70.125,16.78866805318397,8
233,33,75.875,9.597362919052296,8
233,34,78.125,14.776988021921111,8
233,35,79.5,11.683321445547923,8
233,36,82.375,19.874213820928865,8
233,37,77.625,9.577806377245262,8
233,38,78.125,11.698691166109139,8
233,39,73.375,9.642840608451433,8
233,40,86.0,11.180339887498949,8
233,41,109.75,25.306866657095263,8
233,42,125.5,25.09482018265921,8
233,43,97.375,25.62195103812354,8
233,44,73.625,27.617646079997478,8
233,45,79.875,27.997488726669754,8
233,46,54.5,21.383404780343096,8
233,47,26.5,13.811227316933133,8
233,48,14.666666666666666,6.128258770283412,9
233,49,6.444444444444445,3.4995590551163605,9
233,50,3.6666666666666665,1.632993161855452,9
233,51,3.875,1.3635890143294642,8
233,52,5.222222222222222,1.617802197617893,9
233,53,8.222222222222221,2.528845928164676,9
233,54,24.22222222222222,8.37692303332034,9
233,55,48.666666666666664,12.31981240838422,9
233,56,74.77777777777777,16.718438110048027,9
233,57,79.44444444444444,14.833229296347598,9
233,58,75.66666666666667,11.135528725660043,9
233,59,80.0,14.666666666666666,9
233,60,83.66666666666667,15.67730135507313,9
233,61,82.44444444444444,14.353560232849015,9
233,62,82.22222222222223,13.197455796712216,9
233,63,72.44444444444444,9.05674838769548,9
233,64,86.44444444444444,5.377134947805716,9
233,65,115.77777777777777,21.13857862233976,9
233,66,125.44444444444444,31.234279996721234,9
233,67,109.44444444444444,36.700321255363875,9
233,68,84.55555555555556,36.35354517668917,9
233,69,85.66666666666667,37.62977544445356,9
233,70,57.77777777777778,27.51879268095321,9
233,71,32.55555555555556,10.012338067616719,9
233,72,15.777777777777779,6.778688463408731,9
233,73,8.0,2.9814239699997196,9
233,74,4.888888888888889,1.6629588385661962,9
233,75,3.375,2.2878756522153907,8
233,76,6.888888888888889,3.177855476905576,9
233,77,8.777777777777779,3.4569664858008986,9
233,78,26.666666666666668,7.453559924999299,9
233,79,46.77777777777778,15.67572630093191,9
233,80,67.44444444444444,24.50900565148842,9
233,81,74.55555555555556,15.085763053739782,9
233,82,78.88888888888889,18.156385129966104,9
233,83,80.33333333333333,17.857460314638498,9
233,84,78.0,17.632041540584257,9
233,85,88.77777777777777,13.733800783126908,9
233,86,85.22222222222223,13.93459147252523,9
233,87,78.22222222222223,14.702817400286682,9
233,88,87.77777777777777,21.03318952818129,9
233,89,109.44444444444444,30.485373947048082,9
233,90,125.33333333333333,42.726520517771576,9
233,91,116.66666666666667,42.7577153531643,9
233,92,87.44444444444444,38.20154479456764,9
233,93,81.11111111111111,27.12704449824707,9
233,94,69.22222222222223,28.385355292152475,9
233,95,47.0,23.762715894162152,9
233,96,25.444444444444443,14.885571769790378,9
233,97,10.0,3.2998316455372216,9
233,98,5.555555555555555,3.02254900194121,9
233,99,5.555555555555555,2.9855619650098673,9
233,100,8.666666666666666,5.055250296034367,9
233,101,9.777777777777779,3.614101326064576,9
233,102,21.666666666666668,8.445906306213285,9
233,103,41.0,13.157169570660367,9
233,104,51.44444444444444,15.181209958447619,9
233,105,64.44444444444444,11.441747254983111,9
233,106,75.0,10.198039027185569,9
233,107,68.66666666666667,15.620499351813308,9
233,108,74.44444444444444,18.933281168420574,9
233,109,76.11111111111111,12.350838428080225,9
233,110,71.77777777777777,12.218181150125575,9
233,111,79.11111111111111,18.764294962297377,9
233,112,73.0,14.414498873626435,9
233,113,104.11111111111111,25.761489106564753,9
233,114,123.77777777777777,40.50453411595567,9
233,115,117.66666666666667,41.45680482944467,9
233,116,79.0,28.782710859897204,9
233,117,57.333333333333336,11.14550233153366,9
233,118,53.22222222222222,18.989925854268556,9
233,119,44.111111111111114,20.40394539431825,9
233,120,30.444444444444443,16.613990831766603,9
233,121,20.333333333333332,8.219218670625303,9
233,122,10.444444444444445,5.717635702341603,9
233,123,8.444444444444445,4.878777422244478,9
233,124,8.88888888888889,3.57287448684745,9
233,125,6.0,2.5385910352879693,9
233,126,10.88888888888889,3.634539385288028,9
233,127,22.555555555555557,4.645454435637083,9
233,128,33.22222222222222,7.435317788587382,9
233,129,58.22222222222222,14.823238345979883,9
233,130,75.11111111111111,10.159226178366632,9
233,131,75.33333333333333,11.215069227507147,9
233,132,76.0,18.0,9
233,133,70.77777777777777,15.704053105826448,9
233,134,61.111111111111114,11.239260992357147,9
233,135,59.55555555555556,15.713484026367722,9
233,136,64.11111111111111,10.407736913196883,9
233,137,79.11111111111111,24.47876378707082,9
233,138,89.66666666666667,23.86070689089771,9
233,139,98.11111111111111,32.69537665054476,9
233,140,76.66666666666667,28.327450369640477,9
233,141,54.666666666666664,16.619934483090546,9
233,142,50.22222222222222,18.347132853680908,9
233,143,45.0,18.879736344675063,9
233,144,33.111111111111114,17.355399060327304,9
233,145,20.22222222222222,12.044157438154889,9
233,146,11.555555555555555,5.871042139387959,9
233,147,6.222222222222222,2.3934065809486684,9
233,148,8.222222222222221,3.8522079607466035,9
233,149,9.11111111111111,4.039924213932854,9
233,150,11.88888888888889,3.634539385288028,9
233,151,24.444444444444443,5.418304595660715,9
233,152,32.77777777777778,9.306840707276411,9
233,153,49.77777777777778,9.897000418508156,9
233,154,67.0,14.53730832490435,9
233,155,74.33333333333333,15.790292376436016,9
233,156,78.55555555555556,23.77258510278459,9
233,157,67.88888888888889,12.79274485744378,9
233,158,57.666666666666664,10.687479694587598,9
233,159,54.22222222222222,12.007199486398687,9
233,160,57.22222222222222,13.76612410373763,9
233,161,59.666666666666664,12.256517540566824,9
233,162,59.111111111111114,15.095580254163021,9
233,163,51.111111111111114,12.493949152773864,9
233,164,40.44444444444444,13.149660841516543,9
233,165,32.111111111111114,12.187830400712967,9
233,166,25.666666666666668,16.566364853052235,9
233,167,13.444444444444445,7.380320846851385,9
234,0,25.5,10.793516572461451,8
234,1,11.375,4.580870550452174,8
234,2,4.5,1.8708286933869707,8
234,3,3.625,1.1110243021644486,8
234,4,3.2857142857142856,2.0503857277724746,7
234,5,5.25,2.5860201081971503,8
234,6,17.75,6.552671211040578,8
234,7,47.875,17.388483976471324,8
234,8,75.0,26.51886121235224,8
234,9,72.5,27.54087870784082,8
234,10,86.25,27.58509561339239,8
234,11,106.5,29.866369046136157,8
234,12,126.375,32.74117247442431,8
234,13,130.375,34.81715633132608,8
234,14,147.5,41.611296543126365,8
234,15,151.0,41.80610003336834,8
234,16,153.625,42.51451957860985,8
234,17,170.375,50.358558110811714,8
234,18,190.625,58.19565598049394,8
234,19,175.75,58.42035176203581,8
234,20,179.125,57.520512645490214,8
234,21,162.375,57.08532539103198,8
234,22,135.25,52.085866605058996,8
234,23,71.625,25.445714275688943,8
234,24,38.25,12.86225096940656,8
234,25,12.5,5.123475382979799,8
234,26,4.625,3.276335605520289,8
234,27,2.6666666666666665,1.4907119849998598,6
234,28,2.7142857142857144,1.2777531299998797,7
234,29,3.75,1.920286436967152,8
234,30,16.875,4.858947931394202,8
234,31,44.75,14.471955638406303,8
234,32,85.0,26.16772821625905,8
234,33,92.75,25.038720015208444,8
234,34,110.375,24.69280006398626,8
234,35,133.875,25.29049969850339,8
234,36,157.25,24.913600703230355,8
234,37,179.25,37.90695846411315,8
234,38,190.25,36.659753136102815,8
234,39,198.875,31.774350898169423,8
234,40,214.125,40.77817277662157,8
234,41,243.0,53.39475629684998,8
234,42,283.75,63.223314528740104,8
234,43,255.25,65.61392763735455,8
234,44,251.0,62.58993529314438,8
234,45,250.125,76.92924915141184,8
234,46,204.375,58.65990432143578,8
234,47,135.75,46.96740891298987,8
234,48,66.22222222222223,21.368605100722352,9
234,49,23.333333333333332,11.16542281629615,9
234,50,12.444444444444445,8.577892918052793,9
234,51,5.777777777777778,4.184037863058384,9
234,52,4.555555555555555,3.02254900194121,9
234,53,5.333333333333333,3.1269438398822866,9
234,54,19.444444444444443,5.209203630991574,9
234,55,52.22222222222222,16.738364301991187,9
234,56,98.33333333333333,32.914029430219166,9
234,57,102.33333333333333,27.868739954771307,9
234,58,118.0,19.871811414385174,9
234,59,139.44444444444446,20.763809921811937,9
234,60,159.77777777777777,17.737454269162114,9
234,61,180.33333333333334,15.69146972791976,9
234,62,195.77777777777777,27.291747950119273,9
234,63,206.0,19.793377119071362,9
234,64,212.11111111111111,25.02640580775276,9
234,65,262.1111111111111,65.02212349046958,9
234,66,281.3333333333333,75.24330904177165,9
234,67,257.3333333333333,76.00438583836242,9
234,68,266.44444444444446,82.23017979510809,9
234,69,248.88888888888889,76.19630268726874,9
234,70,212.0,63.84355879804947,9
234,71,151.33333333333334,54.330265762075726,9
234,72,78.44444444444444,40.51367700778785,9
234,73,35.666666666666664,13.904435743076139,9
234,74,13.11111111111111,7.202537275840823,9
234,75,7.333333333333333,6.4635731432217725,9
234,76,5.0,2.4037008503093262,9
234,77,6.222222222222222,1.3966450099973926,9
234,78,16.22222222222222,6.285393610547089,9
234,79,51.55555555555556,22.286573492232748,9
234,80,87.33333333333333,35.2514775104061,9
234,81,101.55555555555556,30.641696758614945,9
234,82,107.0,31.98263417682929,9
234,83,131.33333333333334,31.47838764754143,9
234,84,152.11111111111111,38.141387390848344,9
234,85,169.11111111111111,38.10349778182938,9
234,86,190.0,43.60173289114908,9
234,87,190.44444444444446,38.8247089453528,9
234,88,200.11111111111111,52.766665496829724,9
234,89,253.55555555555554,76.94314078317993,9
234,90,281.22222222222223,95.0646303870019,9
234,91,258.0,77.99857548556754,9
234,92,250.66666666666666,88.55255815364994,9
234,93,238.44444444444446,87.13732598747171,9
234,94,207.66666666666666,74.4878811918049,9
234,95,170.44444444444446,77.40816940968197,9
234,96,123.22222222222223,60.818085354381545,9
234,97,64.66666666666667,35.14730904825195,9
234,98,24.11111111111111,12.123846515070522,9
234,99,10.222222222222221,4.365973934308555,9
234,100,8.88888888888889,3.510126444206959,9
234,101,8.11111111111111,5.2163087085802236,9
234,102,17.333333333333332,7.760297817881877,9
234,103,39.333333333333336,15.972198067614586,9
234,104,64.55555555555556,21.43263923765242,9
234,105,74.55555555555556,22.677012889272852,9
234,106,101.22222222222223,23.39410076530585,9
234,107,126.88888888888889,23.68986864765632,9
234,108,153.22222222222223,36.84435062312139,9
234,109,151.44444444444446,18.385447814998273,9
234,110,189.44444444444446,35.743254565212446,9
234,111,208.33333333333334,37.62682258413243,9
234,112,208.66666666666666,36.826922519024336,9
234,113,227.55555555555554,49.54708447776633,9
234,114,247.33333333333334,57.43015081141806,9
234,115,234.33333333333334,59.023535795289135,9
234,116,198.77777777777777,49.431833597789044,9
234,117,190.11111111111111,50.70271622012735,9
234,118,195.77777777777777,57.505125912155336,9
234,119,189.66666666666666,80.70109458158957,9
234,120,153.77777777777777,62.39618538514421,9
234,121,116.44444444444444,50.82237283172553,9
234,122,66.88888888888889,31.288778408895862,9
234,123,34.44444444444444,9.844469525927416,9
234,124,21.0,7.007932013876213,9
234,125,6.666666666666667,3.0912061651652345,9
234,126,6.888888888888889,3.6038388311615233,9
234,127,14.88888888888889,5.9711239300197345,9
234,128,36.44444444444444,12.129954759566738,9
234,129,67.0,18.920887928424502,9
234,130,95.77777777777777,19.73591074259068,9
234,131,138.33333333333334,29.903548656007736,9
234,132,171.66666666666666,34.34789335283575,9
234,133,198.66666666666666,34.81698180805198,9
234,134,211.77777777777777,36.12871365849169,9
234,135,218.22222222222223,39.95213185183205,9
234,136,222.66666666666666,33.172947478999276,9
234,137,204.55555555555554,38.09669309390722,9
234,138,198.11111111111111,38.120989973283876,9
234,139,205.66666666666666,50.15752962195983,9
234,140,187.33333333333334,47.84233364802441,9
234,141,185.55555555555554,38.02663134380989,9
234,142,181.22222222222223,51.87972795649093,9
234,143,193.0,72.01851613763412,9
234,144,161.33333333333334,68.94281043815309,9
234,145,130.11111111111111,62.39915320729644,9
234,146,70.88888888888889,35.82812192939583,9
234,147,39.22222222222222,18.58181774254833,9
234,148,27.77777777777778,13.45591796924542,9
234,149,8.88888888888889,6.367355014175291,9
234,150,7.666666666666667,3.527668414752788,9
234,151,13.555555555555555,4.786813161897337,9
234,152,23.666666666666668,6.018490028422596,9
234,153,53.22222222222222,12.847635128499787,9
234,154,78.77777777777777,22.66557731587105,9
234,155,111.11111111111111,26.265501008164236,9
234,156,139.55555555555554,28.983179455643313,9
234,157,160.0,35.2388674304067,9
234,158,169.77777777777777,32.5500564183767,9
234,159,157.66666666666666,25.073226092121985,9
234,160,158.11111111111111,28.776705256719342,9
234,161,146.33333333333334,30.510471790663757,9
234,162,135.22222222222223,32.18963869797505,9
234,163,115.44444444444444,24.59499095846375,9
234,164,112.77777777777777,19.46379989038213,9
234,165,103.11111111111111,15.786382630077412,9
234,166,81.66666666666667,11.392004993756707,9
234,167,56.333333333333336,20.607442021431645,9
235,0,1.5,0.5,2
235,1,3.0,0.0,1
235,4,1.3333333333333333,0.4714045207910317,3
235,5,1.3333333333333333,0.7453559924999299,6
235,6,1.0,0.0,2
235,7,2.0,1.224744871391589,4
235,8,1.25,0.4330127018922193,4
235,9,1.3333333333333333,0.4714045207910317,3
235,10,1.2,0.4000000000000001,5
235,11,1.25,0.4330127018922193,4
235,12,1.6666666666666667,0.9428090415820634,3
235,13,1.0,0.0,2
235,14,1.0,0.0,4
235,15,1.0,0.0,3
235,16,1.0,0.0,1
235,18,1.0,0.0,1
235,19,1.0,0.0,2
235,20,1.0,0.0,2
235,23,1.0,0.0,1
235,28,1.75,0.82915619758885,4
235,29,2.2,0.9797958971132712,5
235,30,1.0,0.0,2
235,31,1.5,0.5,2
235,32,1.2,0.4,5
235,33,2.0,1.4142135623730951,3
235,34,1.5,1.118033988749895,6
235,35,1.3333333333333333,0.4714045207910317,3
235,36,1.2,0.4000000000000001,5
235,37,1.3333333333333333,0.4714045207910317,3
235,39,1.0,0.0,3
235,41,1.0,0.0,3
235,42,1.0,0.0,1
235,43,1.0,0.0,2
235,44,1.0,0.0,1
235,46,1.0,0.0,1
235,52,1.375,0.4841229182759271,8
235,53,1.4285714285714286,0.7284313590846836,7
235,54,1.8,0.7483314773547883,5
235,55,1.5,0.7637626158259734,6
235,56,1.7142857142857142,0.6998542122237652,7
235,57,1.7142857142857142,0.6998542122237652,7
235,58,1.1666666666666667,0.3726779962499649,6
235,59,1.1428571428571428,0.3499271061118826,7
235,60,1.0,0.0,3
235,61,1.0,0.0,1
235,62,1.0,0.0,2
235,63,1.5,0.5,4
235,64,1.0,0.0,1
235,65,1.0,0.0,2
235,67,1.0,0.0,1
235,69,1.0,0.0,1
235,74,1.0,0.0,1
235,76,1.3333333333333333,0.4714045207910317,6
235,77,1.1666666666666667,0.3726779962499649,6
235,78,2.0,1.0,2
235,79,1.25,0.4330127018922193,4
235,80,1.0,0.0,2
235,81,1.5714285714285714,0.7284313590846836,7
235,82,1.8333333333333333,1.21335164821342,6
235,83,1.5,0.8660254037844386,4
235,84,1.2,0.4,5
235,85,1.4285714285714286,0.4948716593053935,7
235,86,1.0,0.0,3
235,87,1.3333333333333333,0.4714045207910317,3
235,88,1.0,0.0,1
235,90,1.0,0.0,1
235,92,1.0,0.0,1
235,96,1.0,0.0,1
235,99,1.0,0.0,1
235,100,1.0,0.0,4
235,101,1.0,0.0,7
235,102,1.0,0.0,4
235,103,1.25,0.4330127018922193,4
235,104,1.5,0.5,4
235,105,1.4,0.4898979485566356,5
235,106,1.8333333333333333,0.3726779962499649,6
235,107,1.125,0.33071891388307384,8
235,108,1.0,0.0,4
235,109,1.3333333333333333,0.4714045207910317,3
235,110,1.0,0.0,1
235,111,2.0,0.0,1
235,112,1.0,0.0,2
235,113,1.25,0.4330127018922193,4
235,114,1.0,0.0,1
235,115,1.0,0.0,1
235,116,1.0,0.0,2
235,117,1.0,0.0,3
235,118,1.0,0.0,1
235,119,1.0,0.0,1
235,121,1.0,0.0,2
235,124,1.0,0.0,1
235,126,1.0,0.0,1
235,127,1.0,0.0,1
235,128,1.0,0.0,2
235,129,1.2,0.4,5
235,130,1.0,0.0,3
235,131,1.0,0.0,2
235,132,1.0,0.0,1
235,133,1.0,0.0,2
235,134,1.0,0.0,1
235,135,1.0,0.0,2
235,136,1.0,0.0,1
235,137,1.0,0.0,1
235,138,1.0,0.0,1
235,139,1.0,0.0,1
235,142,1.0,0.0,1
235,144,1.0,0.0,2
235,147,1.0,0.0,1
235,148,1.0,0.0,2
235,151,1.6,0.4898979485566356,5
235,152,1.5,0.8660254037844386,4
235,153,1.2,0.4000000000000001,5
235,154,1.4,0.4898979485566356,5
235,155,1.0,0.0,1
235,157,1.25,0.4330127018922193,4
235,158,1.3333333333333333,0.4714045207910317,3
235,159,1.0,0.0,1
235,160,1.0,0.0,1
235,162,1.5,0.5,2
235,165,1.0,0.0,2
235,166,1.0,0.0,1
235,167,1.0,0.0,2
236,0,9.25,5.973901572674261,8
236,1,6.625,9.668731819633845,8
236,2,3.0,1.0,4
236,3,1.625,1.1110243021644486,8
236,4,4.875,2.2603926650031405,8
236,5,15.25,6.740734381356382,8
236,6,72.0,26.68332812825267,8
236,7,249.125,84.26956375228248,8
236,8,285.875,99.05104429030519,8
236,9,288.0,92.43240773668076,8
236,10,301.5,86.3973379219522,8
236,11,311.0,82.41662453655816,8
236,12,331.75,81.75382254060051,8
236,13,322.875,69.73241265724283,8
236,14,340.125,97.62483994865241,8
236,15,419.75,107.50668583860262,8
236,16,379.0,104.49043018382115,8
236,17,384.25,114.20568068182948,8
236,18,359.25,107.2668984356311,8
236,19,245.625,65.46361107516144,8
236,20,189.0,46.427362621626486,8
236,21,149.0,37.613162589710534,8
236,22,83.625,19.390316526555207,8
236,23,30.5,7.0178344238090995,8
236,24,12.75,5.5170191226784775,8
236,25,3.375,2.1758618981911515,8
236,26,2.0,0.816496580927726,6
236,27,2.142857142857143,0.6388765649999398,7
236,28,5.375,2.496873044429772,8
236,29,18.75,9.98436277385793,8
236,30,84.375,24.68267357884879,8
236,31,278.75,85.1935296838909,8
236,32,359.625,105.35171747532168,8
236,33,356.0,97.54998718605759,8
236,34,333.25,72.40467871622661,8
236,35,352.25,72.9584642108097,8
236,36,377.875,67.35435676331562,8
236,37,356.0,61.155539405682624,8
236,38,398.5,76.24303246854758,8
236,39,461.0,93.08061022576076,8
236,40,435.25,100.13210024762289,8
236,41,434.25,95.81199037698778,8
236,42,433.5,123.0497866718996,8
236,43,295.375,70.99284735098318,8
236,44,213.5,60.4648658313239,8
236,45,177.5,53.94209858728153,8
236,46,120.5,48.30631428705775,8
236,47,50.75,15.746031245999736,8
236,48,18.333333333333332,4.371625682868,9
236,49,6.777777777777778,0.9162456945817024,9
236,50,2.5,1.5811388300841898,8
236,51,1.8333333333333333,1.462494064565354,6
236,52,7.222222222222222,3.456966485800899,9
236,53,17.0,4.898979485566356,9
236,54,77.77777777777777,22.542689269609625,9
236,55,270.0,87.3892950474421,9
236,56,366.0,108.02468853615517,9
236,57,347.44444444444446,75.30989474772608,9
236,58,347.3333333333333,67.96240790973263,9
236,59,353.1111111111111,51.24330730163575,9
236,60,367.1111111111111,56.42584995558221,9
236,61,347.44444444444446,39.3505925724438,9
236,62,371.77777777777777,51.81758126731758,9
236,63,444.8888888888889,82.82034699603238,9
236,64,389.55555555555554,88.81955629390924,9
236,65,439.3333333333333,119.53985853169551,9
236,66,438.3333333333333,125.18519614288797,9
236,67,282.1111111111111,83.877482668267,9
236,68,231.22222222222223,73.6685939080899,9
236,69,190.11111111111111,49.203532945521175,9
236,70,120.33333333333333,39.24849607876007,9
236,71,47.0,11.728408057172787,9
236,72,16.1,6.456779382943171,10
236,73,8.222222222222221,2.9731307022799225,9
236,74,3.111111111111111,1.9116278371205837,9
236,75,2.5714285714285716,0.9035079029052513,7
236,76,4.111111111111111,2.4241582476968255,9
236,77,12.666666666666666,3.39934634239519,9
236,78,73.55555555555556,25.513008059554906,9
236,79,256.1111111111111,101.44450529388463,9
236,80,342.1111111111111,122.5456327200828,9
236,81,331.6666666666667,94.37866990657017,9
236,82,323.1111111111111,100.16702101373201,9
236,83,342.1111111111111,91.6847793553112,9
236,84,378.3333333333333,87.80280937039163,9
236,85,349.8888888888889,79.91446044148907,9
236,86,386.22222222222223,77.38184940465013,9
236,87,442.6666666666667,111.17053966266822,9
236,88,409.6666666666667,108.07713294988291,9
236,89,428.8888888888889,132.48768868963256,9
236,90,428.6666666666667,149.64105200259868,9
236,91,311.22222222222223,112.22178217735507,9
236,92,237.88888888888889,56.669498839900044,9
236,93,205.77777777777777,62.380156705616606,9
236,94,143.77777777777777,44.32901677676893,9
236,95,67.55555555555556,27.060061226468925,9
236,96,27.666666666666668,11.737877907772674,9
236,97,11.222222222222221,5.452375176171244,9
236,98,4.111111111111111,2.469567863432541,9
236,99,3.375,1.996089927833914,8
236,100,6.625,2.1758618981911515,8
236,101,14.777777777777779,6.745826327404684,9
236,102,61.111111111111114,25.159245901278275,9
236,103,201.22222222222223,88.98286698732487,9
236,104,271.1111111111111,99.70450167530545,9
236,105,270.8888888888889,84.80362209827865,9
236,106,296.6666666666667,83.65936223094752,9
236,107,323.22222222222223,72.46267664234354,9
236,108,350.6666666666667,72.23418704310153,9
236,109,340.77777777777777,57.00249074046926,9
236,110,374.44444444444446,78.57920436110746,9
236,111,444.77777777777777,104.14709445755372,9
236,112,374.55555555555554,72.24512457385175,9
236,113,408.1111111111111,100.56777089709146,9
236,114,415.0,123.11151223360245,9
236,115,327.0,101.22472249625802,9
236,116,220.88888888888889,50.97154858773764,9
236,117,178.33333333333334,47.85162251980363,9
236,118,152.0,57.36433270479721,9
236,119,85.33333333333333,32.42769735204082,9
236,120,40.888888888888886,20.080086567124404,9
236,121,18.333333333333332,6.0553007081949835,9
236,122,8.777777777777779,4.96158079150358,9
236,123,4.555555555555555,2.8717439962933526,9
236,124,4.888888888888889,2.3778816176702997,9
236,125,6.222222222222222,2.528845928164676,9
236,126,23.333333333333332,5.374838498865699,9
236,127,52.111111111111114,15.234788000891209,9
236,128,99.88888888888889,33.686279582327955,9
236,129,168.33333333333334,50.12207320355197,9
236,130,215.55555555555554,55.85718119774775,9
236,131,273.6666666666667,57.51135153650586,9
236,132,322.3333333333333,74.3415541044621,9
236,133,308.3333333333333,50.08659168546674,9
236,134,295.8888888888889,47.59188643372931,9
236,135,318.6666666666667,54.60769176590419,9
236,136,298.0,53.57652885774184,9
236,137,321.8888888888889,70.59814987258589,9
236,138,342.77777777777777,98.43416048617107,9
236,139,287.8888888888889,92.1127864745105,9
236,140,199.0,64.04512298198651,9
236,141,163.77777777777777,51.91826434733259,9
236,142,137.55555555555554,54.93452893341129,9
236,143,93.88888888888889,44.42332831706143,9
236,144,49.44444444444444,28.971676249250027,9
236,145,24.0,15.520595635763755,9
236,146,10.125,2.9764702249476644,8
236,147,4.222222222222222,2.3465235646603197,9
236,148,6.111111111111111,2.8458329944145997,9
236,149,9.11111111111111,6.623937138128391,9
236,150,18.333333333333332,5.868938953886336,9
236,151,43.77777777777778,10.05294625446002,9
236,152,78.66666666666667,19.46506842754191,9
236,153,136.66666666666666,33.005050118630834,9
236,154,199.88888888888889,50.92138700311479,9
236,155,235.44444444444446,56.95829099946948,9
236,156,305.8888888888889,65.95696314760346,9
236,157,292.0,67.17969269884398,9
236,158,298.8888888888889,63.469055354986345,9
236,159,286.1111111111111,56.80071291501825,9
236,160,287.8888888888889,51.97957813612839,9
236,161,259.8888888888889,39.69451247953115,9
236,162,223.33333333333334,47.71442828607157,9
236,163,188.0,65.48451895083466,9
236,164,152.44444444444446,37.16363548509666,9
236,165,112.77777777777777,44.81512090498468,9
236,166,67.44444444444444,34.68945120193397,9
236,167,39.0,37.45219174716837,9
237,0,21.75,7.578753195612059,8
237,1,5.625,3.42554740151118,8
237,2,2.1666666666666665,1.3437096247164249,6
237,3,1.5714285714285714,0.7284313590846836,7
237,4,5.625,2.2325713874364688,8
237,5,9.5,3.0,8
237,6,36.75,14.989579713921268,8
237,7,171.125,60.700983311640016,8
237,8,218.125,71.81127609923111,8
237,9,249.0,80.64583064238349,8
237,10,260.375,73.5865774105577,8
237,11,304.125,69.99363810375911,8
237,12,332.125,85.28545816843572,8
237,13,351.625,83.1293231958495,8
237,14,393.875,95.5437563370836,8
237,15,404.875,101.54363286292252,8
237,16,382.5,87.17797887081348,8
237,17,392.625,108.88518896066627,8
237,18,389.125,112.9805707854231,8
237,19,311.75,86.36369318179949,8
237,20,281.875,80.6867980217334,8
237,21,272.25,84.78612799273239,8
237,22,164.5,50.865017448144066,8
237,23,67.25,20.39454583951307,8
237,24,26.5,9.082951062292475,8
237,25,10.125,4.313858481684349,8
237,26,3.5,1.8708286933869707,8
237,27,2.2857142857142856,1.665986255670086,7
237,28,5.125,2.368411915187052,8
237,29,14.0,3.8078865529319543,8
237,30,45.0,13.416407864998739,8
237,31,195.25,64.06393291080403,8
237,32,267.0,71.53845119933754,8
237,33,305.875,73.98553490379048,8
237,34,313.875,70.43869231466468,8
237,35,364.875,72.68672076108538,8
237,36,397.375,73.1504229311082,8
237,37,393.125,74.15260868641103,8
237,38,455.125,80.46340394862747,8
237,39,463.125,85.70069646741501,8
237,40,438.0,76.07397715382048,8
237,41,455.75,95.50229054844705,8
237,42,490.75,123.21906305438294,8
237,43,379.875,101.72197095514814,8
237,44,362.375,90.23155975045539,8
237,45,393.75,123.70504233862094,8
237,46,281.75,99.17377425509225,8
237,47,101.22222222222223,49.87490524140879,9
237,48,43.111111111111114,16.189464643159106,9
237,49,14.222222222222221,6.142344427149001,9
237,50,6.555555555555555,2.1140330656044943,9
237,51,3.111111111111111,1.1967032904743342,9
237,52,5.333333333333333,3.3333333333333335,9
237,53,15.444444444444445,3.0590888662080453,9
237,54,44.666666666666664,11.469767022723502,9
237,55,189.55555555555554,64.8110263443071,9
237,56,278.77777777777777,84.86954404362521,9
237,57,309.44444444444446,68.04265183791563,9
237,58,332.55555555555554,56.20421318946573,9
237,59,353.1111111111111,56.10792070137779,9
237,60,403.22222222222223,54.4054281968624,9
237,61,403.8888888888889,55.516653046019435,9
237,62,446.3333333333333,77.42523275177587,9
237,63,449.3333333333333,78.0099708726747,9
237,64,429.0,76.34570496541811,9
237,65,470.3333333333333,115.72956983128095,9
237,66,504.55555555555554,143.67719304910273,9
237,67,422.44444444444446,146.65765965609322,9
237,68,382.77777777777777,130.01262996577404,9
237,69,420.8888888888889,167.95465290398704,9
237,70,305.8888888888889,112.82576975579495,9
237,71,134.0,47.893400148431496,9
237,72,60.888888888888886,21.099997074483444,9
237,73,18.444444444444443,3.0590888662080453,9
237,74,10.333333333333334,3.2998316455372216,9
237,75,3.7777777777777777,1.9309052441091963,9
237,76,4.777777777777778,2.698879511442471,9
237,77,13.666666666666666,3.9440531887330774,9
237,78,39.888888888888886,12.661792434498402,9
237,79,172.22222222222223,64.80702598703284,9
237,80,245.11111111111111,88.17463032017069,9
237,81,289.1111111111111,97.02169796773921,9
237,82,328.22222222222223,92.0516494846209,9
237,83,341.55555555555554,90.09144873850386,9
237,84,379.0,97.10818709048172,9
237,85,373.44444444444446,85.48698550866105,9
237,86,445.55555555555554,103.8108441253836,9
237,87,439.0,96.29699429946457,9
237,88,425.22222222222223,94.28064226644216,9
237,89,467.1111111111111,123.36616179707954,9
237,90,496.6666666666667,160.40919896038105,9
237,91,403.6666666666667,137.11471272057003,9
237,92,369.6666666666667,114.04287692696013,9
237,93,396.55555555555554,150.65273616360324,9
237,94,332.8888888888889,141.35883767085213,9
237,95,168.88888888888889,84.26076514730849,9
237,96,73.33333333333333,35.91347626974835,9
237,97,29.666666666666668,12.927146286443543,9
237,98,12.333333333333334,7.180219742846004,9
237,99,6.25,3.031088913245535,8
237,100,8.333333333333334,3.197221015541813,9
237,101,10.444444444444445,4.003085229922627,9
237,102,34.44444444444444,12.175668917157978,9
237,103,136.33333333333334,59.247128387983686,9
237,104,190.22222222222223,64.95088362717337,9
237,105,228.77777777777777,72.29227371929986,9
237,106,282.44444444444446,66.5033183985934,9
237,107,324.0,62.18788735222747,9
237,108,364.8888888888889,68.01052932278525,9
237,109,354.77777777777777,61.77158242316388,9
237,110,436.3333333333333,83.50648677398262,9
237,111,427.8888888888889,68.21444038136801,9
237,112,420.6666666666667,68.11591427689845,9
237,113,431.44444444444446,97.24552101780674,9
237,114,434.6666666666667,122.64854938671988,9
237,115,349.6666666666667,93.26426015480004,9
237,116,304.55555555555554,111.50197916640175,9
237,117,293.55555555555554,106.71364706135671,9
237,118,279.55555555555554,107.90130378278425,9
237,119,166.88888888888889,71.30442474106583,9
237,120,90.11111111111111,43.354980348140565,9
237,121,42.77777777777778,22.650865952432408,9
237,122,17.333333333333332,6.429100507328637,9
237,123,11.222222222222221,5.769224438109854,9
237,124,5.888888888888889,2.5579698740491863,9
237,125,6.555555555555555,3.4995590551163605,9
237,126,13.777777777777779,5.411464738615964,9
237,127,39.55555555555556,11.62479257746717,9
237,128,88.0,20.35790864613663,9
237,129,150.55555555555554,48.37380170462132,9
237,130,224.66666666666666,63.15237305297578,9
237,131,276.3333333333333,44.89246410404906,9
237,132,330.44444444444446,62.491085784047115,9
237,133,335.55555555555554,64.66342107166429,9
237,134,358.77777777777777,61.1551356574732,9
237,135,388.1111111111111,68.82416314128902,9
237,136,394.3333333333333,87.89893186053072,9
237,137,378.22222222222223,71.34077496663114,9
237,138,353.22222222222223,86.10042944502241,9
237,139,318.1111111111111,82.0534303493691,9
237,140,234.55555555555554,66.77176900309344,9
237,141,231.11111111111111,70.314285642621,9
237,142,238.66666666666666,86.93675862372602,9
237,143,182.88888888888889,85.49131787555253,9
237,144,109.55555555555556,51.35737772621943,9
237,145,54.666666666666664,26.745716167890016,9
237,146,20.333333333333332,8.944271909999157,9
237,147,13.0,6.110100926607787,9
237,148,7.0,3.8297084310253524,9
237,149,7.666666666666667,5.477225575051661,9
237,150,14.222222222222221,6.908574025204361,9
237,151,34.333333333333336,11.879019787470307,9
237,152,59.22222222222222,10.195617552848411,9
237,153,126.66666666666667,29.638563467962552,9
237,154,171.0,52.46797965320266,9
237,155,224.33333333333334,57.83693552662616,9
237,156,276.44444444444446,56.01014017541052,9
237,157,313.8888888888889,63.3270952093519,9
237,158,332.3333333333333,69.18734630616272,9
237,159,304.55555555555554,49.42134291783732,9
237,160,289.44444444444446,61.37518700783659,9
237,161,271.8888888888889,61.56016829888994,9
237,162,236.77777777777777,55.615301207447054,9
237,163,186.22222222222223,34.59536827630022,9
237,164,168.77777777777777,24.44848451462234,9
237,165,132.11111111111111,17.729100023811725,9
237,166,89.77777777777777,27.177514307798962,9
237,167,51.44444444444444,29.64272858602412,9
238,0,8.5,6.244997998398398,8
238,1,5.5,4.330127018922194,8
238,2,2.142857142857143,1.1248582677159729,7
238,3,1.6,0.8,5
238,4,5.375,2.8256636388643286,8
238,5,15.625,6.081478027585071,8
238,6,49.375,15.156990961269324,8
238,7,105.25,32.86240252933434,8
238,8,142.75,46.79676805079599,8
238,9,131.0,32.63433774416144,8
238,10,119.375,25.811516325082493,8
238,11,121.375,25.763042813301382,8
238,12,120.875,19.763840087391923,8
238,13,118.75,25.287101455089708,8
238,14,136.875,26.41229590550583,8
238,15,168.625,36.183343889143245,8
238,16,131.375,15.643988462025916,8
238,17,146.375,36.10726208119358,8
238,18,133.125,35.49801931094184,8
238,19,97.5,18.425525772688278,8
238,20,70.25,11.59471862530523,8
238,21,66.875,10.34936592260608,8
238,22,44.375,17.262223929725856,8
238,23,19.75,5.238081709939241,8
238,24,7.0,1.4142135623730951,8
238,25,3.75,2.9895651857753496,8
238,26,2.2857142857142856,0.6998542122237652,7
238,27,2.4,1.3564659966250538,5
238,28,7.0,2.9154759474226504,8
238,29,20.125,7.622950544244663,8
238,30,47.75,16.939229616484923,8
238,31,113.375,30.364195609302744,8
238,32,160.0,45.232731511594565,8
238,33,143.375,28.831135513538136,8
238,34,133.625,23.74309110036012,8
238,35,131.375,23.216037021851943,8
238,36,141.375,25.961209043494105,8
238,37,128.875,29.82632017195551,8
238,38,150.625,34.4707756657723,8
238,39,182.25,45.61181316282,8
238,40,155.625,41.970041398597644,8
238,41,160.5,40.01249804748511,8
238,42,167.75,38.677351253672995,8
238,43,105.625,22.410586226156603,8
238,44,78.125,17.709019594545598,8
238,45,65.5,17.080690852538723,8
238,46,46.5,13.407087677791923,8
238,47,24.5,5.656854249492381,8
238,48,10.666666666666666,1.8257418583505538,9
238,49,3.888888888888889,1.7284832429004495,9
238,50,1.8888888888888888,1.286204100310025,9
238,51,1.8571428571428572,1.456862718169367,7
238,52,5.666666666666667,2.449489742783178,9
238,53,13.444444444444445,4.399775527382962,9
238,54,56.333333333333336,12.613925285616334,9
238,55,130.22222222222223,33.1520999092827,9
238,56,163.11111111111111,42.259632549394894,9
238,57,149.66666666666666,24.562844569254054,9
238,58,138.77777777777777,17.82493744902709,9
238,59,140.77777777777777,12.856280590329536,9
238,60,149.0,22.710741462527768,9
238,61,146.55555555555554,24.49540143288174,9
238,62,149.77777777777777,24.434846600604264,9
238,63,180.55555555555554,39.40984397925391,9
238,64,144.88888888888889,20.765593575508742,9
238,65,173.11111111111111,33.94585376234218,9
238,66,163.11111111111111,40.69519339470079,9
238,67,116.66666666666667,23.2379000772445,9
238,68,96.0,20.105278466666963,9
238,69,78.33333333333333,17.543596489254355,9
238,70,60.888888888888886,13.21988774909853,9
238,71,26.22222222222222,7.670691375152537,9
238,72,11.666666666666666,4.268749491621899,9
238,73,6.125,2.7128168017763383,8
238,74,3.4285714285714284,2.664965443739661,7
238,75,2.2222222222222223,0.6285393610547089,9
238,76,7.666666666666667,3.0550504633038935,9
238,77,16.11111111111111,5.546659544154971,9
238,78,48.111111111111114,11.939146111700921,9
238,79,114.77777777777777,39.358121504907494,9
238,80,161.55555555555554,45.080449349804034,9
238,81,146.88888888888889,36.452234939695614,9
238,82,146.22222222222223,30.8356855959591,9
238,83,133.11111111111111,25.80888927156879,9
238,84,155.88888888888889,29.89405159873205,9
238,85,137.0,16.034684627740923,9
238,86,149.66666666666666,30.749887081996835,9
238,87,186.77777777777777,39.1826996341151,9
238,88,154.11111111111111,33.03346600862843,9
238,89,176.66666666666666,50.24827249656339,9
238,90,171.33333333333334,42.946995755750415,9
238,91,117.22222222222223,26.84431567298033,9
238,92,106.44444444444444,20.53783019541749,9
238,93,80.44444444444444,18.92154040658489,9
238,94,60.666666666666664,19.008769905844336,9
238,95,35.333333333333336,12.0,9
238,96,15.222222222222221,4.15739709641549,9
238,97,6.888888888888889,2.922876986214646,9
238,98,4.444444444444445,1.949992086087138,9
238,99,2.6666666666666665,1.5634719199411433,9
238,100,5.777777777777778,2.249828525701843,9
238,101,12.11111111111111,3.7251232476089355,9
238,102,45.111111111111114,13.236686766075938,9
238,103,98.22222222222223,38.68326591342043,9
238,104,137.11111111111111,43.742794821152344,9
238,105,142.33333333333334,43.01679258666834,9
238,106,138.22222222222223,29.902722944678015,9
238,107,138.33333333333334,27.756881028754734,9
238,108,156.77777777777777,28.52981979059718,9
238,109,140.66666666666666,20.97617696340303,9
238,110,146.44444444444446,34.45161215744357,9
238,111,188.55555555555554,57.81409115261148,9
238,112,139.0,34.8552562591195,9
238,113,168.88888888888889,45.66653149479859,9
238,114,175.55555555555554,48.11354882199933,9
238,115,126.44444444444444,27.18296489066109,9
238,116,87.55555555555556,21.884094229529207,9
238,117,84.44444444444444,25.434495871687993,9
238,118,80.11111111111111,27.577947890960687,9
238,119,57.55555555555556,28.339650711840747,9
238,120,35.888888888888886,18.716863723773834,9
238,121,14.555555555555555,5.946261404559846,9
238,122,7.555555555555555,3.4676636742949407,9
238,123,5.222222222222222,1.3966450099973928,9
238,124,5.333333333333333,2.6666666666666665,9
238,125,7.111111111111111,2.8458329944145997,9
238,126,21.22222222222222,5.0061690338083595,9
238,127,44.333333333333336,14.157840387730202,9
238,128,74.77777777777777,19.9932087235073,9
238,129,112.88888888888889,28.489547574288615,9
238,130,127.66666666666667,32.90727714182516,9
238,131,134.22222222222223,33.21906339497708,9
238,132,142.33333333333334,27.584214487436267,9
238,133,139.66666666666666,30.95516470998373,9
238,134,136.44444444444446,34.77902021209885,9
238,135,123.22222222222223,31.954056524877426,9
238,136,126.33333333333333,27.503535126315025,9
238,137,142.77777777777777,43.42241555739968,9
238,138,158.55555555555554,53.90755690400025,9
238,139,147.11111111111111,53.980334782306386,9
238,140,92.55555555555556,29.481109247603555,9
238,141,84.0,36.32262839241309,9
238,142,85.11111111111111,35.12974189247765,9
238,143,62.0,36.75746333890726,9
238,144,39.666666666666664,22.055485586231026,9
238,145,22.0,9.38083151964686,9
238,146,7.888888888888889,3.634539385288028,9
238,147,5.0,2.494438257849294,9
238,148,5.111111111111111,1.852592444503674,9
238,149,8.11111111111111,3.8425814368423516,9
238,150,21.11111111111111,6.0082248153758995,9
238,151,40.44444444444444,8.845728549997842,9
238,152,58.55555555555556,14.568696358296679,9
238,153,101.66666666666667,23.304744390598046,9
238,154,129.66666666666666,32.72783388968954,9
238,155,137.44444444444446,36.890562211044085,9
238,156,146.0,39.223009120214684,9
238,157,151.0,48.2263183104182,9
238,158,142.33333333333334,34.16626016018337,9
238,159,134.33333333333334,28.464402720278922,9
238,160,125.33333333333333,30.02961501214722,9
238,161,119.88888888888889,33.27810239129377,9
238,162,117.11111111111111,17.89751344892136,9
238,163,90.88888888888889,21.231237177771,9
238,164,84.55555555555556,23.631951586834067,9
238,165,67.22222222222223,33.835477034805336,9
238,166,48.888888888888886,28.02556152453385,9
238,167,31.77777777777778,23.441548004334233,9
239,0,13.125,7.473912964438374,8
239,1,6.375,3.4977671449083054,8
239,2,3.0,1.7728105208558367,7
239,3,2.0,0.8660254037844386,8
239,4,4.875,2.1469455046647083,8
239,5,20.625,5.0974871260259205,8
239,6,41.25,16.98344782427879,8
239,7,121.25,39.36924561126362,8
239,8,151.0,46.97073557013984,8
239,9,144.375,34.70208026905592,8
239,10,151.0,29.201883500897676,8
239,11,150.75,34.33565930632467,8
239,12,180.125,31.92349252509819,8
239,13,184.125,32.27784650499472,8
239,14,182.0,33.5670969849941,8
239,15,186.5,42.80478945164898,8
239,16,174.875,28.224269255376658,8
239,17,193.625,36.365978262656434,8
239,18,195.375,60.919901304910205,8
239,19,159.5,50.62854925829892,8
239,20,123.75,26.630574533794796,8
239,21,130.375,36.248922397776184,8
239,22,88.625,17.492409067935725,8
239,23,48.25,34.913285436922145,8
239,24,18.25,4.351723796382303,8
239,25,5.625,2.2325713874364688,8
239,26,2.2857142857142856,1.1605769149479943,7
239,27,2.0,1.4142135623730951,6
239,28,5.5,3.082207001484488,8
239,29,19.0,8.48528137423857,8
239,30,49.75,11.366067921669305,8
239,31,138.625,44.04241563538494,8
239,32,179.375,48.7184192580178,8
239,33,167.0,37.659660115301094,8
239,34,167.5,34.46374907058139,8
239,35,174.75,22.37046043334826,8
239,36,195.0,25.3229145242012,8
239,37,197.875,31.18668586111708,8
239,38,223.875,53.501022186496584,8
239,39,194.0,77.55284936380123,9
239,40,207.75,45.99116763031789,8
239,41,231.5,34.27097897638759,8
239,42,219.75,46.34584663160228,8
239,43,169.75,37.13741374947911,8
239,44,150.0,36.50342449688796,8
239,45,149.75,35.354455164802076,8
239,46,126.125,41.75355523784771,8
239,47,49.0,16.023420358962067,8
239,48,22.0,7.615773105863909,9
239,49,7.555555555555555,3.744955454745048,9
239,50,4.0,2.0,7
239,51,2.888888888888889,1.5234788000891208,9
239,52,7.0,3.2998316455372216,9
239,53,16.11111111111111,6.607141665474892,9
239,54,52.333333333333336,11.479450238481709,9
239,55,134.77777777777777,42.74154309536378,9
239,56,185.33333333333334,48.189440982669865,9
239,57,171.11111111111111,30.234066306603527,9
239,58,180.22222222222223,22.354605678958606,9
239,59,187.0,14.142135623730951,9
239,60,195.77777777777777,19.588986575668695,9
239,61,192.77777777777777,21.394587985323025,9
239,62,204.55555555555554,11.086639718459042,9
239,63,207.33333333333334,17.80761385225744,9
239,64,209.66666666666666,26.297443897754693,9
239,65,242.88888888888889,24.310237644272167,9
239,66,241.33333333333334,47.15459209404271,9
239,67,191.66666666666666,33.2532371022398,9
239,68,170.22222222222223,36.90461512174257,9
239,69,184.44444444444446,50.069088070853795,9
239,70,160.33333333333334,53.291650377896914,9
239,71,67.22222222222223,28.263748975902676,9
239,72,26.88888888888889,16.596147106043382,9
239,73,11.333333333333334,8.110350040397625,9
239,74,4.125,4.428247395979588,8
239,75,2.857142857142857,1.8070158058105021,7
239,76,6.444444444444445,3.5311663515712675,9
239,77,17.22222222222222,4.848316495393651,9
239,78,47.666666666666664,11.633285577743433,9
239,79,130.88888888888889,51.49637407827736,9
239,80,178.0,51.33549778986597,9
239,81,172.33333333333334,30.02221399786054,9
239,82,192.11111111111111,23.89069760594624,9
239,83,170.44444444444446,20.423902723748363,9
239,84,193.44444444444446,26.529275699419358,9
239,85,187.55555555555554,29.379172937118835,9
239,86,222.33333333333334,33.14614105241614,9
239,87,214.88888888888889,30.88848920604727,9
239,88,203.22222222222223,29.47608363017108,9
239,89,246.44444444444446,62.10047613184999,9
239,90,249.66666666666666,68.4494947631707,9
239,91,178.22222222222223,39.2705085211049,9
239,92,159.44444444444446,20.15005437605628,9
239,93,168.0,34.947579792216416,9
239,94,161.66666666666666,47.11923410054775,9
239,95,74.88888888888889,41.33452805919699,9
239,96,40.666666666666664,15.470401847829724,9
239,97,17.333333333333332,7.408703590297623,9
239,98,5.0,2.1213203435596424,8
239,99,4.333333333333333,1.8257418583505538,9
239,100,6.444444444444445,2.1659542988464366,9
239,101,17.11111111111111,6.999118110232721,9
239,102,44.111111111111114,13.403518977777974,9
239,103,108.66666666666667,40.81938537291102,9
239,104,144.88888888888889,43.39852645845746,9
239,105,162.33333333333334,41.11231229476423,9
239,106,167.55555555555554,26.64211833048946,9
239,107,173.11111111111111,17.207520606760834,9
239,108,200.55555555555554,22.847859666892756,9
239,109,210.11111111111111,17.175204636946475,9
239,110,221.88888888888889,29.9349088094836,9
239,111,239.55555555555554,28.636073253119477,9
239,112,219.88888888888889,34.94581343370347,9
239,113,258.44444444444446,39.693579416746736,9
239,114,252.88888888888889,56.70086114267567,9
239,115,211.66666666666666,41.06634199005853,9
239,116,161.55555555555554,31.315992049186168,9
239,117,177.66666666666666,44.517162732790794,9
239,118,164.22222222222223,53.13249220952337,9
239,119,108.66666666666667,38.80435256228066,9
239,120,81.55555555555556,51.704526152855884,9
239,121,39.44444444444444,17.632741711002108,9
239,122,20.88888888888889,6.740333728045823,9
239,123,8.11111111111111,2.8458329944145992,9
239,124,7.666666666666667,3.8873012632302,9
239,125,6.777777777777778,2.7397395568751004,9
239,126,17.444444444444443,3.5624932315291993,9
239,127,44.44444444444444,13.841251638258017,9
239,128,86.0,18.14754345175493,9
239,129,136.22222222222223,30.893285058866674,9
239,130,169.0,34.15650255319866,9
239,131,191.11111111111111,37.19451705245589,9
239,132,213.66666666666666,29.70596647888172,9
239,133,227.33333333333334,40.00555516980666,9
239,134,221.11111111111111,28.652882129394726,9
239,135,234.44444444444446,35.38710094907814,9
239,136,226.33333333333334,28.464402720278922,9
239,137,249.44444444444446,41.42761052221389,9
239,138,228.66666666666666,58.872744118140105,9
239,139,224.55555555555554,59.39343605916044,9
239,140,158.11111111111111,51.3061496085442,9
239,141,171.11111111111111,53.67069228057845,9
239,142,186.33333333333334,69.25636753717627,9
239,143,140.55555555555554,55.36768233286978,9
239,144,87.88888888888889,43.198365309720906,9
239,145,44.55555555555556,19.799613414357985,9
239,146,19.88888888888889,9.711899281516514,9
239,147,9.88888888888889,2.8846122190549264,9
239,148,10.88888888888889,5.173531878587918,9
239,149,9.777777777777779,7.036062310661139,9
239,150,17.11111111111111,5.98970309864158,9
239,151,34.44444444444444,11.576903357894317,9
239,152,70.55555555555556,13.565570071251141,9
239,153,115.11111111111111,28.73033412206395,9
239,154,166.77777777777777,33.966577617736654,9
239,155,197.55555555555554,46.42344022656158,9
239,156,221.11111111111111,70.05941041469248,9
239,157,259.77777777777777,71.2800077593489,9
239,158,246.66666666666666,59.71599450733447,9
239,159,243.77777777777777,39.01218549740518,9
239,160,215.77777777777777,32.66591080002304,9
239,161,201.55555555555554,22.071153174882724,9
239,162,179.22222222222223,28.365776632248537,9
239,163,147.11111111111111,45.393206648974946,9
239,164,130.88888888888889,35.410119220497926,9
239,165,108.55555555555556,33.46012921244597,9
239,166,84.0,40.86291445525855,9
239,167,46.22222222222222,42.561792406329715,9
240,9,1.0,0.0,1
240,13,2.0,0.0,1
240,14,1.0,0.0,1
240,15,1.0,0.0,1
240,35,1.0,0.0,1
240,37,1.0,0.0,1
240,38,1.0,0.0,1
240,40,1.0,0.0,1
240,42,1.0,0.0,1
240,80,1.0,0.0,1
240,82,1.0,0.0,1
240,90,1.0,0.0,1
240,91,1.0,0.0,2
240,101,1.0,0.0,1
240,108,1.0,0.0,1
240,114,1.0,0.0,1
240,115,1.0,0.0,1
240,118,1.0,0.0,1
240,123,1.0,0.0,1
240,127,1.0,0.0,1
240,133,1.0,0.0,2
240,136,1.0,0.0,1
240,150,1.0,0.0,1
240,151,1.0,0.0,2
240,160,1.0,0.0,1
240,166,1.0,0.0,2
241,0,1.0,0.0,1
241,4,1.5,0.5,4
241,5,2.0,0.0,1
241,6,1.3333333333333333,0.4714045207910317,3
241,7,1.0,0.0,3
241,8,1.4,0.8,5
241,9,1.0,0.0,4
241,10,1.5,0.5,2
241,11,1.0,0.0,3
241,12,1.0,0.0,2
241,14,2.0,1.0,2
241,16,1.0,0.0,1
241,17,1.0,0.0,1
241,20,1.0,0.0,2
241,22,1.0,0.0,1
241,23,1.0,0.0,1
241,24,1.0,0.0,1
241,28,1.0,0.0,3
241,29,1.0,0.0,1
241,30,1.2,0.4,5
241,32,1.5,0.5,4
241,33,1.2,0.4000000000000001,5
241,34,1.2,0.4000000000000001,5
241,35,1.25,0.4330127018922193,4
241,37,1.0,0.0,2
241,39,1.0,0.0,2
241,40,1.0,0.0,2
241,43,1.0,0.0,1
241,51,1.0,0.0,1
241,52,1.0,0.0,3
241,53,1.2,0.4000000000000001,5
241,54,1.5,0.5,2
241,55,3.0,2.0,2
241,56,1.3333333333333333,0.4714045207910317,3
241,57,2.0,0.816496580927726,3
241,58,1.3333333333333333,0.4714045207910317,3
241,59,1.0,0.0,1
241,60,1.0,0.0,2
241,61,1.4,0.8000000000000002,5
241,62,2.0,0.0,1
241,63,1.0,0.0,1
241,64,1.0,0.0,1
241,66,1.0,0.0,1
241,74,1.0,0.0,2
241,75,1.0,0.0,1
241,76,1.0,0.0,2
241,77,1.0,0.0,3
241,78,1.0,0.0,3
241,79,3.0,0.0,1
241,80,1.0,0.0,5
241,81,1.0,0.0,1
241,82,1.5,0.5,2
241,83,1.0,0.0,1
241,84,3.0,0.0,1
241,85,1.0,0.0,3
241,86,1.0,0.0,5
241,88,1.0,0.0,1
241,90,1.0,0.0,1
241,91,1.0,0.0,1
241,95,1.0,0.0,3
241,101,1.0,0.0,5
241,102,1.0,0.0,1
241,103,1.5,0.5,4
241,104,1.0,0.0,4
241,105,1.25,0.4330127018922193,4
241,106,1.3333333333333333,0.4714045207910317,3
241,107,2.0,0.0,1
241,108,1.0,0.0,7
241,109,1.3333333333333333,0.4714045207910317,3
241,110,1.0,0.0,3
241,111,1.0,0.0,1
241,112,1.0,0.0,3
241,113,1.0,0.0,2
241,114,1.0,0.0,1
241,115,1.0,0.0,1
241,121,1.0,0.0,1
241,123,2.0,0.0,1
241,125,1.0,0.0,1
241,126,1.0,0.0,2
241,127,1.0,0.0,3
241,129,1.0,0.0,2
241,130,1.5,0.5,2
241,131,1.0,0.0,2
241,132,1.0,0.0,2
241,134,1.0,0.0,1
241,136,1.0,0.0,3
241,137,1.5,0.5,2
241,138,1.0,0.0,1
241,140,1.0,0.0,1
241,141,1.0,0.0,7
241,142,1.25,0.4330127018922193,4
241,144,3.0,0.0,1
241,145,1.0,0.0,2
241,146,1.0,0.0,1
241,148,1.0,0.0,1
241,150,1.0,0.0,2
241,152,1.6666666666666667,0.9428090415820634,3
241,154,1.3333333333333333,0.4714045207910317,3
241,155,1.0,0.0,3
241,156,1.0,0.0,5
241,157,1.25,0.4330127018922193,4
241,158,1.0,0.0,2
241,159,1.5,0.8660254037844386,4
241,160,1.0,0.0,2
241,161,1.0,0.0,1
241,162,1.0,0.0,2
241,163,1.0,0.0,2
241,165,1.1428571428571428,0.3499271061118826,7
241,166,1.0,0.0,2
241,167,1.0,0.0,3
242,0,1.0,0.0,1
242,1,2.0,0.0,1
242,5,1.0,0.0,2
242,6,1.0,0.0,2
242,7,1.2,0.4,5
242,8,1.0,0.0,3
242,9,1.0,0.0,4
242,10,3.0,0.0,1
242,11,1.4,0.4898979485566356,5
242,12,2.5,1.118033988749895,4
242,13,2.0,1.0,4
242,14,1.0,0.0,1
242,15,1.3333333333333333,0.4714045207910317,3
242,16,1.75,0.4330127018922193,4
242,17,1.25,0.4330127018922193,4
242,18,1.0,0.0,1
242,23,1.0,0.0,1
242,30,1.0,0.0,1
242,31,1.0,0.0,3
242,32,1.25,0.4330127018922193,4
242,33,1.0,0.0,4
242,34,1.3333333333333333,0.4714045207910317,3
242,35,1.5,0.8660254037844386,4
242,36,1.2,0.4,5
242,37,1.25,0.4330127018922193,4
242,38,1.8,0.7483314773547883,5
242,39,1.4,0.4898979485566356,5
242,40,1.0,0.0,3
242,41,1.3333333333333333,0.4714045207910317,3
242,43,1.0,0.0,1
242,44,1.0,0.0,1
242,46,1.0,0.0,2
242,48,1.0,0.0,1
242,51,1.0,0.0,1
242,53,1.0,0.0,1
242,54,1.0,0.0,1
242,55,1.0,0.0,4
242,57,2.0,0.0,1
242,58,1.0,0.0,6
242,59,2.4,0.8,5
242,60,1.5,0.7071067811865476,8
242,61,1.8,0.7483314773547883,5
242,62,1.5,0.5,4
242,63,1.6,0.8,5
242,64,1.6,0.8,5
242,65,1.3333333333333333,0.4714045207910317,3
242,67,1.0,0.0,2
242,70,1.0,0.0,1
242,77,1.0,0.0,2
242,79,1.0,0.0,1
242,80,2.0,0.0,1
242,81,1.0,0.0,1
242,82,1.8333333333333333,0.8975274678557508,6
242,83,1.6,0.8,5
242,84,1.25,0.6614378277661477,8
242,85,1.6666666666666667,0.4714045207910317,3
242,86,1.0,0.0,3
242,87,1.5,0.5,4
242,88,1.2,0.4,5
242,89,1.2857142857142858,0.45175395145262565,7
242,90,1.0,0.0,1
242,91,1.0,0.0,1
242,92,1.0,0.0,1
242,93,1.0,0.0,1
242,94,1.0,0.0,1
242,95,1.0,0.0,1
242,97,1.0,0.0,1
242,100,1.0,0.0,1
242,102,1.0,0.0,1
242,103,1.0,0.0,2
242,104,1.0,0.0,4
242,105,1.0,0.0,3
242,106,1.5,0.5,6
242,107,1.8,0.7483314773547883,5
242,108,1.0,0.0,2
242,109,1.3333333333333333,0.4714045207910317,3
242,110,1.0,0.0,2
242,111,2.0,1.0,2
242,112,1.0,0.0,2
242,113,1.1666666666666667,0.3726779962499649,6
242,114,1.0,0.0,2
242,116,1.0,0.0,1
242,117,1.0,0.0,1
242,118,1.0,0.0,1
242,119,2.0,0.0,1
242,121,1.0,0.0,2
242,125,1.0,0.0,1
242,127,1.3333333333333333,0.4714045207910317,3
242,128,1.0,0.0,1
242,129,1.0,0.0,2
242,130,1.0,0.0,1
242,131,1.0,0.0,2
242,132,1.0,0.0,1
242,133,1.0,0.0,4
242,136,1.0,0.0,2
242,137,1.5,0.5,2
242,141,1.0,0.0,1
242,144,1.0,0.0,1
242,146,1.0,0.0,2
242,149,3.0,0.0,1
242,150,1.0,0.0,3
242,151,1.0,0.0,2
242,153,1.0,0.0,1
242,155,1.0,0.0,2
242,156,1.0,0.0,1
242,157,1.25,0.4330127018922193,4
242,159,1.0,0.0,2
242,160,1.0,0.0,1
242,161,1.0,0.0,1
242,162,1.0,0.0,1
242,165,1.0,0.0,1
242,166,1.0,0.0,2
242,167,2.0,0.0,1
243,0,1.5,0.5,2
243,1,3.0,2.0,2
243,4,1.0,0.0,3
243,5,1.3333333333333333,0.4714045207910317,3
243,6,1.0,0.0,2
243,7,2.0,1.0,6
243,8,2.25,1.299038105676658,4
243,9,1.0,0.0,6
243,10,1.0,0.0,7
243,11,1.5,0.7637626158259734,6
243,12,2.0,1.224744871391589,8
243,13,1.3333333333333333,0.4714045207910317,3
243,14,1.75,0.82915619758885,4
243,15,1.6666666666666667,0.4714045207910317,3
243,16,1.25,0.4330127018922193,4
243,17,1.1666666666666667,0.3726779962499649,6
243,18,1.25,0.4330127018922193,4
243,19,1.5,0.5,4
243,20,1.5,0.5,2
243,21,1.0,0.0,1
243,22,1.0,0.0,2
243,23,1.6666666666666667,0.9428090415820634,3
243,24,1.0,0.0,1
243,26,1.0,0.0,2
243,28,1.0,0.0,1
243,29,1.0,0.0,1
243,30,1.0,0.0,3
243,31,1.5,0.5,4
243,32,1.4285714285714286,0.4948716593053935,7
243,33,1.75,0.82915619758885,4
243,34,1.4,0.8,5
243,35,1.75,0.4330127018922193,4
243,36,2.0,1.224744871391589,4
243,37,1.3333333333333333,0.4714045207910317,6
243,38,1.0,0.0,4
243,39,1.4285714285714286,0.7284313590846835,7
243,40,1.3333333333333333,0.4714045207910317,3
243,41,1.6666666666666667,0.4714045207910317,3
243,42,1.75,1.299038105676658,4
243,43,1.3333333333333333,0.4714045207910317,3
243,44,1.0,0.0,2
243,45,2.0,0.0,2
243,46,1.5,0.5,2
243,47,1.25,0.4330127018922193,4
243,48,1.0,0.0,3
243,49,2.0,0.0,1
243,50,2.0,0.0,1
243,51,1.0,0.0,2
243,52,1.0,0.0,1
243,53,1.0,0.0,2
243,54,1.0,0.0,1
243,55,1.0,0.0,5
243,56,1.8,1.1661903789690602,5
243,57,1.125,0.33071891388307384,8
243,58,2.0,0.9258200997725514,7
243,59,1.6666666666666667,0.7453559924999299,6
243,60,1.75,0.4330127018922193,8
243,61,1.25,0.4330127018922193,8
243,62,1.75,0.4330127018922193,4
243,63,1.75,1.299038105676658,4
243,64,1.3333333333333333,0.7453559924999299,6
243,65,1.3333333333333333,0.4714045207910317,3
243,66,1.0,0.0,2
243,67,1.0,0.0,1
243,68,1.6666666666666667,0.9428090415820634,3
243,69,1.0,0.0,3
243,70,1.0,0.0,3
243,71,1.0,0.0,2
243,72,1.0,0.0,2
243,73,1.0,0.0,1
243,74,2.0,0.0,1
243,75,2.0,0.0,1
243,76,1.0,0.0,2
243,77,1.5,0.5,2
243,78,1.5,0.5,2
243,79,2.0,1.0,4
243,80,1.5,0.7637626158259734,6
243,81,2.7142857142857144,1.385051387833237,7
243,82,1.4,0.4898979485566356,5
243,83,1.75,1.299038105676658,4
243,84,2.6,1.624807680927192,5
243,85,2.0,1.4142135623730951,7
243,86,1.3333333333333333,0.7453559924999299,6
243,87,1.8333333333333333,1.462494064565354,6
243,88,1.75,0.4330127018922193,4
243,89,2.0,1.0954451150103321,5
243,90,1.8571428571428572,0.9897433186107869,7
243,91,1.25,0.4330127018922193,4
243,92,3.0,2.160246899469287,3
243,93,1.0,0.0,3
243,94,1.5,0.8660254037844386,4
243,95,2.3333333333333335,1.8856180831641267,3
243,96,1.0,0.0,3
243,97,1.0,0.0,2
243,98,1.0,0.0,1
243,99,1.0,0.0,3
243,100,1.0,0.0,1
243,101,1.0,0.0,2
243,102,1.0,0.0,4
243,103,1.5,0.5,2
243,104,2.5,0.5,2
243,105,1.0,0.0,5
243,106,1.2,0.4,5
243,107,1.6,0.8,5
243,108,1.7142857142857142,0.6998542122237652,7
243,109,1.1666666666666667,0.3726779962499649,6
243,110,1.4,0.8,5
243,111,3.2,3.4871191548325386,5
243,112,1.5,0.5,4
243,113,1.6666666666666667,0.7453559924999299,6
243,114,2.1666666666666665,1.2133516482134197,6
243,115,1.0,0.0,4
243,116,1.0,0.0,3
243,117,1.0,0.0,2
243,118,1.25,0.4330127018922193,4
243,119,1.0,0.0,4
243,120,1.5,0.5,2
243,121,1.2857142857142858,0.45175395145262565,7
243,122,1.0,0.0,1
243,123,2.0,0.0,1
243,124,1.5,0.8660254037844386,4
243,125,1.0,0.0,2
243,126,2.0,1.0,2
243,127,1.0,0.0,3
243,128,1.0,0.0,3
243,129,1.3333333333333333,0.4714045207910317,3
243,130,1.2,0.4000000000000001,5
243,131,1.3333333333333333,0.4714045207910317,6
243,132,1.8333333333333333,0.8975274678557508,6
243,133,1.8333333333333333,1.2133516482134197,6
243,134,2.3333333333333335,0.4714045207910317,3
243,135,1.0,0.0,3
243,136,1.2857142857142858,0.45175395145262565,7
243,137,1.5,0.8660254037844386,4
243,138,1.1666666666666667,0.37267799624996495,6
243,139,2.0,1.0954451150103321,5
243,140,1.0,0.0,2
243,141,1.0,0.0,3
243,142,1.0,0.0,3
243,143,2.0,0.816496580927726,3
243,144,1.5,0.7637626158259734,6
243,145,1.0,0.0,3
243,146,1.0,0.0,3
243,147,1.5,0.5,2
243,148,1.3333333333333333,0.4714045207910317,3
243,149,1.3333333333333333,0.4714045207910317,3
243,150,1.0,0.0,1
243,151,1.0,0.0,3
243,152,1.0,0.0,3
243,153,1.3333333333333333,0.4714045207910317,3
243,154,1.4,0.4898979485566356,5
243,155,1.25,0.4330127018922193,4
243,156,1.4,0.8,5
243,157,1.4,0.4898979485566356,5
243,158,1.4,0.4898979485566356,5
243,159,1.6,0.8,5
243,160,1.5,1.118033988749895,6
243,161,1.6666666666666667,0.9428090415820634,3
243,162,3.75,2.48746859276655,4
243,163,3.5,2.5,2
243,164,1.5,0.8660254037844386,4
243,165,5.666666666666667,6.599663291074443,3
243,166,4.0,4.123105625617661,4
243,167,1.6666666666666667,0.9428090415820634,3
244,0,1.6,0.8,5
244,1,2.75,2.0463381929681126,4
244,2,1.3333333333333333,0.4714045207910317,3
244,3,2.0,0.0,1
244,4,2.6666666666666665,1.699673171197595,3
244,5,1.0,0.0,3
244,6,4.75,1.299038105676658,4
244,7,8.375,6.537153432496441,8
244,8,5.125,1.8328597873268975,8
244,9,3.25,2.436698586202241,8
244,10,3.75,1.713913650100261,8
244,11,5.0,2.32992949004287,7
244,12,5.25,2.1065374432940898,8
244,13,4.875,1.964529205687714,8
244,14,5.857142857142857,2.099562636671296,7
244,15,5.25,2.436698586202241,8
244,16,4.571428571428571,2.1946130708196026,7
244,17,2.875,1.2686114456365274,8
244,18,2.6,1.019803902718557,5
244,19,1.5,0.8660254037844386,4
244,20,2.6666666666666665,1.5986105077709065,6
244,21,2.0,1.224744871391589,4
244,22,1.25,0.4330127018922193,4
244,23,2.6,1.2,5
244,24,1.0,0.0,2
244,25,2.0,0.0,1
244,26,1.0,0.0,4
244,28,1.25,0.4330127018922193,4
244,29,1.3333333333333333,0.4714045207910317,3
244,30,2.4,0.4898979485566356,5
244,31,4.75,2.331844763272204,8
244,32,4.0,2.5495097567963922,8
244,33,3.625,2.1758618981911515,8
244,34,2.857142857142857,1.456862718169367,7
244,35,5.75,2.222048604328897,8
244,36,4.75,2.48746859276655,8
244,37,4.375,2.2878756522153907,8
244,38,3.625,2.341874249399399,8
244,39,4.5,2.23606797749979,8
244,40,3.25,1.479019945774904,8
244,41,3.8333333333333335,1.6749792701868151,6
244,42,3.2857142857142856,2.602981022612657,7
244,43,2.142857142857143,1.2453996981544782,7
244,44,2.2,1.16619037896906,5
244,45,2.0,0.5773502691896257,6
244,46,1.3333333333333333,0.4714045207910317,3
244,47,2.3333333333333335,0.9428090415820634,3
244,48,1.0,0.0,2
244,49,1.3333333333333333,0.4714045207910317,3
244,50,1.0,0.0,1
244,51,3.0,0.0,1
244,52,1.2,0.4000000000000001,5
244,53,1.5,0.5,2
244,54,1.7142857142857142,0.6998542122237652,7
244,55,5.777777777777778,3.5832256659104664,9
244,56,3.0,1.7638342073763937,9
244,57,3.2857142857142856,1.8294640678379568,7
244,58,2.5,1.4142135623730951,8
244,59,4.222222222222222,2.57240820062005,9
244,60,4.25,1.920286436967152,8
244,61,5.444444444444445,1.9499920860871383,9
244,62,4.777777777777778,1.8121673811444545,9
244,63,4.333333333333333,1.1547005383792515,9
244,64,3.6666666666666665,1.632993161855452,9
244,65,3.888888888888889,3.381138678822875,9
244,66,2.25,1.7853571071357126,8
244,67,2.5,1.707825127659933,6
244,68,2.25,1.6393596310755,8
244,69,1.8,1.1661903789690602,5
244,70,2.0,1.4142135623730951,6
244,71,1.1666666666666667,0.3726779962499649,6
244,72,1.8,0.7483314773547883,5
244,73,1.0,0.0,2
244,74,1.0,0.0,1
244,75,1.0,0.0,1
244,76,1.0,0.0,2
244,77,1.0,0.0,3
244,78,1.3333333333333333,0.4714045207910317,6
244,79,6.666666666666667,5.374838498865699,9
244,80,4.75,1.7853571071357126,8
244,81,4.25,2.9895651857753496,8
244,82,3.7777777777777777,1.4740554623801778,9
244,83,3.4444444444444446,1.9499920860871383,9
244,84,5.0,2.345207879911715,8
244,85,4.777777777777778,2.4393887111222385,9
244,86,6.444444444444445,2.7932900199947857,9
244,87,5.444444444444445,3.303570832737446,9
244,88,3.6666666666666665,2.4494897427831783,9
244,89,5.111111111111111,1.9688939051854832,9
244,90,3.888888888888889,3.664982778326809,9
244,91,2.125,1.5360257159305635,8
244,92,3.111111111111111,1.7916128329552332,9
244,93,2.25,1.0897247358851685,4
244,94,2.375,1.5761900266148114,8
244,95,2.7142857142857144,1.385051387833237,7
244,96,1.6,0.8,5
244,97,1.2,0.4,5
244,98,1.25,0.4330127018922193,4
244,99,1.0,0.0,2
244,100,1.2,0.4000000000000001,5
244,101,2.0,0.7071067811865476,4
244,102,1.75,0.82915619758885,8
244,103,4.666666666666667,4.055175020198813,9
244,104,3.888888888888889,1.6629588385661962,9
244,105,4.125,1.2686114456365274,8
244,106,2.25,0.9682458365518543,8
244,107,2.6666666666666665,1.0540925533894598,9
244,108,4.444444444444445,1.7069212773041351,9
244,109,3.888888888888889,2.3306863292670035,9
244,110,5.75,3.112474899497183,8
244,111,6.444444444444445,4.991350543381379,9
244,112,3.7777777777777777,3.189488909868294,9
244,113,5.777777777777778,2.8588178511708016,9
244,114,5.777777777777778,5.652487707545291,9
244,115,2.375,1.4086784586980805,8
244,116,2.2857142857142856,1.0301575072754257,7
244,117,2.375,1.3169567191065923,8
244,118,1.75,0.82915619758885,8
244,119,2.2222222222222223,1.0304020550550783,9
244,120,2.125,1.2686114456365274,8
244,121,2.6666666666666665,1.247219128924647,6
244,122,1.4,0.4898979485566356,5
244,123,1.5,0.5,2
244,124,1.4,0.4898979485566356,5
244,125,1.25,0.4330127018922193,4
244,126,1.0,0.0,4
244,127,1.8333333333333333,1.462494064565354,6
244,128,2.25,1.3919410907075054,8
244,129,2.875,1.4523687548277813,8
244,130,3.111111111111111,1.0999438818457405,9
244,131,2.6666666666666665,1.3333333333333335,9
244,132,3.142857142857143,1.124858267715973,7
244,133,3.25,1.3919410907075054,8
244,134,2.111111111111111,1.1967032904743342,9
244,135,2.3333333333333335,1.3333333333333333,9
244,136,2.625,1.79843682124227,8
244,137,3.75,2.817356917396161,8
244,138,2.3333333333333335,1.7638342073763937,9
244,139,3.857142857142857,4.015276949301485,7
244,140,4.0,3.2145502536643185,6
244,141,2.4,1.2000000000000002,5
244,142,1.8333333333333333,0.8975274678557508,6
244,143,3.2222222222222223,3.675074535231384,9
244,144,3.7142857142857144,2.813959371941744,7
244,145,1.8571428571428572,1.124858267715973,7
244,146,1.0,0.0,2
244,147,1.2857142857142858,0.45175395145262565,7
244,148,1.6,0.4898979485566356,5
244,149,1.0,0.0,6
244,150,2.7142857142857144,1.5779087167410373,7
244,151,1.625,0.9921567416492215,8
244,152,2.5,1.3228756555322954,8
244,153,2.25,1.299038105676658,8
244,154,3.0,1.224744871391589,8
244,155,2.625,1.4947825928876748,8
244,156,2.875,0.9270248108869579,8
244,157,3.0,2.0816659994661326,6
244,158,4.25,2.277608394786075,8
244,159,4.125,2.368411915187052,8
244,160,2.0,1.0690449676496976,7
244,161,3.3333333333333335,1.699673171197595,6
244,162,3.142857142857143,2.587252896610691,7
244,163,4.5,4.0,8
244,164,3.111111111111111,3.034777840832814,9
244,165,3.857142857142857,5.409741779646139,7
244,166,5.428571428571429,9.240549502169273,7
244,167,4.6,6.216108107168021,5
245,49,1.0,0.0,1
245,120,1.0,0.0,1
245,147,1.0,0.0,1
245,167,1.0,0.0,1
246,0,22.375,4.270172713134681,8
246,1,20.375,4.328322423295196,8
246,2,15.375,4.29934588047996,8
246,3,16.5,5.196152422706632,8
246,4,9.75,4.602988159880492,8
246,5,2.0,1.0954451150103321,5
246,6,5.666666666666667,1.7950549357115013,6
246,7,20.0,8.231038816577165,8
246,8,34.0,15.124483462254174,8
246,9,36.625,11.725373128391267,8
246,10,43.625,17.74075463445679,8
246,11,63.0,24.077998255669012,8
246,12,79.875,29.968473017489565,8
246,13,87.125,29.775986549567087,8
246,14,99.625,39.442798772399506,8
246,15,110.5,38.532453853861945,8
246,16,123.25,51.760868423935854,8
246,17,135.375,39.71441016809894,8
246,18,118.875,36.55624946572063,8
246,19,103.5,23.221757039466244,8
246,20,90.0,30.549140740780256,8
246,21,81.125,27.73732818784102,8
246,22,59.0,19.196353820452465,8
246,23,25.75,10.532687216470448,8
246,24,14.0,4.769696007084728,8
246,25,9.0,2.5,8
246,26,8.0,2.138089935299395,7
246,27,4.375,2.057759704144291,8
246,28,2.6,1.019803902718557,5
246,29,1.3333333333333333,0.4714045207910317,3
246,30,4.875,1.899835519196333,8
246,31,23.875,8.92240858737146,8
246,32,41.5,13.793114224133722,8
246,33,50.875,13.851331163465842,8
246,34,61.875,13.251768749868827,8
246,35,75.75,11.808365678619543,8
246,36,86.0,11.61895003862225,8
246,37,98.875,14.039564630001886,8
246,38,105.25,12.132085558550928,8
246,39,117.375,16.461603050735977,8
246,40,140.75,24.747474618635334,8
246,41,161.25,37.559120064240055,8
246,42,184.375,39.71126257121524,8
246,43,145.75,24.422069936841964,8
246,44,144.25,38.74516098818019,8
246,45,127.0,27.870235018743564,8
246,46,76.75,13.016816046944813,8
246,47,40.111111111111114,20.88829786397927,9
246,48,26.77777777777778,11.82067659069177,9
246,49,22.555555555555557,26.238695390633833,9
246,50,20.666666666666668,23.233118124302162,9
246,51,20.22222222222222,21.384198619945614,9
246,52,6.875,8.880280119455692,8
246,53,1.6666666666666667,0.74535599249993,6
246,54,6.0,1.632993161855452,9
246,55,21.11111111111111,9.68899082515184,9
246,56,48.111111111111114,15.9613731269827,9
246,57,47.55555555555556,11.519173495728387,9
246,58,62.333333333333336,11.469767022723502,9
246,59,80.77777777777777,16.362407984820827,9
246,60,95.55555555555556,26.812563850682267,9
246,61,99.44444444444444,22.39598729490576,9
246,62,116.55555555555556,17.851928692012283,9
246,63,122.0,31.598171536410845,9
246,64,136.66666666666666,25.78974817851293,9
246,65,183.33333333333334,47.14987922689846,9
246,66,189.11111111111111,54.11396296386285,9
246,67,151.88888888888889,44.275512279976176,9
246,68,132.11111111111111,32.69537665054476,9
246,69,135.11111111111111,40.36897721007623,9
246,70,97.44444444444444,31.4823093573063,9
246,71,61.44444444444444,13.508113702603675,9
246,72,41.22222222222222,12.778260860433393,9
246,73,52.22222222222222,22.349634736154105,9
246,74,59.111111111111114,24.924082260801697,9
246,75,66.0,35.03014574778574,9
246,76,18.444444444444443,14.024669622657473,9
246,77,2.25,1.1989578808281798,8
246,78,5.222222222222222,3.224137361899313,9
246,79,23.444444444444443,10.100727268767566,9
246,80,45.77777777777778,19.36651048576025,9
246,81,49.888888888888886,17.16873414374995,9
246,82,61.0,22.6960593740656,9
246,83,90.77777777777777,29.671451965288032,9
246,84,100.44444444444444,33.980749815516006,9
246,85,104.44444444444444,35.049524045305795,9
246,86,122.55555555555556,28.80629217958817,9
246,87,120.88888888888889,25.348436043995754,9
246,88,133.88888888888889,31.729567159020075,9
246,89,168.11111111111111,51.004236086480425,9
246,90,200.44444444444446,78.54950471745843,9
246,91,178.33333333333334,74.01801582497782,9
246,92,158.0,59.14577095805094,9
246,93,138.33333333333334,57.08862505886011,9
246,94,102.66666666666667,40.3043973338449,9
246,95,70.11111111111111,28.9230567173759,9
246,96,45.22222222222222,24.715167532769012,9
246,97,32.888888888888886,11.039770976332642,9
246,98,33.111111111111114,13.194649121219507,9
246,99,31.555555555555557,10.925109825139426,9
246,100,11.777777777777779,5.769224438109853,9
246,101,2.5555555555555554,0.6849348892187751,9
246,102,5.0,1.632993161855452,9
246,103,15.88888888888889,6.951329919829801,9
246,104,28.333333333333332,14.015864027752427,9
246,105,38.888888888888886,7.780951733338487,9
246,106,59.77777777777778,9.941805981452239,9
246,107,76.22222222222223,20.5792656049604,9
246,108,87.11111111111111,23.216107647945375,9
246,109,95.11111111111111,17.741629916632956,9
246,110,118.22222222222223,28.54150108089302,9
246,111,129.33333333333334,17.410086476267463,9
246,112,150.77777777777777,26.632385372273436,9
246,113,179.11111111111111,41.412409424241275,9
246,114,193.0,50.40502620440412,9
246,115,161.44444444444446,36.7698883783732,9
246,116,142.44444444444446,26.013291949015052,9
246,117,121.88888888888889,19.85751715734676,9
246,118,94.11111111111111,21.05255035721824,9
246,119,82.22222222222223,23.53143419049779,9
246,120,59.44444444444444,17.429930267668958,9
246,121,66.22222222222223,20.115100893374045,9
246,122,77.22222222222223,14.53560974356714,9
246,123,96.77777777777777,7.9690760342404925,9
246,124,50.666666666666664,5.754225500544023,9
246,125,3.0,1.8708286933869707,8
246,126,3.375,1.79843682124227,8
246,127,5.222222222222222,2.3934065809486684,9
246,128,14.333333333333334,2.494438257849294,9
246,129,31.88888888888889,10.692099309972807,9
246,130,56.44444444444444,23.940254853888582,9
246,131,88.33333333333333,29.56724914871558,9
246,132,123.0,42.57542327055207,9
246,133,133.44444444444446,39.81655465621502,9
246,134,157.66666666666666,47.445875596421565,9
246,135,176.22222222222223,39.406084633884134,9
246,136,161.11111111111111,25.435952003433794,9
246,137,155.33333333333334,29.166190472303143,9
246,138,154.66666666666666,29.173808649388086,9
246,139,138.44444444444446,35.76500807310318,9
246,140,118.33333333333333,18.37873166945363,9
246,141,119.44444444444444,20.039467231280884,9
246,142,93.11111111111111,20.636776473322488,9
246,143,78.22222222222223,26.757253545234246,9
246,144,63.111111111111114,20.856357647513327,9
246,145,80.77777777777777,31.734235903753248,9
246,146,91.88888888888889,25.51445971054429,9
246,147,105.11111111111111,22.859204051684372,9
246,148,56.44444444444444,23.702372647813185,9
246,149,2.7777777777777777,1.6850834320114558,9
246,150,3.4444444444444446,1.8921540406584891,9
246,151,4.888888888888889,2.23330569358242,9
246,152,12.666666666666666,3.8297084310253524,9
246,153,26.0,5.981452814975453,9
246,154,43.44444444444444,8.719213918583756,9
246,155,68.0,15.570627618835552,9
246,156,96.44444444444444,14.788216864270394,9
246,157,110.33333333333333,25.573423705088842,9
246,158,124.0,23.640830968662858,9
246,159,125.55555555555556,30.43430488084535,9
246,160,138.66666666666666,40.389767681101276,9
246,161,131.44444444444446,28.08760545591086,9
246,162,109.55555555555556,17.525290367612623,9
246,163,84.88888888888889,17.25266127261688,9
246,164,69.55555555555556,18.129847159441013,9
246,165,65.33333333333333,13.490737563232042,9
246,166,50.888888888888886,7.922463764433728,9
246,167,37.22222222222222,13.045031219057043,9
247,0,2.3333333333333335,1.8856180831641267,3
247,1,1.0,0.0,1
247,2,1.0,0.0,1
247,5,1.0,0.0,1
247,6,1.0,0.0,3
247,7,1.8,0.9797958971132713,5
247,8,2.3333333333333335,0.9428090415820634,3
247,9,1.5,0.5,2
247,10,1.0,0.0,3
247,11,1.0,0.0,3
247,12,1.6666666666666667,0.9428090415820634,3
247,13,1.0,0.0,3
247,14,1.2,0.4000000000000001,5
247,15,1.0,0.0,1
247,16,1.0,0.0,5
247,17,1.0,0.0,1
247,18,1.0,0.0,2
247,19,1.0,0.0,1
247,20,1.0,0.0,2
247,21,1.0,0.0,3
247,22,1.0,0.0,3
247,23,1.0,0.0,1
247,24,1.0,0.0,1
247,25,1.0,0.0,1
247,28,1.0,0.0,1
247,29,1.0,0.0,1
247,30,1.0,0.0,4
247,31,1.0,0.0,6
247,32,1.25,0.4330127018922193,4
247,33,1.0,0.0,3
247,34,1.0,0.0,2
247,35,1.1666666666666667,0.3726779962499649,6
247,36,1.6666666666666667,0.4714045207910317,3
247,37,1.0,0.0,3
247,38,1.5,0.5,4
247,39,1.5,0.5,2
247,40,1.25,0.4330127018922193,4
247,41,2.0,1.0,4
247,42,1.0,0.0,2
247,45,1.0,0.0,4
247,48,1.0,0.0,2
247,51,1.0,0.0,1
247,53,1.0,0.0,3
247,54,1.0,0.0,1
247,55,1.0,0.0,5
247,57,1.5,0.7637626158259734,6
247,58,1.4,0.8,5
247,59,1.3333333333333333,0.4714045207910317,3
247,60,1.0,0.0,4
247,61,1.6666666666666667,0.4714045207910317,3
247,62,1.4,0.8,5
247,63,1.0,0.0,6
247,64,1.3333333333333333,0.7453559924999299,6
247,65,1.0,0.0,1
247,66,1.0,0.0,2
247,68,1.0,0.0,1
247,69,1.1428571428571428,0.3499271061118826,7
247,71,1.0,0.0,1
247,72,2.0,0.0,1
247,73,2.0,0.0,1
247,76,1.0,0.0,2
247,78,1.0,0.0,4
247,79,2.0,1.0,2
247,80,1.1666666666666667,0.37267799624996495,6
247,81,1.5714285714285714,0.7284313590846835,7
247,82,1.4,0.8,5
247,83,1.0,0.0,1
247,84,1.3333333333333333,0.4714045207910317,6
247,85,1.0,0.0,1
247,86,1.0,0.0,3
247,87,1.0,0.0,3
247,88,1.2857142857142858,0.45175395145262565,7
247,89,1.25,0.4330127018922193,4
247,90,1.0,0.0,2
247,91,1.0,0.0,1
247,92,1.0,0.0,3
247,93,1.4,0.8,5
247,94,1.0,0.0,1
247,95,1.5,0.5,2
247,97,1.0,0.0,1
247,98,1.0,0.0,2
247,100,1.0,0.0,1
247,101,1.5,0.5,2
247,102,1.0,0.0,2
247,103,1.25,0.4330127018922193,4
247,104,1.0,0.0,1
247,105,1.5,0.8660254037844386,4
247,106,1.3333333333333333,0.4714045207910317,6
247,107,1.5,0.8660254037844386,4
247,108,1.3333333333333333,0.4714045207910317,6
247,109,1.0,0.0,4
247,110,2.0,0.7071067811865476,4
247,111,1.0,0.0,4
247,112,1.5,0.5,6
247,113,1.7142857142857142,1.0301575072754254,7
247,114,1.5,0.8660254037844386,4
247,115,1.0,0.0,2
247,116,1.0,0.0,2
247,118,1.0,0.0,2
247,120,1.0,0.0,2
247,121,1.0,0.0,2
247,123,2.0,0.0,1
247,126,1.0,0.0,1
247,127,1.2,0.4000000000000001,5
247,128,1.0,0.0,3
247,129,1.5,0.7637626158259734,6
247,130,1.5,0.7637626158259734,6
247,131,1.3333333333333333,0.4714045207910317,3
247,132,1.0,0.0,5
247,133,1.4,0.8,5
247,134,1.4,0.8000000000000002,5
247,135,1.0,0.0,1
247,137,1.5,0.8660254037844386,4
247,138,1.0,0.0,3
247,139,1.0,0.0,3
247,140,1.0,0.0,1
247,141,1.0,0.0,2
247,142,1.0,0.0,1
247,143,1.0,0.0,1
247,144,1.0,0.0,1
247,145,1.0,0.0,1
247,146,1.0,0.0,1
247,148,1.0,0.0,2
247,149,1.0,0.0,3
247,150,1.0,0.0,1
247,151,1.0,0.0,2
247,152,1.25,0.4330127018922193,4
247,153,1.2,0.4000000000000001,5
247,154,1.4,0.8000000000000002,5
247,155,1.0,0.0,2
247,156,2.0,0.0,1
247,157,1.25,0.4330127018922193,4
247,158,1.0,0.0,5
247,159,1.0,0.0,4
247,160,1.2,0.4,5
247,161,1.2,0.4000000000000001,5
247,162,1.3333333333333333,0.4714045207910317,3
247,163,1.6666666666666667,0.9428090415820634,3
247,164,1.0,0.0,2
247,165,1.3333333333333333,0.4714045207910317,3
247,166,1.6666666666666667,0.9428090415820634,3
248,0,1.0,0.0,1
248,1,1.0,0.0,1
248,3,1.0,0.0,1
248,6,1.25,0.4330127018922193,4
248,8,1.2,0.4000000000000001,5
248,9,1.6666666666666667,0.4714045207910317,3
248,11,1.0,0.0,2
248,12,1.0,0.0,2
248,13,1.0,0.0,3
248,14,1.0,0.0,6
248,15,1.0,0.0,1
248,17,1.0,0.0,1
248,18,2.0,0.0,1
248,20,1.0,0.0,1
248,27,1.0,0.0,1
248,29,1.0,0.0,4
248,30,1.5,0.5,2
248,32,1.3333333333333333,0.4714045207910317,3
248,33,1.0,0.0,1
248,34,1.5,0.5,2
248,35,1.0,0.0,1
248,37,1.5,0.5,2
248,38,1.0,0.0,2
248,40,1.0,0.0,1
248,41,1.0,0.0,1
248,46,1.0,0.0,1
248,52,1.0,0.0,1
248,53,1.0,0.0,2
248,54,1.0,0.0,4
248,55,1.0,0.0,2
248,56,1.3333333333333333,0.4714045207910317,3
248,57,1.0,0.0,2
248,59,1.0,0.0,2
248,60,1.5,0.5,2
248,61,1.3333333333333333,0.4714045207910317,6
248,62,1.0,0.0,3
248,63,1.0,0.0,1
248,64,1.0,0.0,1
248,65,1.0,0.0,3
248,66,1.0,0.0,1
248,67,1.0,0.0,1
248,70,1.0,0.0,1
248,74,1.0,0.0,1
248,78,1.0,0.0,1
248,79,1.0,0.0,2
248,80,2.25,1.299038105676658,4
248,81,1.0,0.0,2
248,82,1.0,0.0,1
248,83,1.0,0.0,2
248,84,1.0,0.0,3
248,85,1.0,0.0,3
248,86,1.25,0.4330127018922193,4
248,87,1.0,0.0,3
248,89,1.0,0.0,2
248,90,1.0,0.0,2
248,94,1.0,0.0,1
248,99,1.0,0.0,1
248,101,1.25,0.4330127018922193,4
248,102,1.75,0.82915619758885,4
248,103,1.0,0.0,2
248,104,1.0,0.0,1
248,105,1.0,0.0,2
248,106,1.0,0.0,2
248,107,1.0,0.0,3
248,108,1.0,0.0,2
248,109,1.0,0.0,2
248,110,1.0,0.0,3
248,111,1.0,0.0,1
248,112,1.5,0.5,2
248,113,1.0,0.0,2
248,117,1.0,0.0,1
248,119,1.0,0.0,1
248,124,1.0,0.0,1
248,125,1.0,0.0,1
248,126,1.0,0.0,1
248,128,1.0,0.0,3
248,129,1.4,0.4898979485566356,5
248,130,1.0,0.0,2
248,133,1.0,0.0,1
248,135,1.0,0.0,1
248,137,1.0,0.0,1
248,138,1.0,0.0,1
248,140,1.0,0.0,1
248,141,1.0,0.0,1
248,142,1.0,0.0,1
248,143,1.0,0.0,1
248,145,1.0,0.0,1
248,150,1.5,0.5,2
248,152,1.0,0.0,3
248,153,1.0,0.0,1
248,155,1.0,0.0,1
248,156,1.0,0.0,1
248,157,1.0,0.0,1
248,158,1.5,0.5,2
248,159,1.0,0.0,4
248,160,1.0,0.0,1
248,161,1.0,0.0,2
248,162,1.0,0.0,1
248,164,1.5,0.5,2
248,165,4.0,0.0,1
248,166,1.0,0.0,1
248,167,1.0,0.0,2
249,0,46.625,12.78610085209717,8
249,1,28.625,5.170529469986609,8
249,2,19.0,4.330127018922194,8
249,3,12.75,3.897114317029974,8
249,4,8.375,3.2379584617471546,8
249,5,5.75,3.3819373146171707,8
249,6,23.25,9.377499666755526,8
249,7,44.75,19.549616364522347,8
249,8,63.0,22.561028345356956,8
249,9,48.875,17.431562609244185,8
249,10,51.25,17.419457511644843,8
249,11,50.25,10.29259442511945,8
249,12,59.875,14.869746971619927,8
249,13,66.0,11.958260743101398,8
249,14,70.0,11.757976016304847,8
249,15,65.25,14.236836024903848,8
249,16,58.875,9.942805187672139,8
249,17,73.25,13.292385038058445,8
249,18,85.375,24.23807696579908,8
249,19,91.875,22.351943427809584,8
249,20,121.0,31.77262973063451,8
249,21,132.75,39.921015768639954,8
249,22,133.125,39.20917462788525,8
249,23,90.25,25.640544065990486,8
249,24,49.875,15.276104706370665,8
249,25,28.875,7.671986379028576,8
249,26,17.125,6.233728819895841,8
249,27,10.0,3.24037034920393,8
249,28,8.5,4.301162633521313,8
249,29,6.875,2.9341736485763756,8
249,30,18.0,5.172040216394301,8
249,31,46.75,14.745762103058627,8
249,32,67.25,17.297037318569906,8
249,33,67.625,21.77692299201152,8
249,34,63.75,12.447389284504602,8
249,35,57.625,11.235407202233482,8
249,36,66.875,16.189792308735772,8
249,37,79.125,16.526021148479753,8
249,38,72.55555555555556,29.721339550756422,9
249,39,82.75,14.677789343085696,8
249,40,79.125,13.37383172467786,8
249,41,86.875,16.66161381739476,8
249,42,111.875,27.03441094235271,8
249,43,117.125,23.81405834795909,8
249,44,143.875,32.78886053219904,8
249,45,203.0,43.171170936169894,8
249,46,210.75,54.97669960992566,8
249,47,156.88888888888889,79.46130357244398,9
249,48,103.11111111111111,42.209647250215845,9
249,49,66.88888888888889,37.31083978460012,9
249,50,38.0,25.901522906749882,9
249,51,16.444444444444443,11.235965182406312,9
249,52,11.222222222222221,7.067575063906333,9
249,53,7.375,3.3888604279314896,8
249,54,20.333333333333332,6.815016100086957,9
249,55,51.44444444444444,17.23118046585647,9
249,56,80.33333333333333,26.386023236217735,9
249,57,74.55555555555556,18.27026187923431,9
249,58,62.666666666666664,11.469767022723502,9
249,59,63.888888888888886,10.170157263554586,9
249,60,77.11111111111111,8.30588070712478,9
249,61,74.77777777777777,10.57016532802247,9
249,62,86.0,13.5400640077266,9
249,63,85.55555555555556,13.174985651361457,9
249,64,78.44444444444444,12.988123729957739,9
249,65,96.55555555555556,20.49992472133122,9
249,66,114.77777777777777,17.680986509542315,9
249,67,130.22222222222223,29.92129593813216,9
249,68,158.66666666666666,34.74030640177039,9
249,69,228.55555555555554,68.56644970166793,9
249,70,233.33333333333334,62.563745270102096,9
249,71,203.33333333333334,48.28848493976362,9
249,72,144.77777777777777,58.36052276397077,9
249,73,83.33333333333333,35.12517299285197,9
249,74,42.111111111111114,11.239260992357147,9
249,75,22.88888888888889,8.14376986747053,9
249,76,14.666666666666666,4.737556801183965,9
249,77,7.222222222222222,3.424674446093876,9
249,78,20.555555555555557,6.993824436380541,9
249,79,47.888888888888886,20.052400490517307,9
249,80,72.66666666666667,28.233156237146265,9
249,81,71.88888888888889,23.287786233438357,9
249,82,66.11111111111111,17.947110225105845,9
249,83,64.33333333333333,12.849556844930921,9
249,84,68.77777777777777,15.36791591290676,9
249,85,68.44444444444444,14.667508393354877,9
249,86,82.55555555555556,15.254224268204903,9
249,87,85.0,12.31981240838422,9
249,88,81.22222222222223,15.046430198834374,9
249,89,101.44444444444444,16.905693394114376,9
249,90,131.88888888888889,27.774666492424927,9
249,91,137.33333333333334,35.175749222061114,9
249,92,171.44444444444446,50.97300181056877,9
249,93,221.66666666666666,61.719796932048745,9
249,94,236.22222222222223,81.71464954717291,9
249,95,255.66666666666666,96.35351576356723,9
249,96,218.44444444444446,83.14126012878606,9
249,97,152.0,62.95324543747615,9
249,98,87.11111111111111,38.07140789050796,9
249,99,53.666666666666664,20.639767440550294,9
249,100,20.77777777777778,7.856742013183861,9
249,101,6.888888888888889,3.1426968052735447,9
249,102,17.666666666666668,10.154364141151877,9
249,103,38.0,16.57307052620807,9
249,104,55.666666666666664,21.7511174681006,9
249,105,54.22222222222222,19.182038924054726,9
249,106,60.666666666666664,12.692955176439847,9
249,107,58.111111111111114,11.367052236319225,9
249,108,74.55555555555556,15.628400864459769,9
249,109,74.0,11.709445380166864,9
249,110,89.22222222222223,13.990296460823423,9
249,111,96.88888888888889,21.76360082770437,9
249,112,99.55555555555556,16.310263374882233,9
249,113,114.11111111111111,16.84204028577459,9
249,114,154.22222222222223,30.575145235515063,9
249,115,161.55555555555554,43.35925150827704,9
249,116,180.66666666666666,45.085104709500975,9
249,117,214.66666666666666,51.14901975817545,9
249,118,268.0,71.94287857583805,9
249,119,339.1111111111111,111.58200217721739,9
249,120,378.0,160.28793536078197,9
249,121,386.55555555555554,175.5854404943082,9
249,122,284.44444444444446,125.82449073664398,9
249,123,171.88888888888889,72.48822807791996,9
249,124,56.333333333333336,16.686654681045102,9
249,125,12.777777777777779,7.75711541142536,9
249,126,8.222222222222221,4.637474834379824,9
249,127,13.88888888888889,5.173531878587918,9
249,128,24.22222222222222,9.669858987570924,9
249,129,41.55555555555556,8.18007214191376,9
249,130,58.55555555555556,14.629582747229145,9
249,131,76.11111111111111,11.948448941128946,9
249,132,93.0,15.698549119088822,9
249,133,105.22222222222223,19.57196281406292,9
249,134,113.66666666666667,26.05549632781707,9
249,135,135.33333333333334,29.032548783888902,9
249,136,141.88888888888889,34.95535070929594,9
249,137,146.44444444444446,49.81769233049442,9
249,138,192.22222222222223,62.99872622659,9
249,139,213.55555555555554,74.28639939990677,9
249,140,221.66666666666666,69.8060806011116,9
249,141,259.22222222222223,81.32756506564164,9
249,142,306.6666666666667,96.46415569180779,9
249,143,334.3333333333333,108.24765842989656,9
249,144,333.0,140.59397805975428,9
249,145,376.44444444444446,187.74989931117946,9
249,146,252.11111111111111,124.41815198438641,9
249,147,161.77777777777777,78.93285160013158,9
249,148,58.333333333333336,25.612496949731394,9
249,149,11.666666666666666,6.831300510639732,9
249,150,7.777777777777778,4.15739709641549,9
249,151,9.222222222222221,5.370242654930921,9
249,152,17.555555555555557,6.584681062235134,9
249,153,32.111111111111114,10.148283318915947,9
249,154,49.333333333333336,14.2828568570857,9
249,155,66.77777777777777,21.61161096251415,9
249,156,86.66666666666667,22.055485586231026,9
249,157,97.0,24.26245384677046,9
249,158,104.0,18.29996964174774,9
249,159,105.88888888888889,20.17393502321715,9
249,160,101.55555555555556,27.665104819815124,9
249,161,107.0,30.133038346638727,9
249,162,112.33333333333333,31.503086268561763,9
249,163,122.22222222222223,41.77925529302199,9
249,164,123.44444444444444,32.8231324631175,9
249,165,131.55555555555554,22.8332657473993,9
249,166,114.66666666666667,19.75966711370524,9
249,167,90.0,24.55832060852515,9
250,0,1.0,0.0,1
250,4,1.0,0.0,3
250,6,1.0,0.0,1
250,7,1.0,0.0,3
250,8,1.0,0.0,2
250,9,1.5,0.5,2
250,10,1.0,0.0,1
250,11,1.0,0.0,3
250,12,1.0,0.0,1
250,13,1.0,0.0,1
250,14,1.2,0.4,5
250,15,1.0,0.0,2
250,16,1.3333333333333333,0.4714045207910317,3
250,17,1.0,0.0,1
250,18,1.0,0.0,1
250,19,1.0,0.0,1
250,28,1.0,0.0,2
250,29,1.0,0.0,3
250,31,1.0,0.0,2
250,32,1.0,0.0,4
250,33,2.0,0.0,1
250,34,1.0,0.0,3
250,35,1.0,0.0,2
250,36,1.5,0.8660254037844386,4
250,37,1.0,0.0,5
250,39,1.0,0.0,2
250,40,1.0,0.0,1
250,41,1.0,0.0,1
250,42,1.0,0.0,2
250,45,1.0,0.0,1
250,52,1.0,0.0,1
250,53,1.0,0.0,2
250,54,1.0,0.0,1
250,55,1.0,0.0,2
250,56,2.0,0.0,1
250,57,1.0,0.0,5
250,58,1.0,0.0,2
250,59,1.0,0.0,1
250,61,1.5,0.5,2
250,62,1.0,0.0,3
250,63,1.0,0.0,3
250,64,1.3333333333333333,0.4714045207910317,3
250,66,2.0,0.0,1
250,71,1.0,0.0,1
250,72,1.0,0.0,1
250,76,1.0,0.0,3
250,77,1.0,0.0,2
250,78,1.0,0.0,2
250,79,1.0,0.0,3
250,80,1.5,0.5,2
250,81,1.0,0.0,2
250,82,1.0,0.0,1
250,83,1.0,0.0,3
250,84,1.0,0.0,2
250,85,1.0,0.0,2
250,86,1.0,0.0,2
250,87,1.0,0.0,4
250,88,1.0,0.0,1
250,89,1.25,0.4330127018922193,4
250,90,1.0,0.0,1
250,91,1.0,0.0,1
250,96,1.0,0.0,1
250,100,1.0,0.0,4
250,101,1.0,0.0,4
250,102,1.5,0.5,2
250,103,1.0,0.0,1
250,105,1.0,0.0,2
250,106,1.5,0.5,2
250,107,1.0,0.0,1
250,108,1.0,0.0,2
250,110,1.0,0.0,2
250,111,1.0,0.0,1
250,112,1.0,0.0,1
250,113,1.0,0.0,3
250,114,1.0,0.0,3
250,115,1.0,0.0,3
250,116,1.0,0.0,1
250,118,1.0,0.0,1
250,126,1.0,0.0,1
250,128,1.0,0.0,2
250,129,1.0,0.0,1
250,133,1.0,0.0,2
250,134,1.0,0.0,1
250,135,1.0,0.0,1
250,136,1.0,0.0,1
250,137,1.0,0.0,2
250,139,1.0,0.0,1
250,142,1.0,0.0,1
250,149,1.0,0.0,1
250,150,1.0,0.0,1
250,151,1.0,0.0,2
250,152,1.0,0.0,3
250,154,1.0,0.0,1
250,155,1.0,0.0,2
250,158,1.0,0.0,2
250,159,1.0,0.0,1
250,162,1.0,0.0,1
250,165,1.0,0.0,2
250,166,1.0,0.0,1
250,167,1.0,0.0,2
251,126,2.0,0.0,1
252,1,1.0,0.0,1
252,7,1.0,0.0,2
252,8,1.0,0.0,1
252,12,1.0,0.0,1
252,13,1.0,0.0,1
252,14,1.0,0.0,1
252,18,1.0,0.0,1
252,19,1.0,0.0,1
252,30,1.0,0.0,1
252,31,1.0,0.0,1
252,32,1.0,0.0,2
252,33,1.0,0.0,2
252,35,1.0,0.0,2
252,36,1.3333333333333333,0.4714045207910317,3
252,37,1.0,0.0,1
252,40,1.0,0.0,2
252,47,1.0,0.0,1
252,53,1.0,0.0,1
252,56,1.0,0.0,1
252,58,1.0,0.0,1
252,60,1.0,0.0,1
252,61,2.0,0.0,1
252,62,1.0,0.0,1
252,63,1.0,0.0,2
252,64,1.0,0.0,1
252,65,1.0,0.0,2
252,66,1.0,0.0,1
252,67,1.0,0.0,1
252,68,1.0,0.0,1
252,69,1.5,0.5,2
252,77,1.0,0.0,1
252,79,1.0,0.0,3
252,80,2.0,0.0,1
252,85,1.0,0.0,1
252,86,1.0,0.0,3
252,87,1.0,0.0,1
252,88,1.0,0.0,1
252,90,1.0,0.0,1
252,91,1.0,0.0,1
252,102,1.0,0.0,1
252,104,1.0,0.0,2
252,106,1.0,0.0,1
252,108,1.0,0.0,4
252,109,1.0,0.0,2
252,115,1.0,0.0,1
252,120,1.0,0.0,1
252,127,1.0,0.0,1
252,129,2.0,0.0,2
252,131,1.0,0.0,1
252,134,1.0,0.0,1
252,136,1.0,0.0,1
252,137,2.0,0.0,1
252,138,1.0,0.0,1
252,139,1.5,0.5,2
252,140,1.0,0.0,1
252,141,1.0,0.0,1
252,143,1.0,0.0,1
252,152,1.0,0.0,1
252,154,1.0,0.0,2
252,159,1.0,0.0,2
252,161,1.0,0.0,1
252,165,1.5,0.5,2
253,13,1.0,0.0,1
253,36,1.0,0.0,1
253,55,1.0,0.0,1
253,64,1.0,0.0,1
253,84,1.0,0.0,1
253,90,1.0,0.0,1
254,1,1.0,0.0,1
254,4,1.1666666666666667,0.3726779962499649,6
254,5,2.0,0.816496580927726,3
254,6,1.3333333333333333,0.4714045207910317,3
254,7,1.5,0.8660254037844386,4
254,8,1.3333333333333333,0.4714045207910317,3
254,9,1.0,0.0,1
254,10,1.0,0.0,3
254,11,1.0,0.0,2
254,12,1.75,0.82915619758885,4
254,13,1.6,0.8,5
254,15,1.3333333333333333,0.4714045207910317,3
254,16,1.0,0.0,3
254,17,1.0,0.0,1
254,20,1.0,0.0,1
254,21,1.0,0.0,2
254,23,1.0,0.0,2
254,24,1.0,0.0,1
254,26,1.0,0.0,1
254,28,1.6666666666666667,0.4714045207910317,3
254,29,1.25,0.4330127018922193,4
254,30,1.3333333333333333,0.4714045207910317,3
254,31,2.0,0.0,2
254,32,1.1666666666666667,0.3726779962499649,6
254,33,1.5,0.5,4
254,34,1.6,0.8,5
254,35,1.0,0.0,1
254,36,1.0,0.0,3
254,38,1.3333333333333333,0.4714045207910317,3
254,39,1.0,0.0,5
254,40,1.0,0.0,1
254,42,1.0,0.0,2
254,43,2.0,0.0,1
254,52,1.5714285714285714,0.4948716593053935,7
254,53,1.0,0.0,2
254,54,1.25,0.4330127018922193,4
254,55,1.0,0.0,1
254,56,1.0,0.0,6
254,57,1.3333333333333333,0.74535599249993,6
254,58,1.0,0.0,2
254,59,1.8,0.7483314773547883,5
254,60,1.1666666666666667,0.3726779962499649,6
254,61,1.0,0.0,3
254,62,2.0,0.0,2
254,63,1.6,0.8,5
254,64,1.0,0.0,1
254,65,1.0,0.0,1
254,66,1.0,0.0,1
254,76,1.0,0.0,3
254,77,1.0,0.0,5
254,78,1.6666666666666667,0.9428090415820634,3
254,79,2.0,0.7071067811865476,4
254,80,1.8,1.1661903789690602,5
254,81,1.5,1.118033988749895,6
254,82,1.75,0.82915619758885,4
254,83,1.0,0.0,5
254,84,1.25,0.4330127018922193,4
254,85,1.2,0.4000000000000001,5
254,86,1.0,0.0,4
254,87,3.0,0.0,1
254,88,1.0,0.0,1
254,89,1.0,0.0,2
254,90,1.0,0.0,2
254,91,1.6666666666666667,0.9428090415820634,3
254,94,1.0,0.0,2
254,100,1.25,0.4330127018922193,4
254,101,1.2,0.4,5
254,102,1.2,0.4,5
254,103,1.2,0.4,5
254,104,1.5,0.8660254037844386,4
254,105,2.25,1.0897247358851685,4
254,106,1.0,0.0,4
254,107,1.4,0.8000000000000002,5
254,108,1.3333333333333333,0.4714045207910317,3
254,109,1.0,0.0,2
254,110,1.0,0.0,3
254,111,2.0,0.0,1
254,115,2.0,0.0,2
254,116,1.0,0.0,3
254,120,1.0,0.0,1
254,125,1.0,0.0,1
254,126,1.0,0.0,1
254,127,1.25,0.4330127018922193,4
254,128,1.1666666666666667,0.3726779962499649,6
254,129,1.0,0.0,3
254,130,1.4,0.4898979485566356,5
254,131,1.6666666666666667,0.4714045207910317,3
254,132,1.2,0.4000000000000001,5
254,133,1.0,0.0,3
254,134,1.0,0.0,4
254,135,1.0,0.0,4
254,136,1.0,0.0,2
254,137,1.0,0.0,1
254,138,1.5,0.5,2
254,139,1.0,0.0,1
254,140,1.5,0.5,2
254,141,1.0,0.0,3
254,142,1.0,0.0,2
254,143,1.0,0.0,2
254,149,1.0,0.0,2
254,150,1.5,0.5,2
254,151,1.0,0.0,2
254,152,1.5,0.5,2
254,153,1.0,0.0,4
254,154,1.0,0.0,2
254,155,1.3333333333333333,0.4714045207910317,3
254,156,1.3333333333333333,0.4714045207910317,3
254,157,1.0,0.0,1
254,158,1.6666666666666667,0.9428090415820634,3
254,159,1.0,0.0,1
254,160,1.5,0.5,4
254,161,1.6666666666666667,0.9428090415820634,3
254,162,1.0,0.0,2
254,163,1.0,0.0,2
254,165,1.5,0.5,2
254,166,1.0,0.0,1
254,167,1.0,0.0,2
255,0,2.3333333333333335,1.247219128924647,3
255,1,1.0,0.0,1
255,2,1.0,0.0,1
255,4,1.0,0.0,2
255,6,1.0,0.0,1
255,7,2.0,0.0,1
255,8,2.0,1.4142135623730951,3
255,9,1.0,0.0,3
255,10,1.0,0.0,3
255,11,1.0,0.0,2
255,12,1.0,0.0,2
255,13,1.0,0.0,5
255,14,1.75,0.82915619758885,4
255,15,1.6666666666666667,0.4714045207910317,3
255,16,1.5,0.5,2
255,17,1.25,0.4330127018922193,4
255,18,1.0,0.0,3
255,19,1.5,0.5,2
255,20,1.6,0.4898979485566356,5
255,21,1.25,0.4330127018922193,4
255,22,1.6,0.8,5
255,23,3.6666666666666665,1.7950549357115013,6
255,24,1.8,0.9797958971132713,5
255,25,1.6666666666666667,0.9428090415820634,3
255,26,1.0,0.0,2
255,27,1.5,0.5,2
255,28,1.0,0.0,2
255,30,1.0,0.0,1
255,31,1.0,0.0,2
255,32,1.0,0.0,1
255,33,1.3333333333333333,0.4714045207910317,3
255,35,1.0,0.0,3
255,36,1.3333333333333333,0.4714045207910317,3
255,37,1.0,0.0,3
255,38,1.0,0.0,2
255,39,1.6,0.8,5
255,40,2.5,0.5,2
255,41,2.8,1.8330302779823362,5
255,42,1.8333333333333333,1.462494064565354,6
255,43,1.4,0.4898979485566356,5
255,44,1.3333333333333333,0.4714045207910317,3
255,45,2.5,0.5,4
255,46,4.5,5.188127472091127,6
255,47,3.3333333333333335,3.496029493900505,6
255,48,1.8571428571428572,0.8329931278350429,7
255,49,1.5,0.8660254037844386,4
255,50,1.0,0.0,3
255,51,1.0,0.0,1
255,52,1.0,0.0,4
255,53,1.0,0.0,2
255,55,1.5,0.5,2
255,56,1.5,0.5,4
255,57,1.6666666666666667,0.9428090415820634,3
255,58,1.0,0.0,4
255,59,1.0,0.0,2
255,60,1.0,0.0,3
255,61,1.0,0.0,4
255,62,1.1666666666666667,0.3726779962499649,6
255,63,2.5,1.5,2
255,64,1.75,0.82915619758885,4
255,65,1.3333333333333333,0.4714045207910317,3
255,66,1.3333333333333333,0.4714045207910317,6
255,67,1.4,0.4898979485566356,5
255,68,1.0,0.0,5
255,69,2.111111111111111,1.1967032904743342,9
255,70,4.777777777777778,3.614101326064576,9
255,71,4.5,2.179449471770337,8
255,72,2.888888888888889,1.9116278371205837,9
255,73,1.75,0.82915619758885,4
255,74,1.6,0.8,5
255,75,1.0,0.0,3
255,76,2.6666666666666665,2.3570226039551585,3
255,78,1.0,0.0,1
255,79,1.0,0.0,5
255,80,2.0,1.0,2
255,81,1.0,0.0,1
255,82,1.0,0.0,1
255,83,1.3333333333333333,0.4714045207910317,3
255,84,1.4,0.4898979485566356,5
255,85,1.2,0.4,5
255,86,1.25,0.4330127018922193,4
255,87,1.4285714285714286,0.7284313590846835,7
255,88,1.3333333333333333,0.4714045207910317,6
255,89,1.3333333333333333,0.4714045207910317,6
255,90,1.8571428571428572,1.3552618543578767,7
255,91,1.1666666666666667,0.3726779962499649,6
255,92,1.5714285714285714,0.7284313590846835,7
255,93,3.2,1.469693845669907,5
255,94,6.285714285714286,7.362342129557215,7
255,95,12.428571428571429,11.80625914936822,7
255,96,4.75,3.152380053229623,8
255,97,3.0,1.2909944487358056,6
255,98,1.4,0.8,5
255,99,1.75,1.299038105676658,4
255,100,1.0,0.0,3
255,101,1.0,0.0,2
255,102,1.0,0.0,3
255,104,1.3333333333333333,0.4714045207910317,3
255,105,2.0,1.0,2
255,106,1.5,0.5,2
255,107,1.0,0.0,3
255,108,1.0,0.0,3
255,109,1.6,0.4898979485566356,5
255,110,2.3333333333333335,0.9428090415820634,3
255,111,2.25,0.82915619758885,4
255,112,1.0,0.0,3
255,113,2.2,0.7483314773547882,5
255,114,2.0,1.4142135623730951,7
255,115,1.8333333333333333,1.0671873729054748,6
255,116,1.6666666666666667,0.4714045207910317,6
255,117,1.6666666666666667,0.4714045207910317,6
255,118,2.4444444444444446,1.4989708403591155,9
255,119,7.333333333333333,5.0990195135927845,9
255,120,14.555555555555555,12.047232149715377,9
255,121,9.666666666666666,5.497474167490214,9
255,122,8.222222222222221,6.407942602353873,9
255,123,3.75,2.331844763272204,8
255,124,3.875,3.3330729064933458,8
255,125,1.4,0.8000000000000002,5
255,126,1.0,0.0,2
255,127,1.0,0.0,1
255,128,1.5,0.5,2
255,129,1.5,0.5,2
255,130,1.5,0.5,2
255,131,1.0,0.0,2
255,133,1.3333333333333333,0.7453559924999299,6
255,134,1.7142857142857142,1.0301575072754254,7
255,135,1.75,0.6614378277661477,8
255,136,5.0,1.2909944487358056,6
255,137,2.0,1.0,6
255,138,2.2222222222222223,1.8121673811444543,9
255,139,3.142857142857143,1.5518257844571737,7
255,140,3.5,1.9790570145063195,6
255,141,2.0,1.4142135623730951,9
255,142,3.7142857142857144,2.9137254363387344,7
255,143,13.777777777777779,9.589088449062853,9
255,144,15.666666666666666,9.706813185707357,9
255,145,11.555555555555555,7.499794235860535,9
255,146,10.75,7.137051211810099,8
255,147,6.444444444444445,5.2516899102651,9
255,148,4.0,1.9436506316151,9
255,149,2.0,1.4142135623730951,3
255,151,1.3333333333333333,0.4714045207910317,3
255,152,1.0,0.0,1
255,153,1.0,0.0,4
255,154,1.0,0.0,4
255,155,1.0,0.0,1
255,156,1.5,0.8660254037844386,4
255,157,2.75,1.7853571071357126,4
255,158,2.5714285714285716,2.321153829895989,7
255,159,1.6,0.4898979485566356,5
255,160,2.0,1.1547005383792515,9
255,161,3.0,2.6186146828319083,7
255,162,1.5714285714285714,1.049781318335648,7
255,163,2.0,1.1547005383792515,6
255,164,2.6,1.2000000000000002,5
255,165,2.375,0.6959705453537527,8
255,166,4.5,1.8027756377319946,6
255,167,2.125,1.165922381636102,8
256,0,1.6666666666666667,0.4714045207910317,3
256,1,1.2,0.4000000000000001,5
256,2,1.0,0.0,1
256,3,1.0,0.0,1
256,4,1.5,0.5,2
256,6,1.3333333333333333,0.4714045207910317,3
256,7,1.0,0.0,5
256,8,1.6666666666666667,1.1055415967851332,6
256,9,2.0,0.0,1
256,10,1.0,0.0,3
256,11,1.75,0.82915619758885,4
256,12,1.0,0.0,4
256,13,2.25,1.299038105676658,4
256,14,1.1666666666666667,0.3726779962499649,6
256,15,1.6666666666666667,0.9428090415820634,3
256,16,1.75,0.82915619758885,4
256,17,1.0,0.0,2
256,18,1.25,0.4330127018922193,4
256,19,1.25,0.4330127018922193,4
256,20,1.5,0.5,2
256,21,1.4,0.8000000000000002,5
256,22,2.6666666666666665,2.0548046676563256,6
256,23,1.25,0.4330127018922193,4
256,24,2.0,0.0,1
256,25,1.0,0.0,1
256,26,1.0,0.0,2
256,27,1.0,0.0,1
256,28,2.0,0.0,2
256,29,2.0,0.0,1
256,30,1.0,0.0,2
256,31,1.25,0.4330127018922193,4
256,32,2.0,1.0,2
256,33,1.0,0.0,3
256,34,1.0,0.0,1
256,35,1.0,0.0,2
256,36,1.3333333333333333,0.4714045207910317,3
256,37,1.25,0.4330127018922193,4
256,38,1.0,0.0,7
256,39,1.0,0.0,1
256,40,2.0,0.816496580927726,3
256,41,2.6666666666666665,2.1343747458109497,6
256,42,2.3333333333333335,1.1055415967851334,6
256,43,1.4,0.8,5
256,44,2.75,1.479019945774904,4
256,45,1.4,0.8000000000000002,5
256,46,3.5,2.29128784747792,8
256,47,2.5714285714285716,2.3211538298959886,7
256,48,1.6,0.8,5
256,49,1.6666666666666667,0.9428090415820634,3
256,50,1.3333333333333333,0.4714045207910317,3
256,51,1.5,0.5,2
256,52,1.0,0.0,3
256,53,1.0,0.0,2
256,54,1.0,0.0,2
256,55,1.5,0.5,2
256,56,1.6666666666666667,0.4714045207910317,3
256,57,1.2,0.4,5
256,58,1.25,0.4330127018922193,4
256,59,1.0,0.0,2
256,60,2.0,1.4142135623730951,6
256,61,1.4,0.4898979485566356,5
256,62,1.875,1.3635890143294642,8
256,63,1.3333333333333333,0.4714045207910317,6
256,64,1.6,0.4898979485566356,5
256,65,1.0,0.0,1
256,66,1.5,0.5,4
256,67,1.2,0.4000000000000001,5
256,68,2.3333333333333335,0.9428090415820634,6
256,69,2.2,0.7483314773547882,5
256,70,2.8333333333333335,1.3437096247164249,6
256,71,2.75,1.1989578808281798,8
256,72,3.0,2.0,8
256,73,1.75,0.82915619758885,4
256,74,2.0,1.7320508075688772,4
256,75,2.3333333333333335,1.8856180831641267,3
256,76,3.0,2.8284271247461903,3
256,77,1.0,0.0,1
256,78,1.0,0.0,1
256,79,1.5,0.5,2
256,80,1.0,0.0,5
256,81,1.4,0.4898979485566356,5
256,82,1.5,0.5,4
256,83,1.3333333333333333,0.4714045207910317,3
256,84,1.3333333333333333,0.4714045207910317,3
256,85,1.1428571428571428,0.3499271061118826,7
256,86,1.6666666666666667,0.9428090415820634,3
256,87,1.5,0.5,2
256,88,1.3333333333333333,0.4714045207910317,3
256,89,2.6,2.0591260281974,5
256,90,1.5,0.7071067811865476,8
256,91,1.3333333333333333,0.74535599249993,6
256,92,2.0,0.9258200997725514,7
256,93,1.5,0.7637626158259734,6
256,94,3.375,2.057759704144291,8
256,95,6.0,6.0,7
256,96,3.857142857142857,1.8070158058105024,7
256,97,1.4285714285714286,0.4948716593053935,7
256,98,1.0,0.0,4
256,99,2.0,0.7071067811865476,4
256,100,2.3333333333333335,0.9428090415820634,3
256,101,1.0,0.0,2
256,102,1.0,0.0,1
256,103,1.5,0.5,2
256,104,1.3333333333333333,0.4714045207910317,3
256,105,1.75,0.82915619758885,4
256,106,1.0,0.0,3
256,107,1.0,0.0,4
256,108,1.125,0.33071891388307384,8
256,109,2.5,0.5,4
256,110,2.0,1.0954451150103321,5
256,111,3.2,1.469693845669907,5
256,112,1.2857142857142858,0.45175395145262565,7
256,113,1.4,0.8,5
256,114,1.0,0.0,6
256,115,3.2,2.227105745132009,5
256,116,1.75,0.9682458365518543,8
256,117,2.0,1.0690449676496976,7
256,118,1.8571428571428572,0.8329931278350429,7
256,119,6.375,4.29934588047996,8
256,120,8.875,5.348773223833667,8
256,121,6.888888888888889,6.454015880647825,9
256,122,5.125,4.342738191510052,8
256,123,5.333333333333333,2.4037008503093262,9
256,124,3.3333333333333335,3.2659863237109037,9
256,125,2.0,0.0,2
256,127,1.0,0.0,1
256,128,1.0,0.0,1
256,129,1.0,0.0,2
256,130,1.3333333333333333,0.4714045207910317,3
256,131,1.2,0.4000000000000001,5
256,132,2.4,1.2,5
256,133,2.0,0.816496580927726,6
256,134,1.4285714285714286,0.4948716593053935,7
256,135,1.3333333333333333,0.74535599249993,6
256,136,1.6666666666666667,1.1055415967851332,6
256,137,1.8571428571428572,1.355261854357877,7
256,138,1.5714285714285714,0.9035079029052513,7
256,139,3.5714285714285716,2.871393034605969,7
256,140,2.0,0.7071067811865476,8
256,141,2.0,0.816496580927726,6
256,142,2.6666666666666665,1.632993161855452,9
256,143,7.0,3.9440531887330774,9
256,144,9.222222222222221,6.087834458578989,9
256,145,12.0,5.398412465054624,7
256,146,5.555555555555555,4.2192972324550055,9
256,147,5.375,3.8058343369095824,8
256,148,3.0,1.7638342073763937,9
256,149,1.4,0.4898979485566356,5
256,150,1.0,0.0,6
256,151,1.0,0.0,1
256,152,1.0,0.0,2
256,153,2.0,1.224744871391589,4
256,154,1.6,0.4898979485566356,5
256,155,1.4,0.4898979485566356,5
256,156,1.5,0.8660254037844386,4
256,157,3.0,0.816496580927726,3
256,158,2.3333333333333335,1.247219128924647,6
256,159,1.75,0.9682458365518543,8
256,160,2.0,1.3093073414159542,7
256,161,2.6666666666666665,1.1055415967851334,6
256,162,3.0,1.8257418583505538,6
256,163,1.8333333333333333,0.6871842709362768,6
256,164,1.75,0.82915619758885,4
256,165,1.8888888888888888,1.1967032904743342,9
256,166,2.2222222222222223,1.0304020550550783,9
256,167,1.7142857142857142,0.6998542122237652,7
257,1,1.0,0.0,1
257,5,1.0,0.0,1
257,6,1.0,0.0,3
257,8,1.0,0.0,2
257,9,1.0,0.0,1
257,10,2.0,0.0,1
257,11,1.0,0.0,1
257,12,2.0,0.0,1
257,13,1.0,0.0,1
257,14,1.0,0.0,2
257,21,1.0,0.0,2
257,29,1.0,0.0,3
257,30,1.0,0.0,1
257,32,1.0,0.0,1
257,33,1.0,0.0,2
257,34,1.0,0.0,1
257,35,1.0,0.0,2
257,36,1.0,0.0,1
257,39,1.0,0.0,1
257,41,1.0,0.0,1
257,44,1.0,0.0,1
257,46,1.0,0.0,1
257,47,1.0,0.0,1
257,48,1.0,0.0,1
257,52,1.0,0.0,1
257,54,1.0,0.0,2
257,55,1.0,0.0,2
257,56,1.0,0.0,1
257,58,1.0,0.0,1
257,59,1.0,0.0,1
257,60,1.0,0.0,1
257,61,1.0,0.0,1
257,62,1.0,0.0,1
257,67,1.0,0.0,1
257,69,1.0,0.0,1
257,71,1.0,0.0,2
257,73,2.0,0.0,1
257,78,1.0,0.0,2
257,80,1.5,0.8660254037844386,4
257,81,1.5,0.5,2
257,82,1.0,0.0,1
257,83,2.0,0.0,1
257,85,1.0,0.0,1
257,86,1.0,0.0,1
257,87,1.0,0.0,1
257,89,1.0,0.0,2
257,90,1.0,0.0,1
257,91,1.0,0.0,1
257,93,1.0,0.0,3
257,94,1.0,0.0,3
257,95,1.0,0.0,3
257,96,1.0,0.0,2
257,98,1.0,0.0,1
257,103,1.0,0.0,1
257,104,1.0,0.0,1
257,106,1.0,0.0,1
257,107,1.5,0.5,2
257,108,1.0,0.0,1
257,109,1.0,0.0,2
257,111,1.0,0.0,4
257,112,1.0,0.0,1
257,113,1.0,0.0,1
257,114,1.0,0.0,2
257,115,1.0,0.0,1
257,116,1.0,0.0,1
257,118,1.0,0.0,1
257,119,1.0,0.0,1
257,120,1.0,0.0,1
257,124,1.0,0.0,1
257,129,1.0,0.0,1
257,130,1.0,0.0,2
257,132,1.0,0.0,1
257,135,1.0,0.0,1
257,141,1.0,0.0,2
257,142,1.0,0.0,1
257,143,1.0,0.0,1
257,147,1.0,0.0,2
257,148,1.0,0.0,1
257,151,1.0,0.0,1
257,154,1.0,0.0,3
257,158,1.0,0.0,2
257,160,1.0,0.0,2
257,162,2.0,0.0,1
257,165,1.0,0.0,1
257,166,1.0,0.0,2
258,0,2.0,0.0,1
258,5,1.25,0.4330127018922193,4
258,6,2.0,1.0,2
258,7,1.0,0.0,2
258,8,1.0,0.0,1
258,9,1.0,0.0,4
258,10,1.0,0.0,3
258,11,1.0,0.0,2
258,12,1.3333333333333333,0.4714045207910317,3
258,13,1.0,0.0,1
258,14,1.0,0.0,2
258,15,1.0,0.0,1
258,16,1.5,0.5,2
258,17,1.0,0.0,1
258,19,1.0,0.0,1
258,20,1.0,0.0,1
258,21,2.0,0.0,1
258,22,1.0,0.0,1
258,23,2.0,0.0,1
258,25,1.0,0.0,1
258,29,1.2,0.4,5
258,30,1.25,0.4330127018922193,4
258,31,1.0,0.0,1
258,32,1.0,0.0,4
258,33,1.2,0.4,5
258,35,2.0,1.0,4
258,36,1.3333333333333333,0.4714045207910317,3
258,37,1.0,0.0,5
258,38,1.0,0.0,1
258,39,1.0,0.0,2
258,42,1.0,0.0,1
258,46,1.0,0.0,1
258,48,1.0,0.0,1
258,52,2.0,1.0,2
258,53,1.0,0.0,4
258,54,1.0,0.0,5
258,55,1.25,0.4330127018922193,4
258,56,1.5,0.5,2
258,57,1.3333333333333333,0.4714045207910317,6
258,58,1.0,0.0,1
258,59,1.25,0.4330127018922193,4
258,60,1.0,0.0,2
258,61,1.0,0.0,2
258,62,1.5,0.5,2
258,63,2.0,1.4142135623730951,3
258,64,1.0,0.0,2
258,66,1.0,0.0,2
258,70,1.0,0.0,1
258,76,1.0,0.0,1
258,77,1.0,0.0,4
258,78,1.1666666666666667,0.3726779962499649,6
258,79,1.3333333333333333,0.4714045207910317,3
258,80,1.25,0.4330127018922193,4
258,81,1.0,0.0,3
258,82,1.0,0.0,1
258,83,1.0,0.0,1
258,84,1.25,0.4330127018922193,4
258,85,2.0,0.0,1
258,87,1.0,0.0,2
258,88,2.0,1.0,2
258,89,1.0,0.0,3
258,91,1.0,0.0,2
258,92,2.0,0.0,1
258,99,1.0,0.0,1
258,101,1.1428571428571428,0.34992710611188266,7
258,102,1.6666666666666667,0.4714045207910317,3
258,103,1.0,0.0,4
258,104,1.5,0.5,4
258,105,1.0,0.0,1
258,106,1.3333333333333333,0.4714045207910317,3
258,107,1.0,0.0,2
258,108,1.0,0.0,1
258,110,1.0,0.0,3
258,112,1.0,0.0,1
258,113,1.0,0.0,2
258,114,1.3333333333333333,0.4714045207910317,3
258,116,1.0,0.0,1
258,117,1.0,0.0,1
258,120,1.0,0.0,1
258,122,1.0,0.0,1
258,124,1.5,0.5,2
258,125,1.0,0.0,1
258,126,1.0,0.0,1
258,129,1.0,0.0,1
258,130,1.0,0.0,1
258,131,1.0,0.0,1
258,132,1.0,0.0,3
258,133,1.0,0.0,1
258,134,1.0,0.0,3
258,135,1.0,0.0,2
258,136,1.0,0.0,1
258,141,1.0,0.0,1
258,148,1.0,0.0,2
258,149,1.0,0.0,1
258,150,1.0,0.0,2
258,152,1.0,0.0,2
258,153,1.0,0.0,2
258,154,1.0,0.0,1
258,157,1.0,0.0,1
258,158,1.0,0.0,1
258,159,3.0,0.0,1
258,160,1.0,0.0,1
258,161,1.0,0.0,1
258,164,1.0,0.0,1
258,166,2.0,0.0,1
258,167,1.5,0.5,2
259,4,1.3333333333333333,0.4714045207910317,3
259,5,1.0,0.0,1
259,6,1.3333333333333333,0.4714045207910317,6
259,7,1.0,0.0,2
259,10,1.0,0.0,2
259,11,1.0,0.0,5
259,12,1.0,0.0,3
259,13,1.0,0.0,1
259,16,1.0,0.0,2
259,17,1.0,0.0,1
259,18,1.0,0.0,1
259,19,1.0,0.0,1
259,28,1.0,0.0,1
259,29,1.3333333333333333,0.4714045207910317,3
259,30,2.0,1.0,2
259,31,1.0,0.0,1
259,32,1.0,0.0,2
259,33,1.0,0.0,1
259,34,1.0,0.0,2
259,35,1.0,0.0,2
259,37,1.0,0.0,1
259,38,1.0,0.0,1
259,41,1.0,0.0,1
259,52,1.0,0.0,2
259,53,1.0,0.0,2
259,54,1.0,0.0,2
259,55,1.0,0.0,2
259,56,1.0,0.0,2
259,57,1.3333333333333333,0.4714045207910317,3
259,58,1.0,0.0,1
259,59,1.0,0.0,1
259,60,1.5,0.5,2
259,61,1.0,0.0,3
259,62,2.0,1.0,2
259,65,1.0,0.0,1
259,66,1.0,0.0,1
259,67,1.0,0.0,2
259,68,1.0,0.0,1
259,72,1.0,0.0,1
259,76,1.0,0.0,2
259,77,1.0,0.0,3
259,78,1.1428571428571428,0.3499271061118826,7
259,79,1.0,0.0,2
259,80,1.0,0.0,3
259,81,1.0,0.0,3
259,82,1.6666666666666667,0.9428090415820634,3
259,83,1.5,0.5,2
259,84,1.4,0.4898979485566356,5
259,85,1.3333333333333333,0.4714045207910317,3
259,86,1.0,0.0,1
259,87,1.0,0.0,1
259,88,1.0,0.0,1
259,89,1.0,0.0,1
259,95,1.0,0.0,1
259,97,1.0,0.0,1
259,98,1.0,0.0,1
259,100,1.0,0.0,2
259,101,1.0,0.0,1
259,102,1.0,0.0,3
259,103,1.3333333333333333,0.4714045207910317,3
259,104,1.0,0.0,4
259,105,1.0,0.0,1
259,106,1.5,0.5,4
259,107,1.0,0.0,4
259,108,1.0,0.0,5
259,109,1.3333333333333333,0.4714045207910317,3
259,110,1.0,0.0,1
259,111,1.0,0.0,1
259,112,1.0,0.0,3
259,113,1.0,0.0,1
259,115,1.0,0.0,2
259,121,1.0,0.0,1
259,126,1.0,0.0,2
259,127,1.3333333333333333,0.4714045207910317,3
259,128,1.0,0.0,2
259,129,1.5,0.5,2
259,130,1.0,0.0,5
259,131,1.5,0.5,2
259,132,1.0,0.0,2
259,133,1.0,0.0,1
259,134,1.0,0.0,1
259,136,1.0,0.0,1
259,141,1.0,0.0,1
259,143,1.0,0.0,1
259,144,1.0,0.0,1
259,145,1.0,0.0,1
259,146,1.0,0.0,1
259,147,1.0,0.0,2
259,149,1.0,0.0,1
259,151,1.0,0.0,1
259,152,1.0,0.0,2
259,153,1.3333333333333333,0.4714045207910317,3
259,154,1.0,0.0,1
259,157,1.0,0.0,1
259,158,1.0,0.0,2
259,159,1.5,0.5,2
259,162,1.0,0.0,1
259,163,1.0,0.0,1
259,166,1.0,0.0,1
259,167,1.0,0.0,1
260,0,2.3333333333333335,1.247219128924647,3
260,1,2.5,1.118033988749895,4
260,2,1.5,0.5,2
260,3,1.0,0.0,1
260,4,1.0,0.0,2
260,5,1.25,0.4330127018922193,4
260,6,1.3333333333333333,0.4714045207910317,6
260,7,3.0,1.8516401995451028,7
260,8,2.142857142857143,1.5518257844571737,7
260,9,1.8,0.7483314773547883,5
260,10,1.6,0.4898979485566356,5
260,11,2.0,0.816496580927726,3
260,12,1.6666666666666667,0.9428090415820634,3
260,13,1.5714285714285714,0.4948716593053935,7
260,14,1.5,0.5,6
260,15,1.8,0.7483314773547883,5
260,16,2.125,1.165922381636102,8
260,17,1.75,0.82915619758885,4
260,18,1.25,0.4330127018922193,4
260,19,1.5,0.7637626158259734,6
260,20,1.0,0.0,3
260,21,1.0,0.0,4
260,22,1.0,0.0,2
260,23,1.75,0.4330127018922193,4
260,24,1.25,0.4330127018922193,4
260,25,1.0,0.0,3
260,26,1.0,0.0,1
260,27,1.0,0.0,1
260,28,2.0,1.0,2
260,29,1.0,0.0,4
260,30,2.0,0.7071067811865476,4
260,31,1.375,0.4841229182759271,8
260,32,1.25,0.4330127018922193,4
260,33,1.5,0.7637626158259734,6
260,34,1.1428571428571428,0.3499271061118826,7
260,35,1.0,0.0,4
260,36,1.2,0.4,5
260,37,1.4285714285714286,0.7284313590846835,7
260,38,2.4,1.9595917942265426,5
260,39,1.8,1.1661903789690602,5
260,40,2.5714285714285716,1.9897697538834456,7
260,41,1.6,0.4898979485566356,5
260,42,2.0,1.0,2
260,43,1.4,0.4898979485566356,5
260,44,1.25,0.4330127018922193,4
260,45,1.0,0.0,3
260,46,1.3333333333333333,0.4714045207910317,3
260,47,1.2,0.4000000000000001,5
260,48,1.0,0.0,2
260,49,1.0,0.0,3
260,50,1.0,0.0,2
260,51,1.6666666666666667,0.4714045207910317,3
260,52,2.0,0.0,1
260,53,1.3333333333333333,0.4714045207910317,3
260,54,1.6666666666666667,0.7453559924999299,6
260,55,2.3333333333333335,0.9428090415820634,3
260,56,1.625,0.6959705453537527,8
260,57,1.6666666666666667,0.7453559924999299,6
260,58,1.6,0.4898979485566356,5
260,59,1.5,0.8660254037844386,4
260,60,1.5,0.5,6
260,61,2.2,0.9797958971132712,5
260,62,1.1666666666666667,0.3726779962499649,6
260,63,2.2857142857142856,1.2777531299998797,7
260,64,1.8571428571428572,0.8329931278350429,7
260,65,1.25,0.4330127018922193,4
260,66,1.0,0.0,2
260,67,1.5,0.5,4
260,68,1.0,0.0,2
260,69,1.6666666666666667,0.9428090415820634,3
260,70,1.5,0.5,2
260,71,1.0,0.0,3
260,72,1.1666666666666667,0.3726779962499649,6
260,73,2.0,0.0,1
260,74,1.0,0.0,1
260,75,1.0,0.0,1
260,76,1.0,0.0,3
260,77,1.1666666666666667,0.3726779962499649,6
260,78,1.5,0.5,6
260,79,1.4,0.4898979485566356,5
260,80,1.0,0.0,2
260,81,1.4,0.8,5
260,82,1.4,0.4898979485566356,5
260,83,2.0,0.7071067811865476,4
260,84,1.5,0.5,4
260,85,1.8333333333333333,1.0671873729054748,6
260,86,1.375,0.4841229182759271,8
260,87,2.2857142857142856,0.880630571852711,7
260,88,1.4285714285714286,0.7284313590846835,7
260,89,1.3333333333333333,0.4714045207910317,6
260,90,1.3333333333333333,0.4714045207910317,3
260,91,1.4285714285714286,0.4948716593053935,7
260,92,1.0,0.0,2
260,93,1.0,0.0,5
260,94,1.0,0.0,2
260,95,1.3333333333333333,0.4714045207910317,3
260,96,1.0,0.0,3
260,97,1.25,0.4330127018922193,4
260,98,1.0,0.0,2
260,99,1.0,0.0,2
260,100,1.0,0.0,3
260,101,1.5,0.8660254037844386,4
260,102,3.3333333333333335,2.6246692913372702,3
260,103,1.5,0.7637626158259734,6
260,104,2.625,0.9921567416492215,8
260,105,1.5,0.7637626158259734,6
260,106,1.5714285714285714,0.4948716593053935,7
260,107,1.5,0.8660254037844386,4
260,108,1.125,0.33071891388307384,8
260,109,1.25,0.4330127018922193,8
260,110,1.6,0.8,5
260,111,2.0,1.0,8
260,112,1.5555555555555556,0.6849348892187752,9
260,113,1.5,0.5,4
260,114,1.5,0.5,4
260,115,2.0,1.0,2
260,116,1.0,0.0,4
260,117,1.3333333333333333,0.4714045207910317,3
260,118,1.6666666666666667,0.4714045207910317,3
260,119,1.25,0.4330127018922193,4
260,120,1.5,0.7637626158259734,6
260,121,1.6666666666666667,0.4714045207910317,3
260,122,1.4,0.4898979485566356,5
260,123,2.0,1.4142135623730951,3
260,124,1.75,0.4330127018922193,4
260,125,2.25,0.82915619758885,4
260,126,1.8,1.6000000000000003,5
260,127,1.5,0.5,2
260,128,1.8333333333333333,0.8975274678557508,6
260,129,1.7142857142857142,0.45175395145262565,7
260,130,1.4285714285714286,0.4948716593053935,7
260,131,1.6,0.4898979485566356,5
260,132,1.8571428571428572,1.124858267715973,7
260,133,1.8,0.7483314773547883,5
260,134,1.5,0.5,6
260,135,1.25,0.4330127018922193,4
260,136,2.142857142857143,1.1248582677159729,7
260,137,1.5,0.5,4
260,138,1.0,0.0,6
260,139,1.4,0.4898979485566356,5
260,140,1.25,0.4330127018922193,4
260,141,2.0,0.816496580927726,3
260,142,1.0,0.0,4
260,143,1.75,0.82915619758885,4
260,144,1.6666666666666667,0.7453559924999299,6
260,145,1.2857142857142858,0.45175395145262565,7
260,146,1.75,0.82915619758885,4
260,147,1.3333333333333333,0.4714045207910317,6
260,148,1.2,0.4,5
260,149,1.3333333333333333,0.4714045207910317,3
260,150,1.0,0.0,6
260,151,1.1666666666666667,0.3726779962499649,6
260,152,1.7142857142857142,0.6998542122237652,7
260,153,1.4444444444444444,0.6849348892187752,9
260,154,1.4,0.4898979485566356,5
260,155,1.2,0.4,5
260,156,1.8333333333333333,0.8975274678557508,6
260,157,1.6,0.8,5
260,158,2.0,1.2649110640673518,5
260,159,2.0,1.5491933384829668,5
260,160,1.5,0.5,6
260,161,2.0,0.816496580927726,6
260,162,1.2,0.4000000000000001,5
260,163,1.3333333333333333,0.4714045207910317,3
260,164,1.25,0.6614378277661477,8
260,165,3.0,2.3804761428476167,6
260,166,2.0,1.4142135623730951,6
260,167,2.6,2.3323807579381204,5
261,0,3.125,2.0879116360612584,8
261,1,1.25,0.4330127018922193,4
261,2,1.75,0.4330127018922193,4
261,3,1.5,0.8660254037844386,4
261,4,2.0,1.0690449676496976,7
261,5,1.8571428571428572,0.6388765649999399,7
261,6,4.714285714285714,1.2777531299998797,7
261,7,5.875,1.7633419974582356,8
261,8,9.125,2.8476964374736293,8
261,9,13.375,5.12195031213697,8
261,10,19.25,5.379358697837503,8
261,11,29.125,8.666566505831476,8
261,12,32.25,10.194974252051841,8
261,13,38.875,6.352902879786531,8
261,14,45.75,8.757139944068497,8
261,15,39.625,9.7971615787431,8
261,16,41.625,5.893587617063142,8
261,17,37.625,9.629868898380705,8
261,18,37.0,8.573214099741124,8
261,19,26.875,8.837950837156766,8
261,20,23.75,8.613216588476108,8
261,21,17.625,7.016721100343094,8
261,22,12.625,7.431983248097374,8
261,23,6.875,2.5708704751503917,8
261,24,3.4285714285714284,1.5907898179514348,7
261,25,2.3333333333333335,0.7453559924999298,6
261,26,2.0,1.0954451150103321,5
261,27,2.0,1.0,2
261,28,2.0,0.7071067811865476,4
261,29,1.5714285714285714,0.7284313590846835,7
261,30,3.2857142857142856,1.577908716741037,7
261,31,5.75,2.1065374432940898,8
261,32,10.125,5.372092236736075,8
261,33,17.375,6.836254456937659,8
261,34,20.75,3.929058411375428,8
261,35,31.75,6.239991987174342,8
261,36,36.125,5.577577879330776,8
261,37,38.375,5.998697775350913,8
261,38,47.25,4.408798022137099,8
261,39,39.25,7.137051211810099,8
261,40,39.625,6.66966078597705,8
261,41,44.625,8.499080832654787,8
261,42,48.25,10.145811943851513,8
261,43,36.625,9.745992766260398,8
261,44,31.75,7.241374178980119,8
261,45,28.625,13.104746277589658,8
261,46,21.0,13.92838827718412,8
261,47,12.625,7.967708265241644,8
261,48,3.6666666666666665,1.5634719199411433,9
261,49,3.6666666666666665,1.632993161855452,9
261,50,1.625,0.8569568250501305,8
261,51,2.0,0.816496580927726,6
261,52,1.8333333333333333,0.8975274678557508,6
261,53,1.625,0.9921567416492215,8
261,54,3.0,1.8516401995451028,7
261,55,7.111111111111111,3.784308081316978,9
261,56,11.222222222222221,7.799968344348554,9
261,57,16.0,5.055250296034367,9
261,58,26.22222222222222,4.732342097565968,9
261,59,32.0,6.253887679764573,9
261,60,38.44444444444444,4.763544691161337,9
261,61,41.77777777777778,5.613035973473372,9
261,62,49.22222222222222,9.88576729757121,9
261,63,45.55555555555556,7.04132423011327,9
261,64,44.0,4.618802153517006,9
261,65,46.0,6.863753427324667,9
261,66,50.666666666666664,12.211106056009466,9
261,67,41.77777777777778,12.308784377001091,9
261,68,32.111111111111114,12.58256681501517,9
261,69,30.77777777777778,21.30611689829826,9
261,70,28.444444444444443,16.700705980494163,9
261,71,17.333333333333332,9.368979548370131,9
261,72,9.625,3.4977671449083054,8
261,73,2.625,1.3169567191065923,8
261,74,2.8333333333333335,1.6749792701868151,6
261,75,2.1666666666666665,1.0671873729054748,6
261,76,2.3333333333333335,1.3743685418725535,6
261,77,2.3333333333333335,1.5634719199411433,9
261,78,3.375,2.7810744326608736,8
261,79,8.88888888888889,5.506449641495052,9
261,80,13.0,5.055250296034367,9
261,81,19.77777777777778,6.98852675267395,9
261,82,23.333333333333332,8.576453553512405,9
261,83,33.666666666666664,8.069145624606803,9
261,84,40.333333333333336,8.793937305515279,9
261,85,44.111111111111114,9.060836905722272,9
261,86,47.333333333333336,11.460075625114058,9
261,87,47.55555555555556,5.356431463641755,9
261,88,43.888888888888886,8.99931410280737,9
261,89,45.888888888888886,14.850697285869888,9
261,90,45.22222222222222,12.081002329440658,9
261,91,44.22222222222222,13.660793679381051,9
261,92,37.333333333333336,15.972198067614588,9
261,93,31.666666666666668,16.478942792411033,9
261,94,31.333333333333332,17.320508075688775,9
261,95,23.666666666666668,15.1803967156476,9
261,96,14.666666666666666,15.09230856356236,9
261,97,5.333333333333333,3.1622776601683795,9
261,98,3.142857142857143,1.8070158058105026,7
261,99,1.7777777777777777,0.6285393610547089,9
261,100,3.0,2.309401076758503,9
261,101,3.5,2.23606797749979,8
261,102,3.2222222222222223,1.617802197617893,9
261,103,7.888888888888889,5.173531878587918,9
261,104,11.11111111111111,6.1543921885005455,9
261,105,15.222222222222221,3.083208205669246,9
261,106,27.22222222222222,4.708804466759354,9
261,107,35.0,5.557777333511022,9
261,108,41.0,7.571877794400365,9
261,109,47.666666666666664,8.70504323813373,9
261,110,54.111111111111114,10.126362124501732,9
261,111,59.22222222222222,9.623787401569992,9
261,112,52.333333333333336,9.297550453987569,9
261,113,50.44444444444444,5.356431463641755,9
261,114,51.666666666666664,11.224972160321824,9
261,115,43.888888888888886,7.355186294860163,9
261,116,26.11111111111111,5.801234436536273,9
261,117,19.0,4.784233364802441,9
261,118,20.11111111111111,9.654526220545982,9
261,119,17.555555555555557,6.945999825816792,9
261,120,14.444444444444445,8.015417243053971,9
261,121,9.25,5.11737237261468,8
261,122,2.7777777777777777,1.617802197617893,9
261,123,3.75,2.6339134382131846,8
261,124,3.5555555555555554,1.4989708403591155,9
261,125,1.5,0.7071067811865476,8
261,126,4.5,2.0615528128088303,8
261,127,3.125,2.521780125229002,8
261,128,10.555555555555555,4.166296279833928,9
261,129,16.666666666666668,4.898979485566356,9
261,130,29.88888888888889,8.824768734073237,9
261,131,46.666666666666664,10.697871023920808,9
261,132,58.55555555555556,16.971290208997804,9
261,133,69.33333333333333,18.104634152000358,9
261,134,66.22222222222223,19.50371917682356,9
261,135,67.11111111111111,13.74727806953026,9
261,136,58.666666666666664,9.006170724070865,9
261,137,52.111111111111114,7.534283781406527,9
261,138,45.77777777777778,9.930623542890812,9
261,139,36.111111111111114,8.157402152434512,9
261,140,27.333333333333332,9.043106644167024,9
261,141,16.666666666666668,5.120763831912406,9
261,142,20.88888888888889,9.982701086762757,9
261,143,18.88888888888889,8.999314102807372,9
261,144,18.11111111111111,10.54560934907082,9
261,145,12.222222222222221,9.772725967687121,9
261,146,7.444444444444445,6.002057260475335,9
261,147,4.875,2.8476964374736293,8
261,148,3.5555555555555554,2.006163342807532,9
261,149,2.2222222222222223,1.9309052441091963,9
261,150,3.875,2.2603926650031405,8
261,151,5.444444444444445,3.402976184691901,9
261,152,10.444444444444445,6.396372428721891,9
261,153,17.88888888888889,6.118177732416091,9
261,154,25.88888888888889,7.992280225935309,9
261,155,38.111111111111114,9.218874894529574,9
261,156,46.22222222222222,11.419065711711928,9
261,157,53.333333333333336,10.944303439588001,9
261,158,51.111111111111114,8.849914556328834,9
261,159,48.22222222222222,4.961580791503579,9
261,160,44.22222222222222,7.020252888413918,9
261,161,40.666666666666664,8.151346173758322,9
261,162,27.333333333333332,5.962847939999439,9
261,163,18.77777777777778,4.103596736137642,9
261,164,13.666666666666666,9.38083151964686,9
261,165,11.222222222222221,8.879161344003133,9
261,166,9.0,5.14241620684717,9
261,167,7.0,4.8074017006186525,9
262,0,4.285714285714286,3.614031611621005,7
262,1,1.8333333333333333,0.6871842709362768,6
262,2,1.2,0.4,5
262,3,1.5714285714285714,0.9035079029052513,7
262,4,6.25,3.191786333700926,8
262,5,15.0,5.958187643906492,8
262,6,55.375,18.946882989030147,8
262,7,117.375,41.173224005414006,8
262,8,121.625,47.678447699143895,8
262,9,108.375,34.42723304304312,8
262,10,99.625,26.560955837469404,8
262,11,90.375,13.747158797366094,8
262,12,96.0,14.815532390029054,8
262,13,82.875,14.760060128603813,8
262,14,77.5,13.322912594474229,8
262,15,101.0,23.78024390118823,8
262,16,89.375,16.710307447799995,8
262,17,99.375,24.68267357884879,8
262,18,86.875,20.648471493066985,8
262,19,50.875,14.683643110618018,8
262,20,37.25,7.964766161036995,8
262,21,30.375,6.081478027585071,8
262,22,14.875,5.06057061999929,8
262,23,8.25,2.436698586202241,8
262,24,2.5714285714285716,1.178030178747903,7
262,25,2.1666666666666665,1.0671873729054748,6
262,26,1.6666666666666667,0.4714045207910317,6
262,27,2.375,1.4086784586980805,8
262,28,6.0,3.1622776601683795,8
262,29,20.0,8.888194417315589,8
262,30,60.125,18.69784412706449,8
262,31,140.0,40.19950248448356,8
262,32,147.75,42.63141447336694,8
262,33,147.25,33.647993996670884,8
262,34,127.125,25.721768504517726,8
262,35,103.125,22.25105334585309,8
262,36,101.125,19.65602642957116,8
262,37,88.875,15.23513619893173,8
262,38,96.25,19.619824158233428,8
262,39,113.0,28.142494558940577,8
262,40,93.125,22.519089124562743,8
262,41,107.5,30.20347662107791,8
262,42,114.75,23.166516786085904,8
262,43,65.375,17.64183593053739,8
262,44,44.875,10.658769863356653,8
262,45,31.25,14.592378147512488,8
262,46,22.875,7.880950133074057,8
262,47,9.375,4.240798863421843,8
262,48,4.5,1.5811388300841898,8
262,49,2.25,0.9682458365518543,8
262,50,2.6,1.019803902718557,5
262,51,3.0,1.3333333333333333,9
262,52,6.222222222222222,5.072316538005923,9
262,53,14.777777777777779,4.802262841105402,9
262,54,67.11111111111111,15.694616518230733,9
262,55,139.55555555555554,33.54966835772867,9
262,56,145.22222222222223,29.641479112058786,9
262,57,151.11111111111111,25.295781134605758,9
262,58,131.55555555555554,20.5324194120805,9
262,59,123.11111111111111,21.620178046571034,9
262,60,109.11111111111111,15.538085427922967,9
262,61,87.77777777777777,9.795438595792973,9
262,62,87.55555555555556,16.85303211170099,9
262,63,105.0,21.171259344267224,9
262,64,94.44444444444444,22.146537783646206,9
262,65,113.44444444444444,26.915964329788913,9
262,66,107.22222222222223,27.025822128630885,9
262,67,74.22222222222223,26.0033236242249,9
262,68,44.44444444444444,11.509523700069831,9
262,69,32.111111111111114,7.355186294860163,9
262,70,22.666666666666668,7.393691004272944,9
262,71,13.777777777777779,4.802262841105402,9
262,72,5.444444444444445,3.3701668640229117,9
262,73,2.6666666666666665,0.7453559924999298,6
262,74,1.7142857142857142,0.880630571852711,7
262,75,1.8888888888888888,0.8748897637790901,9
262,76,6.222222222222222,3.2584173996922625,9
262,77,14.555555555555555,3.9471821485181358,9
262,78,62.666666666666664,17.346149108343585,9
262,79,135.88888888888889,51.30831521183036,9
262,80,140.66666666666666,38.67815921162743,9
262,81,144.77777777777777,38.258703520398186,9
262,82,122.66666666666667,32.93090409394258,9
262,83,103.55555555555556,19.917112190894827,9
262,84,109.22222222222223,23.728921770595935,9
262,85,91.77777777777777,12.950999770740806,9
262,86,91.77777777777777,17.485090650658016,9
262,87,113.55555555555556,28.63219288031922,9
262,88,96.0,21.286406721452803,9
262,89,118.88888888888889,37.29296759576483,9
262,90,122.88888888888889,32.58303731986406,9
262,91,84.33333333333333,27.616420236277303,9
262,92,54.333333333333336,17.326921891156037,9
262,93,40.22222222222222,11.242555836125302,9
262,94,25.555555555555557,4.597369081239378,9
262,95,14.666666666666666,5.792715732327589,9
262,96,6.888888888888889,3.212629398844658,9
262,97,4.333333333333333,2.3570226039551585,9
262,98,1.75,0.82915619758885,8
262,99,2.875,1.5360257159305635,8
262,100,5.111111111111111,3.177855476905576,9
262,101,15.222222222222221,3.9938223901358727,9
262,102,51.0,18.803073034893938,9
262,103,109.44444444444444,40.06414609684244,9
262,104,131.55555555555554,42.794369076916624,9
262,105,121.33333333333333,37.52924785343352,9
262,106,117.66666666666667,30.155154341063046,9
262,107,107.55555555555556,27.2564410781546,9
262,108,105.88888888888889,21.625316667916202,9
262,109,91.22222222222223,17.29340129630553,9
262,110,95.77777777777777,21.518869124446613,9
262,111,109.44444444444444,30.5836234722336,9
262,112,87.22222222222223,21.180587431670002,9
262,113,113.88888888888889,36.09384202462749,9
262,114,123.66666666666667,38.28547737429661,9
262,115,87.33333333333333,33.166247903553995,9
262,116,53.333333333333336,15.289793254906286,9
262,117,41.0,13.258121200900895,9
262,118,32.77777777777778,9.437252163371587,9
262,119,19.666666666666668,6.036923425424945,9
262,120,12.0,5.617433182117573,9
262,121,5.555555555555555,2.9855619650098673,9
262,122,4.125,2.2043990110685496,8
262,123,3.5555555555555554,2.0608041101101566,9
262,124,4.555555555555555,2.586765939293959,9
262,125,7.555555555555555,2.499382639822665,9
262,126,19.444444444444443,6.32650704243856,9
262,127,31.11111111111111,10.999438818457406,9
262,128,65.55555555555556,19.805224401158572,9
262,129,89.11111111111111,21.1945718650604,9
262,130,106.88888888888889,32.972865761762506,9
262,131,111.55555555555556,24.24005459799091,9
262,132,104.88888888888889,29.35394898455154,9
262,133,95.77777777777777,22.37447840622474,9
262,134,83.88888888888889,17.85400325133737,9
262,135,78.77777777777777,19.622989792461844,9
262,136,74.22222222222223,18.467856626990088,9
262,137,89.22222222222223,24.561839316657128,9
262,138,100.33333333333333,32.42084377543421,9
262,139,81.66666666666667,34.40930106817051,9
262,140,53.888888888888886,17.704013634355125,9
262,141,38.77777777777778,11.2128673880381,9
262,142,29.11111111111111,10.5033798205302,9
262,143,23.333333333333332,9.741092797468305,9
262,144,15.0,8.273115763993903,9
262,145,7.875,4.594493987372276,8
262,146,5.222222222222222,3.2584173996922625,9
262,147,3.5555555555555554,2.060804110110156,9
262,148,4.555555555555555,2.4088314876309775,9
262,149,7.777777777777778,3.965904066127721,9
262,150,13.666666666666666,5.868938953886336,9
262,151,27.0,5.92546294487706,9
262,152,44.0,16.268579122549905,9
262,153,63.55555555555556,16.35788026956978,9
262,154,80.44444444444444,28.347491016200713,9
262,155,87.33333333333333,24.340181684704913,9
262,156,85.33333333333333,25.768197453450252,9
262,157,82.33333333333333,23.692474191889147,9
262,158,73.66666666666667,15.613384571507158,9
262,159,70.22222222222223,16.253394707142654,9
262,160,58.666666666666664,10.81151649348457,9
262,161,64.66666666666667,5.830951894845301,9
262,162,61.111111111111114,17.766663192272606,9
262,163,49.888888888888886,29.655220430228336,9
262,164,41.22222222222222,25.345513641044935,9
262,165,33.22222222222222,26.11843868814085,9
262,166,20.88888888888889,18.107361575057716,9
262,167,11.11111111111111,14.79823145923146,9
263,0,14.75,7.292976072907411,8
263,1,9.625,3.42554740151118,8
263,2,5.875,3.0998991919093113,8
263,3,5.0,1.0,8
263,4,7.75,3.418698582794336,8
263,5,18.5,7.19374728496908,8
263,6,50.375,17.06559037947413,8
263,7,100.75,28.78259022395309,8
263,8,107.5,34.56153931757091,8
263,9,106.0,30.087372766660767,8
263,10,98.125,21.020451351005764,8
263,11,91.0,21.9260119492807,8
263,12,91.625,17.449480651297332,8
263,13,93.75,12.50749775134899,8
263,14,112.5,25.568535351091192,8
263,15,109.0,24.423349483639626,8
263,16,103.125,19.173142022109992,8
263,17,110.5,22.24859546128699,8
263,18,111.125,26.021325388995848,8
263,19,100.5,17.69180601295413,8
263,20,89.125,16.848126750472886,8
263,21,80.0,20.26079958935481,8
263,22,53.625,7.904705876881189,8
263,23,31.875,10.564533827860082,8
263,24,16.375,5.543859215384171,8
263,25,7.0,3.570714214271425,8
263,26,6.25,3.344772040064913,8
263,27,3.75,1.984313483298443,8
263,28,9.0,4.092676385936225,8
263,29,23.25,9.640409742329421,8
263,30,47.625,12.36868525753647,8
263,31,106.375,30.73653160328927,8
263,32,125.25,32.64486942844159,8
263,33,121.5,28.00446392988089,8
263,34,110.875,15.655969308861078,8
263,35,104.375,17.768915977065117,8
263,36,104.25,17.69710428290459,8
263,37,104.75,20.16649448962313,8
263,38,118.75,24.071508054129055,8
263,39,130.125,30.085035732071184,8
263,40,120.125,27.849764361660224,8
263,41,138.125,35.92853148961143,8
263,42,138.5,35.443617196894564,8
263,43,113.875,31.025946802636014,8
263,44,101.25,22.54301443906737,8
263,45,103.5,26.64113360951444,8
263,46,79.375,18.801180149128935,8
263,47,49.5,11.863810517704673,8
263,48,26.666666666666668,8.96908269804914,9
263,49,12.777777777777779,5.513171657802345,9
263,50,10.555555555555555,3.235604395235786,9
263,51,6.111111111111111,3.956554181058857,9
263,52,9.666666666666666,6.896053621859068,9
263,53,19.444444444444443,5.27280467453541,9
263,54,54.55555555555556,9.6391690641317,9
263,55,110.88888888888889,28.227033710589666,9
263,56,121.22222222222223,21.133321649722205,9
263,57,123.66666666666667,21.669230617526676,9
263,58,117.55555555555556,18.1971372053171,9
263,59,111.66666666666667,17.243356208503418,9
263,60,111.11111111111111,18.064356829245845,9
263,61,108.77777777777777,19.00747091586053,9
263,62,120.88888888888889,17.847778849944977,9
263,63,124.44444444444444,22.686810221463297,9
263,64,118.88888888888889,16.09999616593774,9
263,65,135.11111111111111,32.53867594261889,9
263,66,142.88888888888889,33.164386670190005,9
263,67,117.66666666666667,25.407785333546006,9
263,68,115.11111111111111,25.203370340952613,9
263,69,105.22222222222223,24.045224879509295,9
263,70,95.33333333333333,20.912516188477497,9
263,71,54.333333333333336,11.756794725698931,9
263,72,27.11111111111111,10.35422022864155,9
263,73,17.77777777777778,10.379229020583773,9
263,74,10.777777777777779,5.265775827143461,9
263,75,6.444444444444445,2.454524670486058,9
263,76,9.88888888888889,3.6951753662924203,9
263,77,22.22222222222222,5.883645464388323,9
263,78,55.888888888888886,12.573733154163037,9
263,79,105.0,34.44480286551869,9
263,80,121.77777777777777,33.80590933805567,9
263,81,116.88888888888889,27.553763382580062,9
263,82,111.11111111111111,20.98912122687711,9
263,83,109.44444444444444,20.06163342807532,9
263,84,109.44444444444444,12.464269922115696,9
263,85,111.44444444444444,17.745804581559934,9
263,86,119.77777777777777,23.27505950715762,9
263,87,125.44444444444444,12.588452478460932,9
263,88,115.44444444444444,21.31828172725159,9
263,89,146.11111111111111,44.85890087434512,9
263,90,154.66666666666666,46.463844964540854,9
263,91,118.0,33.092463055975614,9
263,92,111.44444444444444,28.2099710942036,9
263,93,105.11111111111111,21.52747311612378,9
263,94,104.44444444444444,29.736289505926038,9
263,95,71.11111111111111,24.830288155326414,9
263,96,47.55555555555556,16.727297125830056,9
263,97,27.88888888888889,9.14627361211408,9
263,98,17.77777777777778,6.629526173411688,9
263,99,10.444444444444445,3.0225490019412096,9
263,100,9.666666666666666,3.4641016151377544,9
263,101,17.666666666666668,6.599663291074444,9
263,102,48.888888888888886,14.262962482087376,9
263,103,97.22222222222223,35.00088182310643,9
263,104,108.88888888888889,35.284382583814434,9
263,105,110.0,29.93697082575694,9
263,106,108.0,25.503812351184763,9
263,107,109.77777777777777,24.439393417539723,9
263,108,109.11111111111111,18.687158064917465,9
263,109,119.88888888888889,27.485125045475638,9
263,110,119.11111111111111,24.36502249101474,9
263,111,131.0,31.99305480187154,9
263,112,113.33333333333333,21.55097316699282,9
263,113,157.33333333333334,45.00617241618705,9
263,114,171.77777777777777,59.454516280706876,9
263,115,145.44444444444446,40.59039599355469,9
263,116,114.77777777777777,21.34259058407639,9
263,117,115.22222222222223,22.41417100247955,9
263,118,107.33333333333333,26.08107018935807,9
263,119,98.44444444444444,30.29525489471581,9
263,120,85.0,31.084115271666043,9
263,121,57.888888888888886,21.53263386090179,9
263,122,38.22222222222222,14.680128502145552,9
263,123,25.333333333333332,8.29993306532582,9
263,124,16.88888888888889,3.4138425546082702,9
263,125,12.0,4.447221354708778,9
263,126,25.666666666666668,6.79869268479038,9
263,127,39.0,10.821788720498619,9
263,128,65.0,20.634383387389548,9
263,129,98.55555555555556,24.536191459923536,9
263,130,127.44444444444444,31.319539911162707,9
263,131,128.33333333333334,33.796778281697534,9
263,132,132.77777777777777,34.32775934616757,9
263,133,135.66666666666666,31.10555505943521,9
263,134,125.33333333333333,26.212804335116665,9
263,135,135.77777777777777,26.38929824243902,9
263,136,115.55555555555556,24.45454336842184,9
263,137,137.66666666666666,35.63705936241092,9
263,138,159.44444444444446,50.17106539101134,9
263,139,165.55555555555554,51.972452342266244,9
263,140,129.0,47.30750469005948,9
263,141,117.11111111111111,36.78600109475355,9
263,142,121.77777777777777,34.40212453961973,9
263,143,113.44444444444444,44.6271245647037,9
263,144,97.88888888888889,36.16457580575053,9
263,145,67.66666666666667,33.005050118630834,9
263,146,44.333333333333336,22.27604592880483,9
263,147,29.22222222222222,13.603739500411706,9
263,148,18.555555555555557,7.959775417143251,9
263,149,13.444444444444445,8.460511031467322,9
263,150,25.333333333333332,5.792715732327589,9
263,151,35.55555555555556,9.405803304474803,9
263,152,46.44444444444444,9.226906440900752,9
263,153,79.55555555555556,18.909792355115385,9
263,154,104.88888888888889,31.103570514740465,9
263,155,117.11111111111111,22.965889897093735,9
263,156,131.22222222222223,33.37589874870714,9
263,157,123.88888888888889,32.68857919635761,9
263,158,131.88888888888889,27.086053994401883,9
263,159,124.33333333333333,17.80761385225744,9
263,160,112.88888888888889,19.818310525843657,9
263,161,113.55555555555556,19.316723388533983,9
263,162,108.88888888888889,22.12311232095141,9
263,163,115.0,39.48839491968917,9
263,164,102.0,38.57172251504692,9
263,165,90.66666666666667,51.4738336978659,9
263,166,62.111111111111114,35.84672445734739,9
263,167,33.888888888888886,22.037566131214543,9
