pickup_hour,rank,zone_id,trips
2002-12-31 22:00:00,1,170,1
2009-01-01 00:00:00,1,236,1
2023-10-31 14:00:00,1,249,1
2023-10-31 15:00:00,1,239,1
2023-10-31 19:00:00,1,158,1
2023-10-31 19:00:00,2,170,1
2023-10-31 20:00:00,1,48,1
2023-10-31 21:00:00,1,114,1
2023-10-31 22:00:00,1,45,1
2023-10-31 22:00:00,2,170,1
2023-10-31 23:00:00,1,48,2
2023-10-31 23:00:00,2,68,2
2023-10-31 23:00:00,3,132,2
2023-10-31 23:00:00,4,163,2
2023-10-31 23:00:00,5,79,1
2023-10-31 23:00:00,6,142,1
2023-10-31 23:00:00,7,144,1
2023-10-31 23:00:00,8,211,1
2023-10-31 23:00:00,9,231,1
2023-10-31 23:00:00,10,237,1
2023-11-01 00:00:00,1,132,201
2023-11-01 00:00:00,2,79,198
2023-11-01 00:00:00,3,249,190
2023-11-01 00:00:00,4,114,145
2023-11-01 00:00:00,5,48,101
2023-11-01 00:00:00,6,148,90
2023-11-01 00:00:00,7,158,90
2023-11-01 00:00:00,8,234,87
2023-11-01 00:00:00,9,230,86
2023-11-01 00:00:00,10,68,78
2023-11-01 01:00:00,1,249,162
2023-11-01 01:00:00,2,79,138
2023-11-01 01:00:00,3,148,101
2023-11-01 01:00:00,4,246,96
2023-11-01 01:00:00,5,114,85
2023-11-01 01:00:00,6,158,80
2023-11-01 01:00:00,7,48,78
2023-11-01 01:00:00,8,68,72
2023-11-01 01:00:00,9,234,53
2023-11-01 01:00:00,10,90,46
2023-11-01 02:00:00,1,79,135
2023-11-01 02:00:00,2,249,109
2023-11-01 02:00:00,3,148,106
2023-11-01 02:00:00,4,48,86
2023-11-01 02:00:00,5,246,86
2023-11-01 02:00:00,6,68,78
2023-11-01 02:00:00,7,158,63
2023-11-01 02:00:00,8,114,51
2023-11-01 02:00:00,9,144,35
2023-11-01 02:00:00,10,234,35
2023-11-01 03:00:00,1,79,96
2023-11-01 03:00:00,2,246,80
2023-11-01 03:00:00,3,48,69
2023-11-01 03:00:00,4,148,60
2023-11-01 03:00:00,5,68,59
2023-11-01 03:00:00,6,158,51
2023-11-01 03:00:00,7,249,47
2023-11-01 03:00:00,8,231,28
2023-11-01 03:00:00,9,114,24
2023-11-01 03:00:00,10,90,22
2023-11-01 04:00:00,1,48,74
2023-11-01 04:00:00,2,79,61
2023-11-01 04:00:00,3,68,31
2023-11-01 04:00:00,4,148,31
2023-11-01 04:00:00,5,158,31
2023-11-01 04:00:00,6,230,31
2023-11-01 04:00:00,7,246,29
2023-11-01 04:00:00,8,100,26
2023-11-01 04:00:00,9,249,25
2023-11-01 04:00:00,10,107,23
2023-11-01 05:00:00,1,132,62
2023-11-01 05:00:00,2,186,55
2023-11-01 05:00:00,3,48,51
2023-11-01 05:00:00,4,100,47
2023-11-01 05:00:00,5,263,27
2023-11-01 05:00:00,6,162,26
2023-11-01 05:00:00,7,230,25
2023-11-01 05:00:00,8,141,23
2023-11-01 05:00:00,9,107,21
2023-11-01 05:00:00,10,68,20
2023-11-01 06:00:00,1,186,120
2023-11-01 06:00:00,2,132,110
2023-11-01 06:00:00,3,100,94
2023-11-01 06:00:00,4,236,91
2023-11-01 06:00:00,5,48,89
2023-11-01 06:00:00,6,162,84
2023-11-01 06:00:00,7,262,76
2023-11-01 06:00:00,8,238,69
2023-11-01 06:00:00,9,239,68
2023-11-01 06:00:00,10,237,64
2023-11-01 07:00:00,1,236,315
2023-11-01 07:00:00,2,186,265
2023-11-01 07:00:00,3,237,222
2023-11-01 07:00:00,4,141,183
2023-11-01 07:00:00,5,162,182
2023-11-01 07:00:00,6,142,149
2023-11-01 07:00:00,7,140,147
2023-11-01 07:00:00,8,239,147
2023-11-01 07:00:00,9,238,146
2023-11-01 07:00:00,10,262,141
2023-11-01 08:00:00,1,236,418
2023-11-01 08:00:00,2,237,336
2023-11-01 08:00:00,3,186,302
2023-11-01 08:00:00,4,140,256
2023-11-01 08:00:00,5,239,235
2023-11-01 08:00:00,6,238,222
2023-11-01 08:00:00,7,141,217
2023-11-01 08:00:00,8,162,212
2023-11-01 08:00:00,9,170,210
2023-11-01 08:00:00,10,142,207
2023-11-01 09:00:00,1,236,388
2023-11-01 09:00:00,2,237,344
2023-11-01 09:00:00,3,186,272
2023-11-01 09:00:00,4,138,269
2023-11-01 09:00:00,5,161,231
2023-11-01 09:00:00,6,170,211
2023-11-01 09:00:00,7,162,210
2023-11-01 09:00:00,8,239,195
2023-11-01 09:00:00,9,140,189
2023-11-01 09:00:00,10,141,182
2023-11-01 10:00:00,1,236,408
2023-11-01 10:00:00,2,237,333
2023-11-01 10:00:00,3,186,286
2023-11-01 10:00:00,4,138,261
2023-11-01 10:00:00,5,161,254
2023-11-01 10:00:00,6,162,245
2023-11-01 10:00:00,7,170,224
2023-11-01 10:00:00,8,239,204
2023-11-01 10:00:00,9,142,172
2023-11-01 10:00:00,10,140,168
2023-11-01 11:00:00,1,236,394
2023-11-01 11:00:00,2,237,375
2023-11-01 11:00:00,3,161,319
2023-11-01 11:00:00,4,138,295
2023-11-01 11:00:00,5,162,256
2023-11-01 11:00:00,6,186,245
2023-11-01 11:00:00,7,170,234
2023-11-01 11:00:00,8,239,191
2023-11-01 11:00:00,9,140,187
2023-11-01 11:00:00,10,230,177
2023-11-01 12:00:00,1,237,454
2023-11-01 12:00:00,2,236,382
2023-11-01 12:00:00,3,161,327
2023-11-01 12:00:00,4,170,244
2023-11-01 12:00:00,5,162,209
2023-11-01 12:00:00,6,186,203
2023-11-01 12:00:00,7,239,200
2023-11-01 12:00:00,8,140,196
2023-11-01 12:00:00,9,163,188
2023-11-01 12:00:00,10,138,187
2023-11-01 13:00:00,1,237,416
2023-11-01 13:00:00,2,161,363
2023-11-01 13:00:00,3,236,338
2023-11-01 13:00:00,4,138,279
2023-11-01 13:00:00,5,162,271
2023-11-01 13:00:00,6,163,223
2023-11-01 13:00:00,7,170,218
2023-11-01 13:00:00,8,132,201
2023-11-01 13:00:00,9,142,193
2023-11-01 13:00:00,10,68,189
2023-11-01 14:00:00,1,237,436
2023-11-01 14:00:00,2,161,407
2023-11-01 14:00:00,3,138,371
2023-11-01 14:00:00,4,236,358
2023-11-01 14:00:00,5,132,310
2023-11-01 14:00:00,6,162,276
2023-11-01 14:00:00,7,163,230
2023-11-01 14:00:00,8,170,227
2023-11-01 14:00:00,9,142,214
2023-11-01 14:00:00,10,234,214
2023-11-01 15:00:00,1,237,470
2023-11-01 15:00:00,2,161,449
2023-11-01 15:00:00,3,236,425
2023-11-01 15:00:00,4,132,367
2023-11-01 15:00:00,5,162,277
2023-11-01 15:00:00,6,138,251
2023-11-01 15:00:00,7,170,229
2023-11-01 15:00:00,8,230,224
2023-11-01 15:00:00,9,163,222
2023-11-01 15:00:00,10,142,209
2023-11-01 16:00:00,1,161,495
2023-11-01 16:00:00,2,237,472
2023-11-01 16:00:00,3,236,393
2023-11-01 16:00:00,4,132,364
2023-11-01 16:00:00,5,138,286
2023-11-01 16:00:00,6,162,272
2023-11-01 16:00:00,7,230,254
2023-11-01 16:00:00,8,163,233
2023-11-01 16:00:00,9,170,233
2023-11-01 16:00:00,10,234,226
2023-11-01 17:00:00,1,161,579
2023-11-01 17:00:00,2,236,471
2023-11-01 17:00:00,3,237,469
2023-11-01 17:00:00,4,162,417
2023-11-01 17:00:00,5,230,322
2023-11-01 17:00:00,6,132,320
2023-11-01 17:00:00,7,163,319
2023-11-01 17:00:00,8,170,298
2023-11-01 17:00:00,9,142,280
2023-11-01 17:00:00,10,164,239
2023-11-01 18:00:00,1,161,657
2023-11-01 18:00:00,2,237,610
2023-11-01 18:00:00,3,236,502
2023-11-01 18:00:00,4,162,500
2023-11-01 18:00:00,5,230,389
2023-11-01 18:00:00,6,163,386
2023-11-01 18:00:00,7,234,309
2023-11-01 18:00:00,8,142,304
2023-11-01 18:00:00,9,132,293
2023-11-01 18:00:00,10,170,288
2023-11-01 19:00:00,1,237,639
2023-11-01 19:00:00,2,161,611
2023-11-01 19:00:00,3,162,428
2023-11-01 19:00:00,4,132,366
2023-11-01 19:00:00,5,163,333
2023-11-01 19:00:00,6,236,318
2023-11-01 19:00:00,7,230,314
2023-11-01 19:00:00,8,142,294
2023-11-01 19:00:00,9,234,270
2023-11-01 19:00:00,10,170,266
2023-11-01 20:00:00,1,161,677
2023-11-01 20:00:00,2,237,540
2023-11-01 20:00:00,3,162,385
2023-11-01 20:00:00,4,132,336
2023-11-01 20:00:00,5,230,329
2023-11-01 20:00:00,6,163,325
2023-11-01 20:00:00,7,234,300
2023-11-01 20:00:00,8,142,291
2023-11-01 20:00:00,9,236,290
2023-11-01 20:00:00,10,170,263
2023-11-01 21:00:00,1,237,597
2023-11-01 21:00:00,2,161,528
2023-11-01 21:00:00,3,230,430
2023-11-01 21:00:00,4,132,365
2023-11-01 21:00:00,5,142,362
2023-11-01 21:00:00,6,163,313
2023-11-01 21:00:00,7,162,304
2023-11-01 21:00:00,8,186,293
2023-11-01 21:00:00,9,170,288
2023-11-01 21:00:00,10,234,282
2023-11-01 22:00:00,1,161,432
2023-11-01 22:00:00,2,230,396
2023-11-01 22:00:00,3,142,372
2023-11-01 22:00:00,4,163,370
2023-11-01 22:00:00,5,132,361
2023-11-01 22:00:00,6,237,304
2023-11-01 22:00:00,7,249,271
2023-11-01 22:00:00,8,48,269
2023-11-01 22:00:00,9,234,251
2023-11-01 22:00:00,10,164,241
2023-11-01 23:00:00,1,132,285
2023-11-01 23:00:00,2,161,269
2023-11-01 23:00:00,3,230,246
2023-11-01 23:00:00,4,249,207
2023-11-01 23:00:00,5,163,166
2023-11-01 23:00:00,6,138,157
2023-11-01 23:00:00,7,79,140
2023-11-01 23:00:00,8,68,133
2023-11-01 23:00:00,9,48,132
2023-11-01 23:00:00,10,237,128
2023-11-02 00:00:00,1,132,185
2023-11-02 00:00:00,2,249,114
2023-11-02 00:00:00,3,186,105
2023-11-02 00:00:00,4,161,95
2023-11-02 00:00:00,5,114,93
2023-11-02 00:00:00,6,230,90
2023-11-02 00:00:00,7,79,88
2023-11-02 00:00:00,8,48,79
2023-11-02 00:00:00,9,234,63
2023-11-02 00:00:00,10,68,61
2023-11-02 01:00:00,1,249,55
2023-11-02 01:00:00,2,230,46
2023-11-02 01:00:00,3,114,45
2023-11-02 01:00:00,4,132,43
2023-11-02 01:00:00,5,48,36
2023-11-02 01:00:00,6,246,36
2023-11-02 01:00:00,7,164,35
2023-11-02 01:00:00,8,79,33
2023-11-02 01:00:00,9,161,30
2023-11-02 01:00:00,10,186,26
2023-11-02 02:00:00,1,186,45
2023-11-02 02:00:00,2,249,37
2023-11-02 02:00:00,3,114,33
2023-11-02 02:00:00,4,246,32
2023-11-02 02:00:00,5,48,25
2023-11-02 02:00:00,6,68,21
2023-11-02 02:00:00,7,162,21
2023-11-02 02:00:00,8,164,21
2023-11-02 02:00:00,9,230,21
2023-11-02 02:00:00,10,148,17
2023-11-02 03:00:00,1,246,32
2023-11-02 03:00:00,2,249,24
2023-11-02 03:00:00,3,48,20
2023-11-02 03:00:00,4,79,18
2023-11-02 03:00:00,5,230,17
2023-11-02 03:00:00,6,107,11
2023-11-02 03:00:00,7,100,10
2023-11-02 03:00:00,8,141,10
2023-11-02 03:00:00,9,164,10
2023-11-02 03:00:00,10,186,10
2023-11-02 04:00:00,1,230,27
2023-11-02 04:00:00,2,48,15
2023-11-02 04:00:00,3,79,13
2023-11-02 04:00:00,4,263,12
2023-11-02 04:00:00,5,164,11
2023-11-02 04:00:00,6,249,11
2023-11-02 04:00:00,7,68,9
2023-11-02 04:00:00,8,100,9
2023-11-02 04:00:00,9,141,9
2023-11-02 04:00:00,10,148,7
2023-11-02 05:00:00,1,132,51
2023-11-02 05:00:00,2,186,46
2023-11-02 05:00:00,3,100,44
2023-11-02 05:00:00,4,48,38
2023-11-02 05:00:00,5,263,37
2023-11-02 05:00:00,6,163,23
2023-11-02 05:00:00,7,262,21
2023-11-02 05:00:00,8,239,19
2023-11-02 05:00:00,9,237,18
2023-11-02 05:00:00,10,68,17
2023-11-02 06:00:00,1,132,165
2023-11-02 06:00:00,2,186,119
2023-11-02 06:00:00,3,100,90
2023-11-02 06:00:00,4,48,88
2023-11-02 06:00:00,5,236,87
2023-11-02 06:00:00,6,262,73
2023-11-02 06:00:00,7,238,70
2023-11-02 06:00:00,8,162,57
2023-11-02 06:00:00,9,237,57
2023-11-02 06:00:00,10,263,54
2023-11-02 07:00:00,1,236,327
2023-11-02 07:00:00,2,186,241
2023-11-02 07:00:00,3,237,224
2023-11-02 07:00:00,4,239,178
2023-11-02 07:00:00,5,162,169
2023-11-02 07:00:00,6,132,160
2023-11-02 07:00:00,7,262,159
2023-11-02 07:00:00,8,141,150
2023-11-02 07:00:00,9,170,139
2023-11-02 07:00:00,10,238,139
2023-11-02 08:00:00,1,236,407
2023-11-02 08:00:00,2,237,301
2023-11-02 08:00:00,3,186,290
2023-11-02 08:00:00,4,140,213
2023-11-02 08:00:00,5,162,209
2023-11-02 08:00:00,6,239,208
2023-11-02 08:00:00,7,170,182
2023-11-02 08:00:00,8,238,180
2023-11-02 08:00:00,9,142,174
2023-11-02 08:00:00,10,141,170
2023-11-02 09:00:00,1,236,350
2023-11-02 09:00:00,2,237,342
2023-11-02 09:00:00,3,186,278
2023-11-02 09:00:00,4,162,245
2023-11-02 09:00:00,5,161,239
2023-11-02 09:00:00,6,239,210
2023-11-02 09:00:00,7,170,204
2023-11-02 09:00:00,8,138,189
2023-11-02 09:00:00,9,142,187
2023-11-02 09:00:00,10,238,173
2023-11-02 10:00:00,1,236,388
2023-11-02 10:00:00,2,237,352
2023-11-02 10:00:00,3,161,269
2023-11-02 10:00:00,4,138,222
2023-11-02 10:00:00,5,162,220
2023-11-02 10:00:00,6,186,216
2023-11-02 10:00:00,7,170,196
2023-11-02 10:00:00,8,230,182
2023-11-02 10:00:00,9,239,175
2023-11-02 10:00:00,10,238,173
2023-11-02 11:00:00,1,236,396
2023-11-02 11:00:00,2,237,338
2023-11-02 11:00:00,3,161,311
2023-11-02 11:00:00,4,138,242
2023-11-02 11:00:00,5,162,241
2023-11-02 11:00:00,6,186,238
2023-11-02 11:00:00,7,170,232
2023-11-02 11:00:00,8,140,204
2023-11-02 11:00:00,9,239,204
2023-11-02 11:00:00,10,142,202
2023-11-02 12:00:00,1,237,437
2023-11-02 12:00:00,2,236,397
2023-11-02 12:00:00,3,161,376
2023-11-02 12:00:00,4,138,247
2023-11-02 12:00:00,5,162,244
2023-11-02 12:00:00,6,163,232
2023-11-02 12:00:00,7,230,232
2023-11-02 12:00:00,8,170,220
2023-11-02 12:00:00,9,239,191
2023-11-02 12:00:00,10,68,183
2023-11-02 13:00:00,1,237,459
2023-11-02 13:00:00,2,161,415
2023-11-02 13:00:00,3,236,378
2023-11-02 13:00:00,4,162,255
2023-11-02 13:00:00,5,142,228
2023-11-02 13:00:00,6,163,221
2023-11-02 13:00:00,7,138,210
2023-11-02 13:00:00,8,170,198
2023-11-02 13:00:00,9,234,197
2023-11-02 13:00:00,10,68,187
2023-11-02 14:00:00,1,237,494
2023-11-02 14:00:00,2,161,419
2023-11-02 14:00:00,3,236,406
2023-11-02 14:00:00,4,138,347
2023-11-02 14:00:00,5,132,317
2023-11-02 14:00:00,6,162,274
2023-11-02 14:00:00,7,163,261
2023-11-02 14:00:00,8,170,248
2023-11-02 14:00:00,9,239,240
2023-11-02 14:00:00,10,142,230
2023-11-02 15:00:00,1,237,507
2023-11-02 15:00:00,2,161,464
2023-11-02 15:00:00,3,236,458
2023-11-02 15:00:00,4,132,406
2023-11-02 15:00:00,5,138,338
2023-11-02 15:00:00,6,162,314
2023-11-02 15:00:00,7,142,268
2023-11-02 15:00:00,8,163,256
2023-11-02 15:00:00,9,170,236
2023-11-02 15:00:00,10,186,225
2023-11-02 16:00:00,1,161,512
2023-11-02 16:00:00,2,237,480
2023-11-02 16:00:00,3,236,465
2023-11-02 16:00:00,4,132,300
2023-11-02 16:00:00,5,138,292
2023-11-02 16:00:00,6,162,275
2023-11-02 16:00:00,7,163,270
2023-11-02 16:00:00,8,230,236
2023-11-02 16:00:00,9,170,233
2023-11-02 16:00:00,10,142,231
2023-11-02 17:00:00,1,161,572
2023-11-02 17:00:00,2,237,523
2023-11-02 17:00:00,3,236,464
2023-11-02 17:00:00,4,162,415
2023-11-02 17:00:00,5,163,347
2023-11-02 17:00:00,6,132,339
2023-11-02 17:00:00,7,239,323
2023-11-02 17:00:00,8,170,282
2023-11-02 17:00:00,9,142,281
2023-11-02 17:00:00,10,234,268
2023-11-02 18:00:00,1,161,613
2023-11-02 18:00:00,2,237,608
2023-11-02 18:00:00,3,236,514
2023-11-02 18:00:00,4,162,457
2023-11-02 18:00:00,5,163,415
2023-11-02 18:00:00,6,230,334
2023-11-02 18:00:00,7,142,327
2023-11-02 18:00:00,8,234,321
2023-11-02 18:00:00,9,170,303
2023-11-02 18:00:00,10,246,300
2023-11-02 19:00:00,1,161,617
2023-11-02 19:00:00,2,237,448
2023-11-02 19:00:00,3,162,414
2023-11-02 19:00:00,4,132,385
2023-11-02 19:00:00,5,230,327
2023-11-02 19:00:00,6,163,319
2023-11-02 19:00:00,7,236,310
2023-11-02 19:00:00,8,246,303
2023-11-02 19:00:00,9,170,296
2023-11-02 19:00:00,10,234,289
2023-11-02 20:00:00,1,161,609
2023-11-02 20:00:00,2,237,410
2023-11-02 20:00:00,3,162,357
2023-11-02 20:00:00,4,132,343
2023-11-02 20:00:00,5,163,321
2023-11-02 20:00:00,6,230,320
2023-11-02 20:00:00,7,234,300
2023-11-02 20:00:00,8,138,283
2023-11-02 20:00:00,9,164,265
2023-11-02 20:00:00,10,68,261
2023-11-02 21:00:00,1,161,642
2023-11-02 21:00:00,2,142,487
2023-11-02 21:00:00,3,230,395
2023-11-02 21:00:00,4,132,393
2023-11-02 21:00:00,5,237,382
2023-11-02 21:00:00,6,163,329
2023-11-02 21:00:00,7,234,322
2023-11-02 21:00:00,8,162,302
2023-11-02 21:00:00,9,79,275
2023-11-02 21:00:00,10,68,269
2023-11-02 22:00:00,1,161,551
2023-11-02 22:00:00,2,230,397
2023-11-02 22:00:00,3,163,377
2023-11-02 22:00:00,4,237,369
2023-11-02 22:00:00,5,132,362
2023-11-02 22:00:00,6,79,344
2023-11-02 22:00:00,7,249,332
2023-11-02 22:00:00,8,48,321
2023-11-02 22:00:00,9,142,315
2023-11-02 22:00:00,10,164,273
2023-11-02 23:00:00,1,249,354
2023-11-02 23:00:00,2,161,316
2023-11-02 23:00:00,3,79,253
2023-11-02 23:00:00,4,230,245
2023-11-02 23:00:00,5,132,241
2023-11-02 23:00:00,6,114,208
2023-11-02 23:00:00,7,48,205
2023-11-02 23:00:00,8,186,205
2023-11-02 23:00:00,9,164,182
2023-11-02 23:00:00,10,234,180
2023-11-03 00:00:00,1,132,243
2023-11-03 00:00:00,2,249,232
2023-11-03 00:00:00,3,114,177
2023-11-03 00:00:00,4,79,151
2023-11-03 00:00:00,5,161,132
2023-11-03 00:00:00,6,48,127
2023-11-03 00:00:00,7,230,126
2023-11-03 00:00:00,8,234,103
2023-11-03 00:00:00,9,164,100
2023-11-03 00:00:00,10,148,99
2023-11-03 01:00:00,1,249,151
2023-11-03 01:00:00,2,79,122
2023-11-03 01:00:00,3,114,115
2023-11-03 01:00:00,4,148,98
2023-11-03 01:00:00,5,48,82
2023-11-03 01:00:00,6,144,58
2023-11-03 01:00:00,7,164,56
2023-11-03 01:00:00,8,211,56
2023-11-03 01:00:00,9,234,56
2023-11-03 01:00:00,10,132,54
2023-11-03 02:00:00,1,249,92
2023-11-03 02:00:00,2,148,72
2023-11-03 02:00:00,3,79,58
2023-11-03 02:00:00,4,114,55
2023-11-03 02:00:00,5,48,52
2023-11-03 02:00:00,6,144,41
2023-11-03 02:00:00,7,230,39
2023-11-03 02:00:00,8,164,38
2023-11-03 02:00:00,9,231,37
2023-11-03 02:00:00,10,90,33
2023-11-03 03:00:00,1,148,54
2023-11-03 03:00:00,2,79,44
2023-11-03 03:00:00,3,249,40
2023-11-03 03:00:00,4,48,39
2023-11-03 03:00:00,5,114,30
2023-11-03 03:00:00,6,68,29
2023-11-03 03:00:00,7,164,27
2023-11-03 03:00:00,8,144,25
2023-11-03 03:00:00,9,230,23
2023-11-03 03:00:00,10,246,20
2023-11-03 04:00:00,1,48,29
2023-11-03 04:00:00,2,164,23
2023-11-03 04:00:00,3,230,21
2023-11-03 04:00:00,4,79,20
2023-11-03 04:00:00,5,132,18
2023-11-03 04:00:00,6,148,17
2023-11-03 04:00:00,7,141,15
2023-11-03 04:00:00,8,162,15
2023-11-03 04:00:00,9,161,14
2023-11-03 04:00:00,10,90,13
2023-11-03 05:00:00,1,186,48
2023-11-03 05:00:00,2,132,45
2023-11-03 05:00:00,3,48,40
2023-11-03 05:00:00,4,100,31
2023-11-03 05:00:00,5,162,31
2023-11-03 05:00:00,6,230,29
2023-11-03 05:00:00,7,239,24
2023-11-03 05:00:00,8,263,24
2023-11-03 05:00:00,9,140,18
2023-11-03 05:00:00,10,141,16
2023-11-03 06:00:00,1,132,166
2023-11-03 06:00:00,2,48,99
2023-11-03 06:00:00,3,186,99
2023-11-03 06:00:00,4,162,71
2023-11-03 06:00:00,5,100,58
2023-11-03 06:00:00,6,236,56
2023-11-03 06:00:00,7,262,56
2023-11-03 06:00:00,8,263,56
2023-11-03 06:00:00,9,238,55
2023-11-03 06:00:00,10,161,50
2023-11-03 07:00:00,1,236,264
2023-11-03 07:00:00,2,237,173
2023-11-03 07:00:00,3,132,172
2023-11-03 07:00:00,4,186,146
2023-11-03 07:00:00,5,239,139
2023-11-03 07:00:00,6,262,137
2023-11-03 07:00:00,7,141,128
2023-11-03 07:00:00,8,162,124
2023-11-03 07:00:00,9,263,124
2023-11-03 07:00:00,10,238,116
2023-11-03 08:00:00,1,236,324
2023-11-03 08:00:00,2,237,198
2023-11-03 08:00:00,3,262,178
2023-11-03 08:00:00,4,186,169
2023-11-03 08:00:00,5,239,166
2023-11-03 08:00:00,6,132,160
2023-11-03 08:00:00,7,141,160
2023-11-03 08:00:00,8,140,157
2023-11-03 08:00:00,9,162,155
2023-11-03 08:00:00,10,142,151
2023-11-03 09:00:00,1,236,321
2023-11-03 09:00:00,2,237,261
2023-11-03 09:00:00,3,138,247
2023-11-03 09:00:00,4,161,217
2023-11-03 09:00:00,5,186,178
2023-11-03 09:00:00,6,238,172
2023-11-03 09:00:00,7,239,169
2023-11-03 09:00:00,8,230,164
2023-11-03 09:00:00,9,162,158
2023-11-03 09:00:00,10,142,151
2023-11-03 10:00:00,1,236,346
2023-11-03 10:00:00,2,237,303
2023-11-03 10:00:00,3,138,259
2023-11-03 10:00:00,4,161,226
2023-11-03 10:00:00,5,230,196
2023-11-03 10:00:00,6,170,184
2023-11-03 10:00:00,7,162,178
2023-11-03 10:00:00,8,238,176
2023-11-03 10:00:00,9,239,173
2023-11-03 10:00:00,10,186,168
2023-11-03 11:00:00,1,237,373
2023-11-03 11:00:00,2,236,322
2023-11-03 11:00:00,3,161,320
2023-11-03 11:00:00,4,138,274
2023-11-03 11:00:00,5,162,199
2023-11-03 11:00:00,6,230,194
2023-11-03 11:00:00,7,186,190
2023-11-03 11:00:00,8,163,183
2023-11-03 11:00:00,9,142,176
2023-11-03 11:00:00,10,170,172
2023-11-03 12:00:00,1,237,403
2023-11-03 12:00:00,2,236,366
2023-11-03 12:00:00,3,161,298
2023-11-03 12:00:00,4,138,291
2023-11-03 12:00:00,5,162,209
2023-11-03 12:00:00,6,142,190
2023-11-03 12:00:00,7,170,190
2023-11-03 12:00:00,8,239,190
2023-11-03 12:00:00,9,230,184
2023-11-03 12:00:00,10,163,177
2023-11-03 13:00:00,1,237,362
2023-11-03 13:00:00,2,161,354
2023-11-03 13:00:00,3,236,350
2023-11-03 13:00:00,4,138,304
2023-11-03 13:00:00,5,162,231
2023-11-03 13:00:00,6,239,207
2023-11-03 13:00:00,7,163,202
2023-11-03 13:00:00,8,132,201
2023-11-03 13:00:00,9,142,195
2023-11-03 13:00:00,10,170,178
2023-11-03 14:00:00,1,237,423
2023-11-03 14:00:00,2,236,418
2023-11-03 14:00:00,3,161,410
2023-11-03 14:00:00,4,138,368
2023-11-03 14:00:00,5,132,300
2023-11-03 14:00:00,6,142,246
2023-11-03 14:00:00,7,162,237
2023-11-03 14:00:00,8,230,221
2023-11-03 14:00:00,9,163,216
2023-11-03 14:00:00,10,170,203
2023-11-03 15:00:00,1,236,447
2023-11-03 15:00:00,2,237,443
2023-11-03 15:00:00,3,161,419
2023-11-03 15:00:00,4,132,381
2023-11-03 15:00:00,5,138,311
2023-11-03 15:00:00,6,163,238
2023-11-03 15:00:00,7,162,227
2023-11-03 15:00:00,8,239,222
2023-11-03 15:00:00,9,170,213
2023-11-03 15:00:00,10,140,204
2023-11-03 16:00:00,1,161,464
2023-11-03 16:00:00,2,138,413
2023-11-03 16:00:00,3,236,413
2023-11-03 16:00:00,4,237,411
2023-11-03 16:00:00,5,132,398
2023-11-03 16:00:00,6,162,288
2023-11-03 16:00:00,7,230,275
2023-11-03 16:00:00,8,142,270
2023-11-03 16:00:00,9,239,231
2023-11-03 16:00:00,10,43,230
2023-11-03 17:00:00,1,161,540
2023-11-03 17:00:00,2,237,486
2023-11-03 17:00:00,3,236,419
2023-11-03 17:00:00,4,132,357
2023-11-03 17:00:00,5,162,335
2023-11-03 17:00:00,6,163,326
2023-11-03 17:00:00,7,142,301
2023-11-03 17:00:00,8,138,290
2023-11-03 17:00:00,9,230,287
2023-11-03 17:00:00,10,246,275
2023-11-03 18:00:00,1,161,522
2023-11-03 18:00:00,2,237,496
2023-11-03 18:00:00,3,236,415
2023-11-03 18:00:00,4,162,378
2023-11-03 18:00:00,5,132,346
2023-11-03 18:00:00,6,142,340
2023-11-03 18:00:00,7,163,310
2023-11-03 18:00:00,8,138,309
2023-11-03 18:00:00,9,170,306
2023-11-03 18:00:00,10,246,306
2023-11-03 19:00:00,1,237,399
2023-11-03 19:00:00,2,161,393
2023-11-03 19:00:00,3,236,383
2023-11-03 19:00:00,4,162,346
2023-11-03 19:00:00,5,170,298
2023-11-03 19:00:00,6,186,287
2023-11-03 19:00:00,7,142,260
2023-11-03 19:00:00,8,234,250
2023-11-03 19:00:00,9,246,247
2023-11-03 19:00:00,10,138,241
2023-11-03 20:00:00,1,132,334
2023-11-03 20:00:00,2,138,303
2023-11-03 20:00:00,3,237,294
2023-11-03 20:00:00,4,161,282
2023-11-03 20:00:00,5,142,224
2023-11-03 20:00:00,6,170,222
2023-11-03 20:00:00,7,249,220
2023-11-03 20:00:00,8,236,218
2023-11-03 20:00:00,9,79,211
2023-11-03 20:00:00,10,68,200
2023-11-03 21:00:00,1,237,333
2023-11-03 21:00:00,2,142,329
2023-11-03 21:00:00,3,230,306
2023-11-03 21:00:00,4,161,305
2023-11-03 21:00:00,5,132,302
2023-11-03 21:00:00,6,234,259
2023-11-03 21:00:00,7,79,253
2023-11-03 21:00:00,8,249,253
2023-11-03 21:00:00,9,239,236
2023-11-03 21:00:00,10,138,205
2023-11-03 22:00:00,1,142,464
2023-11-03 22:00:00,2,249,354
2023-11-03 22:00:00,3,163,328
2023-11-03 22:00:00,4,79,317
2023-11-03 22:00:00,5,230,308
2023-11-03 22:00:00,6,237,307
2023-11-03 22:00:00,7,161,300
2023-11-03 22:00:00,8,132,291
2023-11-03 22:00:00,9,48,268
2023-11-03 22:00:00,10,234,244
2023-11-03 23:00:00,1,249,433
2023-11-03 23:00:00,2,79,405
2023-11-03 23:00:00,3,48,275
2023-11-03 23:00:00,4,142,264
2023-11-03 23:00:00,5,114,258
2023-11-03 23:00:00,6,161,240
2023-11-03 23:00:00,7,230,214
2023-11-03 23:00:00,8,138,212
2023-11-03 23:00:00,9,107,200
2023-11-03 23:00:00,10,148,200
2023-11-04 00:00:00,1,79,544
2023-11-04 00:00:00,2,249,543
2023-11-04 00:00:00,3,114,405
2023-11-04 00:00:00,4,148,302
2023-11-04 00:00:00,5,48,242
2023-11-04 00:00:00,6,158,199
2023-11-04 00:00:00,7,107,182
2023-11-04 00:00:00,8,132,180
2023-11-04 00:00:00,9,142,164
2023-11-04 00:00:00,10,144,163
2023-11-04 01:00:00,1,79,594
2023-11-04 01:00:00,2,249,521
2023-11-04 01:00:00,3,148,412
2023-11-04 01:00:00,4,114,411
2023-11-04 01:00:00,5,48,183
2023-11-04 01:00:00,6,144,166
2023-11-04 01:00:00,7,158,160
2023-11-04 01:00:00,8,211,135
2023-11-04 01:00:00,9,113,132
2023-11-04 01:00:00,10,234,122
2023-11-04 02:00:00,1,79,443
2023-11-04 02:00:00,2,249,390
2023-11-04 02:00:00,3,148,342
2023-11-04 02:00:00,4,114,248
2023-11-04 02:00:00,5,144,167
2023-11-04 02:00:00,6,158,158
2023-11-04 02:00:00,7,48,153
2023-11-04 02:00:00,8,211,101
2023-11-04 02:00:00,9,113,87
2023-11-04 02:00:00,10,231,77
2023-11-04 03:00:00,1,79,256
2023-11-04 03:00:00,2,148,234
2023-11-04 03:00:00,3,249,180
2023-11-04 03:00:00,4,114,125
2023-11-04 03:00:00,5,48,101
2023-11-04 03:00:00,6,144,98
2023-11-04 03:00:00,7,246,86
2023-11-04 03:00:00,8,158,71
2023-11-04 03:00:00,9,231,58
2023-11-04 03:00:00,10,164,56
2023-11-04 04:00:00,1,79,102
2023-11-04 04:00:00,2,48,69
2023-11-04 04:00:00,3,148,65
2023-11-04 04:00:00,4,249,54
2023-11-04 04:00:00,5,144,53
2023-11-04 04:00:00,6,246,47
2023-11-04 04:00:00,7,164,43
2023-11-04 04:00:00,8,68,40
2023-11-04 04:00:00,9,230,33
2023-11-04 04:00:00,10,231,29
2023-11-04 05:00:00,1,132,40
2023-11-04 05:00:00,2,48,23
2023-11-04 05:00:00,3,186,23
2023-11-04 05:00:00,4,230,20
2023-11-04 05:00:00,5,68,19
2023-11-04 05:00:00,6,107,19
2023-11-04 05:00:00,7,164,18
2023-11-04 05:00:00,8,90,15
2023-11-04 05:00:00,9,249,15
2023-11-04 05:00:00,10,161,14
2023-11-04 06:00:00,1,132,143
2023-11-04 06:00:00,2,186,53
2023-11-04 06:00:00,3,48,47
2023-11-04 06:00:00,4,230,36
2023-11-04 06:00:00,5,263,35
2023-11-04 06:00:00,6,100,29
2023-11-04 06:00:00,7,162,29
2023-11-04 06:00:00,8,262,26
2023-11-04 06:00:00,9,170,25
2023-11-04 06:00:00,10,107,24
2023-11-04 07:00:00,1,132,109
2023-11-04 07:00:00,2,263,65
2023-11-04 07:00:00,3,236,60
2023-11-04 07:00:00,4,239,60
2023-11-04 07:00:00,5,238,58
2023-11-04 07:00:00,6,230,53
2023-11-04 07:00:00,7,48,51
2023-11-04 07:00:00,8,100,51
2023-11-04 07:00:00,9,140,48
2023-11-04 07:00:00,10,141,47
2023-11-04 08:00:00,1,236,123
2023-11-04 08:00:00,2,237,113
2023-11-04 08:00:00,3,141,110
2023-11-04 08:00:00,4,239,103
2023-11-04 08:00:00,5,263,98
2023-11-04 08:00:00,6,132,97
2023-11-04 08:00:00,7,262,96
2023-11-04 08:00:00,8,142,95
2023-11-04 08:00:00,9,140,94
2023-11-04 08:00:00,10,238,92
2023-11-04 09:00:00,1,236,218
2023-11-04 09:00:00,2,237,211
2023-11-04 09:00:00,3,141,168
2023-11-04 09:00:00,4,142,164
2023-11-04 09:00:00,5,239,164
2023-11-04 09:00:00,6,238,140
2023-11-04 09:00:00,7,263,133
2023-11-04 09:00:00,8,162,126
2023-11-04 09:00:00,9,138,124
2023-11-04 09:00:00,10,229,118
2023-11-04 10:00:00,1,237,288
2023-11-04 10:00:00,2,236,235
2023-11-04 10:00:00,3,142,205
2023-11-04 10:00:00,4,239,184
2023-11-04 10:00:00,5,161,171
2023-11-04 10:00:00,6,186,170
2023-11-04 10:00:00,7,170,168
2023-11-04 10:00:00,8,162,162
2023-11-04 10:00:00,9,141,141
2023-11-04 10:00:00,10,230,138
2023-11-04 11:00:00,1,236,349
2023-11-04 11:00:00,2,237,327
2023-11-04 11:00:00,3,162,267
2023-11-04 11:00:00,4,161,238
2023-11-04 11:00:00,5,186,237
2023-11-04 11:00:00,6,142,208
2023-11-04 11:00:00,7,230,206
2023-11-04 11:00:00,8,239,200
2023-11-04 11:00:00,9,68,181
2023-11-04 11:00:00,10,170,173
2023-11-04 12:00:00,1,236,386
2023-11-04 12:00:00,2,237,380
2023-11-04 12:00:00,3,162,276
2023-11-04 12:00:00,4,161,274
2023-11-04 12:00:00,5,186,243
2023-11-04 12:00:00,6,170,240
2023-11-04 12:00:00,7,246,240
2023-11-04 12:00:00,8,234,222
2023-11-04 12:00:00,9,239,210
2023-11-04 12:00:00,10,142,209
2023-11-04 13:00:00,1,237,373
2023-11-04 13:00:00,2,236,353
2023-11-04 13:00:00,3,161,256
2023-11-04 13:00:00,4,68,254
2023-11-04 13:00:00,5,162,252
2023-11-04 13:00:00,6,186,251
2023-11-04 13:00:00,7,246,232
2023-11-04 13:00:00,8,142,223
2023-11-04 13:00:00,9,138,217
2023-11-04 13:00:00,10,163,210
2023-11-04 14:00:00,1,237,378
2023-11-04 14:00:00,2,236,320
2023-11-04 14:00:00,3,161,304
2023-11-04 14:00:00,4,246,274
2023-11-04 14:00:00,5,186,240
2023-11-04 14:00:00,6,43,224
2023-11-04 14:00:00,7,68,220
2023-11-04 14:00:00,8,234,214
2023-11-04 14:00:00,9,142,213
2023-11-04 14:00:00,10,132,212
2023-11-04 15:00:00,1,237,408
2023-11-04 15:00:00,2,132,366
2023-11-04 15:00:00,3,236,332
2023-11-04 15:00:00,4,161,327
2023-11-04 15:00:00,5,142,273
2023-11-04 15:00:00,6,246,252
2023-11-04 15:00:00,7,68,249
2023-11-04 15:00:00,8,163,237
2023-11-04 15:00:00,9,239,223
2023-11-04 15:00:00,10,43,219
2023-11-04 16:00:00,1,237,428
2023-11-04 16:00:00,2,161,394
2023-11-04 16:00:00,3,132,361
2023-11-04 16:00:00,4,142,341
2023-11-04 16:00:00,5,236,286
2023-11-04 16:00:00,6,230,251
2023-11-04 16:00:00,7,43,249
2023-11-04 16:00:00,8,68,236
2023-11-04 16:00:00,9,234,233
2023-11-04 16:00:00,10,162,220
2023-11-04 17:00:00,1,237,427
2023-11-04 17:00:00,2,161,387
2023-11-04 17:00:00,3,236,371
2023-11-04 17:00:00,4,142,283
2023-11-04 17:00:00,5,132,275
2023-11-04 17:00:00,6,163,240
2023-11-04 17:00:00,7,230,238
2023-11-04 17:00:00,8,162,234
2023-11-04 17:00:00,9,239,232
2023-11-04 17:00:00,10,68,216
2023-11-04 18:00:00,1,237,455
2023-11-04 18:00:00,2,236,386
2023-11-04 18:00:00,3,161,337
2023-11-04 18:00:00,4,142,302
2023-11-04 18:00:00,5,162,264
2023-11-04 18:00:00,6,132,243
2023-11-04 18:00:00,7,186,239
2023-11-04 18:00:00,8,68,234
2023-11-04 18:00:00,9,249,234
2023-11-04 18:00:00,10,239,229
2023-11-04 19:00:00,1,237,376
2023-11-04 19:00:00,2,236,322
2023-11-04 19:00:00,3,142,320
2023-11-04 19:00:00,4,161,303
2023-11-04 19:00:00,5,239,269
2023-11-04 19:00:00,6,249,253
2023-11-04 19:00:00,7,79,238
2023-11-04 19:00:00,8,141,226
2023-11-04 19:00:00,9,132,225
2023-11-04 19:00:00,10,170,220
2023-11-04 20:00:00,1,132,309
2023-11-04 20:00:00,2,249,257
2023-11-04 20:00:00,3,237,244
2023-11-04 20:00:00,4,79,236
2023-11-04 20:00:00,5,234,219
2023-11-04 20:00:00,6,170,214
2023-11-04 20:00:00,7,142,207
2023-11-04 20:00:00,8,68,202
2023-11-04 20:00:00,9,161,199
2023-11-04 20:00:00,10,164,196
2023-11-04 21:00:00,1,142,355
2023-11-04 21:00:00,2,79,280
2023-11-04 21:00:00,3,249,270
2023-11-04 21:00:00,4,132,258
2023-11-04 21:00:00,5,237,245
2023-11-04 21:00:00,6,234,224
2023-11-04 21:00:00,7,107,204
2023-11-04 21:00:00,8,48,202
2023-11-04 21:00:00,9,230,201
2023-11-04 21:00:00,10,68,194
2023-11-04 22:00:00,1,142,424
2023-11-04 22:00:00,2,249,386
2023-11-04 22:00:00,3,79,336
2023-11-04 22:00:00,4,230,309
2023-11-04 22:00:00,5,48,289
2023-11-04 22:00:00,6,161,269
2023-11-04 22:00:00,7,132,252
2023-11-04 22:00:00,8,237,236
2023-11-04 22:00:00,9,234,217
2023-11-04 22:00:00,10,164,205
2023-11-04 23:00:00,1,79,446
2023-11-04 23:00:00,2,249,438
2023-11-04 23:00:00,3,142,356
2023-11-04 23:00:00,4,114,321
2023-11-04 23:00:00,5,48,279
2023-11-04 23:00:00,6,161,273
2023-11-04 23:00:00,7,164,258
2023-11-04 23:00:00,8,237,211
2023-11-04 23:00:00,9,230,209
2023-11-04 23:00:00,10,68,208
2023-11-05 00:00:00,1,79,555
2023-11-05 00:00:00,2,249,554
2023-11-05 00:00:00,3,114,332
2023-11-05 00:00:00,4,148,311
2023-11-05 00:00:00,5,48,236
2023-11-05 00:00:00,6,132,190
2023-11-05 00:00:00,7,107,186
2023-11-05 00:00:00,8,144,178
2023-11-05 00:00:00,9,68,167
2023-11-05 00:00:00,10,234,167
2023-11-05 01:00:00,1,79,948
2023-11-05 01:00:00,2,249,701
2023-11-05 01:00:00,3,148,693
2023-11-05 01:00:00,4,114,565
2023-11-05 01:00:00,5,48,323
2023-11-05 01:00:00,6,144,294
2023-11-05 01:00:00,7,107,258
2023-11-05 01:00:00,8,158,221
2023-11-05 01:00:00,9,234,206
2023-11-05 01:00:00,10,68,179
2023-11-05 02:00:00,1,148,248
2023-11-05 02:00:00,2,79,240
2023-11-05 02:00:00,3,249,168
2023-11-05 02:00:00,4,114,144
2023-11-05 02:00:00,5,48,116
2023-11-05 02:00:00,6,246,113
2023-11-05 02:00:00,7,144,111
2023-11-05 02:00:00,8,158,93
2023-11-05 02:00:00,9,68,69
2023-11-05 02:00:00,10,107,61
2023-11-05 03:00:00,1,79,127
2023-11-05 03:00:00,2,148,107
2023-11-05 03:00:00,3,246,94
2023-11-05 03:00:00,4,249,91
2023-11-05 03:00:00,5,48,88
2023-11-05 03:00:00,6,144,65
2023-11-05 03:00:00,7,114,58
2023-11-05 03:00:00,8,68,51
2023-11-05 03:00:00,9,90,41
2023-11-05 03:00:00,10,230,41
2023-11-05 04:00:00,1,48,56
2023-11-05 04:00:00,2,68,47
2023-11-05 04:00:00,3,148,44
2023-11-05 04:00:00,4,144,40
2023-11-05 04:00:00,5,230,40
2023-11-05 04:00:00,6,79,38
2023-11-05 04:00:00,7,90,36
2023-11-05 04:00:00,8,164,33
2023-11-05 04:00:00,9,249,32
2023-11-05 04:00:00,10,163,31
2023-11-05 05:00:00,1,132,79
2023-11-05 05:00:00,2,230,67
2023-11-05 05:00:00,3,48,58
2023-11-05 05:00:00,4,163,53
2023-11-05 05:00:00,5,142,39
2023-11-05 05:00:00,6,161,37
2023-11-05 05:00:00,7,162,37
2023-11-05 05:00:00,8,141,36
2023-11-05 05:00:00,9,263,36
2023-11-05 05:00:00,10,186,32
2023-11-05 06:00:00,1,132,122
2023-11-05 06:00:00,2,230,80
2023-11-05 06:00:00,3,48,42
2023-11-05 06:00:00,4,161,39
2023-11-05 06:00:00,5,107,37
2023-11-05 06:00:00,6,186,37
2023-11-05 06:00:00,7,263,37
2023-11-05 06:00:00,8,142,36
2023-11-05 06:00:00,9,162,35
2023-11-05 06:00:00,10,90,33
2023-11-05 07:00:00,1,132,131
2023-11-05 07:00:00,2,230,79
2023-11-05 07:00:00,3,161,65
2023-11-05 07:00:00,4,237,62
2023-11-05 07:00:00,5,48,61
2023-11-05 07:00:00,6,236,59
2023-11-05 07:00:00,7,162,56
2023-11-05 07:00:00,8,263,55
2023-11-05 07:00:00,9,239,49
2023-11-05 07:00:00,10,50,46
2023-11-05 08:00:00,1,132,124
2023-11-05 08:00:00,2,50,96
2023-11-05 08:00:00,3,236,94
2023-11-05 08:00:00,4,230,87
2023-11-05 08:00:00,5,239,76
2023-11-05 08:00:00,6,161,71
2023-11-05 08:00:00,7,142,68
2023-11-05 08:00:00,8,238,64
2023-11-05 08:00:00,9,162,63
2023-11-05 08:00:00,10,237,61
2023-11-05 09:00:00,1,236,147
2023-11-05 09:00:00,2,237,136
2023-11-05 09:00:00,3,230,134
2023-11-05 09:00:00,4,238,117
2023-11-05 09:00:00,5,162,114
2023-11-05 09:00:00,6,50,111
2023-11-05 09:00:00,7,138,110
2023-11-05 09:00:00,8,186,109
2023-11-05 09:00:00,9,161,105
2023-11-05 09:00:00,10,132,103
2023-11-05 10:00:00,1,162,194
2023-11-05 10:00:00,2,170,177
2023-11-05 10:00:00,3,236,169
2023-11-05 10:00:00,4,161,151
2023-11-05 10:00:00,5,237,149
2023-11-05 10:00:00,6,239,142
2023-11-05 10:00:00,7,230,141
2023-11-05 10:00:00,8,138,133
2023-11-05 10:00:00,9,132,131
2023-11-05 10:00:00,10,107,121
2023-11-05 11:00:00,1,237,283
2023-11-05 11:00:00,2,236,219
2023-11-05 11:00:00,3,162,218
2023-11-05 11:00:00,4,186,201
2023-11-05 11:00:00,5,161,192
2023-11-05 11:00:00,6,170,184
2023-11-05 11:00:00,7,68,176
2023-11-05 11:00:00,8,230,159
2023-11-05 11:00:00,9,141,151
2023-11-05 11:00:00,10,239,148
2023-11-05 12:00:00,1,236,318
2023-11-05 12:00:00,2,237,299
2023-11-05 12:00:00,3,162,252
2023-11-05 12:00:00,4,186,240
2023-11-05 12:00:00,5,161,207
2023-11-05 12:00:00,6,138,200
2023-11-05 12:00:00,7,141,197
2023-11-05 12:00:00,8,132,167
2023-11-05 12:00:00,9,68,162
2023-11-05 12:00:00,10,170,153
2023-11-05 13:00:00,1,237,377
2023-11-05 13:00:00,2,236,369
2023-11-05 13:00:00,3,138,260
2023-11-05 13:00:00,4,239,233
2023-11-05 13:00:00,5,161,226
2023-11-05 13:00:00,6,141,212
2023-11-05 13:00:00,7,162,196
2023-11-05 13:00:00,8,68,193
2023-11-05 13:00:00,9,186,192
2023-11-05 13:00:00,10,142,186
2023-11-05 14:00:00,1,237,434
2023-11-05 14:00:00,2,132,357
2023-11-05 14:00:00,3,236,352
2023-11-05 14:00:00,4,161,259
2023-11-05 14:00:00,5,239,248
2023-11-05 14:00:00,6,138,241
2023-11-05 14:00:00,7,186,223
2023-11-05 14:00:00,8,162,214
2023-11-05 14:00:00,9,141,197
2023-11-05 14:00:00,10,68,191
2023-11-05 15:00:00,1,132,432
2023-11-05 15:00:00,2,237,375
2023-11-05 15:00:00,3,236,347
2023-11-05 15:00:00,4,138,297
2023-11-05 15:00:00,5,161,264
2023-11-05 15:00:00,6,239,263
2023-11-05 15:00:00,7,163,246
2023-11-05 15:00:00,8,186,198
2023-11-05 15:00:00,9,48,197
2023-11-05 15:00:00,10,162,192
2023-11-05 16:00:00,1,237,398
2023-11-05 16:00:00,2,132,392
2023-11-05 16:00:00,3,236,323
2023-11-05 16:00:00,4,161,319
2023-11-05 16:00:00,5,138,273
2023-11-05 16:00:00,6,48,243
2023-11-05 16:00:00,7,162,239
2023-11-05 16:00:00,8,230,229
2023-11-05 16:00:00,9,186,216
2023-11-05 16:00:00,10,239,214
2023-11-05 17:00:00,1,132,358
2023-11-05 17:00:00,2,237,338
2023-11-05 17:00:00,3,161,296
2023-11-05 17:00:00,4,236,277
2023-11-05 17:00:00,5,162,264
2023-11-05 17:00:00,6,138,248
2023-11-05 17:00:00,7,230,242
2023-11-05 17:00:00,8,186,222
2023-11-05 17:00:00,9,48,220
2023-11-05 17:00:00,10,68,204
2023-11-05 18:00:00,1,132,316
2023-11-05 18:00:00,2,161,291
2023-11-05 18:00:00,3,236,273
2023-11-05 18:00:00,4,138,259
2023-11-05 18:00:00,5,48,257
2023-11-05 18:00:00,6,237,255
2023-11-05 18:00:00,7,162,253
2023-11-05 18:00:00,8,186,253
2023-11-05 18:00:00,9,79,242
2023-11-05 18:00:00,10,239,241
2023-11-05 19:00:00,1,132,386
2023-11-05 19:00:00,2,138,378
2023-11-05 19:00:00,3,186,243
2023-11-05 19:00:00,4,239,238
2023-11-05 19:00:00,5,161,219
2023-11-05 19:00:00,6,249,219
2023-11-05 19:00:00,7,141,207
2023-11-05 19:00:00,8,237,199
2023-11-05 19:00:00,9,48,198
2023-11-05 19:00:00,10,236,197
2023-11-05 20:00:00,1,138,390
2023-11-05 20:00:00,2,132,372
2023-11-05 20:00:00,3,142,233
2023-11-05 20:00:00,4,48,216
2023-11-05 20:00:00,5,249,199
2023-11-05 20:00:00,6,186,198
2023-11-05 20:00:00,7,161,191
2023-11-05 20:00:00,8,239,187
2023-11-05 20:00:00,9,230,186
2023-11-05 20:00:00,10,79,184
2023-11-05 21:00:00,1,132,489
2023-11-05 21:00:00,2,138,273
2023-11-05 21:00:00,3,230,228
2023-11-05 21:00:00,4,48,217
2023-11-05 21:00:00,5,142,194
2023-11-05 21:00:00,6,249,166
2023-11-05 21:00:00,7,186,165
2023-11-05 21:00:00,8,79,163
2023-11-05 21:00:00,9,163,163
2023-11-05 21:00:00,10,162,137
2023-11-05 22:00:00,1,132,503
2023-11-05 22:00:00,2,138,326
2023-11-05 22:00:00,3,186,210
2023-11-05 22:00:00,4,79,161
2023-11-05 22:00:00,5,48,151
2023-11-05 22:00:00,6,230,140
2023-11-05 22:00:00,7,163,131
2023-11-05 22:00:00,8,249,127
2023-11-05 22:00:00,9,68,126
2023-11-05 22:00:00,10,161,110
2023-11-05 23:00:00,1,132,335
2023-11-05 23:00:00,2,138,326
2023-11-05 23:00:00,3,186,233
2023-11-05 23:00:00,4,68,141
2023-11-05 23:00:00,5,164,125
2023-11-05 23:00:00,6,48,95
2023-11-05 23:00:00,7,79,93
2023-11-05 23:00:00,8,100,85
2023-11-05 23:00:00,9,230,85
2023-11-05 23:00:00,10,249,72
2023-11-06 00:00:00,1,132,153
2023-11-06 00:00:00,2,138,73
2023-11-06 00:00:00,3,249,63
2023-11-06 00:00:00,4,186,60
2023-11-06 00:00:00,5,48,55
2023-11-06 00:00:00,6,79,52
2023-11-06 00:00:00,7,68,49
2023-11-06 00:00:00,8,230,48
2023-11-06 00:00:00,9,114,39
2023-11-06 00:00:00,10,164,33
2023-11-06 01:00:00,1,132,45
2023-11-06 01:00:00,2,48,35
2023-11-06 01:00:00,3,249,31
2023-11-06 01:00:00,4,114,30
2023-11-06 01:00:00,5,230,29
2023-11-06 01:00:00,6,186,27
2023-11-06 01:00:00,7,246,24
2023-11-06 01:00:00,8,79,21
2023-11-06 01:00:00,9,100,20
2023-11-06 01:00:00,10,107,16
2023-11-06 02:00:00,1,249,26
2023-11-06 02:00:00,2,79,23
2023-11-06 02:00:00,3,230,22
2023-11-06 02:00:00,4,246,22
2023-11-06 02:00:00,5,48,20
2023-11-06 02:00:00,6,186,16
2023-11-06 02:00:00,7,132,14
2023-11-06 02:00:00,8,114,13
2023-11-06 02:00:00,9,163,12
2023-11-06 02:00:00,10,68,11
2023-11-06 03:00:00,1,48,21
2023-11-06 03:00:00,2,230,17
2023-11-06 03:00:00,3,79,13
2023-11-06 03:00:00,4,132,13
2023-11-06 03:00:00,5,186,13
2023-11-06 03:00:00,6,163,12
2023-11-06 03:00:00,7,249,12
2023-11-06 03:00:00,8,68,10
2023-11-06 03:00:00,9,246,10
2023-11-06 03:00:00,10,100,8
2023-11-06 04:00:00,1,230,34
2023-11-06 04:00:00,2,48,25
2023-11-06 04:00:00,3,79,18
2023-11-06 04:00:00,4,163,15
2023-11-06 04:00:00,5,132,14
2023-11-06 04:00:00,6,161,14
2023-11-06 04:00:00,7,162,14
2023-11-06 04:00:00,8,170,14
2023-11-06 04:00:00,9,262,13
2023-11-06 04:00:00,10,246,11
2023-11-06 05:00:00,1,132,89
2023-11-06 05:00:00,2,186,57
2023-11-06 05:00:00,3,230,50
2023-11-06 05:00:00,4,48,44
2023-11-06 05:00:00,5,100,41
2023-11-06 05:00:00,6,161,33
2023-11-06 05:00:00,7,162,30
2023-11-06 05:00:00,8,263,29
2023-11-06 05:00:00,9,239,26
2023-11-06 05:00:00,10,238,25
2023-11-06 06:00:00,1,132,230
2023-11-06 06:00:00,2,186,149
2023-11-06 06:00:00,3,100,113
2023-11-06 06:00:00,4,162,92
2023-11-06 06:00:00,5,236,84
2023-11-06 06:00:00,6,262,77
2023-11-06 06:00:00,7,48,75
2023-11-06 06:00:00,8,239,64
2023-11-06 06:00:00,9,263,63
2023-11-06 06:00:00,10,238,60
2023-11-06 07:00:00,1,236,283
2023-11-06 07:00:00,2,132,205
2023-11-06 07:00:00,3,186,194
2023-11-06 07:00:00,4,237,174
2023-11-06 07:00:00,5,262,146
2023-11-06 07:00:00,6,238,141
2023-11-06 07:00:00,7,239,140
2023-11-06 07:00:00,8,161,138
2023-11-06 07:00:00,9,141,133
2023-11-06 07:00:00,10,263,124
2023-11-06 08:00:00,1,236,302
2023-11-06 08:00:00,2,237,246
2023-11-06 08:00:00,3,186,193
2023-11-06 08:00:00,4,132,175
2023-11-06 08:00:00,5,140,172
2023-11-06 08:00:00,6,162,170
2023-11-06 08:00:00,7,161,169
2023-11-06 08:00:00,8,262,166
2023-11-06 08:00:00,9,142,164
2023-11-06 08:00:00,10,138,163
2023-11-06 09:00:00,1,236,318
2023-11-06 09:00:00,2,237,257
2023-11-06 09:00:00,3,138,236
2023-11-06 09:00:00,4,161,215
2023-11-06 09:00:00,5,186,214
2023-11-06 09:00:00,6,162,212
2023-11-06 09:00:00,7,230,179
2023-11-06 09:00:00,8,170,162
2023-11-06 09:00:00,9,238,146
2023-11-06 09:00:00,10,142,142
2023-11-06 10:00:00,1,236,314
2023-11-06 10:00:00,2,138,285
2023-11-06 10:00:00,3,237,263
2023-11-06 10:00:00,4,161,235
2023-11-06 10:00:00,5,162,210
2023-11-06 10:00:00,6,186,202
2023-11-06 10:00:00,7,163,180
2023-11-06 10:00:00,8,230,176
2023-11-06 10:00:00,9,170,172
2023-11-06 10:00:00,10,142,171
2023-11-06 11:00:00,1,237,337
2023-11-06 11:00:00,2,236,288
2023-11-06 11:00:00,3,161,253
2023-11-06 11:00:00,4,138,216
2023-11-06 11:00:00,5,162,193
2023-11-06 11:00:00,6,186,191
2023-11-06 11:00:00,7,230,189
2023-11-06 11:00:00,8,170,180
2023-11-06 11:00:00,9,140,176
2023-11-06 11:00:00,10,163,173
2023-11-06 12:00:00,1,237,378
2023-11-06 12:00:00,2,236,325
2023-11-06 12:00:00,3,161,266
2023-11-06 12:00:00,4,138,252
2023-11-06 12:00:00,5,162,231
2023-11-06 12:00:00,6,163,202
2023-11-06 12:00:00,7,170,193
2023-11-06 12:00:00,8,230,192
2023-11-06 12:00:00,9,142,191
2023-11-06 12:00:00,10,132,179
2023-11-06 13:00:00,1,237,395
2023-11-06 13:00:00,2,161,341
2023-11-06 13:00:00,3,236,319
2023-11-06 13:00:00,4,138,318
2023-11-06 13:00:00,5,162,236
2023-11-06 13:00:00,6,142,211
2023-11-06 13:00:00,7,170,199
2023-11-06 13:00:00,8,230,199
2023-11-06 13:00:00,9,239,190
2023-11-06 13:00:00,10,186,187
2023-11-06 14:00:00,1,132,401
2023-11-06 14:00:00,2,237,394
2023-11-06 14:00:00,3,161,389
2023-11-06 14:00:00,4,236,344
2023-11-06 14:00:00,5,138,296
2023-11-06 14:00:00,6,162,257
2023-11-06 14:00:00,7,163,211
2023-11-06 14:00:00,8,140,197
2023-11-06 14:00:00,9,170,194
2023-11-06 14:00:00,10,230,188
2023-11-06 15:00:00,1,236,429
2023-11-06 15:00:00,2,237,425
2023-11-06 15:00:00,3,132,412
2023-11-06 15:00:00,4,161,401
2023-11-06 15:00:00,5,138,309
2023-11-06 15:00:00,6,162,260
2023-11-06 15:00:00,7,163,233
2023-11-06 15:00:00,8,140,211
2023-11-06 15:00:00,9,142,199
2023-11-06 15:00:00,10,170,197
2023-11-06 16:00:00,1,161,450
2023-11-06 16:00:00,2,237,416
2023-11-06 16:00:00,3,132,401
2023-11-06 16:00:00,4,236,400
2023-11-06 16:00:00,5,162,292
2023-11-06 16:00:00,6,138,250
2023-11-06 16:00:00,7,230,237
2023-11-06 16:00:00,8,163,234
2023-11-06 16:00:00,9,142,220
2023-11-06 16:00:00,10,170,216
2023-11-06 17:00:00,1,161,507
2023-11-06 17:00:00,2,237,468
2023-11-06 17:00:00,3,236,466
2023-11-06 17:00:00,4,132,381
2023-11-06 17:00:00,5,162,359
2023-11-06 17:00:00,6,230,277
2023-11-06 17:00:00,7,163,273
2023-11-06 17:00:00,8,142,264
2023-11-06 17:00:00,9,170,242
2023-11-06 17:00:00,10,138,219
2023-11-06 18:00:00,1,161,580
2023-11-06 18:00:00,2,162,437
2023-11-06 18:00:00,3,237,435
2023-11-06 18:00:00,4,236,398
2023-11-06 18:00:00,5,132,328
2023-11-06 18:00:00,6,239,306
2023-11-06 18:00:00,7,230,298
2023-11-06 18:00:00,8,138,282
2023-11-06 18:00:00,9,163,275
2023-11-06 18:00:00,10,142,235
2023-11-06 19:00:00,1,161,470
2023-11-06 19:00:00,2,132,434
2023-11-06 19:00:00,3,237,353
2023-11-06 19:00:00,4,138,312
2023-11-06 19:00:00,5,236,290
2023-11-06 19:00:00,6,239,269
2023-11-06 19:00:00,7,162,244
2023-11-06 19:00:00,8,230,238
2023-11-06 19:00:00,9,163,230
2023-11-06 19:00:00,10,142,199
2023-11-06 20:00:00,1,161,449
2023-11-06 20:00:00,2,132,368
2023-11-06 20:00:00,3,237,309
2023-11-06 20:00:00,4,138,247
2023-11-06 20:00:00,5,162,235
2023-11-06 20:00:00,6,230,227
2023-11-06 20:00:00,7,163,223
2023-11-06 20:00:00,8,234,205
2023-11-06 20:00:00,9,186,202
2023-11-06 20:00:00,10,142,190
2023-11-06 21:00:00,1,161,382
2023-11-06 21:00:00,2,132,364
2023-11-06 21:00:00,3,163,316
2023-11-06 21:00:00,4,186,292
2023-11-06 21:00:00,5,230,248
2023-11-06 21:00:00,6,237,246
2023-11-06 21:00:00,7,142,237
2023-11-06 21:00:00,8,138,223
2023-11-06 21:00:00,9,162,198
2023-11-06 21:00:00,10,234,171
2023-11-06 22:00:00,1,132,343
2023-11-06 22:00:00,2,161,279
2023-11-06 22:00:00,3,138,243
2023-11-06 22:00:00,4,230,212
2023-11-06 22:00:00,5,186,204
2023-11-06 22:00:00,6,164,192
2023-11-06 22:00:00,7,142,175
2023-11-06 22:00:00,8,170,171
2023-11-06 22:00:00,9,163,153
2023-11-06 22:00:00,10,162,151
2023-11-06 23:00:00,1,132,253
2023-11-06 23:00:00,2,186,226
2023-11-06 23:00:00,3,138,210
2023-11-06 23:00:00,4,142,202
2023-11-06 23:00:00,5,230,121
2023-11-06 23:00:00,6,48,109
2023-11-06 23:00:00,7,161,105
2023-11-06 23:00:00,8,164,102
2023-11-06 23:00:00,9,163,89
2023-11-06 23:00:00,10,79,88
2023-11-07 00:00:00,1,186,191
2023-11-07 00:00:00,2,132,150
2023-11-07 00:00:00,3,164,70
2023-11-07 00:00:00,4,100,66
2023-11-07 00:00:00,5,230,62
2023-11-07 00:00:00,6,48,61
2023-11-07 00:00:00,7,79,53
2023-11-07 00:00:00,8,68,49
2023-11-07 00:00:00,9,234,49
2023-11-07 00:00:00,10,249,48
2023-11-07 01:00:00,1,132,52
2023-11-07 01:00:00,2,186,52
2023-11-07 01:00:00,3,79,32
2023-11-07 01:00:00,4,68,29
2023-11-07 01:00:00,5,164,28
2023-11-07 01:00:00,6,249,25
2023-11-07 01:00:00,7,114,21
2023-11-07 01:00:00,8,161,20
2023-11-07 01:00:00,9,48,19
2023-11-07 01:00:00,10,230,19
2023-11-07 02:00:00,1,48,21
2023-11-07 02:00:00,2,79,19
2023-11-07 02:00:00,3,132,13
2023-11-07 02:00:00,4,163,13
2023-11-07 02:00:00,5,249,13
2023-11-07 02:00:00,6,164,12
2023-11-07 02:00:00,7,68,11
2023-11-07 02:00:00,8,90,11
2023-11-07 02:00:00,9,114,11
2023-11-07 02:00:00,10,230,11
2023-11-07 03:00:00,1,48,19
2023-11-07 03:00:00,2,68,13
2023-11-07 03:00:00,3,79,11
2023-11-07 03:00:00,4,164,8
2023-11-07 03:00:00,5,186,8
2023-11-07 03:00:00,6,87,7
2023-11-07 03:00:00,7,263,7
2023-11-07 03:00:00,8,90,6
2023-11-07 03:00:00,9,148,6
2023-11-07 03:00:00,10,230,6
2023-11-07 04:00:00,1,230,26
2023-11-07 04:00:00,2,48,17
2023-11-07 04:00:00,3,68,14
2023-11-07 04:00:00,4,132,14
2023-11-07 04:00:00,5,79,13
2023-11-07 04:00:00,6,238,12
2023-11-07 04:00:00,7,140,10
2023-11-07 04:00:00,8,229,10
2023-11-07 04:00:00,9,233,10
2023-11-07 04:00:00,10,262,10
2023-11-07 05:00:00,1,132,75
2023-11-07 05:00:00,2,100,55
2023-11-07 05:00:00,3,186,40
2023-11-07 05:00:00,4,48,33
2023-11-07 05:00:00,5,230,28
2023-11-07 05:00:00,6,236,25
2023-11-07 05:00:00,7,162,24
2023-11-07 05:00:00,8,263,22
2023-11-07 05:00:00,9,238,21
2023-11-07 05:00:00,10,262,21
2023-11-07 06:00:00,1,132,163
2023-11-07 06:00:00,2,186,139
2023-11-07 06:00:00,3,100,110
2023-11-07 06:00:00,4,236,108
2023-11-07 06:00:00,5,162,91
2023-11-07 06:00:00,6,48,77
2023-11-07 06:00:00,7,262,69
2023-11-07 06:00:00,8,141,59
2023-11-07 06:00:00,9,239,54
2023-11-07 06:00:00,10,170,53
2023-11-07 07:00:00,1,236,287
2023-11-07 07:00:00,2,186,221
2023-11-07 07:00:00,3,237,211
2023-11-07 07:00:00,4,132,164
2023-11-07 07:00:00,5,262,163
2023-11-07 07:00:00,6,142,139
2023-11-07 07:00:00,7,162,137
2023-11-07 07:00:00,8,239,130
2023-11-07 07:00:00,9,141,121
2023-11-07 07:00:00,10,238,118
2023-11-07 08:00:00,1,236,360
2023-11-07 08:00:00,2,237,275
2023-11-07 08:00:00,3,186,254
2023-11-07 08:00:00,4,170,190
2023-11-07 08:00:00,5,262,184
2023-11-07 08:00:00,6,161,180
2023-11-07 08:00:00,7,162,179
2023-11-07 08:00:00,8,239,169
2023-11-07 08:00:00,9,142,157
2023-11-07 08:00:00,10,140,147
2023-11-07 09:00:00,1,236,359
2023-11-07 09:00:00,2,237,321
2023-11-07 09:00:00,3,186,277
2023-11-07 09:00:00,4,138,260
2023-11-07 09:00:00,5,162,228
2023-11-07 09:00:00,6,161,219
2023-11-07 09:00:00,7,170,214
2023-11-07 09:00:00,8,239,183
2023-11-07 09:00:00,9,142,163
2023-11-07 09:00:00,10,140,159
2023-11-07 10:00:00,1,236,364
2023-11-07 10:00:00,2,237,329
2023-11-07 10:00:00,3,162,246
2023-11-07 10:00:00,4,138,236
2023-11-07 10:00:00,5,186,228
2023-11-07 10:00:00,6,161,218
2023-11-07 10:00:00,7,170,207
2023-11-07 10:00:00,8,239,167
2023-11-07 10:00:00,9,140,156
2023-11-07 10:00:00,10,163,153
2023-11-07 11:00:00,1,237,405
2023-11-07 11:00:00,2,236,380
2023-11-07 11:00:00,3,161,322
2023-11-07 11:00:00,4,138,246
2023-11-07 11:00:00,5,162,237
2023-11-07 11:00:00,6,186,222
2023-11-07 11:00:00,7,170,192
2023-11-07 11:00:00,8,142,185
2023-11-07 11:00:00,9,239,177
2023-11-07 11:00:00,10,163,174
2023-11-07 12:00:00,1,237,452
2023-11-07 12:00:00,2,236,393
2023-11-07 12:00:00,3,161,346
2023-11-07 12:00:00,4,162,241
2023-11-07 12:00:00,5,163,217
2023-11-07 12:00:00,6,138,213
2023-11-07 12:00:00,7,140,196
2023-11-07 12:00:00,8,170,195
2023-11-07 12:00:00,9,239,191
2023-11-07 12:00:00,10,142,186
2023-11-07 13:00:00,1,237,391
2023-11-07 13:00:00,2,161,359
2023-11-07 13:00:00,3,236,347
2023-11-07 13:00:00,4,138,304
2023-11-07 13:00:00,5,162,259
2023-11-07 13:00:00,6,132,252
2023-11-07 13:00:00,7,163,233
2023-11-07 13:00:00,8,170,227
2023-11-07 13:00:00,9,186,219
2023-11-07 13:00:00,10,239,194
2023-11-07 14:00:00,1,161,497
2023-11-07 14:00:00,2,237,465
2023-11-07 14:00:00,3,236,385
2023-11-07 14:00:00,4,132,311
2023-11-07 14:00:00,5,138,293
2023-11-07 14:00:00,6,162,279
2023-11-07 14:00:00,7,163,245
2023-11-07 14:00:00,8,170,217
2023-11-07 14:00:00,9,239,215
2023-11-07 14:00:00,10,230,206
2023-11-07 15:00:00,1,161,478
2023-11-07 15:00:00,2,237,452
2023-11-07 15:00:00,3,236,434
2023-11-07 15:00:00,4,132,347
2023-11-07 15:00:00,5,162,262
2023-11-07 15:00:00,6,138,237
2023-11-07 15:00:00,7,163,230
2023-11-07 15:00:00,8,230,204
2023-11-07 15:00:00,9,140,199
2023-11-07 15:00:00,10,170,199
2023-11-07 16:00:00,1,237,455
2023-11-07 16:00:00,2,161,447
2023-11-07 16:00:00,3,236,363
2023-11-07 16:00:00,4,132,327
2023-11-07 16:00:00,5,162,288
2023-11-07 16:00:00,6,138,257
2023-11-07 16:00:00,7,163,256
2023-11-07 16:00:00,8,230,238
2023-11-07 16:00:00,9,43,208
2023-11-07 16:00:00,10,140,208
2023-11-07 17:00:00,1,161,565
2023-11-07 17:00:00,2,237,485
2023-11-07 17:00:00,3,236,418
2023-11-07 17:00:00,4,162,376
2023-11-07 17:00:00,5,163,359
2023-11-07 17:00:00,6,230,279
2023-11-07 17:00:00,7,170,278
2023-11-07 17:00:00,8,132,277
2023-11-07 17:00:00,9,142,232
2023-11-07 17:00:00,10,234,226
2023-11-07 18:00:00,1,161,618
2023-11-07 18:00:00,2,237,542
2023-11-07 18:00:00,3,162,446
2023-11-07 18:00:00,4,236,429
2023-11-07 18:00:00,5,163,362
2023-11-07 18:00:00,6,170,352
2023-11-07 18:00:00,7,68,301
2023-11-07 18:00:00,8,234,297
2023-11-07 18:00:00,9,132,295
2023-11-07 18:00:00,10,230,289
2023-11-07 19:00:00,1,161,588
2023-11-07 19:00:00,2,237,375
2023-11-07 19:00:00,3,162,348
2023-11-07 19:00:00,4,132,315
2023-11-07 19:00:00,5,138,302
2023-11-07 19:00:00,6,236,285
2023-11-07 19:00:00,7,163,270
2023-11-07 19:00:00,8,230,267
2023-11-07 19:00:00,9,170,261
2023-11-07 19:00:00,10,234,250
2023-11-07 20:00:00,1,161,549
2023-11-07 20:00:00,2,237,392
2023-11-07 20:00:00,3,162,362
2023-11-07 20:00:00,4,230,300
2023-11-07 20:00:00,5,234,298
2023-11-07 20:00:00,6,132,287
2023-11-07 20:00:00,7,142,267
2023-11-07 20:00:00,8,163,243
2023-11-07 20:00:00,9,170,240
2023-11-07 20:00:00,10,138,237
2023-11-07 21:00:00,1,161,584
2023-11-07 21:00:00,2,142,418
2023-11-07 21:00:00,3,237,406
2023-11-07 21:00:00,4,230,403
2023-11-07 21:00:00,5,162,297
2023-11-07 21:00:00,6,132,296
2023-11-07 21:00:00,7,186,282
2023-11-07 21:00:00,8,234,267
2023-11-07 21:00:00,9,163,259
2023-11-07 21:00:00,10,48,227
2023-11-07 22:00:00,1,161,409
2023-11-07 22:00:00,2,230,313
2023-11-07 22:00:00,3,132,303
2023-11-07 22:00:00,4,142,270
2023-11-07 22:00:00,5,164,264
2023-11-07 22:00:00,6,237,236
2023-11-07 22:00:00,7,68,228
2023-11-07 22:00:00,8,138,227
2023-11-07 22:00:00,9,234,224
2023-11-07 22:00:00,10,249,217
2023-11-07 23:00:00,1,132,248
2023-11-07 23:00:00,2,142,209
2023-11-07 23:00:00,3,186,189
2023-11-07 23:00:00,4,230,179
2023-11-07 23:00:00,5,249,179
2023-11-07 23:00:00,6,161,159
2023-11-07 23:00:00,7,138,158
2023-11-07 23:00:00,8,234,136
2023-11-07 23:00:00,9,48,128
2023-11-07 23:00:00,10,114,120
2023-11-08 00:00:00,1,132,107
2023-11-08 00:00:00,2,249,96
2023-11-08 00:00:00,3,79,83
2023-11-08 00:00:00,4,230,72
2023-11-08 00:00:00,5,114,68
2023-11-08 00:00:00,6,164,65
2023-11-08 00:00:00,7,48,62
2023-11-08 00:00:00,8,161,61
2023-11-08 00:00:00,9,186,60
2023-11-08 00:00:00,10,68,56
2023-11-08 01:00:00,1,79,54
2023-11-08 01:00:00,2,249,51
2023-11-08 01:00:00,3,48,43
2023-11-08 01:00:00,4,230,41
2023-11-08 01:00:00,5,164,34
2023-11-08 01:00:00,6,162,23
2023-11-08 01:00:00,7,148,21
2023-11-08 01:00:00,8,161,20
2023-11-08 01:00:00,9,163,20
2023-11-08 01:00:00,10,114,19
2023-11-08 02:00:00,1,79,38
2023-11-08 02:00:00,2,48,20
2023-11-08 02:00:00,3,249,19
2023-11-08 02:00:00,4,230,16
2023-11-08 02:00:00,5,186,15
2023-11-08 02:00:00,6,100,13
2023-11-08 02:00:00,7,114,13
2023-11-08 02:00:00,8,246,13
2023-11-08 02:00:00,9,90,12
2023-11-08 02:00:00,10,231,12
2023-11-08 03:00:00,1,79,29
2023-11-08 03:00:00,2,48,14
2023-11-08 03:00:00,3,186,13
2023-11-08 03:00:00,4,246,13
2023-11-08 03:00:00,5,230,12
2023-11-08 03:00:00,6,132,11
2023-11-08 03:00:00,7,164,11
2023-11-08 03:00:00,8,100,9
2023-11-08 03:00:00,9,231,9
2023-11-08 03:00:00,10,114,7
2023-11-08 04:00:00,1,132,24
2023-11-08 04:00:00,2,48,19
2023-11-08 04:00:00,3,230,17
2023-11-08 04:00:00,4,161,12
2023-11-08 04:00:00,5,164,9
2023-11-08 04:00:00,6,186,8
2023-11-08 04:00:00,7,79,7
2023-11-08 04:00:00,8,100,7
2023-11-08 04:00:00,9,140,7
2023-11-08 04:00:00,10,170,7
2023-11-08 05:00:00,1,132,95
2023-11-08 05:00:00,2,100,56
2023-11-08 05:00:00,3,186,44
2023-11-08 05:00:00,4,48,36
2023-11-08 05:00:00,5,162,34
2023-11-08 05:00:00,6,230,24
2023-11-08 05:00:00,7,239,24
2023-11-08 05:00:00,8,161,20
2023-11-08 05:00:00,9,236,19
2023-11-08 05:00:00,10,170,18
2023-11-08 06:00:00,1,132,160
2023-11-08 06:00:00,2,186,128
2023-11-08 06:00:00,3,100,116
2023-11-08 06:00:00,4,236,95
2023-11-08 06:00:00,5,262,85
2023-11-08 06:00:00,6,162,74
2023-11-08 06:00:00,7,161,68
2023-11-08 06:00:00,8,48,65
2023-11-08 06:00:00,9,141,58
2023-11-08 06:00:00,10,237,52
2023-11-08 07:00:00,1,236,326
2023-11-08 07:00:00,2,237,217
2023-11-08 07:00:00,3,186,215
2023-11-08 07:00:00,4,262,167
2023-11-08 07:00:00,5,239,166
2023-11-08 07:00:00,6,132,153
2023-11-08 07:00:00,7,238,149
2023-11-08 07:00:00,8,162,147
2023-11-08 07:00:00,9,141,142
2023-11-08 07:00:00,10,161,139
2023-11-08 08:00:00,1,236,419
2023-11-08 08:00:00,2,237,338
2023-11-08 08:00:00,3,186,292
2023-11-08 08:00:00,4,238,204
2023-11-08 08:00:00,5,239,200
2023-11-08 08:00:00,6,162,194
2023-11-08 08:00:00,7,140,192
2023-11-08 08:00:00,8,142,190
2023-11-08 08:00:00,9,161,185
2023-11-08 08:00:00,10,170,185
2023-11-08 09:00:00,1,236,378
2023-11-08 09:00:00,2,237,335
2023-11-08 09:00:00,3,186,280
2023-11-08 09:00:00,4,162,261
2023-11-08 09:00:00,5,138,235
2023-11-08 09:00:00,6,161,224
2023-11-08 09:00:00,7,170,211
2023-11-08 09:00:00,8,239,204
2023-11-08 09:00:00,9,141,179
2023-11-08 09:00:00,10,262,169
2023-11-08 10:00:00,1,237,360
2023-11-08 10:00:00,2,236,345
2023-11-08 10:00:00,3,161,270
2023-11-08 10:00:00,4,186,248
2023-11-08 10:00:00,5,162,229
2023-11-08 10:00:00,6,138,227
2023-11-08 10:00:00,7,170,212
2023-11-08 10:00:00,8,239,210
2023-11-08 10:00:00,9,140,185
2023-11-08 10:00:00,10,142,180
2023-11-08 11:00:00,1,237,387
2023-11-08 11:00:00,2,161,360
2023-11-08 11:00:00,3,236,358
2023-11-08 11:00:00,4,162,268
2023-11-08 11:00:00,5,138,243
2023-11-08 11:00:00,6,186,236
2023-11-08 11:00:00,7,68,196
2023-11-08 11:00:00,8,140,195
2023-11-08 11:00:00,9,239,193
2023-11-08 11:00:00,10,163,188
2023-11-08 12:00:00,1,237,441
2023-11-08 12:00:00,2,236,393
2023-11-08 12:00:00,3,161,367
2023-11-08 12:00:00,4,162,252
2023-11-08 12:00:00,5,138,251
2023-11-08 12:00:00,6,170,239
2023-11-08 12:00:00,7,163,214
2023-11-08 12:00:00,8,230,210
2023-11-08 12:00:00,9,142,206
2023-11-08 12:00:00,10,239,196
2023-11-08 13:00:00,1,237,412
2023-11-08 13:00:00,2,161,358
2023-11-08 13:00:00,3,236,335
2023-11-08 13:00:00,4,162,278
2023-11-08 13:00:00,5,170,244
2023-11-08 13:00:00,6,132,243
2023-11-08 13:00:00,7,138,232
2023-11-08 13:00:00,8,163,221
2023-11-08 13:00:00,9,142,210
2023-11-08 13:00:00,10,239,196
2023-11-08 14:00:00,1,161,453
2023-11-08 14:00:00,2,237,432
2023-11-08 14:00:00,3,236,395
2023-11-08 14:00:00,4,132,319
2023-11-08 14:00:00,5,138,312
2023-11-08 14:00:00,6,162,306
2023-11-08 14:00:00,7,170,249
2023-11-08 14:00:00,8,163,238
2023-11-08 14:00:00,9,142,226
2023-11-08 14:00:00,10,230,225
2023-11-08 15:00:00,1,236,491
2023-11-08 15:00:00,2,237,473
2023-11-08 15:00:00,3,161,459
2023-11-08 15:00:00,4,132,371
2023-11-08 15:00:00,5,138,348
2023-11-08 15:00:00,6,162,298
2023-11-08 15:00:00,7,230,260
2023-11-08 15:00:00,8,163,245
2023-11-08 15:00:00,9,142,239
2023-11-08 15:00:00,10,68,221
2023-11-08 16:00:00,1,161,526
2023-11-08 16:00:00,2,237,456
2023-11-08 16:00:00,3,236,396
2023-11-08 16:00:00,4,132,357
2023-11-08 16:00:00,5,162,308
2023-11-08 16:00:00,6,230,289
2023-11-08 16:00:00,7,163,284
2023-11-08 16:00:00,8,170,235
2023-11-08 16:00:00,9,234,231
2023-11-08 16:00:00,10,142,215
2023-11-08 17:00:00,1,161,604
2023-11-08 17:00:00,2,237,522
2023-11-08 17:00:00,3,236,488
2023-11-08 17:00:00,4,162,446
2023-11-08 17:00:00,5,163,335
2023-11-08 17:00:00,6,230,328
2023-11-08 17:00:00,7,170,321
2023-11-08 17:00:00,8,142,300
2023-11-08 17:00:00,9,234,284
2023-11-08 17:00:00,10,132,259
2023-11-08 18:00:00,1,161,593
2023-11-08 18:00:00,2,237,568
2023-11-08 18:00:00,3,236,507
2023-11-08 18:00:00,4,162,500
2023-11-08 18:00:00,5,163,368
2023-11-08 18:00:00,6,170,358
2023-11-08 18:00:00,7,230,345
2023-11-08 18:00:00,8,234,311
2023-11-08 18:00:00,9,142,303
2023-11-08 18:00:00,10,68,293
2023-11-08 19:00:00,1,161,699
2023-11-08 19:00:00,2,162,462
2023-11-08 19:00:00,3,237,460
2023-11-08 19:00:00,4,132,358
2023-11-08 19:00:00,5,234,338
2023-11-08 19:00:00,6,236,327
2023-11-08 19:00:00,7,170,309
2023-11-08 19:00:00,8,230,294
2023-11-08 19:00:00,9,163,291
2023-11-08 19:00:00,10,138,285
2023-11-08 20:00:00,1,161,667
2023-11-08 20:00:00,2,237,395
2023-11-08 20:00:00,3,162,360
2023-11-08 20:00:00,4,234,321
2023-11-08 20:00:00,5,230,316
2023-11-08 20:00:00,6,163,278
2023-11-08 20:00:00,7,132,274
2023-11-08 20:00:00,8,142,266
2023-11-08 20:00:00,9,170,260
2023-11-08 20:00:00,10,164,243
2023-11-08 21:00:00,1,161,579
2023-11-08 21:00:00,2,230,415
2023-11-08 21:00:00,3,237,398
2023-11-08 21:00:00,4,142,394
2023-11-08 21:00:00,5,162,387
2023-11-08 21:00:00,6,163,340
2023-11-08 21:00:00,7,132,289
2023-11-08 21:00:00,8,170,280
2023-11-08 21:00:00,9,164,276
2023-11-08 21:00:00,10,234,271
2023-11-08 22:00:00,1,161,476
2023-11-08 22:00:00,2,237,368
2023-11-08 22:00:00,3,163,367
2023-11-08 22:00:00,4,132,357
2023-11-08 22:00:00,5,230,329
2023-11-08 22:00:00,6,142,320
2023-11-08 22:00:00,7,164,291
2023-11-08 22:00:00,8,48,271
2023-11-08 22:00:00,9,170,260
2023-11-08 22:00:00,10,249,257
2023-11-08 23:00:00,1,230,276
2023-11-08 23:00:00,2,161,266
2023-11-08 23:00:00,3,138,237
2023-11-08 23:00:00,4,249,212
2023-11-08 23:00:00,5,163,208
2023-11-08 23:00:00,6,48,195
2023-11-08 23:00:00,7,79,190
2023-11-08 23:00:00,8,132,179
2023-11-08 23:00:00,9,164,178
2023-11-08 23:00:00,10,234,178
2023-11-09 00:00:00,1,249,122
2023-11-09 00:00:00,2,48,112
2023-11-09 00:00:00,3,164,108
2023-11-09 00:00:00,4,132,104
2023-11-09 00:00:00,5,161,99
2023-11-09 00:00:00,6,230,95
2023-11-09 00:00:00,7,79,91
2023-11-09 00:00:00,8,234,83
2023-11-09 00:00:00,9,237,82
2023-11-09 00:00:00,10,114,75
2023-11-09 01:00:00,1,79,61
2023-11-09 01:00:00,2,249,55
2023-11-09 01:00:00,3,114,49
2023-11-09 01:00:00,4,68,45
2023-11-09 01:00:00,5,230,41
2023-11-09 01:00:00,6,48,39
2023-11-09 01:00:00,7,164,39
2023-11-09 01:00:00,8,234,36
2023-11-09 01:00:00,9,246,36
2023-11-09 01:00:00,10,148,35
2023-11-09 02:00:00,1,246,56
2023-11-09 02:00:00,2,48,42
2023-11-09 02:00:00,3,68,33
2023-11-09 02:00:00,4,249,33
2023-11-09 02:00:00,5,79,31
2023-11-09 02:00:00,6,114,31
2023-11-09 02:00:00,7,148,27
2023-11-09 02:00:00,8,230,25
2023-11-09 02:00:00,9,163,15
2023-11-09 02:00:00,10,231,15
2023-11-09 03:00:00,1,246,53
2023-11-09 03:00:00,2,186,27
2023-11-09 03:00:00,3,68,24
2023-11-09 03:00:00,4,148,23
2023-11-09 03:00:00,5,230,22
2023-11-09 03:00:00,6,249,17
2023-11-09 03:00:00,7,158,16
2023-11-09 03:00:00,8,48,14
2023-11-09 03:00:00,9,79,14
2023-11-09 03:00:00,10,141,13
2023-11-09 04:00:00,1,48,24
2023-11-09 04:00:00,2,230,24
2023-11-09 04:00:00,3,68,19
2023-11-09 04:00:00,4,79,16
2023-11-09 04:00:00,5,162,15
2023-11-09 04:00:00,6,132,14
2023-11-09 04:00:00,7,249,14
2023-11-09 04:00:00,8,161,13
2023-11-09 04:00:00,9,148,12
2023-11-09 04:00:00,10,164,11
2023-11-09 05:00:00,1,132,92
2023-11-09 05:00:00,2,186,62
2023-11-09 05:00:00,3,100,48
2023-11-09 05:00:00,4,48,44
2023-11-09 05:00:00,5,230,32
2023-11-09 05:00:00,6,163,28
2023-11-09 05:00:00,7,238,25
2023-11-09 05:00:00,8,162,24
2023-11-09 05:00:00,9,161,23
2023-11-09 05:00:00,10,263,21
2023-11-09 06:00:00,1,186,121
2023-11-09 06:00:00,2,100,114
2023-11-09 06:00:00,3,132,109
2023-11-09 06:00:00,4,236,93
2023-11-09 06:00:00,5,262,80
2023-11-09 06:00:00,6,162,79
2023-11-09 06:00:00,7,48,74
2023-11-09 06:00:00,8,239,58
2023-11-09 06:00:00,9,170,55
2023-11-09 06:00:00,10,263,55
2023-11-09 07:00:00,1,236,323
2023-11-09 07:00:00,2,237,213
2023-11-09 07:00:00,3,132,193
2023-11-09 07:00:00,4,186,191
2023-11-09 07:00:00,5,239,178
2023-11-09 07:00:00,6,262,174
2023-11-09 07:00:00,7,238,157
2023-11-09 07:00:00,8,142,144
2023-11-09 07:00:00,9,161,138
2023-11-09 07:00:00,10,162,134
2023-11-09 08:00:00,1,236,372
2023-11-09 08:00:00,2,237,287
2023-11-09 08:00:00,3,186,236
2023-11-09 08:00:00,4,239,232
2023-11-09 08:00:00,5,161,201
2023-11-09 08:00:00,6,238,185
2023-11-09 08:00:00,7,170,184
2023-11-09 08:00:00,8,140,182
2023-11-09 08:00:00,9,162,172
2023-11-09 08:00:00,10,142,168
2023-11-09 09:00:00,1,236,386
2023-11-09 09:00:00,2,237,358
2023-11-09 09:00:00,3,186,265
2023-11-09 09:00:00,4,138,243
2023-11-09 09:00:00,5,170,224
2023-11-09 09:00:00,6,162,199
2023-11-09 09:00:00,7,161,196
2023-11-09 09:00:00,8,142,187
2023-11-09 09:00:00,9,262,179
2023-11-09 09:00:00,10,239,171
2023-11-09 10:00:00,1,237,390
2023-11-09 10:00:00,2,236,336
2023-11-09 10:00:00,3,161,272
2023-11-09 10:00:00,4,138,263
2023-11-09 10:00:00,5,170,238
2023-11-09 10:00:00,6,186,217
2023-11-09 10:00:00,7,162,214
2023-11-09 10:00:00,8,239,200
2023-11-09 10:00:00,9,140,189
2023-11-09 10:00:00,10,163,173
2023-11-09 11:00:00,1,237,394
2023-11-09 11:00:00,2,236,368
2023-11-09 11:00:00,3,161,321
2023-11-09 11:00:00,4,138,273
2023-11-09 11:00:00,5,162,260
2023-11-09 11:00:00,6,186,227
2023-11-09 11:00:00,7,68,213
2023-11-09 11:00:00,8,230,208
2023-11-09 11:00:00,9,163,202
2023-11-09 11:00:00,10,170,189
2023-11-09 12:00:00,1,237,421
2023-11-09 12:00:00,2,236,394
2023-11-09 12:00:00,3,161,380
2023-11-09 12:00:00,4,138,340
2023-11-09 12:00:00,5,162,228
2023-11-09 12:00:00,6,163,225
2023-11-09 12:00:00,7,142,224
2023-11-09 12:00:00,8,170,213
2023-11-09 12:00:00,9,230,207
2023-11-09 12:00:00,10,186,192
2023-11-09 13:00:00,1,161,411
2023-11-09 13:00:00,2,237,404
2023-11-09 13:00:00,3,236,374
2023-11-09 13:00:00,4,138,306
2023-11-09 13:00:00,5,162,277
2023-11-09 13:00:00,6,132,255
2023-11-09 13:00:00,7,163,245
2023-11-09 13:00:00,8,170,232
2023-11-09 13:00:00,9,142,211
2023-11-09 13:00:00,10,186,182
2023-11-09 14:00:00,1,237,481
2023-11-09 14:00:00,2,161,478
2023-11-09 14:00:00,3,138,393
2023-11-09 14:00:00,4,236,389
2023-11-09 14:00:00,5,132,356
2023-11-09 14:00:00,6,162,280
2023-11-09 14:00:00,7,170,244
2023-11-09 14:00:00,8,163,239
2023-11-09 14:00:00,9,239,230
2023-11-09 14:00:00,10,234,204
2023-11-09 15:00:00,1,161,478
2023-11-09 15:00:00,2,236,458
2023-11-09 15:00:00,3,237,458
2023-11-09 15:00:00,4,138,374
2023-11-09 15:00:00,5,132,331
2023-11-09 15:00:00,6,162,277
2023-11-09 15:00:00,7,68,230
2023-11-09 15:00:00,8,142,229
2023-11-09 15:00:00,9,163,227
2023-11-09 15:00:00,10,170,217
2023-11-09 16:00:00,1,237,467
2023-11-09 16:00:00,2,161,444
2023-11-09 16:00:00,3,236,427
2023-11-09 16:00:00,4,132,376
2023-11-09 16:00:00,5,138,330
2023-11-09 16:00:00,6,163,311
2023-11-09 16:00:00,7,170,274
2023-11-09 16:00:00,8,230,267
2023-11-09 16:00:00,9,162,263
2023-11-09 16:00:00,10,43,220
2023-11-09 17:00:00,1,237,531
2023-11-09 17:00:00,2,236,492
2023-11-09 17:00:00,3,161,453
2023-11-09 17:00:00,4,162,445
2023-11-09 17:00:00,5,163,352
2023-11-09 17:00:00,6,170,304
2023-11-09 17:00:00,7,142,296
2023-11-09 17:00:00,8,234,273
2023-11-09 17:00:00,9,138,263
2023-11-09 17:00:00,10,239,257
2023-11-09 18:00:00,1,237,614
2023-11-09 18:00:00,2,161,508
2023-11-09 18:00:00,3,236,500
2023-11-09 18:00:00,4,162,440
2023-11-09 18:00:00,5,170,341
2023-11-09 18:00:00,6,163,325
2023-11-09 18:00:00,7,138,318
2023-11-09 18:00:00,8,68,313
2023-11-09 18:00:00,9,142,313
2023-11-09 18:00:00,10,234,306
2023-11-09 19:00:00,1,237,578
2023-11-09 19:00:00,2,161,516
2023-11-09 19:00:00,3,162,384
2023-11-09 19:00:00,4,132,374
2023-11-09 19:00:00,5,236,313
2023-11-09 19:00:00,6,234,302
2023-11-09 19:00:00,7,170,298
2023-11-09 19:00:00,8,163,290
2023-11-09 19:00:00,9,68,267
2023-11-09 19:00:00,10,230,255
2023-11-09 20:00:00,1,161,600
2023-11-09 20:00:00,2,237,527
2023-11-09 20:00:00,3,162,390
2023-11-09 20:00:00,4,132,334
2023-11-09 20:00:00,5,138,334
2023-11-09 20:00:00,6,142,315
2023-11-09 20:00:00,7,163,311
2023-11-09 20:00:00,8,230,289
2023-11-09 20:00:00,9,234,276
2023-11-09 20:00:00,10,186,251
2023-11-09 21:00:00,1,142,533
2023-11-09 21:00:00,2,161,524
2023-11-09 21:00:00,3,237,483
2023-11-09 21:00:00,4,132,361
2023-11-09 21:00:00,5,162,355
2023-11-09 21:00:00,6,163,312
2023-11-09 21:00:00,7,138,285
2023-11-09 21:00:00,8,230,281
2023-11-09 21:00:00,9,234,270
2023-11-09 21:00:00,10,186,269
2023-11-09 22:00:00,1,237,502
2023-11-09 22:00:00,2,161,449
2023-11-09 22:00:00,3,79,335
2023-11-09 22:00:00,4,132,330
2023-11-09 22:00:00,5,162,324
2023-11-09 22:00:00,6,142,320
2023-11-09 22:00:00,7,163,286
2023-11-09 22:00:00,8,249,284
2023-11-09 22:00:00,9,230,269
2023-11-09 22:00:00,10,48,267
2023-11-09 23:00:00,1,249,343
2023-11-09 23:00:00,2,79,289
2023-11-09 23:00:00,3,132,288
2023-11-09 23:00:00,4,161,275
2023-11-09 23:00:00,5,48,254
2023-11-09 23:00:00,6,138,247
2023-11-09 23:00:00,7,230,247
2023-11-09 23:00:00,8,234,245
2023-11-09 23:00:00,9,114,221
2023-11-09 23:00:00,10,186,213
2023-11-10 00:00:00,1,249,271
2023-11-10 00:00:00,2,79,261
2023-11-10 00:00:00,3,114,230
2023-11-10 00:00:00,4,186,157
2023-11-10 00:00:00,5,234,156
2023-11-10 00:00:00,6,48,149
2023-11-10 00:00:00,7,132,147
2023-11-10 00:00:00,8,164,142
2023-11-10 00:00:00,9,148,127
2023-11-10 00:00:00,10,230,126
2023-11-10 01:00:00,1,249,188
2023-11-10 01:00:00,2,79,150
2023-11-10 01:00:00,3,114,126
2023-11-10 01:00:00,4,148,109
2023-11-10 01:00:00,5,48,106
2023-11-10 01:00:00,6,144,98
2023-11-10 01:00:00,7,234,83
2023-11-10 01:00:00,8,68,82
2023-11-10 01:00:00,9,230,63
2023-11-10 01:00:00,10,164,62
2023-11-10 02:00:00,1,249,100
2023-11-10 02:00:00,2,79,95
2023-11-10 02:00:00,3,114,89
2023-11-10 02:00:00,4,148,87
2023-11-10 02:00:00,5,68,63
2023-11-10 02:00:00,6,48,49
2023-11-10 02:00:00,7,144,49
2023-11-10 02:00:00,8,246,40
2023-11-10 02:00:00,9,164,37
2023-11-10 02:00:00,10,230,33
2023-11-10 03:00:00,1,249,68
2023-11-10 03:00:00,2,79,56
2023-11-10 03:00:00,3,48,50
2023-11-10 03:00:00,4,148,43
2023-11-10 03:00:00,5,144,37
2023-11-10 03:00:00,6,246,32
2023-11-10 03:00:00,7,230,30
2023-11-10 03:00:00,8,114,29
2023-11-10 03:00:00,9,164,29
2023-11-10 03:00:00,10,68,28
2023-11-10 04:00:00,1,148,41
2023-11-10 04:00:00,2,48,39
2023-11-10 04:00:00,3,79,33
2023-11-10 04:00:00,4,144,33
2023-11-10 04:00:00,5,132,28
2023-11-10 04:00:00,6,68,22
2023-11-10 04:00:00,7,114,22
2023-11-10 04:00:00,8,230,21
2023-11-10 04:00:00,9,164,19
2023-11-10 04:00:00,10,249,18
2023-11-10 05:00:00,1,132,73
2023-11-10 05:00:00,2,100,48
2023-11-10 05:00:00,3,186,45
2023-11-10 05:00:00,4,162,38
2023-11-10 05:00:00,5,48,37
2023-11-10 05:00:00,6,230,37
2023-11-10 05:00:00,7,161,28
2023-11-10 05:00:00,8,263,27
2023-11-10 05:00:00,9,239,26
2023-11-10 05:00:00,10,236,21
2023-11-10 06:00:00,1,132,203
2023-11-10 06:00:00,2,236,95
2023-11-10 06:00:00,3,186,88
2023-11-10 06:00:00,4,48,84
2023-11-10 06:00:00,5,162,66
2023-11-10 06:00:00,6,262,61
2023-11-10 06:00:00,7,100,56
2023-11-10 06:00:00,8,238,56
2023-11-10 06:00:00,9,263,56
2023-11-10 06:00:00,10,237,52
2023-11-10 07:00:00,1,236,216
2023-11-10 07:00:00,2,132,170
2023-11-10 07:00:00,3,237,143
2023-11-10 07:00:00,4,141,132
2023-11-10 07:00:00,5,262,129
2023-11-10 07:00:00,6,186,128
2023-11-10 07:00:00,7,238,124
2023-11-10 07:00:00,8,142,112
2023-11-10 07:00:00,9,239,108
2023-11-10 07:00:00,10,170,102
2023-11-10 08:00:00,1,236,305
2023-11-10 08:00:00,2,132,234
2023-11-10 08:00:00,3,237,216
2023-11-10 08:00:00,4,239,176
2023-11-10 08:00:00,5,238,160
2023-11-10 08:00:00,6,140,152
2023-11-10 08:00:00,7,186,150
2023-11-10 08:00:00,8,262,149
2023-11-10 08:00:00,9,162,137
2023-11-10 08:00:00,10,142,135
2023-11-10 09:00:00,1,236,317
2023-11-10 09:00:00,2,138,277
2023-11-10 09:00:00,3,237,274
2023-11-10 09:00:00,4,186,209
2023-11-10 09:00:00,5,239,180
2023-11-10 09:00:00,6,170,170
2023-11-10 09:00:00,7,238,164
2023-11-10 09:00:00,8,161,159
2023-11-10 09:00:00,9,141,155
2023-11-10 09:00:00,10,230,154
2023-11-10 10:00:00,1,236,342
2023-11-10 10:00:00,2,138,302
2023-11-10 10:00:00,3,237,293
2023-11-10 10:00:00,4,161,233
2023-11-10 10:00:00,5,186,212
2023-11-10 10:00:00,6,239,201
2023-11-10 10:00:00,7,230,196
2023-11-10 10:00:00,8,142,182
2023-11-10 10:00:00,9,170,176
2023-11-10 10:00:00,10,163,174
2023-11-10 11:00:00,1,237,378
2023-11-10 11:00:00,2,236,375
2023-11-10 11:00:00,3,161,314
2023-11-10 11:00:00,4,138,254
2023-11-10 11:00:00,5,162,252
2023-11-10 11:00:00,6,186,224
2023-11-10 11:00:00,7,239,195
2023-11-10 11:00:00,8,142,194
2023-11-10 11:00:00,9,68,190
2023-11-10 11:00:00,10,163,182
2023-11-10 12:00:00,1,237,385
2023-11-10 12:00:00,2,236,374
2023-11-10 12:00:00,3,161,316
2023-11-10 12:00:00,4,138,259
2023-11-10 12:00:00,5,162,231
2023-11-10 12:00:00,6,239,219
2023-11-10 12:00:00,7,142,200
2023-11-10 12:00:00,8,163,200
2023-11-10 12:00:00,9,43,185
2023-11-10 12:00:00,10,132,182
2023-11-10 13:00:00,1,237,390
2023-11-10 13:00:00,2,236,373
2023-11-10 13:00:00,3,138,351
2023-11-10 13:00:00,4,161,333
2023-11-10 13:00:00,5,132,250
2023-11-10 13:00:00,6,162,239
2023-11-10 13:00:00,7,186,237
2023-11-10 13:00:00,8,142,230
2023-11-10 13:00:00,9,163,226
2023-11-10 13:00:00,10,239,219
2023-11-10 14:00:00,1,237,491
2023-11-10 14:00:00,2,236,435
2023-11-10 14:00:00,3,161,429
2023-11-10 14:00:00,4,138,388
2023-11-10 14:00:00,5,132,342
2023-11-10 14:00:00,6,142,266
2023-11-10 14:00:00,7,162,245
2023-11-10 14:00:00,8,163,243
2023-11-10 14:00:00,9,239,229
2023-11-10 14:00:00,10,234,226
2023-11-10 15:00:00,1,236,522
2023-11-10 15:00:00,2,237,436
2023-11-10 15:00:00,3,132,406
2023-11-10 15:00:00,4,138,393
2023-11-10 15:00:00,5,161,368
2023-11-10 15:00:00,6,142,320
2023-11-10 15:00:00,7,43,244
2023-11-10 15:00:00,8,163,238
2023-11-10 15:00:00,9,162,236
2023-11-10 15:00:00,10,239,234
2023-11-10 16:00:00,1,161,465
2023-11-10 16:00:00,2,237,443
2023-11-10 16:00:00,3,132,412
2023-11-10 16:00:00,4,236,365
2023-11-10 16:00:00,5,142,323
2023-11-10 16:00:00,6,138,284
2023-11-10 16:00:00,7,163,254
2023-11-10 16:00:00,8,162,231
2023-11-10 16:00:00,9,186,231
2023-11-10 16:00:00,10,68,230
2023-11-10 17:00:00,1,161,538
2023-11-10 17:00:00,2,237,485
2023-11-10 17:00:00,3,236,434
2023-11-10 17:00:00,4,162,349
2023-11-10 17:00:00,5,163,297
2023-11-10 17:00:00,6,142,296
2023-11-10 17:00:00,7,186,277
2023-11-10 17:00:00,8,230,270
2023-11-10 17:00:00,9,239,267
2023-11-10 17:00:00,10,138,257
2023-11-10 18:00:00,1,237,466
2023-11-10 18:00:00,2,161,449
2023-11-10 18:00:00,3,236,447
2023-11-10 18:00:00,4,162,346
2023-11-10 18:00:00,5,142,327
2023-11-10 18:00:00,6,132,310
2023-11-10 18:00:00,7,186,295
2023-11-10 18:00:00,8,170,279
2023-11-10 18:00:00,9,163,273
2023-11-10 18:00:00,10,239,267
2023-11-10 19:00:00,1,161,396
2023-11-10 19:00:00,2,132,387
2023-11-10 19:00:00,3,237,366
2023-11-10 19:00:00,4,162,330
2023-11-10 19:00:00,5,236,304
2023-11-10 19:00:00,6,138,301
2023-11-10 19:00:00,7,170,291
2023-11-10 19:00:00,8,234,249
2023-11-10 19:00:00,9,142,242
2023-11-10 19:00:00,10,68,239
2023-11-10 20:00:00,1,237,339
2023-11-10 20:00:00,2,161,273
2023-11-10 20:00:00,3,132,270
2023-11-10 20:00:00,4,163,238
2023-11-10 20:00:00,5,138,231
2023-11-10 20:00:00,6,234,231
2023-11-10 20:00:00,7,236,230
2023-11-10 20:00:00,8,142,226
2023-11-10 20:00:00,9,249,220
2023-11-10 20:00:00,10,162,218
2023-11-10 21:00:00,1,132,363
2023-11-10 21:00:00,2,142,346
2023-11-10 21:00:00,3,237,332
2023-11-10 21:00:00,4,249,291
2023-11-10 21:00:00,5,161,282
2023-11-10 21:00:00,6,48,248
2023-11-10 21:00:00,7,239,241
2023-11-10 21:00:00,8,79,239
2023-11-10 21:00:00,9,138,228
2023-11-10 21:00:00,10,162,226
2023-11-10 22:00:00,1,142,563
2023-11-10 22:00:00,2,237,352
2023-11-10 22:00:00,3,249,343
2023-11-10 22:00:00,4,79,331
2023-11-10 22:00:00,5,161,305
2023-11-10 22:00:00,6,132,301
2023-11-10 22:00:00,7,162,248
2023-11-10 22:00:00,8,230,241
2023-11-10 22:00:00,9,234,235
2023-11-10 22:00:00,10,48,226
2023-11-10 23:00:00,1,249,459
2023-11-10 23:00:00,2,79,429
2023-11-10 23:00:00,3,48,324
2023-11-10 23:00:00,4,114,290
2023-11-10 23:00:00,5,142,275
2023-11-10 23:00:00,6,164,246
2023-11-10 23:00:00,7,163,241
2023-11-10 23:00:00,8,161,231
2023-11-10 23:00:00,9,132,219
2023-11-10 23:00:00,10,234,219
2023-11-11 00:00:00,1,79,644
2023-11-11 00:00:00,2,249,557
2023-11-11 00:00:00,3,148,342
2023-11-11 00:00:00,4,114,331
2023-11-11 00:00:00,5,48,260
2023-11-11 00:00:00,6,107,208
2023-11-11 00:00:00,7,234,207
2023-11-11 00:00:00,8,90,197
2023-11-11 00:00:00,9,164,193
2023-11-11 00:00:00,10,68,189
2023-11-11 01:00:00,1,79,661
2023-11-11 01:00:00,2,249,518
2023-11-11 01:00:00,3,148,467
2023-11-11 01:00:00,4,114,373
2023-11-11 01:00:00,5,48,220
2023-11-11 01:00:00,6,158,204
2023-11-11 01:00:00,7,107,172
2023-11-11 01:00:00,8,144,160
2023-11-11 01:00:00,9,164,157
2023-11-11 01:00:00,10,234,152
2023-11-11 02:00:00,1,79,514
2023-11-11 02:00:00,2,148,410
2023-11-11 02:00:00,3,249,362
2023-11-11 02:00:00,4,114,342
2023-11-11 02:00:00,5,144,165
2023-11-11 02:00:00,6,158,153
2023-11-11 02:00:00,7,48,152
2023-11-11 02:00:00,8,107,110
2023-11-11 02:00:00,9,211,100
2023-11-11 02:00:00,10,90,99
2023-11-11 03:00:00,1,79,321
2023-11-11 03:00:00,2,148,246
2023-11-11 03:00:00,3,249,237
2023-11-11 03:00:00,4,114,166
2023-11-11 03:00:00,5,68,107
2023-11-11 03:00:00,6,246,105
2023-11-11 03:00:00,7,144,99
2023-11-11 03:00:00,8,48,94
2023-11-11 03:00:00,9,158,79
2023-11-11 03:00:00,10,211,63
2023-11-11 04:00:00,1,79,113
2023-11-11 04:00:00,2,148,106
2023-11-11 04:00:00,3,48,70
2023-11-11 04:00:00,4,249,58
2023-11-11 04:00:00,5,144,49
2023-11-11 04:00:00,6,230,47
2023-11-11 04:00:00,7,68,45
2023-11-11 04:00:00,8,246,45
2023-11-11 04:00:00,9,231,40
2023-11-11 04:00:00,10,164,36
2023-11-11 05:00:00,1,132,56
2023-11-11 05:00:00,2,48,28
2023-11-11 05:00:00,3,186,28
2023-11-11 05:00:00,4,230,25
2023-11-11 05:00:00,5,170,20
2023-11-11 05:00:00,6,162,17
2023-11-11 05:00:00,7,79,16
2023-11-11 05:00:00,8,161,16
2023-11-11 05:00:00,9,100,15
2023-11-11 05:00:00,10,107,14
2023-11-11 06:00:00,1,132,95
2023-11-11 06:00:00,2,48,35
2023-11-11 06:00:00,3,186,33
2023-11-11 06:00:00,4,263,33
2023-11-11 06:00:00,5,100,32
2023-11-11 06:00:00,6,236,30
2023-11-11 06:00:00,7,162,28
2023-11-11 06:00:00,8,238,27
2023-11-11 06:00:00,9,68,24
2023-11-11 06:00:00,10,107,23
2023-11-11 07:00:00,1,132,170
2023-11-11 07:00:00,2,236,61
2023-11-11 07:00:00,3,141,55
2023-11-11 07:00:00,4,239,48
2023-11-11 07:00:00,5,237,45
2023-11-11 07:00:00,6,186,44
2023-11-11 07:00:00,7,230,44
2023-11-11 07:00:00,8,263,43
2023-11-11 07:00:00,9,162,39
2023-11-11 07:00:00,10,48,38
2023-11-11 08:00:00,1,236,133
2023-11-11 08:00:00,2,132,125
2023-11-11 08:00:00,3,239,110
2023-11-11 08:00:00,4,230,104
2023-11-11 08:00:00,5,237,98
2023-11-11 08:00:00,6,170,95
2023-11-11 08:00:00,7,262,83
2023-11-11 08:00:00,8,186,80
2023-11-11 08:00:00,9,162,79
2023-11-11 08:00:00,10,238,76
2023-11-11 09:00:00,1,236,177
2023-11-11 09:00:00,2,237,164
2023-11-11 09:00:00,3,239,161
2023-11-11 09:00:00,4,230,141
2023-11-11 09:00:00,5,238,131
2023-11-11 09:00:00,6,186,130
2023-11-11 09:00:00,7,132,126
2023-11-11 09:00:00,8,142,119
2023-11-11 09:00:00,9,138,117
2023-11-11 09:00:00,10,163,110
2023-11-11 10:00:00,1,237,226
2023-11-11 10:00:00,2,236,214
2023-11-11 10:00:00,3,138,198
2023-11-11 10:00:00,4,239,184
2023-11-11 10:00:00,5,141,182
2023-11-11 10:00:00,6,170,165
2023-11-11 10:00:00,7,230,165
2023-11-11 10:00:00,8,186,160
2023-11-11 10:00:00,9,142,144
2023-11-11 10:00:00,10,162,142
2023-11-11 11:00:00,1,237,285
2023-11-11 11:00:00,2,236,279
2023-11-11 11:00:00,3,239,220
2023-11-11 11:00:00,4,186,217
2023-11-11 11:00:00,5,162,203
2023-11-11 11:00:00,6,141,200
2023-11-11 11:00:00,7,142,192
2023-11-11 11:00:00,8,230,187
2023-11-11 11:00:00,9,68,176
2023-11-11 11:00:00,10,161,167
2023-11-11 12:00:00,1,236,350
2023-11-11 12:00:00,2,237,315
2023-11-11 12:00:00,3,239,238
2023-11-11 12:00:00,4,162,221
2023-11-11 12:00:00,5,142,213
2023-11-11 12:00:00,6,163,191
2023-11-11 12:00:00,7,68,185
2023-11-11 12:00:00,8,138,184
2023-11-11 12:00:00,9,186,181
2023-11-11 12:00:00,10,43,177
2023-11-11 13:00:00,1,237,353
2023-11-11 13:00:00,2,236,308
2023-11-11 13:00:00,3,132,276
2023-11-11 13:00:00,4,239,258
2023-11-11 13:00:00,5,142,252
2023-11-11 13:00:00,6,186,199
2023-11-11 13:00:00,7,170,198
2023-11-11 13:00:00,8,141,196
2023-11-11 13:00:00,9,163,188
2023-11-11 13:00:00,10,43,178
2023-11-11 14:00:00,1,237,399
2023-11-11 14:00:00,2,132,329
2023-11-11 14:00:00,3,236,317
2023-11-11 14:00:00,4,142,247
2023-11-11 14:00:00,5,161,244
2023-11-11 14:00:00,6,239,220
2023-11-11 14:00:00,7,68,197
2023-11-11 14:00:00,8,234,196
2023-11-11 14:00:00,9,43,191
2023-11-11 14:00:00,10,162,189
2023-11-11 15:00:00,1,237,421
2023-11-11 15:00:00,2,236,338
2023-11-11 15:00:00,3,132,333
2023-11-11 15:00:00,4,161,324
2023-11-11 15:00:00,5,43,281
2023-11-11 15:00:00,6,142,266
2023-11-11 15:00:00,7,234,258
2023-11-11 15:00:00,8,138,248
2023-11-11 15:00:00,9,239,244
2023-11-11 15:00:00,10,163,227
2023-11-11 16:00:00,1,237,467
2023-11-11 16:00:00,2,161,368
2023-11-11 16:00:00,3,132,308
2023-11-11 16:00:00,4,236,305
2023-11-11 16:00:00,5,43,267
2023-11-11 16:00:00,6,142,267
2023-11-11 16:00:00,7,239,257
2023-11-11 16:00:00,8,234,234
2023-11-11 16:00:00,9,230,231
2023-11-11 16:00:00,10,163,220
2023-11-11 17:00:00,1,237,418
2023-11-11 17:00:00,2,161,364
2023-11-11 17:00:00,3,236,350
2023-11-11 17:00:00,4,239,292
2023-11-11 17:00:00,5,142,287
2023-11-11 17:00:00,6,162,273
2023-11-11 17:00:00,7,163,255
2023-11-11 17:00:00,8,132,235
2023-11-11 17:00:00,9,234,226
2023-11-11 17:00:00,10,230,224
2023-11-11 18:00:00,1,236,395
2023-11-11 18:00:00,2,237,391
2023-11-11 18:00:00,3,161,372
2023-11-11 18:00:00,4,142,313
2023-11-11 18:00:00,5,141,269
2023-11-11 18:00:00,6,170,254
2023-11-11 18:00:00,7,239,254
2023-11-11 18:00:00,8,234,252
2023-11-11 18:00:00,9,163,249
2023-11-11 18:00:00,10,249,239
2023-11-11 19:00:00,1,237,404
2023-11-11 19:00:00,2,132,360
2023-11-11 19:00:00,3,161,333
2023-11-11 19:00:00,4,236,321
2023-11-11 19:00:00,5,79,287
2023-11-11 19:00:00,6,142,274
2023-11-11 19:00:00,7,170,269
2023-11-11 19:00:00,8,239,255
2023-11-11 19:00:00,9,249,252
2023-11-11 19:00:00,10,141,249
2023-11-11 20:00:00,1,132,285
2023-11-11 20:00:00,2,237,280
2023-11-11 20:00:00,3,249,278
2023-11-11 20:00:00,4,79,272
2023-11-11 20:00:00,5,161,239
2023-11-11 20:00:00,6,234,215
2023-11-11 20:00:00,7,236,213
2023-11-11 20:00:00,8,142,197
2023-11-11 20:00:00,9,141,190
2023-11-11 20:00:00,10,170,178
2023-11-11 21:00:00,1,249,343
2023-11-11 21:00:00,2,79,313
2023-11-11 21:00:00,3,142,311
2023-11-11 21:00:00,4,132,293
2023-11-11 21:00:00,5,239,264
2023-11-11 21:00:00,6,48,254
2023-11-11 21:00:00,7,161,235
2023-11-11 21:00:00,8,237,229
2023-11-11 21:00:00,9,107,222
2023-11-11 21:00:00,10,234,211
2023-11-11 22:00:00,1,142,472
2023-11-11 22:00:00,2,79,420
2023-11-11 22:00:00,3,249,390
2023-11-11 22:00:00,4,161,374
2023-11-11 22:00:00,5,230,281
2023-11-11 22:00:00,6,48,275
2023-11-11 22:00:00,7,237,270
2023-11-11 22:00:00,8,132,261
2023-11-11 22:00:00,9,114,252
2023-11-11 22:00:00,10,107,227
2023-11-11 23:00:00,1,79,469
2023-11-11 23:00:00,2,142,424
2023-11-11 23:00:00,3,249,418
2023-11-11 23:00:00,4,48,360
2023-11-11 23:00:00,5,161,285
2023-11-11 23:00:00,6,234,251
2023-11-11 23:00:00,7,230,242
2023-11-11 23:00:00,8,114,236
2023-11-11 23:00:00,9,107,228
2023-11-11 23:00:00,10,148,206
2023-11-12 00:00:00,1,79,561
2023-11-12 00:00:00,2,249,404
2023-11-12 00:00:00,3,48,339
2023-11-12 00:00:00,4,148,318
2023-11-12 00:00:00,5,164,277
2023-11-12 00:00:00,6,107,222
2023-11-12 00:00:00,7,114,219
2023-11-12 00:00:00,8,68,199
2023-11-12 00:00:00,9,142,192
2023-11-12 00:00:00,10,90,179
2023-11-12 01:00:00,1,79,661
2023-11-12 01:00:00,2,249,473
2023-11-12 01:00:00,3,148,403
2023-11-12 01:00:00,4,114,324
2023-11-12 01:00:00,5,48,234
2023-11-12 01:00:00,6,144,173
2023-11-12 01:00:00,7,107,172
2023-11-12 01:00:00,8,158,158
2023-11-12 01:00:00,9,164,150
2023-11-12 01:00:00,10,68,143
2023-11-12 02:00:00,1,79,554
2023-11-12 02:00:00,2,148,413
2023-11-12 02:00:00,3,249,346
2023-11-12 02:00:00,4,114,315
2023-11-12 02:00:00,5,48,172
2023-11-12 02:00:00,6,144,164
2023-11-12 02:00:00,7,158,149
2023-11-12 02:00:00,8,107,120
2023-11-12 02:00:00,9,90,107
2023-11-12 02:00:00,10,246,94
2023-11-12 03:00:00,1,79,364
2023-11-12 03:00:00,2,148,271
2023-11-12 03:00:00,3,249,217
2023-11-12 03:00:00,4,114,177
2023-11-12 03:00:00,5,144,149
2023-11-12 03:00:00,6,48,129
2023-11-12 03:00:00,7,246,119
2023-11-12 03:00:00,8,158,97
2023-11-12 03:00:00,9,68,85
2023-11-12 03:00:00,10,107,77
2023-11-12 04:00:00,1,79,140
2023-11-12 04:00:00,2,148,124
2023-11-12 04:00:00,3,246,103
2023-11-12 04:00:00,4,48,88
2023-11-12 04:00:00,5,68,76
2023-11-12 04:00:00,6,164,71
2023-11-12 04:00:00,7,249,62
2023-11-12 04:00:00,8,114,61
2023-11-12 04:00:00,9,144,58
2023-11-12 04:00:00,10,107,49
2023-11-12 05:00:00,1,230,51
2023-11-12 05:00:00,2,48,45
2023-11-12 05:00:00,3,132,45
2023-11-12 05:00:00,4,164,37
2023-11-12 05:00:00,5,68,27
2023-11-12 05:00:00,6,161,23
2023-11-12 05:00:00,7,162,22
2023-11-12 05:00:00,8,79,20
2023-11-12 05:00:00,9,186,20
2023-11-12 05:00:00,10,170,19
2023-11-12 06:00:00,1,132,147
2023-11-12 06:00:00,2,230,51
2023-11-12 06:00:00,3,162,40
2023-11-12 06:00:00,4,161,37
2023-11-12 06:00:00,5,263,33
2023-11-12 06:00:00,6,186,32
2023-11-12 06:00:00,7,48,31
2023-11-12 06:00:00,8,238,28
2023-11-12 06:00:00,9,236,26
2023-11-12 06:00:00,10,164,25
2023-11-12 07:00:00,1,132,173
2023-11-12 07:00:00,2,230,70
2023-11-12 07:00:00,3,161,58
2023-11-12 07:00:00,4,238,53
2023-11-12 07:00:00,5,162,44
2023-11-12 07:00:00,6,236,44
2023-11-12 07:00:00,7,239,44
2023-11-12 07:00:00,8,48,38
2023-11-12 07:00:00,9,163,38
2023-11-12 07:00:00,10,141,37
2023-11-12 08:00:00,1,132,167
2023-11-12 08:00:00,2,230,110
2023-11-12 08:00:00,3,161,86
2023-11-12 08:00:00,4,236,86
2023-11-12 08:00:00,5,239,79
2023-11-12 08:00:00,6,238,69
2023-11-12 08:00:00,7,48,66
2023-11-12 08:00:00,8,262,65
2023-11-12 08:00:00,9,162,62
2023-11-12 08:00:00,10,237,62
2023-11-12 09:00:00,1,230,177
2023-11-12 09:00:00,2,236,152
2023-11-12 09:00:00,3,132,149
2023-11-12 09:00:00,4,138,138
2023-11-12 09:00:00,5,237,135
2023-11-12 09:00:00,6,162,127
2023-11-12 09:00:00,7,239,127
2023-11-12 09:00:00,8,161,126
2023-11-12 09:00:00,9,163,115
2023-11-12 09:00:00,10,142,105
2023-11-12 10:00:00,1,236,237
2023-11-12 10:00:00,2,230,220
2023-11-12 10:00:00,3,138,214
2023-11-12 10:00:00,4,237,203
2023-11-12 10:00:00,5,132,199
2023-11-12 10:00:00,6,239,192
2023-11-12 10:00:00,7,161,184
2023-11-12 10:00:00,8,162,169
2023-11-12 10:00:00,9,238,159
2023-11-12 10:00:00,10,170,153
2023-11-12 11:00:00,1,236,266
2023-11-12 11:00:00,2,186,256
2023-11-12 11:00:00,3,161,255
2023-11-12 11:00:00,4,237,246
2023-11-12 11:00:00,5,230,231
2023-11-12 11:00:00,6,239,231
2023-11-12 11:00:00,7,162,216
2023-11-12 11:00:00,8,142,200
2023-11-12 11:00:00,9,163,191
2023-11-12 11:00:00,10,68,182
2023-11-12 12:00:00,1,236,315
2023-11-12 12:00:00,2,237,275
2023-11-12 12:00:00,3,161,274
2023-11-12 12:00:00,4,138,268
2023-11-12 12:00:00,5,186,233
2023-11-12 12:00:00,6,162,230
2023-11-12 12:00:00,7,239,224
2023-11-12 12:00:00,8,142,206
2023-11-12 12:00:00,9,230,204
2023-11-12 12:00:00,10,141,198
2023-11-12 13:00:00,1,237,327
2023-11-12 13:00:00,2,132,302
2023-11-12 13:00:00,3,161,298
2023-11-12 13:00:00,4,239,282
2023-11-12 13:00:00,5,236,257
2023-11-12 13:00:00,6,186,248
2023-11-12 13:00:00,7,138,241
2023-11-12 13:00:00,8,142,230
2023-11-12 13:00:00,9,163,209
2023-11-12 13:00:00,10,43,195
2023-11-12 14:00:00,1,132,380
2023-11-12 14:00:00,2,237,372
2023-11-12 14:00:00,3,186,320
2023-11-12 14:00:00,4,161,308
2023-11-12 14:00:00,5,236,298
2023-11-12 14:00:00,6,138,284
2023-11-12 14:00:00,7,142,247
2023-11-12 14:00:00,8,239,244
2023-11-12 14:00:00,9,234,201
2023-11-12 14:00:00,10,163,195
2023-11-12 15:00:00,1,132,454
2023-11-12 15:00:00,2,161,344
2023-11-12 15:00:00,3,237,330
2023-11-12 15:00:00,4,138,305
2023-11-12 15:00:00,5,236,288
2023-11-12 15:00:00,6,142,244
2023-11-12 15:00:00,7,239,234
2023-11-12 15:00:00,8,186,211
2023-11-12 15:00:00,9,163,200
2023-11-12 15:00:00,10,43,197
2023-11-12 16:00:00,1,132,456
2023-11-12 16:00:00,2,237,320
2023-11-12 16:00:00,3,236,314
2023-11-12 16:00:00,4,138,311
2023-11-12 16:00:00,5,142,301
2023-11-12 16:00:00,6,161,297
2023-11-12 16:00:00,7,163,260
2023-11-12 16:00:00,8,239,260
2023-11-12 16:00:00,9,230,220
2023-11-12 16:00:00,10,162,207
2023-11-12 17:00:00,1,237,369
2023-11-12 17:00:00,2,161,349
2023-11-12 17:00:00,3,132,325
2023-11-12 17:00:00,4,142,309
2023-11-12 17:00:00,5,162,282
2023-11-12 17:00:00,6,236,269
2023-11-12 17:00:00,7,230,231
2023-11-12 17:00:00,8,186,230
2023-11-12 17:00:00,9,138,229
2023-11-12 17:00:00,10,239,223
2023-11-12 18:00:00,1,132,383
2023-11-12 18:00:00,2,161,295
2023-11-12 18:00:00,3,237,291
2023-11-12 18:00:00,4,138,289
2023-11-12 18:00:00,5,142,259
2023-11-12 18:00:00,6,68,242
2023-11-12 18:00:00,7,48,217
2023-11-12 18:00:00,8,162,213
2023-11-12 18:00:00,9,186,213
2023-11-12 18:00:00,10,236,209
2023-11-12 19:00:00,1,132,428
2023-11-12 19:00:00,2,138,339
2023-11-12 19:00:00,3,186,265
2023-11-12 19:00:00,4,237,221
2023-11-12 19:00:00,5,68,215
2023-11-12 19:00:00,6,161,192
2023-11-12 19:00:00,7,142,188
2023-11-12 19:00:00,8,170,174
2023-11-12 19:00:00,9,162,171
2023-11-12 19:00:00,10,48,155
2023-11-12 20:00:00,1,132,431
2023-11-12 20:00:00,2,186,325
2023-11-12 20:00:00,3,138,314
2023-11-12 20:00:00,4,230,179
2023-11-12 20:00:00,5,142,177
2023-11-12 20:00:00,6,48,165
2023-11-12 20:00:00,7,237,160
2023-11-12 20:00:00,8,162,155
2023-11-12 20:00:00,9,161,148
2023-11-12 20:00:00,10,249,146
2023-11-12 21:00:00,1,132,433
2023-11-12 21:00:00,2,138,369
2023-11-12 21:00:00,3,186,224
2023-11-12 21:00:00,4,230,212
2023-11-12 21:00:00,5,249,156
2023-11-12 21:00:00,6,161,155
2023-11-12 21:00:00,7,48,147
2023-11-12 21:00:00,8,163,147
2023-11-12 21:00:00,9,79,139
2023-11-12 21:00:00,10,142,134
2023-11-12 22:00:00,1,132,564
2023-11-12 22:00:00,2,138,304
2023-11-12 22:00:00,3,186,251
2023-11-12 22:00:00,4,142,137
2023-11-12 22:00:00,5,230,136
2023-11-12 22:00:00,6,79,134
2023-11-12 22:00:00,7,164,122
2023-11-12 22:00:00,8,249,120
2023-11-12 22:00:00,9,48,119
2023-11-12 22:00:00,10,239,110
2023-11-12 23:00:00,1,132,389
2023-11-12 23:00:00,2,138,281
2023-11-12 23:00:00,3,186,118
2023-11-12 23:00:00,4,249,101
2023-11-12 23:00:00,5,48,92
2023-11-12 23:00:00,6,230,92
2023-11-12 23:00:00,7,79,71
2023-11-12 23:00:00,8,163,69
2023-11-12 23:00:00,9,68,68
2023-11-12 23:00:00,10,114,58
2023-11-13 00:00:00,1,132,164
2023-11-13 00:00:00,2,186,91
2023-11-13 00:00:00,3,138,88
2023-11-13 00:00:00,4,114,62
2023-11-13 00:00:00,5,230,58
2023-11-13 00:00:00,6,79,54
2023-11-13 00:00:00,7,48,51
2023-11-13 00:00:00,8,164,37
2023-11-13 00:00:00,9,249,37
2023-11-13 00:00:00,10,68,36
2023-11-13 01:00:00,1,186,73
2023-11-13 01:00:00,2,132,57
2023-11-13 01:00:00,3,48,44
2023-11-13 01:00:00,4,79,33
2023-11-13 01:00:00,5,246,27
2023-11-13 01:00:00,6,249,25
2023-11-13 01:00:00,7,68,20
2023-11-13 01:00:00,8,114,20
2023-11-13 01:00:00,9,100,19
2023-11-13 01:00:00,10,230,16
2023-11-13 02:00:00,1,48,25
2023-11-13 02:00:00,2,132,23
2023-11-13 02:00:00,3,68,22
2023-11-13 02:00:00,4,249,21
2023-11-13 02:00:00,5,100,19
2023-11-13 02:00:00,6,246,17
2023-11-13 02:00:00,7,79,13
2023-11-13 02:00:00,8,230,13
2023-11-13 02:00:00,9,164,10
2023-11-13 02:00:00,10,186,9
2023-11-13 03:00:00,1,132,43
2023-11-13 03:00:00,2,48,22
2023-11-13 03:00:00,3,246,19
2023-11-13 03:00:00,4,249,16
2023-11-13 03:00:00,5,230,12
2023-11-13 03:00:00,6,100,11
2023-11-13 03:00:00,7,79,10
2023-11-13 03:00:00,8,68,9
2023-11-13 03:00:00,9,161,9
2023-11-13 03:00:00,10,90,8
2023-11-13 04:00:00,1,48,29
2023-11-13 04:00:00,2,230,27
2023-11-13 04:00:00,3,132,21
2023-11-13 04:00:00,4,246,13
2023-11-13 04:00:00,5,141,11
2023-11-13 04:00:00,6,79,10
2023-11-13 04:00:00,7,100,10
2023-11-13 04:00:00,8,140,10
2023-11-13 04:00:00,9,162,9
2023-11-13 04:00:00,10,125,8
2023-11-13 05:00:00,1,132,87
2023-11-13 05:00:00,2,100,57
2023-11-13 05:00:00,3,186,52
2023-11-13 05:00:00,4,162,33
2023-11-13 05:00:00,5,236,22
2023-11-13 05:00:00,6,230,21
2023-11-13 05:00:00,7,263,21
2023-11-13 05:00:00,8,239,18
2023-11-13 05:00:00,9,48,17
2023-11-13 05:00:00,10,107,16
2023-11-13 06:00:00,1,132,188
2023-11-13 06:00:00,2,186,147
2023-11-13 06:00:00,3,100,109
2023-11-13 06:00:00,4,48,89
2023-11-13 06:00:00,5,236,83
2023-11-13 06:00:00,6,162,71
2023-11-13 06:00:00,7,262,66
2023-11-13 06:00:00,8,141,56
2023-11-13 06:00:00,9,263,55
2023-11-13 06:00:00,10,170,52
2023-11-13 07:00:00,1,236,307
2023-11-13 07:00:00,2,186,210
2023-11-13 07:00:00,3,132,199
2023-11-13 07:00:00,4,237,190
2023-11-13 07:00:00,5,239,138
2023-11-13 07:00:00,6,238,130
2023-11-13 07:00:00,7,262,124
2023-11-13 07:00:00,8,162,117
2023-11-13 07:00:00,9,263,117
2023-11-13 07:00:00,10,140,114
2023-11-13 08:00:00,1,236,343
2023-11-13 08:00:00,2,237,244
2023-11-13 08:00:00,3,186,237
2023-11-13 08:00:00,4,132,229
2023-11-13 08:00:00,5,239,189
2023-11-13 08:00:00,6,138,169
2023-11-13 08:00:00,7,162,161
2023-11-13 08:00:00,8,140,159
2023-11-13 08:00:00,9,142,155
2023-11-13 08:00:00,10,161,149
2023-11-13 09:00:00,1,237,302
2023-11-13 09:00:00,2,236,300
2023-11-13 09:00:00,3,138,269
2023-11-13 09:00:00,4,186,248
2023-11-13 09:00:00,5,170,212
2023-11-13 09:00:00,6,162,209
2023-11-13 09:00:00,7,132,195
2023-11-13 09:00:00,8,161,175
2023-11-13 09:00:00,9,239,171
2023-11-13 09:00:00,10,230,155
2023-11-13 10:00:00,1,236,336
2023-11-13 10:00:00,2,237,308
2023-11-13 10:00:00,3,138,287
2023-11-13 10:00:00,4,161,239
2023-11-13 10:00:00,5,186,224
2023-11-13 10:00:00,6,162,201
2023-11-13 10:00:00,7,170,182
2023-11-13 10:00:00,8,132,173
2023-11-13 10:00:00,9,239,165
2023-11-13 10:00:00,10,230,155
2023-11-13 11:00:00,1,236,357
2023-11-13 11:00:00,2,237,331
2023-11-13 11:00:00,3,161,292
2023-11-13 11:00:00,4,162,233
2023-11-13 11:00:00,5,138,231
2023-11-13 11:00:00,6,170,203
2023-11-13 11:00:00,7,186,197
2023-11-13 11:00:00,8,230,191
2023-11-13 11:00:00,9,163,179
2023-11-13 11:00:00,10,142,176
2023-11-13 12:00:00,1,237,370
2023-11-13 12:00:00,2,138,343
2023-11-13 12:00:00,3,236,337
2023-11-13 12:00:00,4,161,297
2023-11-13 12:00:00,5,162,224
2023-11-13 12:00:00,6,132,209
2023-11-13 12:00:00,7,170,197
2023-11-13 12:00:00,8,142,190
2023-11-13 12:00:00,9,140,176
2023-11-13 12:00:00,10,186,172
2023-11-13 13:00:00,1,237,409
2023-11-13 13:00:00,2,236,349
2023-11-13 13:00:00,3,132,316
2023-11-13 13:00:00,4,161,316
2023-11-13 13:00:00,5,138,296
2023-11-13 13:00:00,6,162,216
2023-11-13 13:00:00,7,163,210
2023-11-13 13:00:00,8,142,182
2023-11-13 13:00:00,9,170,181
2023-11-13 13:00:00,10,230,177
2023-11-13 14:00:00,1,237,441
2023-11-13 14:00:00,2,161,420
2023-11-13 14:00:00,3,236,357
2023-11-13 14:00:00,4,132,304
2023-11-13 14:00:00,5,138,304
2023-11-13 14:00:00,6,162,258
2023-11-13 14:00:00,7,163,229
2023-11-13 14:00:00,8,239,202
2023-11-13 14:00:00,9,140,197
2023-11-13 14:00:00,10,170,194
2023-11-13 15:00:00,1,132,466
2023-11-13 15:00:00,2,237,466
2023-11-13 15:00:00,3,236,413
2023-11-13 15:00:00,4,161,367
2023-11-13 15:00:00,5,138,320
2023-11-13 15:00:00,6,162,257
2023-11-13 15:00:00,7,163,219
2023-11-13 15:00:00,8,142,212
2023-11-13 15:00:00,9,246,205
2023-11-13 15:00:00,10,239,198
2023-11-13 16:00:00,1,132,458
2023-11-13 16:00:00,2,237,436
2023-11-13 16:00:00,3,161,397
2023-11-13 16:00:00,4,236,384
2023-11-13 16:00:00,5,138,280
2023-11-13 16:00:00,6,162,250
2023-11-13 16:00:00,7,246,242
2023-11-13 16:00:00,8,163,231
2023-11-13 16:00:00,9,170,202
2023-11-13 16:00:00,10,230,194
2023-11-13 17:00:00,1,161,505
2023-11-13 17:00:00,2,237,433
2023-11-13 17:00:00,3,236,413
2023-11-13 17:00:00,4,132,405
2023-11-13 17:00:00,5,162,369
2023-11-13 17:00:00,6,163,272
2023-11-13 17:00:00,7,142,248
2023-11-13 17:00:00,8,170,248
2023-11-13 17:00:00,9,138,241
2023-11-13 17:00:00,10,230,234
2023-11-13 18:00:00,1,161,601
2023-11-13 18:00:00,2,237,444
2023-11-13 18:00:00,3,162,423
2023-11-13 18:00:00,4,236,393
2023-11-13 18:00:00,5,163,306
2023-11-13 18:00:00,6,230,296
2023-11-13 18:00:00,7,132,291
2023-11-13 18:00:00,8,170,257
2023-11-13 18:00:00,9,142,253
2023-11-13 18:00:00,10,186,219
2023-11-13 19:00:00,1,161,469
2023-11-13 19:00:00,2,132,395
2023-11-13 19:00:00,3,237,304
2023-11-13 19:00:00,4,138,300
2023-11-13 19:00:00,5,236,277
2023-11-13 19:00:00,6,162,269
2023-11-13 19:00:00,7,230,245
2023-11-13 19:00:00,8,163,243
2023-11-13 19:00:00,9,142,211
2023-11-13 19:00:00,10,170,200
2023-11-13 20:00:00,1,132,380
2023-11-13 20:00:00,2,161,374
2023-11-13 20:00:00,3,237,338
2023-11-13 20:00:00,4,186,317
2023-11-13 20:00:00,5,138,262
2023-11-13 20:00:00,6,163,251
2023-11-13 20:00:00,7,230,249
2023-11-13 20:00:00,8,236,242
2023-11-13 20:00:00,9,162,241
2023-11-13 20:00:00,10,234,189
2023-11-13 21:00:00,1,161,432
2023-11-13 21:00:00,2,132,388
2023-11-13 21:00:00,3,237,333
2023-11-13 21:00:00,4,142,276
2023-11-13 21:00:00,5,230,256
2023-11-13 21:00:00,6,138,230
2023-11-13 21:00:00,7,163,204
2023-11-13 21:00:00,8,162,203
2023-11-13 21:00:00,9,48,190
2023-11-13 21:00:00,10,68,173
2023-11-13 22:00:00,1,132,404
2023-11-13 22:00:00,2,142,306
2023-11-13 22:00:00,3,161,278
2023-11-13 22:00:00,4,138,218
2023-11-13 22:00:00,5,230,215
2023-11-13 22:00:00,6,237,184
2023-11-13 22:00:00,7,163,167
2023-11-13 22:00:00,8,186,146
2023-11-13 22:00:00,9,249,141
2023-11-13 22:00:00,10,234,138
2023-11-13 23:00:00,1,138,274
2023-11-13 23:00:00,2,132,245
2023-11-13 23:00:00,3,161,130
2023-11-13 23:00:00,4,186,97
2023-11-13 23:00:00,5,48,89
2023-11-13 23:00:00,6,163,87
2023-11-13 23:00:00,7,237,85
2023-11-13 23:00:00,8,68,84
2023-11-13 23:00:00,9,230,83
2023-11-13 23:00:00,10,79,76
2023-11-14 00:00:00,1,132,167
2023-11-14 00:00:00,2,48,64
2023-11-14 00:00:00,3,230,54
2023-11-14 00:00:00,4,114,52
2023-11-14 00:00:00,5,249,52
2023-11-14 00:00:00,6,186,50
2023-11-14 00:00:00,7,138,46
2023-11-14 00:00:00,8,161,46
2023-11-14 00:00:00,9,79,41
2023-11-14 00:00:00,10,140,40
2023-11-14 01:00:00,1,132,87
2023-11-14 01:00:00,2,230,34
2023-11-14 01:00:00,3,79,31
2023-11-14 01:00:00,4,48,28
2023-11-14 01:00:00,5,249,28
2023-11-14 01:00:00,6,161,22
2023-11-14 01:00:00,7,114,19
2023-11-14 01:00:00,8,163,18
2023-11-14 01:00:00,9,100,17
2023-11-14 01:00:00,10,186,17
2023-11-14 02:00:00,1,249,22
2023-11-14 02:00:00,2,48,21
2023-11-14 02:00:00,3,132,19
2023-11-14 02:00:00,4,79,18
2023-11-14 02:00:00,5,230,14
2023-11-14 02:00:00,6,68,13
2023-11-14 02:00:00,7,163,11
2023-11-14 02:00:00,8,186,10
2023-11-14 02:00:00,9,90,9
2023-11-14 02:00:00,10,100,9
2023-11-14 03:00:00,1,48,13
2023-11-14 03:00:00,2,79,11
2023-11-14 03:00:00,3,132,10
2023-11-14 03:00:00,4,230,10
2023-11-14 03:00:00,5,249,10
2023-11-14 03:00:00,6,164,9
2023-11-14 03:00:00,7,68,8
2023-11-14 03:00:00,8,90,7
2023-11-14 03:00:00,9,100,7
2023-11-14 03:00:00,10,163,7
2023-11-14 04:00:00,1,48,14
2023-11-14 04:00:00,2,164,13
2023-11-14 04:00:00,3,230,12
2023-11-14 04:00:00,4,161,11
2023-11-14 04:00:00,5,162,10
2023-11-14 04:00:00,6,186,10
2023-11-14 04:00:00,7,68,9
2023-11-14 04:00:00,8,142,9
2023-11-14 04:00:00,9,100,8
2023-11-14 04:00:00,10,238,8
2023-11-14 05:00:00,1,132,61
2023-11-14 05:00:00,2,100,60
2023-11-14 05:00:00,3,186,53
2023-11-14 05:00:00,4,263,41
2023-11-14 05:00:00,5,48,38
2023-11-14 05:00:00,6,239,38
2023-11-14 05:00:00,7,236,37
2023-11-14 05:00:00,8,262,36
2023-11-14 05:00:00,9,238,32
2023-11-14 05:00:00,10,162,25
2023-11-14 06:00:00,1,132,144
2023-11-14 06:00:00,2,186,125
2023-11-14 06:00:00,3,236,107
2023-11-14 06:00:00,4,262,93
2023-11-14 06:00:00,5,48,92
2023-11-14 06:00:00,6,100,90
2023-11-14 06:00:00,7,238,82
2023-11-14 06:00:00,8,162,79
2023-11-14 06:00:00,9,239,69
2023-11-14 06:00:00,10,263,69
2023-11-14 07:00:00,1,236,313
2023-11-14 07:00:00,2,132,246
2023-11-14 07:00:00,3,186,241
2023-11-14 07:00:00,4,237,209
2023-11-14 07:00:00,5,239,167
2023-11-14 07:00:00,6,262,166
2023-11-14 07:00:00,7,162,148
2023-11-14 07:00:00,8,142,139
2023-11-14 07:00:00,9,238,138
2023-11-14 07:00:00,10,141,135
2023-11-14 08:00:00,1,236,402
2023-11-14 08:00:00,2,237,315
2023-11-14 08:00:00,3,186,275
2023-11-14 08:00:00,4,141,206
2023-11-14 08:00:00,5,239,203
2023-11-14 08:00:00,6,170,201
2023-11-14 08:00:00,7,140,191
2023-11-14 08:00:00,8,262,190
2023-11-14 08:00:00,9,162,187
2023-11-14 08:00:00,10,142,181
2023-11-14 09:00:00,1,236,361
2023-11-14 09:00:00,2,237,331
2023-11-14 09:00:00,3,138,299
2023-11-14 09:00:00,4,186,272
2023-11-14 09:00:00,5,162,228
2023-11-14 09:00:00,6,170,219
2023-11-14 09:00:00,7,140,202
2023-11-14 09:00:00,8,161,174
2023-11-14 09:00:00,9,141,173
2023-11-14 09:00:00,10,239,171
2023-11-14 10:00:00,1,237,343
2023-11-14 10:00:00,2,236,337
2023-11-14 10:00:00,3,138,300
2023-11-14 10:00:00,4,186,269
2023-11-14 10:00:00,5,161,232
2023-11-14 10:00:00,6,170,217
2023-11-14 10:00:00,7,162,213
2023-11-14 10:00:00,8,140,203
2023-11-14 10:00:00,9,239,178
2023-11-14 10:00:00,10,68,171
2023-11-14 11:00:00,1,237,389
2023-11-14 11:00:00,2,236,361
2023-11-14 11:00:00,3,161,299
2023-11-14 11:00:00,4,162,283
2023-11-14 11:00:00,5,138,246
2023-11-14 11:00:00,6,170,201
2023-11-14 11:00:00,7,186,194
2023-11-14 11:00:00,8,163,191
2023-11-14 11:00:00,9,140,187
2023-11-14 11:00:00,10,142,181
2023-11-14 12:00:00,1,237,414
2023-11-14 12:00:00,2,236,404
2023-11-14 12:00:00,3,161,313
2023-11-14 12:00:00,4,138,278
2023-11-14 12:00:00,5,163,221
2023-11-14 12:00:00,6,162,208
2023-11-14 12:00:00,7,170,207
2023-11-14 12:00:00,8,140,187
2023-11-14 12:00:00,9,142,187
2023-11-14 12:00:00,10,239,184
2023-11-14 13:00:00,1,237,402
2023-11-14 13:00:00,2,161,365
2023-11-14 13:00:00,3,236,338
2023-11-14 13:00:00,4,138,260
2023-11-14 13:00:00,5,162,247
2023-11-14 13:00:00,6,163,227
2023-11-14 13:00:00,7,170,216
2023-11-14 13:00:00,8,132,207
2023-11-14 13:00:00,9,186,207
2023-11-14 13:00:00,10,142,188
2023-11-14 14:00:00,1,161,450
2023-11-14 14:00:00,2,237,447
2023-11-14 14:00:00,3,236,374
2023-11-14 14:00:00,4,132,344
2023-11-14 14:00:00,5,138,308
2023-11-14 14:00:00,6,163,271
2023-11-14 14:00:00,7,162,269
2023-11-14 14:00:00,8,170,201
2023-11-14 14:00:00,9,142,189
2023-11-14 14:00:00,10,234,183
2023-11-14 15:00:00,1,161,465
2023-11-14 15:00:00,2,237,460
2023-11-14 15:00:00,3,236,452
2023-11-14 15:00:00,4,132,365
2023-11-14 15:00:00,5,162,289
2023-11-14 15:00:00,6,138,284
2023-11-14 15:00:00,7,163,247
2023-11-14 15:00:00,8,142,215
2023-11-14 15:00:00,9,140,208
2023-11-14 15:00:00,10,170,207
2023-11-14 16:00:00,1,161,454
2023-11-14 16:00:00,2,132,440
2023-11-14 16:00:00,3,237,430
2023-11-14 16:00:00,4,236,412
2023-11-14 16:00:00,5,163,273
2023-11-14 16:00:00,6,162,254
2023-11-14 16:00:00,7,230,230
2023-11-14 16:00:00,8,138,229
2023-11-14 16:00:00,9,170,224
2023-11-14 16:00:00,10,234,203
2023-11-14 17:00:00,1,161,549
2023-11-14 17:00:00,2,162,451
2023-11-14 17:00:00,3,237,450
2023-11-14 17:00:00,4,236,449
2023-11-14 17:00:00,5,163,358
2023-11-14 17:00:00,6,230,292
2023-11-14 17:00:00,7,170,277
2023-11-14 17:00:00,8,142,268
2023-11-14 17:00:00,9,138,245
2023-11-14 17:00:00,10,132,242
2023-11-14 18:00:00,1,161,708
2023-11-14 18:00:00,2,162,487
2023-11-14 18:00:00,3,237,466
2023-11-14 18:00:00,4,236,445
2023-11-14 18:00:00,5,230,350
2023-11-14 18:00:00,6,163,338
2023-11-14 18:00:00,7,132,304
2023-11-14 18:00:00,8,170,299
2023-11-14 18:00:00,9,234,296
2023-11-14 18:00:00,10,68,270
2023-11-14 19:00:00,1,161,595
2023-11-14 19:00:00,2,237,419
2023-11-14 19:00:00,3,132,406
2023-11-14 19:00:00,4,162,359
2023-11-14 19:00:00,5,236,319
2023-11-14 19:00:00,6,234,300
2023-11-14 19:00:00,7,170,283
2023-11-14 19:00:00,8,230,280
2023-11-14 19:00:00,9,138,270
2023-11-14 19:00:00,10,163,260
2023-11-14 20:00:00,1,161,623
2023-11-14 20:00:00,2,237,410
2023-11-14 20:00:00,3,162,355
2023-11-14 20:00:00,4,230,310
2023-11-14 20:00:00,5,132,294
2023-11-14 20:00:00,6,163,291
2023-11-14 20:00:00,7,142,285
2023-11-14 20:00:00,8,234,283
2023-11-14 20:00:00,9,170,254
2023-11-14 20:00:00,10,68,247
2023-11-14 21:00:00,1,161,558
2023-11-14 21:00:00,2,237,423
2023-11-14 21:00:00,3,162,415
2023-11-14 21:00:00,4,142,380
2023-11-14 21:00:00,5,230,363
2023-11-14 21:00:00,6,163,322
2023-11-14 21:00:00,7,132,307
2023-11-14 21:00:00,8,48,280
2023-11-14 21:00:00,9,234,269
2023-11-14 21:00:00,10,170,262
2023-11-14 22:00:00,1,161,418
2023-11-14 22:00:00,2,237,399
2023-11-14 22:00:00,3,132,345
2023-11-14 22:00:00,4,163,344
2023-11-14 22:00:00,5,162,299
2023-11-14 22:00:00,6,230,298
2023-11-14 22:00:00,7,48,258
2023-11-14 22:00:00,8,79,255
2023-11-14 22:00:00,9,249,243
2023-11-14 22:00:00,10,138,233
2023-11-14 23:00:00,1,142,289
2023-11-14 23:00:00,2,132,248
2023-11-14 23:00:00,3,230,205
2023-11-14 23:00:00,4,249,192
2023-11-14 23:00:00,5,161,185
2023-11-14 23:00:00,6,138,181
2023-11-14 23:00:00,7,114,156
2023-11-14 23:00:00,8,48,154
2023-11-14 23:00:00,9,164,151
2023-11-14 23:00:00,10,234,145
2023-11-15 00:00:00,1,132,166
2023-11-15 00:00:00,2,230,94
2023-11-15 00:00:00,3,79,89
2023-11-15 00:00:00,4,48,87
2023-11-15 00:00:00,5,161,85
2023-11-15 00:00:00,6,249,81
2023-11-15 00:00:00,7,148,59
2023-11-15 00:00:00,8,163,56
2023-11-15 00:00:00,9,138,55
2023-11-15 00:00:00,10,107,54
2023-11-15 01:00:00,1,249,54
2023-11-15 01:00:00,2,79,42
2023-11-15 01:00:00,3,48,40
2023-11-15 01:00:00,4,230,39
2023-11-15 01:00:00,5,114,37
2023-11-15 01:00:00,6,164,35
2023-11-15 01:00:00,7,148,33
2023-11-15 01:00:00,8,107,27
2023-11-15 01:00:00,9,161,27
2023-11-15 01:00:00,10,90,26
2023-11-15 02:00:00,1,249,38
2023-11-15 02:00:00,2,79,33
2023-11-15 02:00:00,3,230,24
2023-11-15 02:00:00,4,186,19
2023-11-15 02:00:00,5,162,17
2023-11-15 02:00:00,6,48,16
2023-11-15 02:00:00,7,231,15
2023-11-15 02:00:00,8,100,14
2023-11-15 02:00:00,9,114,14
2023-11-15 02:00:00,10,164,14
2023-11-15 03:00:00,1,48,28
2023-11-15 03:00:00,2,79,21
2023-11-15 03:00:00,3,230,17
2023-11-15 03:00:00,4,246,16
2023-11-15 03:00:00,5,100,15
2023-11-15 03:00:00,6,249,11
2023-11-15 03:00:00,7,132,9
2023-11-15 03:00:00,8,231,9
2023-11-15 03:00:00,9,161,8
2023-11-15 03:00:00,10,162,8
2023-11-15 04:00:00,1,162,16
2023-11-15 04:00:00,2,48,13
2023-11-15 04:00:00,3,230,13
2023-11-15 04:00:00,4,132,11
2023-11-15 04:00:00,5,164,11
2023-11-15 04:00:00,6,249,11
2023-11-15 04:00:00,7,79,10
2023-11-15 04:00:00,8,100,10
2023-11-15 04:00:00,9,163,9
2023-11-15 04:00:00,10,239,9
2023-11-15 05:00:00,1,132,75
2023-11-15 05:00:00,2,186,50
2023-11-15 05:00:00,3,100,48
2023-11-15 05:00:00,4,162,36
2023-11-15 05:00:00,5,48,31
2023-11-15 05:00:00,6,263,22
2023-11-15 05:00:00,7,170,21
2023-11-15 05:00:00,8,230,21
2023-11-15 05:00:00,9,236,20
2023-11-15 05:00:00,10,141,19
2023-11-15 06:00:00,1,132,158
2023-11-15 06:00:00,2,186,141
2023-11-15 06:00:00,3,236,95
2023-11-15 06:00:00,4,100,91
2023-11-15 06:00:00,5,48,83
2023-11-15 06:00:00,6,162,69
2023-11-15 06:00:00,7,239,65
2023-11-15 06:00:00,8,238,64
2023-11-15 06:00:00,9,141,58
2023-11-15 06:00:00,10,262,58
2023-11-15 07:00:00,1,236,314
2023-11-15 07:00:00,2,186,246
2023-11-15 07:00:00,3,237,241
2023-11-15 07:00:00,4,239,177
2023-11-15 07:00:00,5,238,173
2023-11-15 07:00:00,6,132,163
2023-11-15 07:00:00,7,262,155
2023-11-15 07:00:00,8,161,152
2023-11-15 07:00:00,9,162,151
2023-11-15 07:00:00,10,140,135
2023-11-15 08:00:00,1,236,448
2023-11-15 08:00:00,2,237,297
2023-11-15 08:00:00,3,186,286
2023-11-15 08:00:00,4,239,223
2023-11-15 08:00:00,5,162,203
2023-11-15 08:00:00,6,140,186
2023-11-15 08:00:00,7,238,179
2023-11-15 08:00:00,8,161,176
2023-11-15 08:00:00,9,170,176
2023-11-15 08:00:00,10,141,167
2023-11-15 09:00:00,1,236,390
2023-11-15 09:00:00,2,237,354
2023-11-15 09:00:00,3,186,265
2023-11-15 09:00:00,4,162,249
2023-11-15 09:00:00,5,138,238
2023-11-15 09:00:00,6,161,208
2023-11-15 09:00:00,7,140,196
2023-11-15 09:00:00,8,170,192
2023-11-15 09:00:00,9,142,181
2023-11-15 09:00:00,10,239,175
2023-11-15 10:00:00,1,237,380
2023-11-15 10:00:00,2,236,378
2023-11-15 10:00:00,3,186,258
2023-11-15 10:00:00,4,138,244
2023-11-15 10:00:00,5,161,244
2023-11-15 10:00:00,6,162,233
2023-11-15 10:00:00,7,170,207
2023-11-15 10:00:00,8,163,179
2023-11-15 10:00:00,9,142,175
2023-11-15 10:00:00,10,230,175
2023-11-15 11:00:00,1,237,407
2023-11-15 11:00:00,2,236,353
2023-11-15 11:00:00,3,161,283
2023-11-15 11:00:00,4,162,260
2023-11-15 11:00:00,5,138,255
2023-11-15 11:00:00,6,186,240
2023-11-15 11:00:00,7,163,199
2023-11-15 11:00:00,8,239,190
2023-11-15 11:00:00,9,142,180
2023-11-15 11:00:00,10,140,171
2023-11-15 12:00:00,1,237,419
2023-11-15 12:00:00,2,236,356
2023-11-15 12:00:00,3,161,320
2023-11-15 12:00:00,4,138,296
2023-11-15 12:00:00,5,162,239
2023-11-15 12:00:00,6,163,220
2023-11-15 12:00:00,7,170,218
2023-11-15 12:00:00,8,142,202
2023-11-15 12:00:00,9,186,191
2023-11-15 12:00:00,10,230,184
2023-11-15 13:00:00,1,237,450
2023-11-15 13:00:00,2,161,390
2023-11-15 13:00:00,3,236,359
2023-11-15 13:00:00,4,138,304
2023-11-15 13:00:00,5,132,266
2023-11-15 13:00:00,6,162,246
2023-11-15 13:00:00,7,163,232
2023-11-15 13:00:00,8,170,232
2023-11-15 13:00:00,9,142,212
2023-11-15 13:00:00,10,234,176
2023-11-15 14:00:00,1,237,471
2023-11-15 14:00:00,2,161,470
2023-11-15 14:00:00,3,236,378
2023-11-15 14:00:00,4,132,292
2023-11-15 14:00:00,5,138,287
2023-11-15 14:00:00,6,162,281
2023-11-15 14:00:00,7,170,235
2023-11-15 14:00:00,8,163,232
2023-11-15 14:00:00,9,142,220
2023-11-15 14:00:00,10,234,203
2023-11-15 15:00:00,1,236,451
2023-11-15 15:00:00,2,237,444
2023-11-15 15:00:00,3,161,443
2023-11-15 15:00:00,4,132,342
2023-11-15 15:00:00,5,138,316
2023-11-15 15:00:00,6,162,286
2023-11-15 15:00:00,7,163,280
2023-11-15 15:00:00,8,142,242
2023-11-15 15:00:00,9,170,242
2023-11-15 15:00:00,10,234,222
2023-11-15 16:00:00,1,161,499
2023-11-15 16:00:00,2,237,426
2023-11-15 16:00:00,3,236,417
2023-11-15 16:00:00,4,162,314
2023-11-15 16:00:00,5,132,306
2023-11-15 16:00:00,6,230,267
2023-11-15 16:00:00,7,163,265
2023-11-15 16:00:00,8,142,253
2023-11-15 16:00:00,9,138,242
2023-11-15 16:00:00,10,170,234
2023-11-15 17:00:00,1,161,533
2023-11-15 17:00:00,2,237,516
2023-11-15 17:00:00,3,162,474
2023-11-15 17:00:00,4,236,473
2023-11-15 17:00:00,5,142,317
2023-11-15 17:00:00,6,163,308
2023-11-15 17:00:00,7,170,306
2023-11-15 17:00:00,8,230,305
2023-11-15 17:00:00,9,132,280
2023-11-15 17:00:00,10,234,277
2023-11-15 18:00:00,1,237,580
2023-11-15 18:00:00,2,161,573
2023-11-15 18:00:00,3,162,475
2023-11-15 18:00:00,4,236,465
2023-11-15 18:00:00,5,163,371
2023-11-15 18:00:00,6,170,345
2023-11-15 18:00:00,7,230,329
2023-11-15 18:00:00,8,234,313
2023-11-15 18:00:00,9,138,304
2023-11-15 18:00:00,10,142,304
2023-11-15 19:00:00,1,161,597
2023-11-15 19:00:00,2,237,466
2023-11-15 19:00:00,3,162,407
2023-11-15 19:00:00,4,132,350
2023-11-15 19:00:00,5,170,323
2023-11-15 19:00:00,6,163,322
2023-11-15 19:00:00,7,236,309
2023-11-15 19:00:00,8,230,285
2023-11-15 19:00:00,9,142,281
2023-11-15 19:00:00,10,138,277
2023-11-15 20:00:00,1,161,595
2023-11-15 20:00:00,2,237,433
2023-11-15 20:00:00,3,162,402
2023-11-15 20:00:00,4,230,383
2023-11-15 20:00:00,5,132,343
2023-11-15 20:00:00,6,234,317
2023-11-15 20:00:00,7,163,314
2023-11-15 20:00:00,8,170,305
2023-11-15 20:00:00,9,138,300
2023-11-15 20:00:00,10,142,297
2023-11-15 21:00:00,1,161,617
2023-11-15 21:00:00,2,237,409
2023-11-15 21:00:00,3,142,373
2023-11-15 21:00:00,4,162,343
2023-11-15 21:00:00,5,234,324
2023-11-15 21:00:00,6,230,323
2023-11-15 21:00:00,7,163,316
2023-11-15 21:00:00,8,170,286
2023-11-15 21:00:00,9,132,273
2023-11-15 21:00:00,10,249,273
2023-11-15 22:00:00,1,161,452
2023-11-15 22:00:00,2,237,390
2023-11-15 22:00:00,3,230,343
2023-11-15 22:00:00,4,142,337
2023-11-15 22:00:00,5,163,322
2023-11-15 22:00:00,6,162,303
2023-11-15 22:00:00,7,132,292
2023-11-15 22:00:00,8,249,280
2023-11-15 22:00:00,9,48,278
2023-11-15 22:00:00,10,164,267
2023-11-15 23:00:00,1,132,266
2023-11-15 23:00:00,2,230,250
2023-11-15 23:00:00,3,161,229
2023-11-15 23:00:00,4,249,221
2023-11-15 23:00:00,5,138,204
2023-11-15 23:00:00,6,163,189
2023-11-15 23:00:00,7,164,183
2023-11-15 23:00:00,8,79,178
2023-11-15 23:00:00,9,114,163
2023-11-15 23:00:00,10,48,160
2023-11-16 00:00:00,1,249,148
2023-11-16 00:00:00,2,114,130
2023-11-16 00:00:00,3,79,121
2023-11-16 00:00:00,4,132,113
2023-11-16 00:00:00,5,230,111
2023-11-16 00:00:00,6,161,102
2023-11-16 00:00:00,7,48,95
2023-11-16 00:00:00,8,164,91
2023-11-16 00:00:00,9,186,87
2023-11-16 00:00:00,10,68,84
2023-11-16 01:00:00,1,79,75
2023-11-16 01:00:00,2,249,65
2023-11-16 01:00:00,3,230,57
2023-11-16 01:00:00,4,48,54
2023-11-16 01:00:00,5,114,50
2023-11-16 01:00:00,6,132,44
2023-11-16 01:00:00,7,148,43
2023-11-16 01:00:00,8,246,42
2023-11-16 01:00:00,9,164,37
2023-11-16 01:00:00,10,161,36
2023-11-16 02:00:00,1,246,48
2023-11-16 02:00:00,2,48,44
2023-11-16 02:00:00,3,79,36
2023-11-16 02:00:00,4,249,32
2023-11-16 02:00:00,5,68,27
2023-11-16 02:00:00,6,230,27
2023-11-16 02:00:00,7,148,23
2023-11-16 02:00:00,8,163,23
2023-11-16 02:00:00,9,114,19
2023-11-16 02:00:00,10,158,17
2023-11-16 03:00:00,1,246,47
2023-11-16 03:00:00,2,186,31
2023-11-16 03:00:00,3,68,28
2023-11-16 03:00:00,4,79,28
2023-11-16 03:00:00,5,148,24
2023-11-16 03:00:00,6,48,19
2023-11-16 03:00:00,7,230,18
2023-11-16 03:00:00,8,249,18
2023-11-16 03:00:00,9,132,15
2023-11-16 03:00:00,10,164,12
2023-11-16 04:00:00,1,48,33
2023-11-16 04:00:00,2,230,29
2023-11-16 04:00:00,3,164,22
2023-11-16 04:00:00,4,132,17
2023-11-16 04:00:00,5,162,15
2023-11-16 04:00:00,6,79,14
2023-11-16 04:00:00,7,161,14
2023-11-16 04:00:00,8,163,13
2023-11-16 04:00:00,9,249,13
2023-11-16 04:00:00,10,68,12
2023-11-16 05:00:00,1,132,52
2023-11-16 05:00:00,2,186,43
2023-11-16 05:00:00,3,100,39
2023-11-16 05:00:00,4,48,36
2023-11-16 05:00:00,5,230,33
2023-11-16 05:00:00,6,162,32
2023-11-16 05:00:00,7,239,26
2023-11-16 05:00:00,8,68,22
2023-11-16 05:00:00,9,263,19
2023-11-16 05:00:00,10,140,18
2023-11-16 06:00:00,1,132,183
2023-11-16 06:00:00,2,186,132
2023-11-16 06:00:00,3,236,97
2023-11-16 06:00:00,4,100,86
2023-11-16 06:00:00,5,48,75
2023-11-16 06:00:00,6,162,73
2023-11-16 06:00:00,7,263,68
2023-11-16 06:00:00,8,170,63
2023-11-16 06:00:00,9,262,63
2023-11-16 06:00:00,10,142,60
2023-11-16 07:00:00,1,236,328
2023-11-16 07:00:00,2,186,228
2023-11-16 07:00:00,3,237,209
2023-11-16 07:00:00,4,239,187
2023-11-16 07:00:00,5,132,185
2023-11-16 07:00:00,6,262,164
2023-11-16 07:00:00,7,141,152
2023-11-16 07:00:00,8,142,144
2023-11-16 07:00:00,9,162,144
2023-11-16 07:00:00,10,238,137
2023-11-16 08:00:00,1,236,442
2023-11-16 08:00:00,2,237,310
2023-11-16 08:00:00,3,186,299
2023-11-16 08:00:00,4,162,210
2023-11-16 08:00:00,5,239,208
2023-11-16 08:00:00,6,238,206
2023-11-16 08:00:00,7,142,198
2023-11-16 08:00:00,8,140,188
2023-11-16 08:00:00,9,170,187
2023-11-16 08:00:00,10,141,174
2023-11-16 09:00:00,1,236,393
2023-11-16 09:00:00,2,237,316
2023-11-16 09:00:00,3,162,275
2023-11-16 09:00:00,4,186,246
2023-11-16 09:00:00,5,138,233
2023-11-16 09:00:00,6,170,217
2023-11-16 09:00:00,7,161,194
2023-11-16 09:00:00,8,239,176
2023-11-16 09:00:00,9,238,175
2023-11-16 09:00:00,10,262,174
2023-11-16 10:00:00,1,236,358
2023-11-16 10:00:00,2,237,358
2023-11-16 10:00:00,3,138,280
2023-11-16 10:00:00,4,161,271
2023-11-16 10:00:00,5,162,234
2023-11-16 10:00:00,6,170,198
2023-11-16 10:00:00,7,186,192
2023-11-16 10:00:00,8,239,189
2023-11-16 10:00:00,9,238,169
2023-11-16 10:00:00,10,68,167
2023-11-16 11:00:00,1,237,363
2023-11-16 11:00:00,2,236,355
2023-11-16 11:00:00,3,161,290
2023-11-16 11:00:00,4,186,258
2023-11-16 11:00:00,5,138,250
2023-11-16 11:00:00,6,162,250
2023-11-16 11:00:00,7,170,206
2023-11-16 11:00:00,8,163,186
2023-11-16 11:00:00,9,230,183
2023-11-16 11:00:00,10,68,180
2023-11-16 12:00:00,1,236,408
2023-11-16 12:00:00,2,237,385
2023-11-16 12:00:00,3,161,359
2023-11-16 12:00:00,4,138,253
2023-11-16 12:00:00,5,163,237
2023-11-16 12:00:00,6,162,236
2023-11-16 12:00:00,7,170,235
2023-11-16 12:00:00,8,142,204
2023-11-16 12:00:00,9,140,194
2023-11-16 12:00:00,10,234,194
2023-11-16 13:00:00,1,161,401
2023-11-16 13:00:00,2,237,394
2023-11-16 13:00:00,3,236,352
2023-11-16 13:00:00,4,132,303
2023-11-16 13:00:00,5,162,268
2023-11-16 13:00:00,6,138,267
2023-11-16 13:00:00,7,163,231
2023-11-16 13:00:00,8,170,209
2023-11-16 13:00:00,9,234,209
2023-11-16 13:00:00,10,186,197
2023-11-16 14:00:00,1,237,497
2023-11-16 14:00:00,2,161,473
2023-11-16 14:00:00,3,236,439
2023-11-16 14:00:00,4,138,349
2023-11-16 14:00:00,5,132,281
2023-11-16 14:00:00,6,162,267
2023-11-16 14:00:00,7,163,253
2023-11-16 14:00:00,8,239,225
2023-11-16 14:00:00,9,142,223
2023-11-16 14:00:00,10,170,222
2023-11-16 15:00:00,1,161,486
2023-11-16 15:00:00,2,237,474
2023-11-16 15:00:00,3,236,422
2023-11-16 15:00:00,4,132,365
2023-11-16 15:00:00,5,138,310
2023-11-16 15:00:00,6,162,293
2023-11-16 15:00:00,7,163,265
2023-11-16 15:00:00,8,170,253
2023-11-16 15:00:00,9,230,225
2023-11-16 15:00:00,10,43,218
2023-11-16 16:00:00,1,161,501
2023-11-16 16:00:00,2,236,471
2023-11-16 16:00:00,3,237,460
2023-11-16 16:00:00,4,132,321
2023-11-16 16:00:00,5,162,307
2023-11-16 16:00:00,6,163,290
2023-11-16 16:00:00,7,138,266
2023-11-16 16:00:00,8,230,251
2023-11-16 16:00:00,9,170,246
2023-11-16 16:00:00,10,142,241
2023-11-16 17:00:00,1,161,570
2023-11-16 17:00:00,2,237,566
2023-11-16 17:00:00,3,236,533
2023-11-16 17:00:00,4,162,460
2023-11-16 17:00:00,5,142,341
2023-11-16 17:00:00,6,163,340
2023-11-16 17:00:00,7,234,305
2023-11-16 17:00:00,8,170,293
2023-11-16 17:00:00,9,132,289
2023-11-16 17:00:00,10,230,271
2023-11-16 18:00:00,1,237,573
2023-11-16 18:00:00,2,161,559
2023-11-16 18:00:00,3,236,495
2023-11-16 18:00:00,4,162,433
2023-11-16 18:00:00,5,163,372
2023-11-16 18:00:00,6,230,347
2023-11-16 18:00:00,7,170,336
2023-11-16 18:00:00,8,234,327
2023-11-16 18:00:00,9,138,325
2023-11-16 18:00:00,10,142,310
2023-11-16 19:00:00,1,161,630
2023-11-16 19:00:00,2,237,431
2023-11-16 19:00:00,3,162,404
2023-11-16 19:00:00,4,236,399
2023-11-16 19:00:00,5,132,366
2023-11-16 19:00:00,6,170,346
2023-11-16 19:00:00,7,163,338
2023-11-16 19:00:00,8,234,314
2023-11-16 19:00:00,9,230,296
2023-11-16 19:00:00,10,142,283
2023-11-16 20:00:00,1,161,552
2023-11-16 20:00:00,2,237,412
2023-11-16 20:00:00,3,162,384
2023-11-16 20:00:00,4,132,353
2023-11-16 20:00:00,5,230,325
2023-11-16 20:00:00,6,234,303
2023-11-16 20:00:00,7,138,290
2023-11-16 20:00:00,8,236,290
2023-11-16 20:00:00,9,142,280
2023-11-16 20:00:00,10,163,273
2023-11-16 21:00:00,1,161,571
2023-11-16 21:00:00,2,237,497
2023-11-16 21:00:00,3,142,464
2023-11-16 21:00:00,4,162,348
2023-11-16 21:00:00,5,163,336
2023-11-16 21:00:00,6,138,315
2023-11-16 21:00:00,7,230,307
2023-11-16 21:00:00,8,234,281
2023-11-16 21:00:00,9,132,274
2023-11-16 21:00:00,10,170,264
2023-11-16 22:00:00,1,161,487
2023-11-16 22:00:00,2,142,484
2023-11-16 22:00:00,3,237,408
2023-11-16 22:00:00,4,132,315
2023-11-16 22:00:00,5,249,315
2023-11-16 22:00:00,6,162,305
2023-11-16 22:00:00,7,79,304
2023-11-16 22:00:00,8,230,287
2023-11-16 22:00:00,9,48,279
2023-11-16 22:00:00,10,234,268
2023-11-16 23:00:00,1,249,341
2023-11-16 23:00:00,2,79,300
2023-11-16 23:00:00,3,230,296
2023-11-16 23:00:00,4,161,287
2023-11-16 23:00:00,5,132,283
2023-11-16 23:00:00,6,114,231
2023-11-16 23:00:00,7,48,229
2023-11-16 23:00:00,8,138,226
2023-11-16 23:00:00,9,234,216
2023-11-16 23:00:00,10,237,214
2023-11-17 00:00:00,1,249,276
2023-11-17 00:00:00,2,79,231
2023-11-17 00:00:00,3,132,206
2023-11-17 00:00:00,4,114,195
2023-11-17 00:00:00,5,230,154
2023-11-17 00:00:00,6,48,136
2023-11-17 00:00:00,7,148,122
2023-11-17 00:00:00,8,161,121
2023-11-17 00:00:00,9,164,112
2023-11-17 00:00:00,10,234,110
2023-11-17 01:00:00,1,249,149
2023-11-17 01:00:00,2,114,129
2023-11-17 01:00:00,3,79,121
2023-11-17 01:00:00,4,48,100
2023-11-17 01:00:00,5,148,98
2023-11-17 01:00:00,6,230,77
2023-11-17 01:00:00,7,164,72
2023-11-17 01:00:00,8,144,68
2023-11-17 01:00:00,9,158,64
2023-11-17 01:00:00,10,211,58
2023-11-17 02:00:00,1,148,98
2023-11-17 02:00:00,2,249,91
2023-11-17 02:00:00,3,114,83
2023-11-17 02:00:00,4,79,68
2023-11-17 02:00:00,5,48,64
2023-11-17 02:00:00,6,144,50
2023-11-17 02:00:00,7,164,41
2023-11-17 02:00:00,8,68,37
2023-11-17 02:00:00,9,230,37
2023-11-17 02:00:00,10,158,34
2023-11-17 03:00:00,1,249,60
2023-11-17 03:00:00,2,79,54
2023-11-17 03:00:00,3,148,54
2023-11-17 03:00:00,4,48,50
2023-11-17 03:00:00,5,114,42
2023-11-17 03:00:00,6,230,37
2023-11-17 03:00:00,7,144,28
2023-11-17 03:00:00,8,68,27
2023-11-17 03:00:00,9,231,24
2023-11-17 03:00:00,10,246,21
2023-11-17 04:00:00,1,48,53
2023-11-17 04:00:00,2,230,51
2023-11-17 04:00:00,3,249,32
2023-11-17 04:00:00,4,79,30
2023-11-17 04:00:00,5,164,24
2023-11-17 04:00:00,6,144,23
2023-11-17 04:00:00,7,148,23
2023-11-17 04:00:00,8,68,21
2023-11-17 04:00:00,9,107,21
2023-11-17 04:00:00,10,162,19
2023-11-17 05:00:00,1,230,59
2023-11-17 05:00:00,2,100,52
2023-11-17 05:00:00,3,186,50
2023-11-17 05:00:00,4,132,48
2023-11-17 05:00:00,5,48,41
2023-11-17 05:00:00,6,162,34
2023-11-17 05:00:00,7,161,26
2023-11-17 05:00:00,8,239,23
2023-11-17 05:00:00,9,263,22
2023-11-17 05:00:00,10,170,21
2023-11-17 06:00:00,1,132,171
2023-11-17 06:00:00,2,186,98
2023-11-17 06:00:00,3,100,80
2023-11-17 06:00:00,4,48,77
2023-11-17 06:00:00,5,236,71
2023-11-17 06:00:00,6,262,70
2023-11-17 06:00:00,7,230,60
2023-11-17 06:00:00,8,162,57
2023-11-17 06:00:00,9,238,57
2023-11-17 06:00:00,10,161,56
2023-11-17 07:00:00,1,236,262
2023-11-17 07:00:00,2,237,196
2023-11-17 07:00:00,3,132,188
2023-11-17 07:00:00,4,186,146
2023-11-17 07:00:00,5,239,145
2023-11-17 07:00:00,6,238,143
2023-11-17 07:00:00,7,262,143
2023-11-17 07:00:00,8,263,128
2023-11-17 07:00:00,9,141,124
2023-11-17 07:00:00,10,162,122
2023-11-17 08:00:00,1,236,316
2023-11-17 08:00:00,2,237,253
2023-11-17 08:00:00,3,132,182
2023-11-17 08:00:00,4,186,175
2023-11-17 08:00:00,5,239,165
2023-11-17 08:00:00,6,162,163
2023-11-17 08:00:00,7,262,162
2023-11-17 08:00:00,8,238,150
2023-11-17 08:00:00,9,170,149
2023-11-17 08:00:00,10,141,148
2023-11-17 09:00:00,1,236,313
2023-11-17 09:00:00,2,237,292
2023-11-17 09:00:00,3,138,242
2023-11-17 09:00:00,4,162,191
2023-11-17 09:00:00,5,170,185
2023-11-17 09:00:00,6,239,185
2023-11-17 09:00:00,7,161,179
2023-11-17 09:00:00,8,186,159
2023-11-17 09:00:00,9,142,158
2023-11-17 09:00:00,10,262,150
2023-11-17 10:00:00,1,236,326
2023-11-17 10:00:00,2,237,305
2023-11-17 10:00:00,3,161,231
2023-11-17 10:00:00,4,138,207
2023-11-17 10:00:00,5,239,197
2023-11-17 10:00:00,6,162,178
2023-11-17 10:00:00,7,142,172
2023-11-17 10:00:00,8,170,168
2023-11-17 10:00:00,9,186,166
2023-11-17 10:00:00,10,230,162
2023-11-17 11:00:00,1,236,348
2023-11-17 11:00:00,2,237,343
2023-11-17 11:00:00,3,161,252
2023-11-17 11:00:00,4,186,228
2023-11-17 11:00:00,5,162,215
2023-11-17 11:00:00,6,138,212
2023-11-17 11:00:00,7,230,199
2023-11-17 11:00:00,8,142,178
2023-11-17 11:00:00,9,140,166
2023-11-17 11:00:00,10,239,164
2023-11-17 12:00:00,1,236,365
2023-11-17 12:00:00,2,237,364
2023-11-17 12:00:00,3,138,308
2023-11-17 12:00:00,4,161,294
2023-11-17 12:00:00,5,239,217
2023-11-17 12:00:00,6,162,214
2023-11-17 12:00:00,7,142,213
2023-11-17 12:00:00,8,230,189
2023-11-17 12:00:00,9,163,185
2023-11-17 12:00:00,10,170,185
2023-11-17 13:00:00,1,237,371
2023-11-17 13:00:00,2,236,363
2023-11-17 13:00:00,3,161,354
2023-11-17 13:00:00,4,132,281
2023-11-17 13:00:00,5,186,226
2023-11-17 13:00:00,6,162,223
2023-11-17 13:00:00,7,138,222
2023-11-17 13:00:00,8,239,206
2023-11-17 13:00:00,9,170,195
2023-11-17 13:00:00,10,163,190
2023-11-17 14:00:00,1,237,448
2023-11-17 14:00:00,2,161,441
2023-11-17 14:00:00,3,236,413
2023-11-17 14:00:00,4,132,312
2023-11-17 14:00:00,5,138,279
2023-11-17 14:00:00,6,162,259
2023-11-17 14:00:00,7,239,239
2023-11-17 14:00:00,8,142,234
2023-11-17 14:00:00,9,163,232
2023-11-17 14:00:00,10,234,206
2023-11-17 15:00:00,1,236,509
2023-11-17 15:00:00,2,237,464
2023-11-17 15:00:00,3,161,439
2023-11-17 15:00:00,4,132,348
2023-11-17 15:00:00,5,138,257
2023-11-17 15:00:00,6,238,245
2023-11-17 15:00:00,7,162,233
2023-11-17 15:00:00,8,239,231
2023-11-17 15:00:00,9,43,221
2023-11-17 15:00:00,10,142,219
2023-11-17 16:00:00,1,237,422
2023-11-17 16:00:00,2,132,411
2023-11-17 16:00:00,3,161,404
2023-11-17 16:00:00,4,236,402
2023-11-17 16:00:00,5,163,275
2023-11-17 16:00:00,6,138,271
2023-11-17 16:00:00,7,162,230
2023-11-17 16:00:00,8,230,222
2023-11-17 16:00:00,9,142,214
2023-11-17 16:00:00,10,43,205
2023-11-17 17:00:00,1,237,490
2023-11-17 17:00:00,2,236,480
2023-11-17 17:00:00,3,161,465
2023-11-17 17:00:00,4,162,372
2023-11-17 17:00:00,5,132,300
2023-11-17 17:00:00,6,163,284
2023-11-17 17:00:00,7,142,247
2023-11-17 17:00:00,8,239,247
2023-11-17 17:00:00,9,234,246
2023-11-17 17:00:00,10,170,240
2023-11-17 18:00:00,1,161,481
2023-11-17 18:00:00,2,236,481
2023-11-17 18:00:00,3,237,435
2023-11-17 18:00:00,4,162,366
2023-11-17 18:00:00,5,170,313
2023-11-17 18:00:00,6,132,309
2023-11-17 18:00:00,7,163,289
2023-11-17 18:00:00,8,142,279
2023-11-17 18:00:00,9,234,269
2023-11-17 18:00:00,10,239,255
2023-11-17 19:00:00,1,237,417
2023-11-17 19:00:00,2,236,394
2023-11-17 19:00:00,3,161,362
2023-11-17 19:00:00,4,132,350
2023-11-17 19:00:00,5,162,309
2023-11-17 19:00:00,6,138,305
2023-11-17 19:00:00,7,170,285
2023-11-17 19:00:00,8,186,264
2023-11-17 19:00:00,9,234,247
2023-11-17 19:00:00,10,68,231
2023-11-17 20:00:00,1,237,321
2023-11-17 20:00:00,2,132,305
2023-11-17 20:00:00,3,142,259
2023-11-17 20:00:00,4,236,259
2023-11-17 20:00:00,5,138,257
2023-11-17 20:00:00,6,161,235
2023-11-17 20:00:00,7,234,206
2023-11-17 20:00:00,8,162,196
2023-11-17 20:00:00,9,170,187
2023-11-17 20:00:00,10,163,181
2023-11-17 21:00:00,1,237,377
2023-11-17 21:00:00,2,142,320
2023-11-17 21:00:00,3,132,289
2023-11-17 21:00:00,4,161,275
2023-11-17 21:00:00,5,249,235
2023-11-17 21:00:00,6,79,229
2023-11-17 21:00:00,7,138,228
2023-11-17 21:00:00,8,236,224
2023-11-17 21:00:00,9,230,221
2023-11-17 21:00:00,10,234,203
2023-11-17 22:00:00,1,142,469
2023-11-17 22:00:00,2,132,323
2023-11-17 22:00:00,3,161,308
2023-11-17 22:00:00,4,249,297
2023-11-17 22:00:00,5,79,267
2023-11-17 22:00:00,6,237,265
2023-11-17 22:00:00,7,163,257
2023-11-17 22:00:00,8,230,248
2023-11-17 22:00:00,9,48,246
2023-11-17 22:00:00,10,234,230
2023-11-17 23:00:00,1,249,417
2023-11-17 23:00:00,2,79,391
2023-11-17 23:00:00,3,48,261
2023-11-17 23:00:00,4,164,248
2023-11-17 23:00:00,5,114,239
2023-11-17 23:00:00,6,234,228
2023-11-17 23:00:00,7,230,225
2023-11-17 23:00:00,8,161,221
2023-11-17 23:00:00,9,186,220
2023-11-17 23:00:00,10,148,213
2023-11-18 00:00:00,1,249,553
2023-11-18 00:00:00,2,79,550
2023-11-18 00:00:00,3,114,313
2023-11-18 00:00:00,4,148,308
2023-11-18 00:00:00,5,107,250
2023-11-18 00:00:00,6,234,205
2023-11-18 00:00:00,7,48,203
2023-11-18 00:00:00,8,68,174
2023-11-18 00:00:00,9,164,170
2023-11-18 00:00:00,10,158,169
2023-11-18 01:00:00,1,79,650
2023-11-18 01:00:00,2,249,476
2023-11-18 01:00:00,3,148,446
2023-11-18 01:00:00,4,114,385
2023-11-18 01:00:00,5,144,187
2023-11-18 01:00:00,6,158,187
2023-11-18 01:00:00,7,48,181
2023-11-18 01:00:00,8,107,174
2023-11-18 01:00:00,9,164,141
2023-11-18 01:00:00,10,90,131
2023-11-18 02:00:00,1,79,487
2023-11-18 02:00:00,2,148,421
2023-11-18 02:00:00,3,249,351
2023-11-18 02:00:00,4,114,298
2023-11-18 02:00:00,5,144,169
2023-11-18 02:00:00,6,48,157
2023-11-18 02:00:00,7,158,146
2023-11-18 02:00:00,8,68,94
2023-11-18 02:00:00,9,107,94
2023-11-18 02:00:00,10,90,90
2023-11-18 03:00:00,1,79,366
2023-11-18 03:00:00,2,148,284
2023-11-18 03:00:00,3,249,198
2023-11-18 03:00:00,4,114,166
2023-11-18 03:00:00,5,48,135
2023-11-18 03:00:00,6,144,101
2023-11-18 03:00:00,7,246,99
2023-11-18 03:00:00,8,68,81
2023-11-18 03:00:00,9,158,81
2023-11-18 03:00:00,10,107,63
2023-11-18 04:00:00,1,79,132
2023-11-18 04:00:00,2,148,109
2023-11-18 04:00:00,3,48,85
2023-11-18 04:00:00,4,144,77
2023-11-18 04:00:00,5,249,61
2023-11-18 04:00:00,6,230,44
2023-11-18 04:00:00,7,164,43
2023-11-18 04:00:00,8,114,42
2023-11-18 04:00:00,9,246,41
2023-11-18 04:00:00,10,68,40
2023-11-18 05:00:00,1,132,62
2023-11-18 05:00:00,2,48,41
2023-11-18 05:00:00,3,186,34
2023-11-18 05:00:00,4,107,29
2023-11-18 05:00:00,5,249,29
2023-11-18 05:00:00,6,79,27
2023-11-18 05:00:00,7,230,25
2023-11-18 05:00:00,8,170,23
2023-11-18 05:00:00,9,229,21
2023-11-18 05:00:00,10,100,19
2023-11-18 06:00:00,1,132,146
2023-11-18 06:00:00,2,48,52
2023-11-18 06:00:00,3,186,42
2023-11-18 06:00:00,4,162,35
2023-11-18 06:00:00,5,100,34
2023-11-18 06:00:00,6,68,31
2023-11-18 06:00:00,7,170,31
2023-11-18 06:00:00,8,263,31
2023-11-18 06:00:00,9,230,30
2023-11-18 06:00:00,10,238,30
2023-11-18 07:00:00,1,132,184
2023-11-18 07:00:00,2,236,60
2023-11-18 07:00:00,3,238,60
2023-11-18 07:00:00,4,239,58
2023-11-18 07:00:00,5,170,49
2023-11-18 07:00:00,6,237,49
2023-11-18 07:00:00,7,141,47
2023-11-18 07:00:00,8,107,46
2023-11-18 07:00:00,9,230,40
2023-11-18 07:00:00,10,263,40
2023-11-18 08:00:00,1,132,158
2023-11-18 08:00:00,2,236,139
2023-11-18 08:00:00,3,141,104
2023-11-18 08:00:00,4,239,104
2023-11-18 08:00:00,5,237,95
2023-11-18 08:00:00,6,263,90
2023-11-18 08:00:00,7,142,89
2023-11-18 08:00:00,8,230,82
2023-11-18 08:00:00,9,238,81
2023-11-18 08:00:00,10,262,78
2023-11-18 09:00:00,1,236,215
2023-11-18 09:00:00,2,237,183
2023-11-18 09:00:00,3,239,158
2023-11-18 09:00:00,4,141,145
2023-11-18 09:00:00,5,230,143
2023-11-18 09:00:00,6,186,139
2023-11-18 09:00:00,7,161,128
2023-11-18 09:00:00,8,162,125
2023-11-18 09:00:00,9,170,124
2023-11-18 09:00:00,10,263,120
2023-11-18 10:00:00,1,237,271
2023-11-18 10:00:00,2,236,254
2023-11-18 10:00:00,3,230,220
2023-11-18 10:00:00,4,161,207
2023-11-18 10:00:00,5,239,205
2023-11-18 10:00:00,6,141,176
2023-11-18 10:00:00,7,138,170
2023-11-18 10:00:00,8,162,169
2023-11-18 10:00:00,9,263,160
2023-11-18 10:00:00,10,238,158
2023-11-18 11:00:00,1,236,325
2023-11-18 11:00:00,2,237,300
2023-11-18 11:00:00,3,186,260
2023-11-18 11:00:00,4,162,250
2023-11-18 11:00:00,5,161,237
2023-11-18 11:00:00,6,142,207
2023-11-18 11:00:00,7,239,207
2023-11-18 11:00:00,8,230,203
2023-11-18 11:00:00,9,141,187
2023-11-18 11:00:00,10,163,163
2023-11-18 12:00:00,1,236,371
2023-11-18 12:00:00,2,237,363
2023-11-18 12:00:00,3,186,259
2023-11-18 12:00:00,4,161,253
2023-11-18 12:00:00,5,239,217
2023-11-18 12:00:00,6,230,216
2023-11-18 12:00:00,7,142,198
2023-11-18 12:00:00,8,162,197
2023-11-18 12:00:00,9,163,196
2023-11-18 12:00:00,10,43,183
2023-11-18 13:00:00,1,237,388
2023-11-18 13:00:00,2,161,337
2023-11-18 13:00:00,3,236,299
2023-11-18 13:00:00,4,186,286
2023-11-18 13:00:00,5,234,239
2023-11-18 13:00:00,6,163,237
2023-11-18 13:00:00,7,142,234
2023-11-18 13:00:00,8,68,219
2023-11-18 13:00:00,9,239,216
2023-11-18 13:00:00,10,141,200
2023-11-18 14:00:00,1,237,403
2023-11-18 14:00:00,2,161,350
2023-11-18 14:00:00,3,236,292
2023-11-18 14:00:00,4,132,274
2023-11-18 14:00:00,5,234,236
2023-11-18 14:00:00,6,239,219
2023-11-18 14:00:00,7,142,218
2023-11-18 14:00:00,8,43,210
2023-11-18 14:00:00,9,162,203
2023-11-18 14:00:00,10,163,200
2023-11-18 15:00:00,1,237,412
2023-11-18 15:00:00,2,161,382
2023-11-18 15:00:00,3,236,319
2023-11-18 15:00:00,4,142,304
2023-11-18 15:00:00,5,132,273
2023-11-18 15:00:00,6,239,250
2023-11-18 15:00:00,7,163,237
2023-11-18 15:00:00,8,186,229
2023-11-18 15:00:00,9,234,221
2023-11-18 15:00:00,10,43,219
2023-11-18 16:00:00,1,237,451
2023-11-18 16:00:00,2,161,397
2023-11-18 16:00:00,3,132,346
2023-11-18 16:00:00,4,236,341
2023-11-18 16:00:00,5,142,293
2023-11-18 16:00:00,6,230,271
2023-11-18 16:00:00,7,68,248
2023-11-18 16:00:00,8,234,243
2023-11-18 16:00:00,9,162,240
2023-11-18 16:00:00,10,239,235
2023-11-18 17:00:00,1,237,415
2023-11-18 17:00:00,2,161,412
2023-11-18 17:00:00,3,142,387
2023-11-18 17:00:00,4,236,385
2023-11-18 17:00:00,5,239,266
2023-11-18 17:00:00,6,230,261
2023-11-18 17:00:00,7,132,253
2023-11-18 17:00:00,8,234,249
2023-11-18 17:00:00,9,162,241
2023-11-18 17:00:00,10,163,235
2023-11-18 18:00:00,1,236,435
2023-11-18 18:00:00,2,237,416
2023-11-18 18:00:00,3,161,361
2023-11-18 18:00:00,4,142,331
2023-11-18 18:00:00,5,162,266
2023-11-18 18:00:00,6,249,247
2023-11-18 18:00:00,7,186,241
2023-11-18 18:00:00,8,239,241
2023-11-18 18:00:00,9,132,240
2023-11-18 18:00:00,10,141,238
2023-11-18 19:00:00,1,237,359
2023-11-18 19:00:00,2,236,358
2023-11-18 19:00:00,3,132,317
2023-11-18 19:00:00,4,142,316
2023-11-18 19:00:00,5,161,316
2023-11-18 19:00:00,6,249,268
2023-11-18 19:00:00,7,234,253
2023-11-18 19:00:00,8,141,244
2023-11-18 19:00:00,9,79,243
2023-11-18 19:00:00,10,162,242
2023-11-18 20:00:00,1,132,312
2023-11-18 20:00:00,2,249,279
2023-11-18 20:00:00,3,142,250
2023-11-18 20:00:00,4,237,250
2023-11-18 20:00:00,5,161,243
2023-11-18 20:00:00,6,79,232
2023-11-18 20:00:00,7,236,230
2023-11-18 20:00:00,8,234,228
2023-11-18 20:00:00,9,162,201
2023-11-18 20:00:00,10,68,186
2023-11-18 21:00:00,1,249,367
2023-11-18 21:00:00,2,142,347
2023-11-18 21:00:00,3,161,272
2023-11-18 21:00:00,4,132,268
2023-11-18 21:00:00,5,237,267
2023-11-18 21:00:00,6,79,262
2023-11-18 21:00:00,7,234,228
2023-11-18 21:00:00,8,48,205
2023-11-18 21:00:00,9,239,197
2023-11-18 21:00:00,10,107,196
2023-11-18 22:00:00,1,249,379
2023-11-18 22:00:00,2,79,353
2023-11-18 22:00:00,3,142,325
2023-11-18 22:00:00,4,161,323
2023-11-18 22:00:00,5,230,302
2023-11-18 22:00:00,6,48,281
2023-11-18 22:00:00,7,132,247
2023-11-18 22:00:00,8,239,231
2023-11-18 22:00:00,9,237,230
2023-11-18 22:00:00,10,114,226
2023-11-18 23:00:00,1,249,473
2023-11-18 23:00:00,2,79,471
2023-11-18 23:00:00,3,142,365
2023-11-18 23:00:00,4,48,292
2023-11-18 23:00:00,5,164,277
2023-11-18 23:00:00,6,132,276
2023-11-18 23:00:00,7,114,274
2023-11-18 23:00:00,8,161,273
2023-11-18 23:00:00,9,234,250
2023-11-18 23:00:00,10,230,248
2023-11-19 00:00:00,1,79,588
2023-11-19 00:00:00,2,249,493
2023-11-19 00:00:00,3,148,356
2023-11-19 00:00:00,4,114,346
2023-11-19 00:00:00,5,48,251
2023-11-19 00:00:00,6,107,202
2023-11-19 00:00:00,7,230,193
2023-11-19 00:00:00,8,234,193
2023-11-19 00:00:00,9,164,185
2023-11-19 00:00:00,10,132,179
2023-11-19 01:00:00,1,79,585
2023-11-19 01:00:00,2,249,455
2023-11-19 01:00:00,3,148,403
2023-11-19 01:00:00,4,114,377
2023-11-19 01:00:00,5,158,233
2023-11-19 01:00:00,6,144,195
2023-11-19 01:00:00,7,48,157
2023-11-19 01:00:00,8,107,143
2023-11-19 01:00:00,9,234,128
2023-11-19 01:00:00,10,164,118
2023-11-19 02:00:00,1,79,485
2023-11-19 02:00:00,2,148,365
2023-11-19 02:00:00,3,249,309
2023-11-19 02:00:00,4,114,285
2023-11-19 02:00:00,5,144,185
2023-11-19 02:00:00,6,158,179
2023-11-19 02:00:00,7,48,156
2023-11-19 02:00:00,8,107,108
2023-11-19 02:00:00,9,68,94
2023-11-19 02:00:00,10,246,86
2023-11-19 03:00:00,1,79,316
2023-11-19 03:00:00,2,148,283
2023-11-19 03:00:00,3,249,200
2023-11-19 03:00:00,4,114,163
2023-11-19 03:00:00,5,48,140
2023-11-19 03:00:00,6,144,123
2023-11-19 03:00:00,7,246,108
2023-11-19 03:00:00,8,158,94
2023-11-19 03:00:00,9,68,81
2023-11-19 03:00:00,10,90,64
2023-11-19 04:00:00,1,79,119
2023-11-19 04:00:00,2,148,115
2023-11-19 04:00:00,3,48,88
2023-11-19 04:00:00,4,249,83
2023-11-19 04:00:00,5,68,60
2023-11-19 04:00:00,6,230,54
2023-11-19 04:00:00,7,246,50
2023-11-19 04:00:00,8,144,46
2023-11-19 04:00:00,9,164,46
2023-11-19 04:00:00,10,114,43
2023-11-19 05:00:00,1,132,43
2023-11-19 05:00:00,2,230,38
2023-11-19 05:00:00,3,48,24
2023-11-19 05:00:00,4,79,21
2023-11-19 05:00:00,5,107,18
2023-11-19 05:00:00,6,164,18
2023-11-19 05:00:00,7,90,17
2023-11-19 05:00:00,8,162,17
2023-11-19 05:00:00,9,170,17
2023-11-19 05:00:00,10,148,16
2023-11-19 06:00:00,1,132,121
2023-11-19 06:00:00,2,186,39
2023-11-19 06:00:00,3,230,31
2023-11-19 06:00:00,4,162,29
2023-11-19 06:00:00,5,161,28
2023-11-19 06:00:00,6,239,27
2023-11-19 06:00:00,7,263,27
2023-11-19 06:00:00,8,142,26
2023-11-19 06:00:00,9,48,25
2023-11-19 06:00:00,10,170,25
2023-11-19 07:00:00,1,132,106
2023-11-19 07:00:00,2,230,61
2023-11-19 07:00:00,3,236,55
2023-11-19 07:00:00,4,238,55
2023-11-19 07:00:00,5,107,47
2023-11-19 07:00:00,6,239,45
2023-11-19 07:00:00,7,263,45
2023-11-19 07:00:00,8,161,43
2023-11-19 07:00:00,9,162,42
2023-11-19 07:00:00,10,163,39
2023-11-19 08:00:00,1,132,126
2023-11-19 08:00:00,2,230,93
2023-11-19 08:00:00,3,236,83
2023-11-19 08:00:00,4,238,82
2023-11-19 08:00:00,5,142,70
2023-11-19 08:00:00,6,237,69
2023-11-19 08:00:00,7,239,68
2023-11-19 08:00:00,8,161,67
2023-11-19 08:00:00,9,163,65
2023-11-19 08:00:00,10,186,62
2023-11-19 09:00:00,1,236,166
2023-11-19 09:00:00,2,237,157
2023-11-19 09:00:00,3,230,145
2023-11-19 09:00:00,4,239,141
2023-11-19 09:00:00,5,142,140
2023-11-19 09:00:00,6,238,135
2023-11-19 09:00:00,7,163,112
2023-11-19 09:00:00,8,138,105
2023-11-19 09:00:00,9,161,105
2023-11-19 09:00:00,10,132,104
2023-11-19 10:00:00,1,236,238
2023-11-19 10:00:00,2,237,220
2023-11-19 10:00:00,3,230,207
2023-11-19 10:00:00,4,161,193
2023-11-19 10:00:00,5,162,184
2023-11-19 10:00:00,6,239,183
2023-11-19 10:00:00,7,132,158
2023-11-19 10:00:00,8,138,153
2023-11-19 10:00:00,9,163,151
2023-11-19 10:00:00,10,141,138
2023-11-19 11:00:00,1,236,278
2023-11-19 11:00:00,2,237,253
2023-11-19 11:00:00,3,161,227
2023-11-19 11:00:00,4,186,225
2023-11-19 11:00:00,5,162,222
2023-11-19 11:00:00,6,230,205
2023-11-19 11:00:00,7,239,201
2023-11-19 11:00:00,8,170,177
2023-11-19 11:00:00,9,142,175
2023-11-19 11:00:00,10,238,158
2023-11-19 12:00:00,1,236,321
2023-11-19 12:00:00,2,237,272
2023-11-19 12:00:00,3,161,261
2023-11-19 12:00:00,4,239,248
2023-11-19 12:00:00,5,138,233
2023-11-19 12:00:00,6,170,218
2023-11-19 12:00:00,7,186,216
2023-11-19 12:00:00,8,142,205
2023-11-19 12:00:00,9,230,187
2023-11-19 12:00:00,10,141,180
2023-11-19 13:00:00,1,237,306
2023-11-19 13:00:00,2,236,275
2023-11-19 13:00:00,3,161,270
2023-11-19 13:00:00,4,239,238
2023-11-19 13:00:00,5,142,209
2023-11-19 13:00:00,6,186,204
2023-11-19 13:00:00,7,132,195
2023-11-19 13:00:00,8,43,188
2023-11-19 13:00:00,9,138,183
2023-11-19 13:00:00,10,230,183
2023-11-19 14:00:00,1,237,337
2023-11-19 14:00:00,2,236,329
2023-11-19 14:00:00,3,161,300
2023-11-19 14:00:00,4,142,273
2023-11-19 14:00:00,5,239,252
2023-11-19 14:00:00,6,138,249
2023-11-19 14:00:00,7,132,242
2023-11-19 14:00:00,8,43,208
2023-11-19 14:00:00,9,162,182
2023-11-19 14:00:00,10,186,179
2023-11-19 15:00:00,1,132,339
2023-11-19 15:00:00,2,161,317
2023-11-19 15:00:00,3,236,283
2023-11-19 15:00:00,4,237,282
2023-11-19 15:00:00,5,186,260
2023-11-19 15:00:00,6,142,243
2023-11-19 15:00:00,7,239,227
2023-11-19 15:00:00,8,138,215
2023-11-19 15:00:00,9,43,197
2023-11-19 15:00:00,10,230,194
2023-11-19 16:00:00,1,237,339
2023-11-19 16:00:00,2,132,335
2023-11-19 16:00:00,3,161,315
2023-11-19 16:00:00,4,236,287
2023-11-19 16:00:00,5,142,233
2023-11-19 16:00:00,6,138,232
2023-11-19 16:00:00,7,43,205
2023-11-19 16:00:00,8,239,205
2023-11-19 16:00:00,9,246,204
2023-11-19 16:00:00,10,186,203
2023-11-19 17:00:00,1,142,318
2023-11-19 17:00:00,2,161,308
2023-11-19 17:00:00,3,132,291
2023-11-19 17:00:00,4,236,289
2023-11-19 17:00:00,5,237,287
2023-11-19 17:00:00,6,230,234
2023-11-19 17:00:00,7,186,206
2023-11-19 17:00:00,8,239,199
2023-11-19 17:00:00,9,162,190
2023-11-19 17:00:00,10,138,183
2023-11-19 18:00:00,1,161,308
2023-11-19 18:00:00,2,132,299
2023-11-19 18:00:00,3,142,265
2023-11-19 18:00:00,4,237,253
2023-11-19 18:00:00,5,186,236
2023-11-19 18:00:00,6,138,215
2023-11-19 18:00:00,7,236,204
2023-11-19 18:00:00,8,230,193
2023-11-19 18:00:00,9,68,188
2023-11-19 18:00:00,10,163,180
2023-11-19 19:00:00,1,132,340
2023-11-19 19:00:00,2,138,284
2023-11-19 19:00:00,3,142,220
2023-11-19 19:00:00,4,161,218
2023-11-19 19:00:00,5,186,202
2023-11-19 19:00:00,6,162,180
2023-11-19 19:00:00,7,236,176
2023-11-19 19:00:00,8,237,175
2023-11-19 19:00:00,9,230,158
2023-11-19 19:00:00,10,239,151
2023-11-19 20:00:00,1,132,389
2023-11-19 20:00:00,2,138,229
2023-11-19 20:00:00,3,142,187
2023-11-19 20:00:00,4,230,182
2023-11-19 20:00:00,5,237,177
2023-11-19 20:00:00,6,48,145
2023-11-19 20:00:00,7,236,144
2023-11-19 20:00:00,8,186,138
2023-11-19 20:00:00,9,161,132
2023-11-19 20:00:00,10,249,124
2023-11-19 21:00:00,1,132,313
2023-11-19 21:00:00,2,138,236
2023-11-19 21:00:00,3,142,211
2023-11-19 21:00:00,4,230,178
2023-11-19 21:00:00,5,161,174
2023-11-19 21:00:00,6,48,169
2023-11-19 21:00:00,7,237,151
2023-11-19 21:00:00,8,186,148
2023-11-19 21:00:00,9,249,142
2023-11-19 21:00:00,10,79,131
2023-11-19 22:00:00,1,132,352
2023-11-19 22:00:00,2,138,224
2023-11-19 22:00:00,3,186,145
2023-11-19 22:00:00,4,142,140
2023-11-19 22:00:00,5,48,117
2023-11-19 22:00:00,6,230,114
2023-11-19 22:00:00,7,68,113
2023-11-19 22:00:00,8,163,111
2023-11-19 22:00:00,9,161,102
2023-11-19 22:00:00,10,249,92
2023-11-19 23:00:00,1,132,345
2023-11-19 23:00:00,2,138,181
2023-11-19 23:00:00,3,48,92
2023-11-19 23:00:00,4,230,76
2023-11-19 23:00:00,5,249,76
2023-11-19 23:00:00,6,186,74
2023-11-19 23:00:00,7,68,69
2023-11-19 23:00:00,8,142,68
2023-11-19 23:00:00,9,79,64
2023-11-19 23:00:00,10,70,60
2023-11-20 00:00:00,1,132,223
2023-11-20 00:00:00,2,48,61
2023-11-20 00:00:00,3,138,53
2023-11-20 00:00:00,4,230,46
2023-11-20 00:00:00,5,186,43
2023-11-20 00:00:00,6,114,40
2023-11-20 00:00:00,7,249,37
2023-11-20 00:00:00,8,79,35
2023-11-20 00:00:00,9,68,30
2023-11-20 00:00:00,10,107,24
2023-11-20 01:00:00,1,132,79
2023-11-20 01:00:00,2,48,40
2023-11-20 01:00:00,3,138,35
2023-11-20 01:00:00,4,230,33
2023-11-20 01:00:00,5,79,29
2023-11-20 01:00:00,6,249,27
2023-11-20 01:00:00,7,186,22
2023-11-20 01:00:00,8,114,17
2023-11-20 01:00:00,9,234,17
2023-11-20 01:00:00,10,246,16
2023-11-20 02:00:00,1,132,23
2023-11-20 02:00:00,2,48,21
2023-11-20 02:00:00,3,186,21
2023-11-20 02:00:00,4,249,20
2023-11-20 02:00:00,5,79,19
2023-11-20 02:00:00,6,230,16
2023-11-20 02:00:00,7,246,14
2023-11-20 02:00:00,8,107,13
2023-11-20 02:00:00,9,163,11
2023-11-20 02:00:00,10,68,10
2023-11-20 03:00:00,1,48,21
2023-11-20 03:00:00,2,186,15
2023-11-20 03:00:00,3,249,14
2023-11-20 03:00:00,4,68,12
2023-11-20 03:00:00,5,230,12
2023-11-20 03:00:00,6,246,12
2023-11-20 03:00:00,7,79,11
2023-11-20 03:00:00,8,141,9
2023-11-20 03:00:00,9,125,8
2023-11-20 03:00:00,10,164,8
2023-11-20 04:00:00,1,48,26
2023-11-20 04:00:00,2,186,18
2023-11-20 04:00:00,3,79,17
2023-11-20 04:00:00,4,263,15
2023-11-20 04:00:00,5,132,14
2023-11-20 04:00:00,6,164,11
2023-11-20 04:00:00,7,90,10
2023-11-20 04:00:00,8,230,10
2023-11-20 04:00:00,9,237,10
2023-11-20 04:00:00,10,68,9
2023-11-20 05:00:00,1,186,60
2023-11-20 05:00:00,2,132,59
2023-11-20 05:00:00,3,100,43
2023-11-20 05:00:00,4,48,38
2023-11-20 05:00:00,5,230,31
2023-11-20 05:00:00,6,239,26
2023-11-20 05:00:00,7,162,20
2023-11-20 05:00:00,8,262,19
2023-11-20 05:00:00,9,263,19
2023-11-20 05:00:00,10,170,18
2023-11-20 06:00:00,1,132,159
2023-11-20 06:00:00,2,186,130
2023-11-20 06:00:00,3,48,96
2023-11-20 06:00:00,4,236,82
2023-11-20 06:00:00,5,100,71
2023-11-20 06:00:00,6,162,64
2023-11-20 06:00:00,7,263,59
2023-11-20 06:00:00,8,262,58
2023-11-20 06:00:00,9,161,57
2023-11-20 06:00:00,10,238,44
2023-11-20 07:00:00,1,236,275
2023-11-20 07:00:00,2,237,186
2023-11-20 07:00:00,3,132,178
2023-11-20 07:00:00,4,186,173
2023-11-20 07:00:00,5,239,139
2023-11-20 07:00:00,6,262,131
2023-11-20 07:00:00,7,140,129
2023-11-20 07:00:00,8,162,120
2023-11-20 07:00:00,9,100,117
2023-11-20 07:00:00,10,238,116
2023-11-20 08:00:00,1,236,325
2023-11-20 08:00:00,2,186,230
2023-11-20 08:00:00,3,237,227
2023-11-20 08:00:00,4,239,193
2023-11-20 08:00:00,5,140,182
2023-11-20 08:00:00,6,162,163
2023-11-20 08:00:00,7,238,154
2023-11-20 08:00:00,8,132,146
2023-11-20 08:00:00,9,170,142
2023-11-20 08:00:00,10,142,134
2023-11-20 09:00:00,1,236,344
2023-11-20 09:00:00,2,237,288
2023-11-20 09:00:00,3,186,226
2023-11-20 09:00:00,4,138,208
2023-11-20 09:00:00,5,162,201
2023-11-20 09:00:00,6,161,175
2023-11-20 09:00:00,7,239,174
2023-11-20 09:00:00,8,170,167
2023-11-20 09:00:00,9,132,158
2023-11-20 09:00:00,10,140,154
2023-11-20 10:00:00,1,236,348
2023-11-20 10:00:00,2,237,307
2023-11-20 10:00:00,3,161,239
2023-11-20 10:00:00,4,162,179
2023-11-20 10:00:00,5,186,173
2023-11-20 10:00:00,6,230,170
2023-11-20 10:00:00,7,239,161
2023-11-20 10:00:00,8,142,160
2023-11-20 10:00:00,9,170,159
2023-11-20 10:00:00,10,138,156
2023-11-20 11:00:00,1,236,352
2023-11-20 11:00:00,2,237,321
2023-11-20 11:00:00,3,161,259
2023-11-20 11:00:00,4,186,213
2023-11-20 11:00:00,5,162,212
2023-11-20 11:00:00,6,138,193
2023-11-20 11:00:00,7,230,185
2023-11-20 11:00:00,8,142,176
2023-11-20 11:00:00,9,163,170
2023-11-20 11:00:00,10,141,168
2023-11-20 12:00:00,1,236,379
2023-11-20 12:00:00,2,237,364
2023-11-20 12:00:00,3,161,334
2023-11-20 12:00:00,4,162,209
2023-11-20 12:00:00,5,239,209
2023-11-20 12:00:00,6,170,204
2023-11-20 12:00:00,7,140,187
2023-11-20 12:00:00,8,142,185
2023-11-20 12:00:00,9,163,185
2023-11-20 12:00:00,10,186,173
2023-11-20 13:00:00,1,237,370
2023-11-20 13:00:00,2,236,358
2023-11-20 13:00:00,3,161,353
2023-11-20 13:00:00,4,162,219
2023-11-20 13:00:00,5,163,218
2023-11-20 13:00:00,6,142,210
2023-11-20 13:00:00,7,239,206
2023-11-20 13:00:00,8,132,202
2023-11-20 13:00:00,9,138,202
2023-11-20 13:00:00,10,170,185
2023-11-20 14:00:00,1,237,438
2023-11-20 14:00:00,2,161,417
2023-11-20 14:00:00,3,236,367
2023-11-20 14:00:00,4,132,283
2023-11-20 14:00:00,5,162,252
2023-11-20 14:00:00,6,163,227
2023-11-20 14:00:00,7,142,218
2023-11-20 14:00:00,8,138,214
2023-11-20 14:00:00,9,239,214
2023-11-20 14:00:00,10,43,200
2023-11-20 15:00:00,1,236,501
2023-11-20 15:00:00,2,237,488
2023-11-20 15:00:00,3,161,420
2023-11-20 15:00:00,4,132,362
2023-11-20 15:00:00,5,138,266
2023-11-20 15:00:00,6,142,250
2023-11-20 15:00:00,7,163,223
2023-11-20 15:00:00,8,239,216
2023-11-20 15:00:00,9,230,215
2023-11-20 15:00:00,10,43,211
2023-11-20 16:00:00,1,161,472
2023-11-20 16:00:00,2,236,462
2023-11-20 16:00:00,3,237,436
2023-11-20 16:00:00,4,132,276
2023-11-20 16:00:00,5,163,254
2023-11-20 16:00:00,6,162,236
2023-11-20 16:00:00,7,142,219
2023-11-20 16:00:00,8,230,209
2023-11-20 16:00:00,9,138,203
2023-11-20 16:00:00,10,239,200
2023-11-20 17:00:00,1,161,498
2023-11-20 17:00:00,2,236,451
2023-11-20 17:00:00,3,237,448
2023-11-20 17:00:00,4,162,351
2023-11-20 17:00:00,5,163,295
2023-11-20 17:00:00,6,132,294
2023-11-20 17:00:00,7,142,253
2023-11-20 17:00:00,8,170,217
2023-11-20 17:00:00,9,239,217
2023-11-20 17:00:00,10,138,212
2023-11-20 18:00:00,1,161,555
2023-11-20 18:00:00,2,237,459
2023-11-20 18:00:00,3,236,392
2023-11-20 18:00:00,4,162,336
2023-11-20 18:00:00,5,163,330
2023-11-20 18:00:00,6,132,261
2023-11-20 18:00:00,7,142,248
2023-11-20 18:00:00,8,230,228
2023-11-20 18:00:00,9,170,222
2023-11-20 18:00:00,10,138,214
2023-11-20 19:00:00,1,161,443
2023-11-20 19:00:00,2,237,388
2023-11-20 19:00:00,3,132,334
2023-11-20 19:00:00,4,162,288
2023-11-20 19:00:00,5,163,258
2023-11-20 19:00:00,6,236,229
2023-11-20 19:00:00,7,230,224
2023-11-20 19:00:00,8,138,188
2023-11-20 19:00:00,9,142,187
2023-11-20 19:00:00,10,170,186
2023-11-20 20:00:00,1,161,392
2023-11-20 20:00:00,2,237,283
2023-11-20 20:00:00,3,132,272
2023-11-20 20:00:00,4,163,237
2023-11-20 20:00:00,5,162,231
2023-11-20 20:00:00,6,236,224
2023-11-20 20:00:00,7,230,211
2023-11-20 20:00:00,8,138,193
2023-11-20 20:00:00,9,234,186
2023-11-20 20:00:00,10,142,172
2023-11-20 21:00:00,1,161,474
2023-11-20 21:00:00,2,163,276
2023-11-20 21:00:00,3,230,263
2023-11-20 21:00:00,4,142,256
2023-11-20 21:00:00,5,132,243
2023-11-20 21:00:00,6,237,233
2023-11-20 21:00:00,7,186,221
2023-11-20 21:00:00,8,138,199
2023-11-20 21:00:00,9,164,161
2023-11-20 21:00:00,10,162,157
2023-11-20 22:00:00,1,132,324
2023-11-20 22:00:00,2,161,263
2023-11-20 22:00:00,3,142,233
2023-11-20 22:00:00,4,230,211
2023-11-20 22:00:00,5,163,173
2023-11-20 22:00:00,6,138,150
2023-11-20 22:00:00,7,48,147
2023-11-20 22:00:00,8,237,147
2023-11-20 22:00:00,9,249,140
2023-11-20 22:00:00,10,234,116
2023-11-20 23:00:00,1,132,286
2023-11-20 23:00:00,2,138,162
2023-11-20 23:00:00,3,230,122
2023-11-20 23:00:00,4,48,119
2023-11-20 23:00:00,5,161,115
2023-11-20 23:00:00,6,249,115
2023-11-20 23:00:00,7,79,93
2023-11-20 23:00:00,8,142,88
2023-11-20 23:00:00,9,163,82
2023-11-20 23:00:00,10,186,72
2023-11-21 00:00:00,1,132,176
2023-11-21 00:00:00,2,138,69
2023-11-21 00:00:00,3,114,67
2023-11-21 00:00:00,4,186,61
2023-11-21 00:00:00,5,249,57
2023-11-21 00:00:00,6,230,56
2023-11-21 00:00:00,7,48,52
2023-11-21 00:00:00,8,79,51
2023-11-21 00:00:00,9,161,46
2023-11-21 00:00:00,10,234,43
2023-11-21 01:00:00,1,132,85
2023-11-21 01:00:00,2,249,38
2023-11-21 01:00:00,3,230,36
2023-11-21 01:00:00,4,114,31
2023-11-21 01:00:00,5,48,26
2023-11-21 01:00:00,6,141,24
2023-11-21 01:00:00,7,90,23
2023-11-21 01:00:00,8,79,22
2023-11-21 01:00:00,9,68,18
2023-11-21 01:00:00,10,164,18
2023-11-21 02:00:00,1,132,37
2023-11-21 02:00:00,2,48,33
2023-11-21 02:00:00,3,68,16
2023-11-21 02:00:00,4,230,16
2023-11-21 02:00:00,5,249,14
2023-11-21 02:00:00,6,79,13
2023-11-21 02:00:00,7,100,13
2023-11-21 02:00:00,8,90,12
2023-11-21 02:00:00,9,141,12
2023-11-21 02:00:00,10,161,11
2023-11-21 03:00:00,1,48,21
2023-11-21 03:00:00,2,79,12
2023-11-21 03:00:00,3,230,11
2023-11-21 03:00:00,4,249,9
2023-11-21 03:00:00,5,141,8
2023-11-21 03:00:00,6,68,7
2023-11-21 03:00:00,7,161,7
2023-11-21 03:00:00,8,107,6
2023-11-21 03:00:00,9,164,6
2023-11-21 03:00:00,10,246,6
2023-11-21 04:00:00,1,48,21
2023-11-21 04:00:00,2,230,19
2023-11-21 04:00:00,3,90,15
2023-11-21 04:00:00,4,141,14
2023-11-21 04:00:00,5,68,13
2023-11-21 04:00:00,6,79,13
2023-11-21 04:00:00,7,137,12
2023-11-21 04:00:00,8,249,12
2023-11-21 04:00:00,9,186,11
2023-11-21 04:00:00,10,164,10
2023-11-21 05:00:00,1,186,55
2023-11-21 05:00:00,2,48,50
2023-11-21 05:00:00,3,132,48
2023-11-21 05:00:00,4,100,43
2023-11-21 05:00:00,5,238,29
2023-11-21 05:00:00,6,230,24
2023-11-21 05:00:00,7,239,24
2023-11-21 05:00:00,8,262,24
2023-11-21 05:00:00,9,263,23
2023-11-21 05:00:00,10,162,21
2023-11-21 06:00:00,1,186,120
2023-11-21 06:00:00,2,132,107
2023-11-21 06:00:00,3,236,95
2023-11-21 06:00:00,4,48,94
2023-11-21 06:00:00,5,100,83
2023-11-21 06:00:00,6,162,62
2023-11-21 06:00:00,7,262,61
2023-11-21 06:00:00,8,161,51
2023-11-21 06:00:00,9,237,49
2023-11-21 06:00:00,10,239,46
2023-11-21 07:00:00,1,236,303
2023-11-21 07:00:00,2,186,204
2023-11-21 07:00:00,3,237,192
2023-11-21 07:00:00,4,262,164
2023-11-21 07:00:00,5,239,150
2023-11-21 07:00:00,6,132,141
2023-11-21 07:00:00,7,263,139
2023-11-21 07:00:00,8,142,127
2023-11-21 07:00:00,9,140,125
2023-11-21 07:00:00,10,141,125
2023-11-21 08:00:00,1,236,414
2023-11-21 08:00:00,2,237,269
2023-11-21 08:00:00,3,238,204
2023-11-21 08:00:00,4,186,201
2023-11-21 08:00:00,5,239,191
2023-11-21 08:00:00,6,263,158
2023-11-21 08:00:00,7,262,156
2023-11-21 08:00:00,8,132,155
2023-11-21 08:00:00,9,142,153
2023-11-21 08:00:00,10,140,152
2023-11-21 09:00:00,1,236,381
2023-11-21 09:00:00,2,237,318
2023-11-21 09:00:00,3,170,216
2023-11-21 09:00:00,4,186,212
2023-11-21 09:00:00,5,162,199
2023-11-21 09:00:00,6,140,191
2023-11-21 09:00:00,7,161,183
2023-11-21 09:00:00,8,239,183
2023-11-21 09:00:00,9,262,183
2023-11-21 09:00:00,10,138,180
2023-11-21 10:00:00,1,236,348
2023-11-21 10:00:00,2,237,318
2023-11-21 10:00:00,3,161,249
2023-11-21 10:00:00,4,162,209
2023-11-21 10:00:00,5,239,209
2023-11-21 10:00:00,6,138,202
2023-11-21 10:00:00,7,186,190
2023-11-21 10:00:00,8,230,178
2023-11-21 10:00:00,9,142,177
2023-11-21 10:00:00,10,238,177
2023-11-21 11:00:00,1,237,413
2023-11-21 11:00:00,2,236,373
2023-11-21 11:00:00,3,161,287
2023-11-21 11:00:00,4,162,241
2023-11-21 11:00:00,5,142,230
2023-11-21 11:00:00,6,239,217
2023-11-21 11:00:00,7,138,201
2023-11-21 11:00:00,8,140,188
2023-11-21 11:00:00,9,163,185
2023-11-21 11:00:00,10,170,185
2023-11-21 12:00:00,1,237,399
2023-11-21 12:00:00,2,236,384
2023-11-21 12:00:00,3,161,314
2023-11-21 12:00:00,4,162,232
2023-11-21 12:00:00,5,142,228
2023-11-21 12:00:00,6,170,225
2023-11-21 12:00:00,7,138,214
2023-11-21 12:00:00,8,239,213
2023-11-21 12:00:00,9,234,189
2023-11-21 12:00:00,10,163,188
2023-11-21 13:00:00,1,237,454
2023-11-21 13:00:00,2,161,401
2023-11-21 13:00:00,3,236,401
2023-11-21 13:00:00,4,162,279
2023-11-21 13:00:00,5,142,270
2023-11-21 13:00:00,6,239,269
2023-11-21 13:00:00,7,234,231
2023-11-21 13:00:00,8,163,221
2023-11-21 13:00:00,9,186,206
2023-11-21 13:00:00,10,238,191
2023-11-21 14:00:00,1,236,510
2023-11-21 14:00:00,2,237,493
2023-11-21 14:00:00,3,161,447
2023-11-21 14:00:00,4,239,331
2023-11-21 14:00:00,5,162,301
2023-11-21 14:00:00,6,132,283
2023-11-21 14:00:00,7,138,274
2023-11-21 14:00:00,8,142,262
2023-11-21 14:00:00,9,170,252
2023-11-21 14:00:00,10,234,249
2023-11-21 15:00:00,1,236,565
2023-11-21 15:00:00,2,237,483
2023-11-21 15:00:00,3,161,410
2023-11-21 15:00:00,4,132,327
2023-11-21 15:00:00,5,239,289
2023-11-21 15:00:00,6,162,278
2023-11-21 15:00:00,7,142,251
2023-11-21 15:00:00,8,234,233
2023-11-21 15:00:00,9,138,228
2023-11-21 15:00:00,10,170,228
2023-11-21 16:00:00,1,236,523
2023-11-21 16:00:00,2,161,470
2023-11-21 16:00:00,3,237,421
2023-11-21 16:00:00,4,132,379
2023-11-21 16:00:00,5,239,296
2023-11-21 16:00:00,6,162,287
2023-11-21 16:00:00,7,142,255
2023-11-21 16:00:00,8,234,237
2023-11-21 16:00:00,9,163,226
2023-11-21 16:00:00,10,138,219
2023-11-21 17:00:00,1,161,494
2023-11-21 17:00:00,2,236,452
2023-11-21 17:00:00,3,237,416
2023-11-21 17:00:00,4,162,374
2023-11-21 17:00:00,5,163,274
2023-11-21 17:00:00,6,138,273
2023-11-21 17:00:00,7,239,270
2023-11-21 17:00:00,8,132,268
2023-11-21 17:00:00,9,142,262
2023-11-21 17:00:00,10,170,256
2023-11-21 18:00:00,1,161,610
2023-11-21 18:00:00,2,237,439
2023-11-21 18:00:00,3,236,409
2023-11-21 18:00:00,4,162,387
2023-11-21 18:00:00,5,163,359
2023-11-21 18:00:00,6,234,301
2023-11-21 18:00:00,7,142,300
2023-11-21 18:00:00,8,170,286
2023-11-21 18:00:00,9,230,278
2023-11-21 18:00:00,10,138,241
2023-11-21 19:00:00,1,161,590
2023-11-21 19:00:00,2,237,362
2023-11-21 19:00:00,3,162,339
2023-11-21 19:00:00,4,132,331
2023-11-21 19:00:00,5,236,307
2023-11-21 19:00:00,6,163,294
2023-11-21 19:00:00,7,170,285
2023-11-21 19:00:00,8,142,284
2023-11-21 19:00:00,9,230,283
2023-11-21 19:00:00,10,234,248
2023-11-21 20:00:00,1,161,398
2023-11-21 20:00:00,2,237,343
2023-11-21 20:00:00,3,162,292
2023-11-21 20:00:00,4,132,259
2023-11-21 20:00:00,5,230,244
2023-11-21 20:00:00,6,163,227
2023-11-21 20:00:00,7,142,211
2023-11-21 20:00:00,8,234,203
2023-11-21 20:00:00,9,236,184
2023-11-21 20:00:00,10,170,183
2023-11-21 21:00:00,1,161,497
2023-11-21 21:00:00,2,230,381
2023-11-21 21:00:00,3,237,327
2023-11-21 21:00:00,4,142,249
2023-11-21 21:00:00,5,163,246
2023-11-21 21:00:00,6,48,231
2023-11-21 21:00:00,7,162,215
2023-11-21 21:00:00,8,132,193
2023-11-21 21:00:00,9,234,193
2023-11-21 21:00:00,10,164,187
2023-11-21 22:00:00,1,142,350
2023-11-21 22:00:00,2,230,333
2023-11-21 22:00:00,3,132,291
2023-11-21 22:00:00,4,161,265
2023-11-21 22:00:00,5,237,228
2023-11-21 22:00:00,6,48,219
2023-11-21 22:00:00,7,249,161
2023-11-21 22:00:00,8,163,159
2023-11-21 22:00:00,9,164,156
2023-11-21 22:00:00,10,79,152
2023-11-21 23:00:00,1,132,297
2023-11-21 23:00:00,2,230,190
2023-11-21 23:00:00,3,249,152
2023-11-21 23:00:00,4,138,150
2023-11-21 23:00:00,5,48,138
2023-11-21 23:00:00,6,79,133
2023-11-21 23:00:00,7,114,128
2023-11-21 23:00:00,8,161,120
2023-11-21 23:00:00,9,234,108
2023-11-21 23:00:00,10,142,101
2023-11-22 00:00:00,1,132,145
2023-11-22 00:00:00,2,79,107
2023-11-22 00:00:00,3,114,82
2023-11-22 00:00:00,4,138,80
2023-11-22 00:00:00,5,249,75
2023-11-22 00:00:00,6,186,73
2023-11-22 00:00:00,7,48,68
2023-11-22 00:00:00,8,230,62
2023-11-22 00:00:00,9,68,61
2023-11-22 00:00:00,10,234,54
2023-11-22 01:00:00,1,132,74
2023-11-22 01:00:00,2,249,52
2023-11-22 01:00:00,3,79,47
2023-11-22 01:00:00,4,48,44
2023-11-22 01:00:00,5,230,40
2023-11-22 01:00:00,6,114,27
2023-11-22 01:00:00,7,186,25
2023-11-22 01:00:00,8,100,21
2023-11-22 01:00:00,9,148,21
2023-11-22 01:00:00,10,142,19
2023-11-22 02:00:00,1,249,23
2023-11-22 02:00:00,2,230,22
2023-11-22 02:00:00,3,48,21
2023-11-22 02:00:00,4,79,19
2023-11-22 02:00:00,5,263,17
2023-11-22 02:00:00,6,100,16
2023-11-22 02:00:00,7,231,15
2023-11-22 02:00:00,8,246,15
2023-11-22 02:00:00,9,132,12
2023-11-22 02:00:00,10,186,12
2023-11-22 03:00:00,1,48,23
2023-11-22 03:00:00,2,231,15
2023-11-22 03:00:00,3,249,15
2023-11-22 03:00:00,4,79,14
2023-11-22 03:00:00,5,100,14
2023-11-22 03:00:00,6,230,14
2023-11-22 03:00:00,7,246,14
2023-11-22 03:00:00,8,164,12
2023-11-22 03:00:00,9,263,12
2023-11-22 03:00:00,10,186,11
2023-11-22 04:00:00,1,48,35
2023-11-22 04:00:00,2,79,31
2023-11-22 04:00:00,3,230,29
2023-11-22 04:00:00,4,263,26
2023-11-22 04:00:00,5,170,23
2023-11-22 04:00:00,6,141,22
2023-11-22 04:00:00,7,262,19
2023-11-22 04:00:00,8,68,18
2023-11-22 04:00:00,9,249,18
2023-11-22 04:00:00,10,142,16
2023-11-22 05:00:00,1,186,75
2023-11-22 05:00:00,2,132,53
2023-11-22 05:00:00,3,100,47
2023-11-22 05:00:00,4,48,34
2023-11-22 05:00:00,5,162,31
2023-11-22 05:00:00,6,239,27
2023-11-22 05:00:00,7,107,23
2023-11-22 05:00:00,8,236,23
2023-11-22 05:00:00,9,263,23
2023-11-22 05:00:00,10,141,22
2023-11-22 06:00:00,1,186,128
2023-11-22 06:00:00,2,132,95
2023-11-22 06:00:00,3,48,73
2023-11-22 06:00:00,4,236,67
2023-11-22 06:00:00,5,263,65
2023-11-22 06:00:00,6,238,64
2023-11-22 06:00:00,7,262,59
2023-11-22 06:00:00,8,100,57
2023-11-22 06:00:00,9,161,46
2023-11-22 06:00:00,10,170,46
2023-11-22 07:00:00,1,132,179
2023-11-22 07:00:00,2,236,173
2023-11-22 07:00:00,3,186,122
2023-11-22 07:00:00,4,262,121
2023-11-22 07:00:00,5,141,114
2023-11-22 07:00:00,6,238,107
2023-11-22 07:00:00,7,237,103
2023-11-22 07:00:00,8,100,97
2023-11-22 07:00:00,9,263,96
2023-11-22 07:00:00,10,140,93
2023-11-22 08:00:00,1,236,239
2023-11-22 08:00:00,2,132,182
2023-11-22 08:00:00,3,237,174
2023-11-22 08:00:00,4,262,150
2023-11-22 08:00:00,5,141,139
2023-11-22 08:00:00,6,239,137
2023-11-22 08:00:00,7,140,134
2023-11-22 08:00:00,8,186,126
2023-11-22 08:00:00,9,263,124
2023-11-22 08:00:00,10,170,123
2023-11-22 09:00:00,1,236,275
2023-11-22 09:00:00,2,237,253
2023-11-22 09:00:00,3,138,197
2023-11-22 09:00:00,4,141,161
2023-11-22 09:00:00,5,239,155
2023-11-22 09:00:00,6,162,146
2023-11-22 09:00:00,7,186,143
2023-11-22 09:00:00,8,132,141
2023-11-22 09:00:00,9,170,140
2023-11-22 09:00:00,10,238,134
2023-11-22 10:00:00,1,236,329
2023-11-22 10:00:00,2,237,306
2023-11-22 10:00:00,3,161,206
2023-11-22 10:00:00,4,138,183
2023-11-22 10:00:00,5,132,168
2023-11-22 10:00:00,6,142,167
2023-11-22 10:00:00,7,239,164
2023-11-22 10:00:00,8,141,159
2023-11-22 10:00:00,9,162,159
2023-11-22 10:00:00,10,170,152
2023-11-22 11:00:00,1,236,349
2023-11-22 11:00:00,2,237,337
2023-11-22 11:00:00,3,161,234
2023-11-22 11:00:00,4,162,220
2023-11-22 11:00:00,5,138,183
2023-11-22 11:00:00,6,68,171
2023-11-22 11:00:00,7,239,167
2023-11-22 11:00:00,8,186,164
2023-11-22 11:00:00,9,132,161
2023-11-22 11:00:00,10,142,160
2023-11-22 12:00:00,1,236,391
2023-11-22 12:00:00,2,237,372
2023-11-22 12:00:00,3,161,266
2023-11-22 12:00:00,4,162,228
2023-11-22 12:00:00,5,138,222
2023-11-22 12:00:00,6,170,202
2023-11-22 12:00:00,7,163,189
2023-11-22 12:00:00,8,142,186
2023-11-22 12:00:00,9,239,170
2023-11-22 12:00:00,10,230,161
2023-11-22 13:00:00,1,236,396
2023-11-22 13:00:00,2,237,366
2023-11-22 13:00:00,3,161,339
2023-11-22 13:00:00,4,162,242
2023-11-22 13:00:00,5,132,229
2023-11-22 13:00:00,6,239,222
2023-11-22 13:00:00,7,142,221
2023-11-22 13:00:00,8,138,200
2023-11-22 13:00:00,9,234,198
2023-11-22 13:00:00,10,186,194
2023-11-22 14:00:00,1,161,404
2023-11-22 14:00:00,2,237,403
2023-11-22 14:00:00,3,236,388
2023-11-22 14:00:00,4,132,301
2023-11-22 14:00:00,5,138,278
2023-11-22 14:00:00,6,142,247
2023-11-22 14:00:00,7,162,223
2023-11-22 14:00:00,8,239,207
2023-11-22 14:00:00,9,234,194
2023-11-22 14:00:00,10,141,190
2023-11-22 15:00:00,1,161,370
2023-11-22 15:00:00,2,237,364
2023-11-22 15:00:00,3,236,345
2023-11-22 15:00:00,4,132,326
2023-11-22 15:00:00,5,142,267
2023-11-22 15:00:00,6,138,242
2023-11-22 15:00:00,7,239,216
2023-11-22 15:00:00,8,162,204
2023-11-22 15:00:00,9,163,204
2023-11-22 15:00:00,10,230,193
2023-11-22 16:00:00,1,161,386
2023-11-22 16:00:00,2,237,371
2023-11-22 16:00:00,3,236,304
2023-11-22 16:00:00,4,132,281
2023-11-22 16:00:00,5,230,272
2023-11-22 16:00:00,6,142,261
2023-11-22 16:00:00,7,239,228
2023-11-22 16:00:00,8,138,219
2023-11-22 16:00:00,9,162,207
2023-11-22 16:00:00,10,186,196
2023-11-22 17:00:00,1,161,384
2023-11-22 17:00:00,2,237,321
2023-11-22 17:00:00,3,236,279
2023-11-22 17:00:00,4,239,259
2023-11-22 17:00:00,5,132,253
2023-11-22 17:00:00,6,138,248
2023-11-22 17:00:00,7,162,222
2023-11-22 17:00:00,8,142,221
2023-11-22 17:00:00,9,163,204
2023-11-22 17:00:00,10,234,183
2023-11-22 18:00:00,1,161,349
2023-11-22 18:00:00,2,239,281
2023-11-22 18:00:00,3,237,278
2023-11-22 18:00:00,4,142,263
2023-11-22 18:00:00,5,236,257
2023-11-22 18:00:00,6,163,218
2023-11-22 18:00:00,7,132,217
2023-11-22 18:00:00,8,230,213
2023-11-22 18:00:00,9,234,182
2023-11-22 18:00:00,10,162,177
2023-11-22 19:00:00,1,132,363
2023-11-22 19:00:00,2,161,280
2023-11-22 19:00:00,3,239,240
2023-11-22 19:00:00,4,237,217
2023-11-22 19:00:00,5,142,203
2023-11-22 19:00:00,6,236,165
2023-11-22 19:00:00,7,230,159
2023-11-22 19:00:00,8,170,158
2023-11-22 19:00:00,9,162,153
2023-11-22 19:00:00,10,138,148
2023-11-22 20:00:00,1,239,229
2023-11-22 20:00:00,2,132,226
2023-11-22 20:00:00,3,161,208
2023-11-22 20:00:00,4,237,176
2023-11-22 20:00:00,5,142,170
2023-11-22 20:00:00,6,186,150
2023-11-22 20:00:00,7,236,147
2023-11-22 20:00:00,8,138,144
2023-11-22 20:00:00,9,230,129
2023-11-22 20:00:00,10,163,128
2023-11-22 21:00:00,1,142,281
2023-11-22 21:00:00,2,132,243
2023-11-22 21:00:00,3,239,239
2023-11-22 21:00:00,4,161,207
2023-11-22 21:00:00,5,230,172
2023-11-22 21:00:00,6,237,144
2023-11-22 21:00:00,7,236,132
2023-11-22 21:00:00,8,48,131
2023-11-22 21:00:00,9,138,123
2023-11-22 21:00:00,10,163,123
2023-11-22 22:00:00,1,230,261
2023-11-22 22:00:00,2,186,197
2023-11-22 22:00:00,3,239,188
2023-11-22 22:00:00,4,48,186
2023-11-22 22:00:00,5,161,166
2023-11-22 22:00:00,6,142,157
2023-11-22 22:00:00,7,132,153
2023-11-22 22:00:00,8,237,127
2023-11-22 22:00:00,9,138,125
2023-11-22 22:00:00,10,249,117
2023-11-22 23:00:00,1,132,179
2023-11-22 23:00:00,2,164,165
2023-11-22 23:00:00,3,186,162
2023-11-22 23:00:00,4,230,142
2023-11-22 23:00:00,5,249,131
2023-11-22 23:00:00,6,48,127
2023-11-22 23:00:00,7,239,119
2023-11-22 23:00:00,8,138,115
2023-11-22 23:00:00,9,161,101
2023-11-22 23:00:00,10,68,98
2023-11-23 00:00:00,1,249,147
2023-11-23 00:00:00,2,132,135
2023-11-23 00:00:00,3,79,127
2023-11-23 00:00:00,4,114,109
2023-11-23 00:00:00,5,186,106
2023-11-23 00:00:00,6,48,96
2023-11-23 00:00:00,7,148,80
2023-11-23 00:00:00,8,246,70
2023-11-23 00:00:00,9,164,69
2023-11-23 00:00:00,10,230,69
2023-11-23 01:00:00,1,79,150
2023-11-23 01:00:00,2,246,107
2023-11-23 01:00:00,3,249,102
2023-11-23 01:00:00,4,148,93
2023-11-23 01:00:00,5,114,91
2023-11-23 01:00:00,6,48,90
2023-11-23 01:00:00,7,231,56
2023-11-23 01:00:00,8,144,50
2023-11-23 01:00:00,9,164,50
2023-11-23 01:00:00,10,230,48
2023-11-23 02:00:00,1,79,109
2023-11-23 02:00:00,2,246,104
2023-11-23 02:00:00,3,148,81
2023-11-23 02:00:00,4,68,73
2023-11-23 02:00:00,5,48,69
2023-11-23 02:00:00,6,114,69
2023-11-23 02:00:00,7,249,60
2023-11-23 02:00:00,8,144,55
2023-11-23 02:00:00,9,231,43
2023-11-23 02:00:00,10,158,37
2023-11-23 03:00:00,1,246,155
2023-11-23 03:00:00,2,79,81
2023-11-23 03:00:00,3,148,57
2023-11-23 03:00:00,4,48,51
2023-11-23 03:00:00,5,68,44
2023-11-23 03:00:00,6,231,44
2023-11-23 03:00:00,7,249,35
2023-11-23 03:00:00,8,144,34
2023-11-23 03:00:00,9,164,32
2023-11-23 03:00:00,10,114,27
2023-11-23 04:00:00,1,48,55
2023-11-23 04:00:00,2,246,54
2023-11-23 04:00:00,3,68,51
2023-11-23 04:00:00,4,79,38
2023-11-23 04:00:00,5,148,31
2023-11-23 04:00:00,6,230,25
2023-11-23 04:00:00,7,141,23
2023-11-23 04:00:00,8,90,22
2023-11-23 04:00:00,9,144,22
2023-11-23 04:00:00,10,164,21
2023-11-23 05:00:00,1,132,53
2023-11-23 05:00:00,2,48,31
2023-11-23 05:00:00,3,230,27
2023-11-23 05:00:00,4,68,25
2023-11-23 05:00:00,5,263,23
2023-11-23 05:00:00,6,239,21
2023-11-23 05:00:00,7,79,20
2023-11-23 05:00:00,8,162,18
2023-11-23 05:00:00,9,164,18
2023-11-23 05:00:00,10,186,15
2023-11-23 06:00:00,1,132,158
2023-11-23 06:00:00,2,48,61
2023-11-23 06:00:00,3,263,41
2023-11-23 06:00:00,4,262,40
2023-11-23 06:00:00,5,239,38
2023-11-23 06:00:00,6,236,36
2023-11-23 06:00:00,7,238,35
2023-11-23 06:00:00,8,141,30
2023-11-23 06:00:00,9,162,28
2023-11-23 06:00:00,10,140,27
2023-11-23 07:00:00,1,132,95
2023-11-23 07:00:00,2,236,89
2023-11-23 07:00:00,3,237,60
2023-11-23 07:00:00,4,238,59
2023-11-23 07:00:00,5,48,56
2023-11-23 07:00:00,6,239,54
2023-11-23 07:00:00,7,263,52
2023-11-23 07:00:00,8,107,46
2023-11-23 07:00:00,9,140,42
2023-11-23 07:00:00,10,141,42
2023-11-23 08:00:00,1,236,125
2023-11-23 08:00:00,2,238,98
2023-11-23 08:00:00,3,239,96
2023-11-23 08:00:00,4,237,80
2023-11-23 08:00:00,5,48,74
2023-11-23 08:00:00,6,132,73
2023-11-23 08:00:00,7,263,72
2023-11-23 08:00:00,8,262,68
2023-11-23 08:00:00,9,107,67
2023-11-23 08:00:00,10,141,58
2023-11-23 09:00:00,1,236,142
2023-11-23 09:00:00,2,239,128
2023-11-23 09:00:00,3,237,85
2023-11-23 09:00:00,4,132,84
2023-11-23 09:00:00,5,48,79
2023-11-23 09:00:00,6,142,79
2023-11-23 09:00:00,7,107,77
2023-11-23 09:00:00,8,141,76
2023-11-23 09:00:00,9,238,73
2023-11-23 09:00:00,10,263,71
2023-11-23 10:00:00,1,239,191
2023-11-23 10:00:00,2,142,160
2023-11-23 10:00:00,3,237,154
2023-11-23 10:00:00,4,236,129
2023-11-23 10:00:00,5,138,110
2023-11-23 10:00:00,6,48,101
2023-11-23 10:00:00,7,143,96
2023-11-23 10:00:00,8,238,90
2023-11-23 10:00:00,9,132,87
2023-11-23 10:00:00,10,170,78
2023-11-23 11:00:00,1,138,152
2023-11-23 11:00:00,2,142,151
2023-11-23 11:00:00,3,236,148
2023-11-23 11:00:00,4,237,146
2023-11-23 11:00:00,5,239,140
2023-11-23 11:00:00,6,162,134
2023-11-23 11:00:00,7,48,131
2023-11-23 11:00:00,8,132,121
2023-11-23 11:00:00,9,170,112
2023-11-23 11:00:00,10,161,111
2023-11-23 12:00:00,1,236,192
2023-11-23 12:00:00,2,142,175
2023-11-23 12:00:00,3,237,163
2023-11-23 12:00:00,4,239,148
2023-11-23 12:00:00,5,170,140
2023-11-23 12:00:00,6,141,136
2023-11-23 12:00:00,7,162,134
2023-11-23 12:00:00,8,161,121
2023-11-23 12:00:00,9,238,108
2023-11-23 12:00:00,10,48,107
2023-11-23 13:00:00,1,237,182
2023-11-23 13:00:00,2,161,174
2023-11-23 13:00:00,3,236,172
2023-11-23 13:00:00,4,142,169
2023-11-23 13:00:00,5,132,154
2023-11-23 13:00:00,6,170,148
2023-11-23 13:00:00,7,138,130
2023-11-23 13:00:00,8,239,130
2023-11-23 13:00:00,9,238,129
2023-11-23 13:00:00,10,141,127
2023-11-23 14:00:00,1,237,219
2023-11-23 14:00:00,2,132,214
2023-11-23 14:00:00,3,236,210
2023-11-23 14:00:00,4,161,180
2023-11-23 14:00:00,5,142,171
2023-11-23 14:00:00,6,239,161
2023-11-23 14:00:00,7,141,131
2023-11-23 14:00:00,8,162,129
2023-11-23 14:00:00,9,170,124
2023-11-23 14:00:00,10,138,119
2023-11-23 15:00:00,1,132,244
2023-11-23 15:00:00,2,237,210
2023-11-23 15:00:00,3,236,194
2023-11-23 15:00:00,4,142,193
2023-11-23 15:00:00,5,161,190
2023-11-23 15:00:00,6,239,166
2023-11-23 15:00:00,7,230,150
2023-11-23 15:00:00,8,163,146
2023-11-23 15:00:00,9,238,138
2023-11-23 15:00:00,10,43,134
2023-11-23 16:00:00,1,132,248
2023-11-23 16:00:00,2,142,224
2023-11-23 16:00:00,3,161,222
2023-11-23 16:00:00,4,237,215
2023-11-23 16:00:00,5,236,163
2023-11-23 16:00:00,6,239,152
2023-11-23 16:00:00,7,230,146
2023-11-23 16:00:00,8,163,145
2023-11-23 16:00:00,9,238,121
2023-11-23 16:00:00,10,43,116
2023-11-23 17:00:00,1,237,229
2023-11-23 17:00:00,2,132,218
2023-11-23 17:00:00,3,161,211
2023-11-23 17:00:00,4,142,152
2023-11-23 17:00:00,5,230,130
2023-11-23 17:00:00,6,163,128
2023-11-23 17:00:00,7,236,128
2023-11-23 17:00:00,8,162,113
2023-11-23 17:00:00,9,239,112
2023-11-23 17:00:00,10,238,108
2023-11-23 18:00:00,1,161,207
2023-11-23 18:00:00,2,237,177
2023-11-23 18:00:00,3,230,160
2023-11-23 18:00:00,4,132,152
2023-11-23 18:00:00,5,163,140
2023-11-23 18:00:00,6,236,133
2023-11-23 18:00:00,7,142,131
2023-11-23 18:00:00,8,170,112
2023-11-23 18:00:00,9,239,111
2023-11-23 18:00:00,10,162,106
2023-11-23 19:00:00,1,132,204
2023-11-23 19:00:00,2,161,201
2023-11-23 19:00:00,3,162,175
2023-11-23 19:00:00,4,237,172
2023-11-23 19:00:00,5,230,159
2023-11-23 19:00:00,6,142,151
2023-11-23 19:00:00,7,236,139
2023-11-23 19:00:00,8,186,138
2023-11-23 19:00:00,9,239,133
2023-11-23 19:00:00,10,238,113
2023-11-23 20:00:00,1,162,206
2023-11-23 20:00:00,2,236,199
2023-11-23 20:00:00,3,186,193
2023-11-23 20:00:00,4,237,188
2023-11-23 20:00:00,5,161,179
2023-11-23 20:00:00,6,239,163
2023-11-23 20:00:00,7,142,139
2023-11-23 20:00:00,8,132,130
2023-11-23 20:00:00,9,238,125
2023-11-23 20:00:00,10,230,113
2023-11-23 21:00:00,1,161,240
2023-11-23 21:00:00,2,162,221
2023-11-23 21:00:00,3,186,216
2023-11-23 21:00:00,4,239,190
2023-11-23 21:00:00,5,142,160
2023-11-23 21:00:00,6,236,157
2023-11-23 21:00:00,7,132,149
2023-11-23 21:00:00,8,237,145
2023-11-23 21:00:00,9,170,132
2023-11-23 21:00:00,10,230,126
2023-11-23 22:00:00,1,162,192
2023-11-23 22:00:00,2,161,151
2023-11-23 22:00:00,3,186,147
2023-11-23 22:00:00,4,142,124
2023-11-23 22:00:00,5,236,120
2023-11-23 22:00:00,6,132,109
2023-11-23 22:00:00,7,170,107
2023-11-23 22:00:00,8,237,104
2023-11-23 22:00:00,9,239,103
2023-11-23 22:00:00,10,230,100
2023-11-23 23:00:00,1,186,138
2023-11-23 23:00:00,2,162,106
2023-11-23 23:00:00,3,132,85
2023-11-23 23:00:00,4,230,80
2023-11-23 23:00:00,5,161,74
2023-11-23 23:00:00,6,48,67
2023-11-23 23:00:00,7,249,62
2023-11-23 23:00:00,8,142,57
2023-11-23 23:00:00,9,236,52
2023-11-23 23:00:00,10,114,51
2023-11-24 00:00:00,1,48,62
2023-11-24 00:00:00,2,186,62
2023-11-24 00:00:00,3,132,52
2023-11-24 00:00:00,4,249,50
2023-11-24 00:00:00,5,114,41
2023-11-24 00:00:00,6,162,39
2023-11-24 00:00:00,7,161,31
2023-11-24 00:00:00,8,239,29
2023-11-24 00:00:00,9,163,27
2023-11-24 00:00:00,10,68,26
2023-11-24 01:00:00,1,48,35
2023-11-24 01:00:00,2,249,35
2023-11-24 01:00:00,3,230,27
2023-11-24 01:00:00,4,79,23
2023-11-24 01:00:00,5,170,23
2023-11-24 01:00:00,6,114,22
2023-11-24 01:00:00,7,68,21
2023-11-24 01:00:00,8,164,21
2023-11-24 01:00:00,9,186,20
2023-11-24 01:00:00,10,246,17
2023-11-24 02:00:00,1,48,37
2023-11-24 02:00:00,2,186,27
2023-11-24 02:00:00,3,79,22
2023-11-24 02:00:00,4,246,21
2023-11-24 02:00:00,5,249,21
2023-11-24 02:00:00,6,230,17
2023-11-24 02:00:00,7,68,16
2023-11-24 02:00:00,8,107,13
2023-11-24 02:00:00,9,163,11
2023-11-24 02:00:00,10,263,11
2023-11-24 03:00:00,1,48,29
2023-11-24 03:00:00,2,246,23
2023-11-24 03:00:00,3,79,19
2023-11-24 03:00:00,4,230,18
2023-11-24 03:00:00,5,68,16
2023-11-24 03:00:00,6,249,10
2023-11-24 03:00:00,7,141,8
2023-11-24 03:00:00,8,161,8
2023-11-24 03:00:00,9,163,8
2023-11-24 03:00:00,10,164,8
2023-11-24 04:00:00,1,230,24
2023-11-24 04:00:00,2,48,21
2023-11-24 04:00:00,3,161,15
2023-11-24 04:00:00,4,79,11
2023-11-24 04:00:00,5,132,11
2023-11-24 04:00:00,6,162,9
2023-11-24 04:00:00,7,163,9
2023-11-24 04:00:00,8,68,8
2023-11-24 04:00:00,9,164,8
2023-11-24 04:00:00,10,107,7
2023-11-24 05:00:00,1,132,56
2023-11-24 05:00:00,2,48,21
2023-11-24 05:00:00,3,230,20
2023-11-24 05:00:00,4,161,16
2023-11-24 05:00:00,5,186,13
2023-11-24 05:00:00,6,68,11
2023-11-24 05:00:00,7,100,11
2023-11-24 05:00:00,8,163,10
2023-11-24 05:00:00,9,233,9
2023-11-24 05:00:00,10,170,8
2023-11-24 06:00:00,1,132,59
2023-11-24 06:00:00,2,230,40
2023-11-24 06:00:00,3,161,36
2023-11-24 06:00:00,4,100,34
2023-11-24 06:00:00,5,186,30
2023-11-24 06:00:00,6,48,25
2023-11-24 06:00:00,7,162,22
2023-11-24 06:00:00,8,238,22
2023-11-24 06:00:00,9,239,19
2023-11-24 06:00:00,10,263,19
2023-11-24 07:00:00,1,132,74
2023-11-24 07:00:00,2,230,57
2023-11-24 07:00:00,3,186,54
2023-11-24 07:00:00,4,162,43
2023-11-24 07:00:00,5,161,39
2023-11-24 07:00:00,6,140,38
2023-11-24 07:00:00,7,236,38
2023-11-24 07:00:00,8,239,38
2023-11-24 07:00:00,9,170,35
2023-11-24 07:00:00,10,48,33
2023-11-24 08:00:00,1,230,104
2023-11-24 08:00:00,2,186,86
2023-11-24 08:00:00,3,162,84
2023-11-24 08:00:00,4,236,83
2023-11-24 08:00:00,5,161,69
2023-11-24 08:00:00,6,132,67
2023-11-24 08:00:00,7,163,64
2023-11-24 08:00:00,8,239,63
2023-11-24 08:00:00,9,48,58
2023-11-24 08:00:00,10,262,58
2023-11-24 09:00:00,1,230,155
2023-11-24 09:00:00,2,138,148
2023-11-24 09:00:00,3,161,137
2023-11-24 09:00:00,4,186,124
2023-11-24 09:00:00,5,236,122
2023-11-24 09:00:00,6,162,111
2023-11-24 09:00:00,7,237,103
2023-11-24 09:00:00,8,239,87
2023-11-24 09:00:00,9,170,79
2023-11-24 09:00:00,10,132,78
2023-11-24 10:00:00,1,161,204
2023-11-24 10:00:00,2,230,183
2023-11-24 10:00:00,3,237,182
2023-11-24 10:00:00,4,162,163
2023-11-24 10:00:00,5,186,138
2023-11-24 10:00:00,6,236,132
2023-11-24 10:00:00,7,239,122
2023-11-24 10:00:00,8,132,113
2023-11-24 10:00:00,9,138,109
2023-11-24 10:00:00,10,170,109
2023-11-24 11:00:00,1,161,251
2023-11-24 11:00:00,2,186,245
2023-11-24 11:00:00,3,237,215
2023-11-24 11:00:00,4,230,186
2023-11-24 11:00:00,5,236,167
2023-11-24 11:00:00,6,142,160
2023-11-24 11:00:00,7,163,157
2023-11-24 11:00:00,8,162,155
2023-11-24 11:00:00,9,138,147
2023-11-24 11:00:00,10,239,136
2023-11-24 12:00:00,1,161,282
2023-11-24 12:00:00,2,237,249
2023-11-24 12:00:00,3,236,248
2023-11-24 12:00:00,4,186,193
2023-11-24 12:00:00,5,162,188
2023-11-24 12:00:00,6,43,177
2023-11-24 12:00:00,7,163,172
2023-11-24 12:00:00,8,230,162
2023-11-24 12:00:00,9,239,157
2023-11-24 12:00:00,10,138,152
2023-11-24 13:00:00,1,161,369
2023-11-24 13:00:00,2,237,247
2023-11-24 13:00:00,3,236,226
2023-11-24 13:00:00,4,162,214
2023-11-24 13:00:00,5,138,210
2023-11-24 13:00:00,6,186,200
2023-11-24 13:00:00,7,132,194
2023-11-24 13:00:00,8,142,180
2023-11-24 13:00:00,9,43,179
2023-11-24 13:00:00,10,239,179
2023-11-24 14:00:00,1,161,355
2023-11-24 14:00:00,2,237,297
2023-11-24 14:00:00,3,132,243
2023-11-24 14:00:00,4,138,235
2023-11-24 14:00:00,5,162,226
2023-11-24 14:00:00,6,43,225
2023-11-24 14:00:00,7,230,216
2023-11-24 14:00:00,8,236,207
2023-11-24 14:00:00,9,186,202
2023-11-24 14:00:00,10,239,194
2023-11-24 15:00:00,1,161,388
2023-11-24 15:00:00,2,237,327
2023-11-24 15:00:00,3,132,263
2023-11-24 15:00:00,4,236,262
2023-11-24 15:00:00,5,43,228
2023-11-24 15:00:00,6,186,225
2023-11-24 15:00:00,7,239,211
2023-11-24 15:00:00,8,230,204
2023-11-24 15:00:00,9,163,201
2023-11-24 15:00:00,10,68,187
2023-11-24 16:00:00,1,161,359
2023-11-24 16:00:00,2,237,313
2023-11-24 16:00:00,3,230,281
2023-11-24 16:00:00,4,132,246
2023-11-24 16:00:00,5,43,233
2023-11-24 16:00:00,6,236,229
2023-11-24 16:00:00,7,163,221
2023-11-24 16:00:00,8,138,217
2023-11-24 16:00:00,9,162,189
2023-11-24 16:00:00,10,186,186
2023-11-24 17:00:00,1,161,362
2023-11-24 17:00:00,2,132,317
2023-11-24 17:00:00,3,237,297
2023-11-24 17:00:00,4,162,237
2023-11-24 17:00:00,5,142,226
2023-11-24 17:00:00,6,138,217
2023-11-24 17:00:00,7,236,217
2023-11-24 17:00:00,8,239,198
2023-11-24 17:00:00,9,163,196
2023-11-24 17:00:00,10,43,192
2023-11-24 18:00:00,1,161,324
2023-11-24 18:00:00,2,163,305
2023-11-24 18:00:00,3,138,275
2023-11-24 18:00:00,4,237,266
2023-11-24 18:00:00,5,132,255
2023-11-24 18:00:00,6,142,245
2023-11-24 18:00:00,7,186,242
2023-11-24 18:00:00,8,162,218
2023-11-24 18:00:00,9,236,201
2023-11-24 18:00:00,10,170,183
2023-11-24 19:00:00,1,132,299
2023-11-24 19:00:00,2,161,289
2023-11-24 19:00:00,3,142,232
2023-11-24 19:00:00,4,186,231
2023-11-24 19:00:00,5,162,227
2023-11-24 19:00:00,6,237,217
2023-11-24 19:00:00,7,163,193
2023-11-24 19:00:00,8,236,188
2023-11-24 19:00:00,9,230,170
2023-11-24 19:00:00,10,68,167
2023-11-24 20:00:00,1,161,262
2023-11-24 20:00:00,2,132,251
2023-11-24 20:00:00,3,186,197
2023-11-24 20:00:00,4,138,188
2023-11-24 20:00:00,5,230,162
2023-11-24 20:00:00,6,236,153
2023-11-24 20:00:00,7,162,152
2023-11-24 20:00:00,8,163,150
2023-11-24 20:00:00,9,142,147
2023-11-24 20:00:00,10,237,147
2023-11-24 21:00:00,1,132,292
2023-11-24 21:00:00,2,186,228
2023-11-24 21:00:00,3,161,226
2023-11-24 21:00:00,4,230,209
2023-11-24 21:00:00,5,142,203
2023-11-24 21:00:00,6,48,179
2023-11-24 21:00:00,7,163,173
2023-11-24 21:00:00,8,249,159
2023-11-24 21:00:00,9,79,144
2023-11-24 21:00:00,10,138,144
2023-11-24 22:00:00,1,142,387
2023-11-24 22:00:00,2,230,360
2023-11-24 22:00:00,3,132,299
2023-11-24 22:00:00,4,186,273
2023-11-24 22:00:00,5,48,268
2023-11-24 22:00:00,6,161,240
2023-11-24 22:00:00,7,164,204
2023-11-24 22:00:00,8,249,161
2023-11-24 22:00:00,9,68,149
2023-11-24 22:00:00,10,237,138
2023-11-24 23:00:00,1,142,287
2023-11-24 23:00:00,2,230,234
2023-11-24 23:00:00,3,161,189
2023-11-24 23:00:00,4,132,181
2023-11-24 23:00:00,5,48,162
2023-11-24 23:00:00,6,249,158
2023-11-24 23:00:00,7,186,146
2023-11-24 23:00:00,8,138,145
2023-11-24 23:00:00,9,114,129
2023-11-24 23:00:00,10,79,112
2023-11-25 00:00:00,1,79,152
2023-11-25 00:00:00,2,249,142
2023-11-25 00:00:00,3,48,134
2023-11-25 00:00:00,4,230,120
2023-11-25 00:00:00,5,132,108
2023-11-25 00:00:00,6,114,97
2023-11-25 00:00:00,7,148,76
2023-11-25 00:00:00,8,161,71
2023-11-25 00:00:00,9,186,71
2023-11-25 00:00:00,10,68,69
2023-11-25 01:00:00,1,79,131
2023-11-25 01:00:00,2,48,117
2023-11-25 01:00:00,3,249,110
2023-11-25 01:00:00,4,148,105
2023-11-25 01:00:00,5,114,94
2023-11-25 01:00:00,6,230,63
2023-11-25 01:00:00,7,158,51
2023-11-25 01:00:00,8,164,42
2023-11-25 01:00:00,9,68,39
2023-11-25 01:00:00,10,144,39
2023-11-25 02:00:00,1,79,130
2023-11-25 02:00:00,2,148,103
2023-11-25 02:00:00,3,249,92
2023-11-25 02:00:00,4,114,83
2023-11-25 02:00:00,5,48,75
2023-11-25 02:00:00,6,246,75
2023-11-25 02:00:00,7,144,43
2023-11-25 02:00:00,8,164,42
2023-11-25 02:00:00,9,231,34
2023-11-25 02:00:00,10,211,33
2023-11-25 03:00:00,1,79,129
2023-11-25 03:00:00,2,246,95
2023-11-25 03:00:00,3,148,92
2023-11-25 03:00:00,4,249,69
2023-11-25 03:00:00,5,48,61
2023-11-25 03:00:00,6,114,51
2023-11-25 03:00:00,7,68,48
2023-11-25 03:00:00,8,144,45
2023-11-25 03:00:00,9,164,34
2023-11-25 03:00:00,10,90,31
2023-11-25 04:00:00,1,79,59
2023-11-25 04:00:00,2,246,57
2023-11-25 04:00:00,3,48,53
2023-11-25 04:00:00,4,230,35
2023-11-25 04:00:00,5,249,34
2023-11-25 04:00:00,6,186,29
2023-11-25 04:00:00,7,68,26
2023-11-25 04:00:00,8,164,25
2023-11-25 04:00:00,9,148,21
2023-11-25 04:00:00,10,90,19
2023-11-25 05:00:00,1,132,75
2023-11-25 05:00:00,2,230,21
2023-11-25 05:00:00,3,48,16
2023-11-25 05:00:00,4,161,14
2023-11-25 05:00:00,5,186,13
2023-11-25 05:00:00,6,163,12
2023-11-25 05:00:00,7,162,10
2023-11-25 05:00:00,8,100,9
2023-11-25 05:00:00,9,79,8
2023-11-25 05:00:00,10,141,8
2023-11-25 06:00:00,1,132,176
2023-11-25 06:00:00,2,230,32
2023-11-25 06:00:00,3,186,29
2023-11-25 06:00:00,4,161,24
2023-11-25 06:00:00,5,48,22
2023-11-25 06:00:00,6,162,21
2023-11-25 06:00:00,7,170,18
2023-11-25 06:00:00,8,236,18
2023-11-25 06:00:00,9,100,17
2023-11-25 06:00:00,10,238,17
2023-11-25 07:00:00,1,132,130
2023-11-25 07:00:00,2,230,51
2023-11-25 07:00:00,3,161,42
2023-11-25 07:00:00,4,141,35
2023-11-25 07:00:00,5,48,33
2023-11-25 07:00:00,6,263,33
2023-11-25 07:00:00,7,237,32
2023-11-25 07:00:00,8,236,31
2023-11-25 07:00:00,9,100,30
2023-11-25 07:00:00,10,186,27
2023-11-25 08:00:00,1,132,152
2023-11-25 08:00:00,2,230,106
2023-11-25 08:00:00,3,138,97
2023-11-25 08:00:00,4,186,93
2023-11-25 08:00:00,5,161,72
2023-11-25 08:00:00,6,163,61
2023-11-25 08:00:00,7,48,59
2023-11-25 08:00:00,8,237,58
2023-11-25 08:00:00,9,239,57
2023-11-25 08:00:00,10,236,50
2023-11-25 09:00:00,1,138,204
2023-11-25 09:00:00,2,230,153
2023-11-25 09:00:00,3,186,127
2023-11-25 09:00:00,4,161,116
2023-11-25 09:00:00,5,132,114
2023-11-25 09:00:00,6,163,106
2023-11-25 09:00:00,7,162,98
2023-11-25 09:00:00,8,236,93
2023-11-25 09:00:00,9,48,90
2023-11-25 09:00:00,10,237,85
2023-11-25 10:00:00,1,138,254
2023-11-25 10:00:00,2,230,202
2023-11-25 10:00:00,3,161,201
2023-11-25 10:00:00,4,162,185
2023-11-25 10:00:00,5,132,168
2023-11-25 10:00:00,6,237,167
2023-11-25 10:00:00,7,186,157
2023-11-25 10:00:00,8,236,138
2023-11-25 10:00:00,9,163,132
2023-11-25 10:00:00,10,142,130
2023-11-25 11:00:00,1,161,274
2023-11-25 11:00:00,2,162,233
2023-11-25 11:00:00,3,230,232
2023-11-25 11:00:00,4,237,224
2023-11-25 11:00:00,5,186,197
2023-11-25 11:00:00,6,236,174
2023-11-25 11:00:00,7,163,159
2023-11-25 11:00:00,8,142,145
2023-11-25 11:00:00,9,132,142
2023-11-25 11:00:00,10,68,134
2023-11-25 12:00:00,1,186,365
2023-11-25 12:00:00,2,161,309
2023-11-25 12:00:00,3,237,284
2023-11-25 12:00:00,4,138,230
2023-11-25 12:00:00,5,236,217
2023-11-25 12:00:00,6,162,210
2023-11-25 12:00:00,7,132,202
2023-11-25 12:00:00,8,230,194
2023-11-25 12:00:00,9,170,187
2023-11-25 12:00:00,10,239,178
2023-11-25 13:00:00,1,161,345
2023-11-25 13:00:00,2,186,334
2023-11-25 13:00:00,3,132,304
2023-11-25 13:00:00,4,236,221
2023-11-25 13:00:00,5,237,219
2023-11-25 13:00:00,6,163,200
2023-11-25 13:00:00,7,43,189
2023-11-25 13:00:00,8,68,180
2023-11-25 13:00:00,9,142,180
2023-11-25 13:00:00,10,162,179
2023-11-25 14:00:00,1,132,372
2023-11-25 14:00:00,2,161,343
2023-11-25 14:00:00,3,237,283
2023-11-25 14:00:00,4,186,269
2023-11-25 14:00:00,5,138,257
2023-11-25 14:00:00,6,236,202
2023-11-25 14:00:00,7,162,200
2023-11-25 14:00:00,8,43,194
2023-11-25 14:00:00,9,163,185
2023-11-25 14:00:00,10,234,181
2023-11-25 15:00:00,1,132,372
2023-11-25 15:00:00,2,161,311
2023-11-25 15:00:00,3,237,309
2023-11-25 15:00:00,4,186,250
2023-11-25 15:00:00,5,236,247
2023-11-25 15:00:00,6,162,225
2023-11-25 15:00:00,7,230,214
2023-11-25 15:00:00,8,163,202
2023-11-25 15:00:00,9,138,201
2023-11-25 15:00:00,10,43,192
2023-11-25 16:00:00,1,132,344
2023-11-25 16:00:00,2,142,327
2023-11-25 16:00:00,3,161,320
2023-11-25 16:00:00,4,237,276
2023-11-25 16:00:00,5,186,275
2023-11-25 16:00:00,6,230,236
2023-11-25 16:00:00,7,162,227
2023-11-25 16:00:00,8,163,219
2023-11-25 16:00:00,9,138,217
2023-11-25 16:00:00,10,43,210
2023-11-25 17:00:00,1,161,339
2023-11-25 17:00:00,2,237,265
2023-11-25 17:00:00,3,132,256
2023-11-25 17:00:00,4,162,249
2023-11-25 17:00:00,5,138,242
2023-11-25 17:00:00,6,236,237
2023-11-25 17:00:00,7,142,231
2023-11-25 17:00:00,8,230,221
2023-11-25 17:00:00,9,186,220
2023-11-25 17:00:00,10,43,198
2023-11-25 18:00:00,1,132,385
2023-11-25 18:00:00,2,161,320
2023-11-25 18:00:00,3,138,319
2023-11-25 18:00:00,4,186,314
2023-11-25 18:00:00,5,237,256
2023-11-25 18:00:00,6,142,239
2023-11-25 18:00:00,7,163,220
2023-11-25 18:00:00,8,236,220
2023-11-25 18:00:00,9,162,216
2023-11-25 18:00:00,10,230,205
2023-11-25 19:00:00,1,132,444
2023-11-25 19:00:00,2,161,275
2023-11-25 19:00:00,3,138,259
2023-11-25 19:00:00,4,186,252
2023-11-25 19:00:00,5,162,221
2023-11-25 19:00:00,6,237,214
2023-11-25 19:00:00,7,142,200
2023-11-25 19:00:00,8,236,190
2023-11-25 19:00:00,9,163,185
2023-11-25 19:00:00,10,230,184
2023-11-25 20:00:00,1,132,349
2023-11-25 20:00:00,2,138,265
2023-11-25 20:00:00,3,161,235
2023-11-25 20:00:00,4,186,229
2023-11-25 20:00:00,5,68,168
2023-11-25 20:00:00,6,162,156
2023-11-25 20:00:00,7,164,151
2023-11-25 20:00:00,8,170,151
2023-11-25 20:00:00,9,163,149
2023-11-25 20:00:00,10,237,148
2023-11-25 21:00:00,1,132,364
2023-11-25 21:00:00,2,142,235
2023-11-25 21:00:00,3,161,218
2023-11-25 21:00:00,4,186,199
2023-11-25 21:00:00,5,138,185
2023-11-25 21:00:00,6,230,163
2023-11-25 21:00:00,7,79,161
2023-11-25 21:00:00,8,249,160
2023-11-25 21:00:00,9,234,157
2023-11-25 21:00:00,10,163,156
2023-11-25 22:00:00,1,142,458
2023-11-25 22:00:00,2,132,420
2023-11-25 22:00:00,3,230,267
2023-11-25 22:00:00,4,138,251
2023-11-25 22:00:00,5,186,227
2023-11-25 22:00:00,6,161,220
2023-11-25 22:00:00,7,48,216
2023-11-25 22:00:00,8,249,202
2023-11-25 22:00:00,9,79,157
2023-11-25 22:00:00,10,163,143
2023-11-25 23:00:00,1,132,451
2023-11-25 23:00:00,2,249,258
2023-11-25 23:00:00,3,186,229
2023-11-25 23:00:00,4,161,217
2023-11-25 23:00:00,5,138,212
2023-11-25 23:00:00,6,230,192
2023-11-25 23:00:00,7,48,174
2023-11-25 23:00:00,8,79,169
2023-11-25 23:00:00,9,164,153
2023-11-25 23:00:00,10,114,147
2023-11-26 00:00:00,1,132,226
2023-11-26 00:00:00,2,79,225
2023-11-26 00:00:00,3,249,209
2023-11-26 00:00:00,4,48,167
2023-11-26 00:00:00,5,114,164
2023-11-26 00:00:00,6,186,144
2023-11-26 00:00:00,7,148,138
2023-11-26 00:00:00,8,230,119
2023-11-26 00:00:00,9,68,93
2023-11-26 00:00:00,10,158,85
2023-11-26 01:00:00,1,79,208
2023-11-26 01:00:00,2,249,190
2023-11-26 01:00:00,3,114,167
2023-11-26 01:00:00,4,148,162
2023-11-26 01:00:00,5,48,110
2023-11-26 01:00:00,6,158,93
2023-11-26 01:00:00,7,144,75
2023-11-26 01:00:00,8,164,73
2023-11-26 01:00:00,9,68,72
2023-11-26 01:00:00,10,234,72
2023-11-26 02:00:00,1,79,204
2023-11-26 02:00:00,2,148,162
2023-11-26 02:00:00,3,114,158
2023-11-26 02:00:00,4,249,158
2023-11-26 02:00:00,5,48,114
2023-11-26 02:00:00,6,158,86
2023-11-26 02:00:00,7,246,84
2023-11-26 02:00:00,8,144,73
2023-11-26 02:00:00,9,68,49
2023-11-26 02:00:00,10,164,49
2023-11-26 03:00:00,1,79,191
2023-11-26 03:00:00,2,148,127
2023-11-26 03:00:00,3,48,118
2023-11-26 03:00:00,4,246,106
2023-11-26 03:00:00,5,249,95
2023-11-26 03:00:00,6,114,74
2023-11-26 03:00:00,7,68,62
2023-11-26 03:00:00,8,144,61
2023-11-26 03:00:00,9,158,44
2023-11-26 03:00:00,10,90,37
2023-11-26 04:00:00,1,48,90
2023-11-26 04:00:00,2,79,81
2023-11-26 04:00:00,3,246,65
2023-11-26 04:00:00,4,148,61
2023-11-26 04:00:00,5,230,51
2023-11-26 04:00:00,6,249,45
2023-11-26 04:00:00,7,68,38
2023-11-26 04:00:00,8,144,35
2023-11-26 04:00:00,9,164,32
2023-11-26 04:00:00,10,90,26
2023-11-26 05:00:00,1,132,96
2023-11-26 05:00:00,2,230,27
2023-11-26 05:00:00,3,48,25
2023-11-26 05:00:00,4,162,19
2023-11-26 05:00:00,5,164,16
2023-11-26 05:00:00,6,79,13
2023-11-26 05:00:00,7,161,13
2023-11-26 05:00:00,8,163,13
2023-11-26 05:00:00,9,186,13
2023-11-26 05:00:00,10,107,12
2023-11-26 06:00:00,1,132,193
2023-11-26 06:00:00,2,230,37
2023-11-26 06:00:00,3,186,31
2023-11-26 06:00:00,4,48,25
2023-11-26 06:00:00,5,170,24
2023-11-26 06:00:00,6,263,20
2023-11-26 06:00:00,7,161,19
2023-11-26 06:00:00,8,229,18
2023-11-26 06:00:00,9,107,17
2023-11-26 06:00:00,10,164,17
2023-11-26 07:00:00,1,132,222
2023-11-26 07:00:00,2,50,75
2023-11-26 07:00:00,3,230,58
2023-11-26 07:00:00,4,138,50
2023-11-26 07:00:00,5,237,38
2023-11-26 07:00:00,6,48,37
2023-11-26 07:00:00,7,186,36
2023-11-26 07:00:00,8,236,32
2023-11-26 07:00:00,9,161,30
2023-11-26 07:00:00,10,229,30
2023-11-26 08:00:00,1,132,185
2023-11-26 08:00:00,2,138,128
2023-11-26 08:00:00,3,230,102
2023-11-26 08:00:00,4,186,81
2023-11-26 08:00:00,5,50,65
2023-11-26 08:00:00,6,161,58
2023-11-26 08:00:00,7,236,55
2023-11-26 08:00:00,8,239,54
2023-11-26 08:00:00,9,48,52
2023-11-26 08:00:00,10,162,50
2023-11-26 09:00:00,1,138,258
2023-11-26 09:00:00,2,132,166
2023-11-26 09:00:00,3,230,132
2023-11-26 09:00:00,4,186,106
2023-11-26 09:00:00,5,161,102
2023-11-26 09:00:00,6,236,100
2023-11-26 09:00:00,7,237,99
2023-11-26 09:00:00,8,162,84
2023-11-26 09:00:00,9,163,81
2023-11-26 09:00:00,10,239,80
2023-11-26 10:00:00,1,132,260
2023-11-26 10:00:00,2,138,241
2023-11-26 10:00:00,3,236,161
2023-11-26 10:00:00,4,162,160
2023-11-26 10:00:00,5,230,149
2023-11-26 10:00:00,6,186,144
2023-11-26 10:00:00,7,161,143
2023-11-26 10:00:00,8,239,135
2023-11-26 10:00:00,9,237,112
2023-11-26 10:00:00,10,141,102
2023-11-26 11:00:00,1,138,247
2023-11-26 11:00:00,2,186,246
2023-11-26 11:00:00,3,161,223
2023-11-26 11:00:00,4,162,184
2023-11-26 11:00:00,5,132,174
2023-11-26 11:00:00,6,230,173
2023-11-26 11:00:00,7,237,150
2023-11-26 11:00:00,8,239,143
2023-11-26 11:00:00,9,142,140
2023-11-26 11:00:00,10,236,138
2023-11-26 12:00:00,1,186,368
2023-11-26 12:00:00,2,161,263
2023-11-26 12:00:00,3,138,261
2023-11-26 12:00:00,4,132,240
2023-11-26 12:00:00,5,236,229
2023-11-26 12:00:00,6,237,211
2023-11-26 12:00:00,7,162,205
2023-11-26 12:00:00,8,170,174
2023-11-26 12:00:00,9,230,160
2023-11-26 12:00:00,10,239,152
2023-11-26 13:00:00,1,132,339
2023-11-26 13:00:00,2,186,281
2023-11-26 13:00:00,3,138,279
2023-11-26 13:00:00,4,161,272
2023-11-26 13:00:00,5,237,239
2023-11-26 13:00:00,6,236,228
2023-11-26 13:00:00,7,162,227
2023-11-26 13:00:00,8,239,188
2023-11-26 13:00:00,9,163,182
2023-11-26 13:00:00,10,142,178
2023-11-26 14:00:00,1,132,454
2023-11-26 14:00:00,2,237,330
2023-11-26 14:00:00,3,161,326
2023-11-26 14:00:00,4,186,315
2023-11-26 14:00:00,5,138,292
2023-11-26 14:00:00,6,162,279
2023-11-26 14:00:00,7,239,234
2023-11-26 14:00:00,8,236,227
2023-11-26 14:00:00,9,142,224
2023-11-26 14:00:00,10,68,206
2023-11-26 15:00:00,1,138,395
2023-11-26 15:00:00,2,161,381
2023-11-26 15:00:00,3,132,378
2023-11-26 15:00:00,4,142,329
2023-11-26 15:00:00,5,237,313
2023-11-26 15:00:00,6,162,284
2023-11-26 15:00:00,7,236,252
2023-11-26 15:00:00,8,239,229
2023-11-26 15:00:00,9,186,221
2023-11-26 15:00:00,10,43,212
2023-11-26 16:00:00,1,132,488
2023-11-26 16:00:00,2,186,360
2023-11-26 16:00:00,3,161,318
2023-11-26 16:00:00,4,162,286
2023-11-26 16:00:00,5,237,272
2023-11-26 16:00:00,6,138,270
2023-11-26 16:00:00,7,236,227
2023-11-26 16:00:00,8,163,209
2023-11-26 16:00:00,9,142,198
2023-11-26 16:00:00,10,43,190
2023-11-26 17:00:00,1,138,456
2023-11-26 17:00:00,2,132,390
2023-11-26 17:00:00,3,161,319
2023-11-26 17:00:00,4,162,305
2023-11-26 17:00:00,5,186,299
2023-11-26 17:00:00,6,230,271
2023-11-26 17:00:00,7,236,202
2023-11-26 17:00:00,8,237,202
2023-11-26 17:00:00,9,48,185
2023-11-26 17:00:00,10,246,182
2023-11-26 18:00:00,1,132,445
2023-11-26 18:00:00,2,138,355
2023-11-26 18:00:00,3,161,352
2023-11-26 18:00:00,4,186,311
2023-11-26 18:00:00,5,162,293
2023-11-26 18:00:00,6,230,269
2023-11-26 18:00:00,7,163,202
2023-11-26 18:00:00,8,142,194
2023-11-26 18:00:00,9,170,173
2023-11-26 18:00:00,10,48,165
2023-11-26 19:00:00,1,132,431
2023-11-26 19:00:00,2,186,370
2023-11-26 19:00:00,3,138,321
2023-11-26 19:00:00,4,162,240
2023-11-26 19:00:00,5,142,239
2023-11-26 19:00:00,6,161,183
2023-11-26 19:00:00,7,230,173
2023-11-26 19:00:00,8,170,144
2023-11-26 19:00:00,9,68,135
2023-11-26 19:00:00,10,48,130
2023-11-26 20:00:00,1,132,481
2023-11-26 20:00:00,2,138,467
2023-11-26 20:00:00,3,186,386
2023-11-26 20:00:00,4,162,198
2023-11-26 20:00:00,5,68,164
2023-11-26 20:00:00,6,161,152
2023-11-26 20:00:00,7,164,148
2023-11-26 20:00:00,8,48,136
2023-11-26 20:00:00,9,142,123
2023-11-26 20:00:00,10,230,113
2023-11-26 21:00:00,1,132,517
2023-11-26 21:00:00,2,138,409
2023-11-26 21:00:00,3,186,262
2023-11-26 21:00:00,4,161,160
2023-11-26 21:00:00,5,162,151
2023-11-26 21:00:00,6,230,150
2023-11-26 21:00:00,7,68,140
2023-11-26 21:00:00,8,163,140
2023-11-26 21:00:00,9,164,131
2023-11-26 21:00:00,10,142,124
2023-11-26 22:00:00,1,132,462
2023-11-26 22:00:00,2,138,433
2023-11-26 22:00:00,3,186,229
2023-11-26 22:00:00,4,68,120
2023-11-26 22:00:00,5,48,108
2023-11-26 22:00:00,6,161,104
2023-11-26 22:00:00,7,142,95
2023-11-26 22:00:00,8,249,93
2023-11-26 22:00:00,9,230,76
2023-11-26 22:00:00,10,170,74
2023-11-26 23:00:00,1,132,379
2023-11-26 23:00:00,2,138,268
2023-11-26 23:00:00,3,186,218
2023-11-26 23:00:00,4,68,116
2023-11-26 23:00:00,5,48,68
2023-11-26 23:00:00,6,230,55
2023-11-26 23:00:00,7,249,49
2023-11-26 23:00:00,8,161,40
2023-11-26 23:00:00,9,162,39
2023-11-26 23:00:00,10,79,36
2023-11-27 00:00:00,1,138,317
2023-11-27 00:00:00,2,132,235
2023-11-27 00:00:00,3,186,118
2023-11-27 00:00:00,4,68,65
2023-11-27 00:00:00,5,48,45
2023-11-27 00:00:00,6,230,40
2023-11-27 00:00:00,7,70,36
2023-11-27 00:00:00,8,79,30
2023-11-27 00:00:00,9,114,30
2023-11-27 00:00:00,10,246,29
2023-11-27 01:00:00,1,132,287
2023-11-27 01:00:00,2,138,129
2023-11-27 01:00:00,3,186,24
2023-11-27 01:00:00,4,246,22
2023-11-27 01:00:00,5,79,21
2023-11-27 01:00:00,6,249,19
2023-11-27 01:00:00,7,48,18
2023-11-27 01:00:00,8,70,18
2023-11-27 01:00:00,9,230,17
2023-11-27 01:00:00,10,90,15
2023-11-27 02:00:00,1,132,142
2023-11-27 02:00:00,2,138,37
2023-11-27 02:00:00,3,246,19
2023-11-27 02:00:00,4,48,16
2023-11-27 02:00:00,5,249,13
2023-11-27 02:00:00,6,90,10
2023-11-27 02:00:00,7,68,9
2023-11-27 02:00:00,8,263,9
2023-11-27 02:00:00,9,230,8
2023-11-27 02:00:00,10,79,7
2023-11-27 03:00:00,1,132,42
2023-11-27 03:00:00,2,48,16
2023-11-27 03:00:00,3,230,15
2023-11-27 03:00:00,4,249,15
2023-11-27 03:00:00,5,79,14
2023-11-27 03:00:00,6,246,13
2023-11-27 03:00:00,7,138,11
2023-11-27 03:00:00,8,100,7
2023-11-27 03:00:00,9,125,6
2023-11-27 03:00:00,10,263,6
2023-11-27 04:00:00,1,230,22
2023-11-27 04:00:00,2,132,18
2023-11-27 04:00:00,3,48,15
2023-11-27 04:00:00,4,163,9
2023-11-27 04:00:00,5,236,9
2023-11-27 04:00:00,6,238,9
2023-11-27 04:00:00,7,161,8
2023-11-27 04:00:00,8,186,8
2023-11-27 04:00:00,9,233,8
2023-11-27 04:00:00,10,162,7
2023-11-27 05:00:00,1,132,67
2023-11-27 05:00:00,2,186,50
2023-11-27 05:00:00,3,48,45
2023-11-27 05:00:00,4,100,27
2023-11-27 05:00:00,5,230,25
2023-11-27 05:00:00,6,162,19
2023-11-27 05:00:00,7,236,19
2023-11-27 05:00:00,8,239,17
2023-11-27 05:00:00,9,262,15
2023-11-27 05:00:00,10,141,14
2023-11-27 06:00:00,1,132,242
2023-11-27 06:00:00,2,186,114
2023-11-27 06:00:00,3,100,94
2023-11-27 06:00:00,4,236,78
2023-11-27 06:00:00,5,48,67
2023-11-27 06:00:00,6,262,58
2023-11-27 06:00:00,7,141,52
2023-11-27 06:00:00,8,161,52
2023-11-27 06:00:00,9,162,52
2023-11-27 06:00:00,10,238,43
2023-11-27 07:00:00,1,132,271
2023-11-27 07:00:00,2,236,271
2023-11-27 07:00:00,3,237,192
2023-11-27 07:00:00,4,186,184
2023-11-27 07:00:00,5,262,136
2023-11-27 07:00:00,6,239,123
2023-11-27 07:00:00,7,170,116
2023-11-27 07:00:00,8,162,115
2023-11-27 07:00:00,9,140,110
2023-11-27 07:00:00,10,238,108
2023-11-27 08:00:00,1,236,297
2023-11-27 08:00:00,2,132,261
2023-11-27 08:00:00,3,186,251
2023-11-27 08:00:00,4,237,232
2023-11-27 08:00:00,5,138,228
2023-11-27 08:00:00,6,162,207
2023-11-27 08:00:00,7,142,174
2023-11-27 08:00:00,8,238,167
2023-11-27 08:00:00,9,140,158
2023-11-27 08:00:00,10,141,158
2023-11-27 09:00:00,1,138,299
2023-11-27 09:00:00,2,236,290
2023-11-27 09:00:00,3,237,254
2023-11-27 09:00:00,4,186,231
2023-11-27 09:00:00,5,132,220
2023-11-27 09:00:00,6,162,177
2023-11-27 09:00:00,7,170,169
2023-11-27 09:00:00,8,161,152
2023-11-27 09:00:00,9,238,137
2023-11-27 09:00:00,10,239,136
2023-11-27 10:00:00,1,236,319
2023-11-27 10:00:00,2,138,302
2023-11-27 10:00:00,3,132,254
2023-11-27 10:00:00,4,237,242
2023-11-27 10:00:00,5,186,211
2023-11-27 10:00:00,6,161,192
2023-11-27 10:00:00,7,162,177
2023-11-27 10:00:00,8,239,150
2023-11-27 10:00:00,9,230,142
2023-11-27 10:00:00,10,170,141
2023-11-27 11:00:00,1,236,319
2023-11-27 11:00:00,2,138,316
2023-11-27 11:00:00,3,237,273
2023-11-27 11:00:00,4,161,252
2023-11-27 11:00:00,5,132,209
2023-11-27 11:00:00,6,162,187
2023-11-27 11:00:00,7,186,184
2023-11-27 11:00:00,8,170,169
2023-11-27 11:00:00,9,140,161
2023-11-27 11:00:00,10,142,147
2023-11-27 12:00:00,1,138,356
2023-11-27 12:00:00,2,237,347
2023-11-27 12:00:00,3,236,307
2023-11-27 12:00:00,4,161,275
2023-11-27 12:00:00,5,186,254
2023-11-27 12:00:00,6,132,234
2023-11-27 12:00:00,7,239,179
2023-11-27 12:00:00,8,142,168
2023-11-27 12:00:00,9,170,165
2023-11-27 12:00:00,10,162,157
2023-11-27 13:00:00,1,236,369
2023-11-27 13:00:00,2,237,349
2023-11-27 13:00:00,3,138,328
2023-11-27 13:00:00,4,161,320
2023-11-27 13:00:00,5,132,299
2023-11-27 13:00:00,6,162,187
2023-11-27 13:00:00,7,142,182
2023-11-27 13:00:00,8,186,180
2023-11-27 13:00:00,9,239,179
2023-11-27 13:00:00,10,170,174
2023-11-27 14:00:00,1,132,407
2023-11-27 14:00:00,2,237,387
2023-11-27 14:00:00,3,236,369
2023-11-27 14:00:00,4,138,351
2023-11-27 14:00:00,5,161,328
2023-11-27 14:00:00,6,162,243
2023-11-27 14:00:00,7,163,241
2023-11-27 14:00:00,8,186,211
2023-11-27 14:00:00,9,170,200
2023-11-27 14:00:00,10,43,182
2023-11-27 15:00:00,1,132,441
2023-11-27 15:00:00,2,236,433
2023-11-27 15:00:00,3,237,399
2023-11-27 15:00:00,4,138,385
2023-11-27 15:00:00,5,161,376
2023-11-27 15:00:00,6,162,219
2023-11-27 15:00:00,7,142,217
2023-11-27 15:00:00,8,186,204
2023-11-27 15:00:00,9,238,196
2023-11-27 15:00:00,10,163,193
2023-11-27 16:00:00,1,132,429
2023-11-27 16:00:00,2,237,396
2023-11-27 16:00:00,3,236,361
2023-11-27 16:00:00,4,161,354
2023-11-27 16:00:00,5,138,266
2023-11-27 16:00:00,6,162,258
2023-11-27 16:00:00,7,163,214
2023-11-27 16:00:00,8,186,206
2023-11-27 16:00:00,9,230,183
2023-11-27 16:00:00,10,170,176
2023-11-27 17:00:00,1,161,463
2023-11-27 17:00:00,2,237,392
2023-11-27 17:00:00,3,132,369
2023-11-27 17:00:00,4,236,369
2023-11-27 17:00:00,5,138,367
2023-11-27 17:00:00,6,162,300
2023-11-27 17:00:00,7,163,266
2023-11-27 17:00:00,8,230,213
2023-11-27 17:00:00,9,170,206
2023-11-27 17:00:00,10,142,189
2023-11-27 18:00:00,1,161,571
2023-11-27 18:00:00,2,237,404
2023-11-27 18:00:00,3,162,387
2023-11-27 18:00:00,4,236,354
2023-11-27 18:00:00,5,138,324
2023-11-27 18:00:00,6,132,314
2023-11-27 18:00:00,7,163,307
2023-11-27 18:00:00,8,230,275
2023-11-27 18:00:00,9,186,240
2023-11-27 18:00:00,10,142,232
2023-11-27 19:00:00,1,161,428
2023-11-27 19:00:00,2,132,368
2023-11-27 19:00:00,3,162,322
2023-11-27 19:00:00,4,138,291
2023-11-27 19:00:00,5,237,280
2023-11-27 19:00:00,6,230,263
2023-11-27 19:00:00,7,163,243
2023-11-27 19:00:00,8,186,240
2023-11-27 19:00:00,9,236,207
2023-11-27 19:00:00,10,234,193
2023-11-27 20:00:00,1,132,427
2023-11-27 20:00:00,2,138,406
2023-11-27 20:00:00,3,161,369
2023-11-27 20:00:00,4,186,317
2023-11-27 20:00:00,5,162,250
2023-11-27 20:00:00,6,237,248
2023-11-27 20:00:00,7,230,193
2023-11-27 20:00:00,8,68,188
2023-11-27 20:00:00,9,163,185
2023-11-27 20:00:00,10,142,177
2023-11-27 21:00:00,1,132,444
2023-11-27 21:00:00,2,138,371
2023-11-27 21:00:00,3,186,371
2023-11-27 21:00:00,4,161,334
2023-11-27 21:00:00,5,237,289
2023-11-27 21:00:00,6,230,206
2023-11-27 21:00:00,7,142,202
2023-11-27 21:00:00,8,162,189
2023-11-27 21:00:00,9,164,180
2023-11-27 21:00:00,10,68,177
2023-11-27 22:00:00,1,132,523
2023-11-27 22:00:00,2,138,354
2023-11-27 22:00:00,3,142,286
2023-11-27 22:00:00,4,161,203
2023-11-27 22:00:00,5,186,175
2023-11-27 22:00:00,6,237,150
2023-11-27 22:00:00,7,163,135
2023-11-27 22:00:00,8,68,131
2023-11-27 22:00:00,9,162,126
2023-11-27 22:00:00,10,230,118
2023-11-27 23:00:00,1,132,466
2023-11-27 23:00:00,2,138,310
2023-11-27 23:00:00,3,186,131
2023-11-27 23:00:00,4,230,95
2023-11-27 23:00:00,5,161,82
2023-11-27 23:00:00,6,249,79
2023-11-27 23:00:00,7,163,78
2023-11-27 23:00:00,8,68,75
2023-11-27 23:00:00,9,48,66
2023-11-27 23:00:00,10,234,62
2023-11-28 00:00:00,1,132,314
2023-11-28 00:00:00,2,138,141
2023-11-28 00:00:00,3,48,50
2023-11-28 00:00:00,4,114,46
2023-11-28 00:00:00,5,230,45
2023-11-28 00:00:00,6,79,38
2023-11-28 00:00:00,7,161,38
2023-11-28 00:00:00,8,186,35
2023-11-28 00:00:00,9,249,34
2023-11-28 00:00:00,10,162,30
2023-11-28 01:00:00,1,132,57
2023-11-28 01:00:00,2,79,28
2023-11-28 01:00:00,3,249,25
2023-11-28 01:00:00,4,48,23
2023-11-28 01:00:00,5,114,22
2023-11-28 01:00:00,6,161,22
2023-11-28 01:00:00,7,162,19
2023-11-28 01:00:00,8,170,19
2023-11-28 01:00:00,9,138,18
2023-11-28 01:00:00,10,230,18
2023-11-28 02:00:00,1,132,43
2023-11-28 02:00:00,2,79,19
2023-11-28 02:00:00,3,186,19
2023-11-28 02:00:00,4,48,18
2023-11-28 02:00:00,5,68,17
2023-11-28 02:00:00,6,138,12
2023-11-28 02:00:00,7,230,12
2023-11-28 02:00:00,8,162,10
2023-11-28 02:00:00,9,100,9
2023-11-28 02:00:00,10,114,9
2023-11-28 03:00:00,1,79,13
2023-11-28 03:00:00,2,132,13
2023-11-28 03:00:00,3,249,13
2023-11-28 03:00:00,4,48,11
2023-11-28 03:00:00,5,230,9
2023-11-28 03:00:00,6,68,8
2023-11-28 03:00:00,7,138,8
2023-11-28 03:00:00,8,164,8
2023-11-28 03:00:00,9,90,7
2023-11-28 03:00:00,10,100,7
2023-11-28 04:00:00,1,230,14
2023-11-28 04:00:00,2,48,13
2023-11-28 04:00:00,3,163,10
2023-11-28 04:00:00,4,263,10
2023-11-28 04:00:00,5,68,9
2023-11-28 04:00:00,6,141,9
2023-11-28 04:00:00,7,249,8
2023-11-28 04:00:00,8,164,7
2023-11-28 04:00:00,9,79,6
2023-11-28 04:00:00,10,100,6
2023-11-28 05:00:00,1,132,87
2023-11-28 05:00:00,2,186,56
2023-11-28 05:00:00,3,48,46
2023-11-28 05:00:00,4,100,31
2023-11-28 05:00:00,5,236,23
2023-11-28 05:00:00,6,162,22
2023-11-28 05:00:00,7,230,19
2023-11-28 05:00:00,8,238,18
2023-11-28 05:00:00,9,262,17
2023-11-28 05:00:00,10,237,15
2023-11-28 06:00:00,1,132,158
2023-11-28 06:00:00,2,186,157
2023-11-28 06:00:00,3,100,94
2023-11-28 06:00:00,4,236,85
2023-11-28 06:00:00,5,161,70
2023-11-28 06:00:00,6,48,63
2023-11-28 06:00:00,7,262,63
2023-11-28 06:00:00,8,162,56
2023-11-28 06:00:00,9,237,55
2023-11-28 06:00:00,10,263,48
2023-11-28 07:00:00,1,236,292
2023-11-28 07:00:00,2,186,254
2023-11-28 07:00:00,3,132,210
2023-11-28 07:00:00,4,237,197
2023-11-28 07:00:00,5,239,164
2023-11-28 07:00:00,6,262,162
2023-11-28 07:00:00,7,162,143
2023-11-28 07:00:00,8,238,132
2023-11-28 07:00:00,9,140,130
2023-11-28 07:00:00,10,141,126
2023-11-28 08:00:00,1,236,402
2023-11-28 08:00:00,2,186,292
2023-11-28 08:00:00,3,237,263
2023-11-28 08:00:00,4,162,238
2023-11-28 08:00:00,5,239,208
2023-11-28 08:00:00,6,140,203
2023-11-28 08:00:00,7,132,196
2023-11-28 08:00:00,8,238,195
2023-11-28 08:00:00,9,138,176
2023-11-28 08:00:00,10,170,168
2023-11-28 09:00:00,1,236,402
2023-11-28 09:00:00,2,138,351
2023-11-28 09:00:00,3,237,331
2023-11-28 09:00:00,4,186,285
2023-11-28 09:00:00,5,162,243
2023-11-28 09:00:00,6,132,204
2023-11-28 09:00:00,7,161,197
2023-11-28 09:00:00,8,170,195
2023-11-28 09:00:00,9,142,184
2023-11-28 09:00:00,10,140,176
2023-11-28 10:00:00,1,236,356
2023-11-28 10:00:00,2,237,348
2023-11-28 10:00:00,3,138,331
2023-11-28 10:00:00,4,186,291
2023-11-28 10:00:00,5,162,257
2023-11-28 10:00:00,6,161,226
2023-11-28 10:00:00,7,132,208
2023-11-28 10:00:00,8,170,189
2023-11-28 10:00:00,9,140,170
2023-11-28 10:00:00,10,230,160
2023-11-28 11:00:00,1,237,360
2023-11-28 11:00:00,2,236,352
2023-11-28 11:00:00,3,138,270
2023-11-28 11:00:00,4,161,264
2023-11-28 11:00:00,5,186,246
2023-11-28 11:00:00,6,162,225
2023-11-28 11:00:00,7,170,219
2023-11-28 11:00:00,8,230,189
2023-11-28 11:00:00,9,140,186
2023-11-28 11:00:00,10,142,184
2023-11-28 12:00:00,1,237,399
2023-11-28 12:00:00,2,236,379
2023-11-28 12:00:00,3,138,336
2023-11-28 12:00:00,4,161,307
2023-11-28 12:00:00,5,162,259
2023-11-28 12:00:00,6,142,214
2023-11-28 12:00:00,7,186,201
2023-11-28 12:00:00,8,140,187
2023-11-28 12:00:00,9,163,183
2023-11-28 12:00:00,10,239,183
2023-11-28 13:00:00,1,237,427
2023-11-28 13:00:00,2,236,368
2023-11-28 13:00:00,3,161,338
2023-11-28 13:00:00,4,138,320
2023-11-28 13:00:00,5,132,276
2023-11-28 13:00:00,6,162,252
2023-11-28 13:00:00,7,163,219
2023-11-28 13:00:00,8,142,208
2023-11-28 13:00:00,9,170,195
2023-11-28 13:00:00,10,186,195
2023-11-28 14:00:00,1,161,443
2023-11-28 14:00:00,2,237,439
2023-11-28 14:00:00,3,236,379
2023-11-28 14:00:00,4,138,333
2023-11-28 14:00:00,5,132,328
2023-11-28 14:00:00,6,162,251
2023-11-28 14:00:00,7,163,243
2023-11-28 14:00:00,8,142,233
2023-11-28 14:00:00,9,170,221
2023-11-28 14:00:00,10,186,199
2023-11-28 15:00:00,1,237,493
2023-11-28 15:00:00,2,236,479
2023-11-28 15:00:00,3,161,421
2023-11-28 15:00:00,4,138,360
2023-11-28 15:00:00,5,132,328
2023-11-28 15:00:00,6,163,259
2023-11-28 15:00:00,7,162,237
2023-11-28 15:00:00,8,142,235
2023-11-28 15:00:00,9,170,234
2023-11-28 15:00:00,10,234,210
2023-11-28 16:00:00,1,161,511
2023-11-28 16:00:00,2,237,508
2023-11-28 16:00:00,3,236,469
2023-11-28 16:00:00,4,132,413
2023-11-28 16:00:00,5,163,337
2023-11-28 16:00:00,6,162,334
2023-11-28 16:00:00,7,138,312
2023-11-28 16:00:00,8,234,273
2023-11-28 16:00:00,9,170,250
2023-11-28 16:00:00,10,142,241
2023-11-28 17:00:00,1,161,564
2023-11-28 17:00:00,2,237,523
2023-11-28 17:00:00,3,236,491
2023-11-28 17:00:00,4,132,474
2023-11-28 17:00:00,5,162,457
2023-11-28 17:00:00,6,138,420
2023-11-28 17:00:00,7,163,409
2023-11-28 17:00:00,8,230,350
2023-11-28 17:00:00,9,170,310
2023-11-28 17:00:00,10,234,306
2023-11-28 18:00:00,1,161,620
2023-11-28 18:00:00,2,237,544
2023-11-28 18:00:00,3,162,513
2023-11-28 18:00:00,4,236,446
2023-11-28 18:00:00,5,163,430
2023-11-28 18:00:00,6,132,398
2023-11-28 18:00:00,7,230,371
2023-11-28 18:00:00,8,170,327
2023-11-28 18:00:00,9,234,315
2023-11-28 18:00:00,10,142,310
2023-11-28 19:00:00,1,161,616
2023-11-28 19:00:00,2,237,398
2023-11-28 19:00:00,3,162,387
2023-11-28 19:00:00,4,132,369
2023-11-28 19:00:00,5,163,342
2023-11-28 19:00:00,6,230,309
2023-11-28 19:00:00,7,236,306
2023-11-28 19:00:00,8,138,271
2023-11-28 19:00:00,9,234,268
2023-11-28 19:00:00,10,170,260
2023-11-28 20:00:00,1,161,658
2023-11-28 20:00:00,2,162,411
2023-11-28 20:00:00,3,237,386
2023-11-28 20:00:00,4,132,327
2023-11-28 20:00:00,5,163,286
2023-11-28 20:00:00,6,138,276
2023-11-28 20:00:00,7,230,270
2023-11-28 20:00:00,8,234,264
2023-11-28 20:00:00,9,170,245
2023-11-28 20:00:00,10,236,239
2023-11-28 21:00:00,1,161,627
2023-11-28 21:00:00,2,237,426
2023-11-28 21:00:00,3,230,414
2023-11-28 21:00:00,4,132,412
2023-11-28 21:00:00,5,163,371
2023-11-28 21:00:00,6,162,354
2023-11-28 21:00:00,7,138,345
2023-11-28 21:00:00,8,186,310
2023-11-28 21:00:00,9,142,294
2023-11-28 21:00:00,10,234,251
2023-11-28 22:00:00,1,161,453
2023-11-28 22:00:00,2,132,379
2023-11-28 22:00:00,3,163,356
2023-11-28 22:00:00,4,142,331
2023-11-28 22:00:00,5,230,328
2023-11-28 22:00:00,6,138,322
2023-11-28 22:00:00,7,237,296
2023-11-28 22:00:00,8,162,284
2023-11-28 22:00:00,9,186,239
2023-11-28 22:00:00,10,249,228
2023-11-28 23:00:00,1,138,323
2023-11-28 23:00:00,2,132,313
2023-11-28 23:00:00,3,142,305
2023-11-28 23:00:00,4,230,191
2023-11-28 23:00:00,5,161,187
2023-11-28 23:00:00,6,163,160
2023-11-28 23:00:00,7,48,150
2023-11-28 23:00:00,8,249,133
2023-11-28 23:00:00,9,164,128
2023-11-28 23:00:00,10,162,115
2023-11-29 00:00:00,1,132,166
2023-11-29 00:00:00,2,230,114
2023-11-29 00:00:00,3,48,83
2023-11-29 00:00:00,4,161,72
2023-11-29 00:00:00,5,79,70
2023-11-29 00:00:00,6,249,68
2023-11-29 00:00:00,7,138,66
2023-11-29 00:00:00,8,234,65
2023-11-29 00:00:00,9,114,58
2023-11-29 00:00:00,10,163,54
2023-11-29 01:00:00,1,249,52
2023-11-29 01:00:00,2,79,49
2023-11-29 01:00:00,3,132,45
2023-11-29 01:00:00,4,114,41
2023-11-29 01:00:00,5,230,40
2023-11-29 01:00:00,6,48,39
2023-11-29 01:00:00,7,186,29
2023-11-29 01:00:00,8,161,27
2023-11-29 01:00:00,9,148,24
2023-11-29 01:00:00,10,162,23
2023-11-29 02:00:00,1,48,28
2023-11-29 02:00:00,2,249,28
2023-11-29 02:00:00,3,79,17
2023-11-29 02:00:00,4,186,17
2023-11-29 02:00:00,5,230,16
2023-11-29 02:00:00,6,68,12
2023-11-29 02:00:00,7,161,12
2023-11-29 02:00:00,8,100,11
2023-11-29 02:00:00,9,164,11
2023-11-29 02:00:00,10,148,10
2023-11-29 03:00:00,1,79,22
2023-11-29 03:00:00,2,48,18
2023-11-29 03:00:00,3,249,18
2023-11-29 03:00:00,4,246,13
2023-11-29 03:00:00,5,148,12
2023-11-29 03:00:00,6,230,12
2023-11-29 03:00:00,7,114,9
2023-11-29 03:00:00,8,132,8
2023-11-29 03:00:00,9,140,8
2023-11-29 03:00:00,10,68,7
2023-11-29 04:00:00,1,132,22
2023-11-29 04:00:00,2,230,17
2023-11-29 04:00:00,3,79,14
2023-11-29 04:00:00,4,48,12
2023-11-29 04:00:00,5,162,9
2023-11-29 04:00:00,6,161,8
2023-11-29 04:00:00,7,163,8
2023-11-29 04:00:00,8,229,8
2023-11-29 04:00:00,9,164,7
2023-11-29 04:00:00,10,231,7
2023-11-29 05:00:00,1,48,50
2023-11-29 05:00:00,2,186,46
2023-11-29 05:00:00,3,100,39
2023-11-29 05:00:00,4,132,32
2023-11-29 05:00:00,5,162,32
2023-11-29 05:00:00,6,236,23
2023-11-29 05:00:00,7,230,19
2023-11-29 05:00:00,8,237,17
2023-11-29 05:00:00,9,263,16
2023-11-29 05:00:00,10,238,15
2023-11-29 06:00:00,1,186,149
2023-11-29 06:00:00,2,132,107
2023-11-29 06:00:00,3,100,101
2023-11-29 06:00:00,4,162,88
2023-11-29 06:00:00,5,262,83
2023-11-29 06:00:00,6,236,74
2023-11-29 06:00:00,7,161,66
2023-11-29 06:00:00,8,48,60
2023-11-29 06:00:00,9,238,55
2023-11-29 06:00:00,10,237,54
2023-11-29 07:00:00,1,236,304
2023-11-29 07:00:00,2,186,241
2023-11-29 07:00:00,3,237,230
2023-11-29 07:00:00,4,132,178
2023-11-29 07:00:00,5,162,163
2023-11-29 07:00:00,6,170,144
2023-11-29 07:00:00,7,238,144
2023-11-29 07:00:00,8,239,141
2023-11-29 07:00:00,9,140,140
2023-11-29 07:00:00,10,262,139
2023-11-29 08:00:00,1,236,432
2023-11-29 08:00:00,2,237,296
2023-11-29 08:00:00,3,186,285
2023-11-29 08:00:00,4,162,221
2023-11-29 08:00:00,5,140,202
2023-11-29 08:00:00,6,239,198
2023-11-29 08:00:00,7,170,196
2023-11-29 08:00:00,8,141,166
2023-11-29 08:00:00,9,107,165
2023-11-29 08:00:00,10,142,164
2023-11-29 09:00:00,1,236,378
2023-11-29 09:00:00,2,237,344
2023-11-29 09:00:00,3,186,278
2023-11-29 09:00:00,4,162,231
2023-11-29 09:00:00,5,170,230
2023-11-29 09:00:00,6,138,221
2023-11-29 09:00:00,7,239,179
2023-11-29 09:00:00,8,142,176
2023-11-29 09:00:00,9,140,174
2023-11-29 09:00:00,10,262,173
2023-11-29 10:00:00,1,236,383
2023-11-29 10:00:00,2,237,363
2023-11-29 10:00:00,3,138,291
2023-11-29 10:00:00,4,186,262
2023-11-29 10:00:00,5,162,230
2023-11-29 10:00:00,6,161,193
2023-11-29 10:00:00,7,170,176
2023-11-29 10:00:00,8,140,161
2023-11-29 10:00:00,9,238,158
2023-11-29 10:00:00,10,239,158
2023-11-29 11:00:00,1,236,370
2023-11-29 11:00:00,2,237,348
2023-11-29 11:00:00,3,138,304
2023-11-29 11:00:00,4,161,241
2023-11-29 11:00:00,5,162,230
2023-11-29 11:00:00,6,186,226
2023-11-29 11:00:00,7,142,209
2023-11-29 11:00:00,8,230,185
2023-11-29 11:00:00,9,170,182
2023-11-29 11:00:00,10,163,180
2023-11-29 12:00:00,1,237,404
2023-11-29 12:00:00,2,236,337
2023-11-29 12:00:00,3,138,266
2023-11-29 12:00:00,4,162,234
2023-11-29 12:00:00,5,161,218
2023-11-29 12:00:00,6,142,207
2023-11-29 12:00:00,7,239,194
2023-11-29 12:00:00,8,170,186
2023-11-29 12:00:00,9,163,182
2023-11-29 12:00:00,10,186,182
2023-11-29 13:00:00,1,237,422
2023-11-29 13:00:00,2,236,336
2023-11-29 13:00:00,3,132,251
2023-11-29 13:00:00,4,162,236
2023-11-29 13:00:00,5,161,231
2023-11-29 13:00:00,6,138,222
2023-11-29 13:00:00,7,186,208
2023-11-29 13:00:00,8,234,204
2023-11-29 13:00:00,9,163,200
2023-11-29 13:00:00,10,239,173
2023-11-29 14:00:00,1,237,452
2023-11-29 14:00:00,2,236,370
2023-11-29 14:00:00,3,138,351
2023-11-29 14:00:00,4,132,274
2023-11-29 14:00:00,5,162,242
2023-11-29 14:00:00,6,161,234
2023-11-29 14:00:00,7,163,225
2023-11-29 14:00:00,8,230,202
2023-11-29 14:00:00,9,142,199
2023-11-29 14:00:00,10,239,197
2023-11-29 15:00:00,1,236,490
2023-11-29 15:00:00,2,237,474
2023-11-29 15:00:00,3,132,367
2023-11-29 15:00:00,4,138,367
2023-11-29 15:00:00,5,161,261
2023-11-29 15:00:00,6,162,233
2023-11-29 15:00:00,7,142,224
2023-11-29 15:00:00,8,234,202
2023-11-29 15:00:00,9,186,201
2023-11-29 15:00:00,10,163,197
2023-11-29 16:00:00,1,236,424
2023-11-29 16:00:00,2,237,401
2023-11-29 16:00:00,3,132,332
2023-11-29 16:00:00,4,162,272
2023-11-29 16:00:00,5,138,244
2023-11-29 16:00:00,6,142,233
2023-11-29 16:00:00,7,163,223
2023-11-29 16:00:00,8,230,221
2023-11-29 16:00:00,9,170,216
2023-11-29 16:00:00,10,161,202
2023-11-29 17:00:00,1,237,519
2023-11-29 17:00:00,2,236,459
2023-11-29 17:00:00,3,162,333
2023-11-29 17:00:00,4,132,304
2023-11-29 17:00:00,5,163,275
2023-11-29 17:00:00,6,138,272
2023-11-29 17:00:00,7,68,257
2023-11-29 17:00:00,8,142,250
2023-11-29 17:00:00,9,170,249
2023-11-29 17:00:00,10,234,244
2023-11-29 18:00:00,1,236,477
2023-11-29 18:00:00,2,237,473
2023-11-29 18:00:00,3,162,350
2023-11-29 18:00:00,4,142,303
2023-11-29 18:00:00,5,170,293
2023-11-29 18:00:00,6,132,289
2023-11-29 18:00:00,7,163,288
2023-11-29 18:00:00,8,234,277
2023-11-29 18:00:00,9,68,260
2023-11-29 18:00:00,10,138,248
2023-11-29 19:00:00,1,237,434
2023-11-29 19:00:00,2,162,370
2023-11-29 19:00:00,3,132,363
2023-11-29 19:00:00,4,236,299
2023-11-29 19:00:00,5,234,284
2023-11-29 19:00:00,6,163,258
2023-11-29 19:00:00,7,170,258
2023-11-29 19:00:00,8,142,252
2023-11-29 19:00:00,9,161,244
2023-11-29 19:00:00,10,68,235
2023-11-29 20:00:00,1,162,384
2023-11-29 20:00:00,2,237,383
2023-11-29 20:00:00,3,138,321
2023-11-29 20:00:00,4,234,297
2023-11-29 20:00:00,5,132,267
2023-11-29 20:00:00,6,163,267
2023-11-29 20:00:00,7,236,256
2023-11-29 20:00:00,8,170,252
2023-11-29 20:00:00,9,142,234
2023-11-29 20:00:00,10,164,221
2023-11-29 21:00:00,1,237,530
2023-11-29 21:00:00,2,162,369
2023-11-29 21:00:00,3,163,333
2023-11-29 21:00:00,4,132,323
2023-11-29 21:00:00,5,142,307
2023-11-29 21:00:00,6,170,262
2023-11-29 21:00:00,7,234,257
2023-11-29 21:00:00,8,138,240
2023-11-29 21:00:00,9,68,236
2023-11-29 21:00:00,10,230,229
2023-11-29 22:00:00,1,162,383
2023-11-29 22:00:00,2,237,364
2023-11-29 22:00:00,3,163,330
2023-11-29 22:00:00,4,48,311
2023-11-29 22:00:00,5,161,301
2023-11-29 22:00:00,6,230,269
2023-11-29 22:00:00,7,132,266
2023-11-29 22:00:00,8,138,254
2023-11-29 22:00:00,9,234,252
2023-11-29 22:00:00,10,164,247
2023-11-29 23:00:00,1,161,376
2023-11-29 23:00:00,2,230,317
2023-11-29 23:00:00,3,132,236
2023-11-29 23:00:00,4,48,207
2023-11-29 23:00:00,5,138,193
2023-11-29 23:00:00,6,163,185
2023-11-29 23:00:00,7,249,184
2023-11-29 23:00:00,8,162,166
2023-11-29 23:00:00,9,164,157
2023-11-29 23:00:00,10,186,153
2023-11-30 00:00:00,1,230,163
2023-11-30 00:00:00,2,132,149
2023-11-30 00:00:00,3,161,148
2023-11-30 00:00:00,4,48,118
2023-11-30 00:00:00,5,249,115
2023-11-30 00:00:00,6,114,110
2023-11-30 00:00:00,7,164,99
2023-11-30 00:00:00,8,163,89
2023-11-30 00:00:00,9,186,78
2023-11-30 00:00:00,10,234,76
2023-11-30 01:00:00,1,249,60
2023-11-30 01:00:00,2,230,58
2023-11-30 01:00:00,3,161,55
2023-11-30 01:00:00,4,48,52
2023-11-30 01:00:00,5,114,50
2023-11-30 01:00:00,6,186,48
2023-11-30 01:00:00,7,79,39
2023-11-30 01:00:00,8,68,37
2023-11-30 01:00:00,9,132,31
2023-11-30 01:00:00,10,148,30
2023-11-30 02:00:00,1,249,40
2023-11-30 02:00:00,2,246,37
2023-11-30 02:00:00,3,79,32
2023-11-30 02:00:00,4,48,30
2023-11-30 02:00:00,5,114,28
2023-11-30 02:00:00,6,148,25
2023-11-30 02:00:00,7,230,23
2023-11-30 02:00:00,8,164,20
2023-11-30 02:00:00,9,161,17
2023-11-30 02:00:00,10,162,15
2023-11-30 03:00:00,1,246,45
2023-11-30 03:00:00,2,48,24
2023-11-30 03:00:00,3,148,23
2023-11-30 03:00:00,4,230,17
2023-11-30 03:00:00,5,79,15
2023-11-30 03:00:00,6,161,12
2023-11-30 03:00:00,7,231,12
2023-11-30 03:00:00,8,90,10
2023-11-30 03:00:00,9,125,10
2023-11-30 03:00:00,10,163,10
2023-11-30 04:00:00,1,230,26
2023-11-30 04:00:00,2,48,25
2023-11-30 04:00:00,3,148,17
2023-11-30 04:00:00,4,164,16
2023-11-30 04:00:00,5,231,15
2023-11-30 04:00:00,6,79,13
2023-11-30 04:00:00,7,186,12
2023-11-30 04:00:00,8,163,11
2023-11-30 04:00:00,9,246,11
2023-11-30 04:00:00,10,100,10
2023-11-30 05:00:00,1,132,61
2023-11-30 05:00:00,2,186,61
2023-11-30 05:00:00,3,48,51
2023-11-30 05:00:00,4,100,37
2023-11-30 05:00:00,5,161,32
2023-11-30 05:00:00,6,162,31
2023-11-30 05:00:00,7,230,26
2023-11-30 05:00:00,8,263,22
2023-11-30 05:00:00,9,238,17
2023-11-30 05:00:00,10,141,16
2023-11-30 06:00:00,1,132,171
2023-11-30 06:00:00,2,186,143
2023-11-30 06:00:00,3,100,117
2023-11-30 06:00:00,4,236,93
2023-11-30 06:00:00,5,162,77
2023-11-30 06:00:00,6,262,75
2023-11-30 06:00:00,7,161,67
2023-11-30 06:00:00,8,141,58
2023-11-30 06:00:00,9,263,58
2023-11-30 06:00:00,10,48,55
2023-11-30 07:00:00,1,236,283
2023-11-30 07:00:00,2,186,200
2023-11-30 07:00:00,3,237,188
2023-11-30 07:00:00,4,132,175
2023-11-30 07:00:00,5,262,167
2023-11-30 07:00:00,6,239,157
2023-11-30 07:00:00,7,141,156
2023-11-30 07:00:00,8,162,152
2023-11-30 07:00:00,9,170,131
2023-11-30 07:00:00,10,238,130
2023-11-30 08:00:00,1,236,446
2023-11-30 08:00:00,2,237,280
2023-11-30 08:00:00,3,186,255
2023-11-30 08:00:00,4,162,224
2023-11-30 08:00:00,5,239,214
2023-11-30 08:00:00,6,140,181
2023-11-30 08:00:00,7,170,176
2023-11-30 08:00:00,8,238,175
2023-11-30 08:00:00,9,262,170
2023-11-30 08:00:00,10,142,169
2023-11-30 09:00:00,1,236,360
2023-11-30 09:00:00,2,237,324
2023-11-30 09:00:00,3,138,269
2023-11-30 09:00:00,4,186,249
2023-11-30 09:00:00,5,162,213
2023-11-30 09:00:00,6,161,206
2023-11-30 09:00:00,7,170,198
2023-11-30 09:00:00,8,140,179
2023-11-30 09:00:00,9,239,176
2023-11-30 09:00:00,10,141,164
2023-11-30 10:00:00,1,236,367
2023-11-30 10:00:00,2,237,342
2023-11-30 10:00:00,3,138,337
2023-11-30 10:00:00,4,162,249
2023-11-30 10:00:00,5,186,241
2023-11-30 10:00:00,6,161,234
2023-11-30 10:00:00,7,239,202
2023-11-30 10:00:00,8,170,193
2023-11-30 10:00:00,9,230,181
2023-11-30 10:00:00,10,140,178
2023-11-30 11:00:00,1,237,400
2023-11-30 11:00:00,2,236,356
2023-11-30 11:00:00,3,138,281
2023-11-30 11:00:00,4,161,265
2023-11-30 11:00:00,5,162,249
2023-11-30 11:00:00,6,186,201
2023-11-30 11:00:00,7,230,195
2023-11-30 11:00:00,8,68,188
2023-11-30 11:00:00,9,142,169
2023-11-30 11:00:00,10,170,167
2023-11-30 12:00:00,1,236,391
2023-11-30 12:00:00,2,237,389
2023-11-30 12:00:00,3,138,312
2023-11-30 12:00:00,4,161,277
2023-11-30 12:00:00,5,162,264
2023-11-30 12:00:00,6,186,229
2023-11-30 12:00:00,7,142,211
2023-11-30 12:00:00,8,230,202
2023-11-30 12:00:00,9,163,182
2023-11-30 12:00:00,10,239,175
2023-11-30 13:00:00,1,237,387
2023-11-30 13:00:00,2,161,350
2023-11-30 13:00:00,3,236,334
2023-11-30 13:00:00,4,138,282
2023-11-30 13:00:00,5,162,234
2023-11-30 13:00:00,6,132,210
2023-11-30 13:00:00,7,170,203
2023-11-30 13:00:00,8,163,196
2023-11-30 13:00:00,9,186,182
2023-11-30 13:00:00,10,43,175
2023-11-30 14:00:00,1,237,450
2023-11-30 14:00:00,2,236,394
2023-11-30 14:00:00,3,138,391
2023-11-30 14:00:00,4,161,322
2023-11-30 14:00:00,5,132,317
2023-11-30 14:00:00,6,162,262
2023-11-30 14:00:00,7,163,238
2023-11-30 14:00:00,8,142,225
2023-11-30 14:00:00,9,230,217
2023-11-30 14:00:00,10,43,212
2023-11-30 15:00:00,1,236,489
2023-11-30 15:00:00,2,237,445
2023-11-30 15:00:00,3,132,354
2023-11-30 15:00:00,4,161,351
2023-11-30 15:00:00,5,138,340
2023-11-30 15:00:00,6,142,248
2023-11-30 15:00:00,7,163,243
2023-11-30 15:00:00,8,162,231
2023-11-30 15:00:00,9,186,224
2023-11-30 15:00:00,10,238,224
2023-11-30 16:00:00,1,237,456
2023-11-30 16:00:00,2,236,453
2023-11-30 16:00:00,3,132,393
2023-11-30 16:00:00,4,161,342
2023-11-30 16:00:00,5,138,265
2023-11-30 16:00:00,6,162,264
2023-11-30 16:00:00,7,234,235
2023-11-30 16:00:00,8,142,223
2023-11-30 16:00:00,9,230,220
2023-11-30 16:00:00,10,239,203
2023-11-30 17:00:00,1,237,537
2023-11-30 17:00:00,2,236,465
2023-11-30 17:00:00,3,162,423
2023-11-30 17:00:00,4,138,378
2023-11-30 17:00:00,5,161,364
2023-11-30 17:00:00,6,163,311
2023-11-30 17:00:00,7,132,309
2023-11-30 17:00:00,8,230,302
2023-11-30 17:00:00,9,142,291
2023-11-30 17:00:00,10,234,279
2023-11-30 18:00:00,1,237,577
2023-11-30 18:00:00,2,236,450
2023-11-30 18:00:00,3,162,445
2023-11-30 18:00:00,4,161,375
2023-11-30 18:00:00,5,163,361
2023-11-30 18:00:00,6,234,344
2023-11-30 18:00:00,7,138,335
2023-11-30 18:00:00,8,142,314
2023-11-30 18:00:00,9,68,301
2023-11-30 18:00:00,10,230,298
2023-11-30 19:00:00,1,237,490
2023-11-30 19:00:00,2,161,454
2023-11-30 19:00:00,3,162,420
2023-11-30 19:00:00,4,132,411
2023-11-30 19:00:00,5,236,361
2023-11-30 19:00:00,6,170,324
2023-11-30 19:00:00,7,163,295
2023-11-30 19:00:00,8,138,286
2023-11-30 19:00:00,9,234,280
2023-11-30 19:00:00,10,230,279
2023-11-30 20:00:00,1,161,437
2023-11-30 20:00:00,2,162,436
2023-11-30 20:00:00,3,237,419
2023-11-30 20:00:00,4,138,339
2023-11-30 20:00:00,5,132,320
2023-11-30 20:00:00,6,234,279
2023-11-30 20:00:00,7,142,260
2023-11-30 20:00:00,8,230,258
2023-11-30 20:00:00,9,236,250
2023-11-30 20:00:00,10,170,249
2023-11-30 21:00:00,1,142,507
2023-11-30 21:00:00,2,237,476
2023-11-30 21:00:00,3,161,466
2023-11-30 21:00:00,4,162,361
2023-11-30 21:00:00,5,230,305
2023-11-30 21:00:00,6,234,270
2023-11-30 21:00:00,7,163,269
2023-11-30 21:00:00,8,186,248
2023-11-30 21:00:00,9,138,244
2023-11-30 21:00:00,10,68,234
2023-11-30 22:00:00,1,161,433
2023-11-30 22:00:00,2,142,402
2023-11-30 22:00:00,3,237,395
2023-11-30 22:00:00,4,162,380
2023-11-30 22:00:00,5,48,339
2023-11-30 22:00:00,6,132,308
2023-11-30 22:00:00,7,163,303
2023-11-30 22:00:00,8,79,276
2023-11-30 22:00:00,9,234,271
2023-11-30 22:00:00,10,138,244
2023-11-30 23:00:00,1,161,404
2023-11-30 23:00:00,2,48,338
2023-11-30 23:00:00,3,230,283
2023-11-30 23:00:00,4,249,276
2023-11-30 23:00:00,5,79,274
2023-11-30 23:00:00,6,163,266
2023-11-30 23:00:00,7,132,250
2023-11-30 23:00:00,8,234,239
2023-11-30 23:00:00,9,138,236
2023-11-30 23:00:00,10,164,232
2023-12-01 00:00:00,1,249,240
2023-12-01 00:00:00,2,142,235
2023-12-01 00:00:00,3,230,189
2023-12-01 00:00:00,4,161,183
2023-12-01 00:00:00,5,79,180
2023-12-01 00:00:00,6,48,177
2023-12-01 00:00:00,7,114,175
2023-12-01 00:00:00,8,132,168
2023-12-01 00:00:00,9,234,133
2023-12-01 00:00:00,10,68,132
2023-12-01 01:00:00,1,249,144
2023-12-01 01:00:00,2,79,126
2023-12-01 01:00:00,3,48,118
2023-12-01 01:00:00,4,114,115
2023-12-01 01:00:00,5,148,105
2023-12-01 01:00:00,6,230,80
2023-12-01 01:00:00,7,164,66
2023-12-01 01:00:00,8,158,65
2023-12-01 01:00:00,9,107,62
2023-12-01 01:00:00,10,161,51
2023-12-01 02:00:00,1,249,92
2023-12-01 02:00:00,2,148,91
2023-12-01 02:00:00,3,79,89
2023-12-01 02:00:00,4,230,79
2023-12-01 02:00:00,5,114,77
2023-12-01 02:00:00,6,48,64
2023-12-01 02:00:00,7,68,54
2023-12-01 02:00:00,8,164,53
2023-12-01 02:00:00,9,144,49
2023-12-01 02:00:00,10,246,41
2023-12-01 03:00:00,1,79,63
2023-12-01 03:00:00,2,249,55
2023-12-01 03:00:00,3,148,49
2023-12-01 03:00:00,4,114,44
2023-12-01 03:00:00,5,48,39
2023-12-01 03:00:00,6,144,32
2023-12-01 03:00:00,7,230,32
2023-12-01 03:00:00,8,68,28
2023-12-01 03:00:00,9,246,28
2023-12-01 03:00:00,10,164,25
2023-12-01 04:00:00,1,79,39
2023-12-01 04:00:00,2,48,34
2023-12-01 04:00:00,3,148,28
2023-12-01 04:00:00,4,230,27
2023-12-01 04:00:00,5,249,23
2023-12-01 04:00:00,6,144,22
2023-12-01 04:00:00,7,162,17
2023-12-01 04:00:00,8,141,15
2023-12-01 04:00:00,9,229,15
2023-12-01 04:00:00,10,107,14
2023-12-01 05:00:00,1,186,53
2023-12-01 05:00:00,2,132,43
2023-12-01 05:00:00,3,48,42
2023-12-01 05:00:00,4,100,38
2023-12-01 05:00:00,5,162,30
2023-12-01 05:00:00,6,230,28
2023-12-01 05:00:00,7,161,27
2023-12-01 05:00:00,8,236,25
2023-12-01 05:00:00,9,170,23
2023-12-01 05:00:00,10,141,19
2023-12-01 06:00:00,1,132,168
2023-12-01 06:00:00,2,186,104
2023-12-01 06:00:00,3,100,77
2023-12-01 06:00:00,4,162,76
2023-12-01 06:00:00,5,161,56
2023-12-01 06:00:00,6,230,54
2023-12-01 06:00:00,7,48,51
2023-12-01 06:00:00,8,236,50
2023-12-01 06:00:00,9,238,46
2023-12-01 06:00:00,10,141,45
2023-12-01 07:00:00,1,236,251
2023-12-01 07:00:00,2,132,210
2023-12-01 07:00:00,3,186,187
2023-12-01 07:00:00,4,237,180
2023-12-01 07:00:00,5,239,128
2023-12-01 07:00:00,6,238,123
2023-12-01 07:00:00,7,141,116
2023-12-01 07:00:00,8,263,116
2023-12-01 07:00:00,9,262,115
2023-12-01 07:00:00,10,162,109
2023-12-01 08:00:00,1,236,345
2023-12-01 08:00:00,2,237,241
2023-12-01 08:00:00,3,186,209
2023-12-01 08:00:00,4,262,168
2023-12-01 08:00:00,5,132,167
2023-12-01 08:00:00,6,239,165
2023-12-01 08:00:00,7,140,160
2023-12-01 08:00:00,8,238,159
2023-12-01 08:00:00,9,162,157
2023-12-01 08:00:00,10,138,153
2023-12-01 09:00:00,1,138,303
2023-12-01 09:00:00,2,236,293
2023-12-01 09:00:00,3,237,268
2023-12-01 09:00:00,4,186,211
2023-12-01 09:00:00,5,161,192
2023-12-01 09:00:00,6,162,184
2023-12-01 09:00:00,7,230,183
2023-12-01 09:00:00,8,239,177
2023-12-01 09:00:00,9,170,172
2023-12-01 09:00:00,10,132,166
2023-12-01 10:00:00,1,236,335
2023-12-01 10:00:00,2,237,326
2023-12-01 10:00:00,3,138,274
2023-12-01 10:00:00,4,162,223
2023-12-01 10:00:00,5,161,205
2023-12-01 10:00:00,6,186,202
2023-12-01 10:00:00,7,230,200
2023-12-01 10:00:00,8,142,170
2023-12-01 10:00:00,9,68,163
2023-12-01 10:00:00,10,170,162
2023-12-01 11:00:00,1,237,367
2023-12-01 11:00:00,2,236,353
2023-12-01 11:00:00,3,138,278
2023-12-01 11:00:00,4,161,262
2023-12-01 11:00:00,5,186,238
2023-12-01 11:00:00,6,230,210
2023-12-01 11:00:00,7,162,196
2023-12-01 11:00:00,8,68,193
2023-12-01 11:00:00,9,170,183
2023-12-01 11:00:00,10,239,183
2023-12-01 12:00:00,1,237,428
2023-12-01 12:00:00,2,236,393
2023-12-01 12:00:00,3,161,314
2023-12-01 12:00:00,4,138,295
2023-12-01 12:00:00,5,162,263
2023-12-01 12:00:00,6,132,236
2023-12-01 12:00:00,7,170,231
2023-12-01 12:00:00,8,142,230
2023-12-01 12:00:00,9,234,221
2023-12-01 12:00:00,10,239,215
2023-12-01 13:00:00,1,236,390
2023-12-01 13:00:00,2,237,376
2023-12-01 13:00:00,3,138,350
2023-12-01 13:00:00,4,161,283
2023-12-01 13:00:00,5,132,248
2023-12-01 13:00:00,6,142,221
2023-12-01 13:00:00,7,163,218
2023-12-01 13:00:00,8,162,217
2023-12-01 13:00:00,9,239,212
2023-12-01 13:00:00,10,230,204
2023-12-01 14:00:00,1,237,472
2023-12-01 14:00:00,2,236,372
2023-12-01 14:00:00,3,132,367
2023-12-01 14:00:00,4,138,320
2023-12-01 14:00:00,5,161,310
2023-12-01 14:00:00,6,162,234
2023-12-01 14:00:00,7,142,229
2023-12-01 14:00:00,8,186,224
2023-12-01 14:00:00,9,163,221
2023-12-01 14:00:00,10,43,210
2023-12-01 15:00:00,1,236,457
2023-12-01 15:00:00,2,237,403
2023-12-01 15:00:00,3,138,378
2023-12-01 15:00:00,4,132,369
2023-12-01 15:00:00,5,161,327
2023-12-01 15:00:00,6,43,278
2023-12-01 15:00:00,7,142,258
2023-12-01 15:00:00,8,162,241
2023-12-01 15:00:00,9,239,229
2023-12-01 15:00:00,10,68,210
2023-12-01 16:00:00,1,237,487
2023-12-01 16:00:00,2,236,395
2023-12-01 16:00:00,3,161,336
2023-12-01 16:00:00,4,162,331
2023-12-01 16:00:00,5,132,327
2023-12-01 16:00:00,6,142,324
2023-12-01 16:00:00,7,163,260
2023-12-01 16:00:00,8,239,248
2023-12-01 16:00:00,9,230,246
2023-12-01 16:00:00,10,234,240
2023-12-01 17:00:00,1,237,533
2023-12-01 17:00:00,2,236,507
2023-12-01 17:00:00,3,162,381
2023-12-01 17:00:00,4,161,375
2023-12-01 17:00:00,5,132,356
2023-12-01 17:00:00,6,142,318
2023-12-01 17:00:00,7,163,315
2023-12-01 17:00:00,8,234,304
2023-12-01 17:00:00,9,239,303
2023-12-01 17:00:00,10,170,297
2023-12-01 18:00:00,1,237,601
2023-12-01 18:00:00,2,236,532
2023-12-01 18:00:00,3,142,435
2023-12-01 18:00:00,4,162,418
2023-12-01 18:00:00,5,239,335
2023-12-01 18:00:00,6,161,331
2023-12-01 18:00:00,7,163,328
2023-12-01 18:00:00,8,170,328
2023-12-01 18:00:00,9,234,322
2023-12-01 18:00:00,10,132,314
2023-12-01 19:00:00,1,237,439
2023-12-01 19:00:00,2,236,400
2023-12-01 19:00:00,3,161,394
2023-12-01 19:00:00,4,142,361
2023-12-01 19:00:00,5,132,359
2023-12-01 19:00:00,6,162,355
2023-12-01 19:00:00,7,170,332
2023-12-01 19:00:00,8,163,325
2023-12-01 19:00:00,9,230,311
2023-12-01 19:00:00,10,234,309
2023-12-01 20:00:00,1,161,362
2023-12-01 20:00:00,2,132,319
2023-12-01 20:00:00,3,237,316
2023-12-01 20:00:00,4,162,294
2023-12-01 20:00:00,5,170,263
2023-12-01 20:00:00,6,186,260
2023-12-01 20:00:00,7,142,259
2023-12-01 20:00:00,8,236,253
2023-12-01 20:00:00,9,234,252
2023-12-01 20:00:00,10,138,246
2023-12-01 21:00:00,1,142,326
2023-12-01 21:00:00,2,161,307
2023-12-01 21:00:00,3,237,284
2023-12-01 21:00:00,4,132,263
2023-12-01 21:00:00,5,249,225
2023-12-01 21:00:00,6,236,217
2023-12-01 21:00:00,7,230,202
2023-12-01 21:00:00,8,138,194
2023-12-01 21:00:00,9,162,184
2023-12-01 21:00:00,10,234,182
2023-12-01 22:00:00,1,142,517
2023-12-01 22:00:00,2,161,356
2023-12-01 22:00:00,3,237,347
2023-12-01 22:00:00,4,132,280
2023-12-01 22:00:00,5,249,275
2023-12-01 22:00:00,6,79,274
2023-12-01 22:00:00,7,230,237
2023-12-01 22:00:00,8,48,212
2023-12-01 22:00:00,9,163,210
2023-12-01 22:00:00,10,138,194
2023-12-01 23:00:00,1,79,458
2023-12-01 23:00:00,2,249,393
2023-12-01 23:00:00,3,161,343
2023-12-01 23:00:00,4,230,254
2023-12-01 23:00:00,5,48,228
2023-12-01 23:00:00,6,164,228
2023-12-01 23:00:00,7,142,222
2023-12-01 23:00:00,8,234,218
2023-12-01 23:00:00,9,114,214
2023-12-01 23:00:00,10,107,212
2023-12-02 00:00:00,1,79,601
2023-12-02 00:00:00,2,249,428
2023-12-02 00:00:00,3,148,325
2023-12-02 00:00:00,4,114,303
2023-12-02 00:00:00,5,48,260
2023-12-02 00:00:00,6,161,236
2023-12-02 00:00:00,7,107,225
2023-12-02 00:00:00,8,230,203
2023-12-02 00:00:00,9,234,180
2023-12-02 00:00:00,10,164,164
2023-12-02 01:00:00,1,79,622
2023-12-02 01:00:00,2,249,570
2023-12-02 01:00:00,3,148,442
2023-12-02 01:00:00,4,114,386
2023-12-02 01:00:00,5,107,196
2023-12-02 01:00:00,6,48,178
2023-12-02 01:00:00,7,144,170
2023-12-02 01:00:00,8,90,155
2023-12-02 01:00:00,9,234,141
2023-12-02 01:00:00,10,231,138
2023-12-02 02:00:00,1,79,449
2023-12-02 02:00:00,2,249,379
2023-12-02 02:00:00,3,114,329
2023-12-02 02:00:00,4,148,329
2023-12-02 02:00:00,5,144,132
2023-12-02 02:00:00,6,48,131
2023-12-02 02:00:00,7,231,115
2023-12-02 02:00:00,8,90,110
2023-12-02 02:00:00,9,158,110
2023-12-02 02:00:00,10,107,107
2023-12-02 03:00:00,1,79,255
2023-12-02 03:00:00,2,249,236
2023-12-02 03:00:00,3,148,193
2023-12-02 03:00:00,4,114,167
2023-12-02 03:00:00,5,48,118
2023-12-02 03:00:00,6,246,104
2023-12-02 03:00:00,7,144,103
2023-12-02 03:00:00,8,68,78
2023-12-02 03:00:00,9,231,68
2023-12-02 03:00:00,10,107,59
2023-12-02 04:00:00,1,79,86
2023-12-02 04:00:00,2,148,84
2023-12-02 04:00:00,3,48,70
2023-12-02 04:00:00,4,249,69
2023-12-02 04:00:00,5,246,50
2023-12-02 04:00:00,6,68,40
2023-12-02 04:00:00,7,114,40
2023-12-02 04:00:00,8,230,36
2023-12-02 04:00:00,9,144,32
2023-12-02 04:00:00,10,107,28
2023-12-02 05:00:00,1,132,32
2023-12-02 05:00:00,2,230,23
2023-12-02 05:00:00,3,186,22
2023-12-02 05:00:00,4,48,21
2023-12-02 05:00:00,5,79,20
2023-12-02 05:00:00,6,249,19
2023-12-02 05:00:00,7,68,14
2023-12-02 05:00:00,8,100,14
2023-12-02 05:00:00,9,162,14
2023-12-02 05:00:00,10,263,12
2023-12-02 06:00:00,1,132,130
2023-12-02 06:00:00,2,186,44
2023-12-02 06:00:00,3,230,40
2023-12-02 06:00:00,4,162,33
2023-12-02 06:00:00,5,100,29
2023-12-02 06:00:00,6,263,26
2023-12-02 06:00:00,7,48,25
2023-12-02 06:00:00,8,161,24
2023-12-02 06:00:00,9,236,24
2023-12-02 06:00:00,10,107,23
2023-12-02 07:00:00,1,132,141
2023-12-02 07:00:00,2,236,73
2023-12-02 07:00:00,3,230,61
2023-12-02 07:00:00,4,239,55
2023-12-02 07:00:00,5,162,45
2023-12-02 07:00:00,6,186,45
2023-12-02 07:00:00,7,238,45
2023-12-02 07:00:00,8,48,43
2023-12-02 07:00:00,9,237,43
2023-12-02 07:00:00,10,161,42
2023-12-02 08:00:00,1,230,129
2023-12-02 08:00:00,2,236,118
2023-12-02 08:00:00,3,161,103
2023-12-02 08:00:00,4,132,94
2023-12-02 08:00:00,5,237,93
2023-12-02 08:00:00,6,239,92
2023-12-02 08:00:00,7,229,89
2023-12-02 08:00:00,8,141,81
2023-12-02 08:00:00,9,238,81
2023-12-02 08:00:00,10,162,78
2023-12-02 09:00:00,1,230,208
2023-12-02 09:00:00,2,237,191
2023-12-02 09:00:00,3,236,188
2023-12-02 09:00:00,4,186,154
2023-12-02 09:00:00,5,239,144
2023-12-02 09:00:00,6,141,141
2023-12-02 09:00:00,7,161,138
2023-12-02 09:00:00,8,138,133
2023-12-02 09:00:00,9,170,129
2023-12-02 09:00:00,10,162,121
2023-12-02 10:00:00,1,236,300
2023-12-02 10:00:00,2,237,288
2023-12-02 10:00:00,3,161,228
2023-12-02 10:00:00,4,230,226
2023-12-02 10:00:00,5,162,213
2023-12-02 10:00:00,6,170,178
2023-12-02 10:00:00,7,239,172
2023-12-02 10:00:00,8,186,169
2023-12-02 10:00:00,9,142,163
2023-12-02 10:00:00,10,238,160
2023-12-02 11:00:00,1,237,308
2023-12-02 11:00:00,2,236,285
2023-12-02 11:00:00,3,186,278
2023-12-02 11:00:00,4,161,264
2023-12-02 11:00:00,5,142,227
2023-12-02 11:00:00,6,162,215
2023-12-02 11:00:00,7,170,214
2023-12-02 11:00:00,8,230,207
2023-12-02 11:00:00,9,239,202
2023-12-02 11:00:00,10,163,187
2023-12-02 12:00:00,1,237,364
2023-12-02 12:00:00,2,236,338
2023-12-02 12:00:00,3,186,268
2023-12-02 12:00:00,4,162,260
2023-12-02 12:00:00,5,161,254
2023-12-02 12:00:00,6,142,238
2023-12-02 12:00:00,7,239,228
2023-12-02 12:00:00,8,234,212
2023-12-02 12:00:00,9,230,205
2023-12-02 12:00:00,10,163,195
2023-12-02 13:00:00,1,237,377
2023-12-02 13:00:00,2,236,333
2023-12-02 13:00:00,3,161,288
2023-12-02 13:00:00,4,142,281
2023-12-02 13:00:00,5,239,256
2023-12-02 13:00:00,6,230,234
2023-12-02 13:00:00,7,234,229
2023-12-02 13:00:00,8,186,225
2023-12-02 13:00:00,9,162,216
2023-12-02 13:00:00,10,132,213
2023-12-02 14:00:00,1,237,388
2023-12-02 14:00:00,2,236,293
2023-12-02 14:00:00,3,161,291
2023-12-02 14:00:00,4,132,280
2023-12-02 14:00:00,5,186,258
2023-12-02 14:00:00,6,234,254
2023-12-02 14:00:00,7,43,251
2023-12-02 14:00:00,8,162,243
2023-12-02 14:00:00,9,68,232
2023-12-02 14:00:00,10,142,229
2023-12-02 15:00:00,1,237,414
2023-12-02 15:00:00,2,132,335
2023-12-02 15:00:00,3,142,328
2023-12-02 15:00:00,4,236,311
2023-12-02 15:00:00,5,161,266
2023-12-02 15:00:00,6,239,246
2023-12-02 15:00:00,7,43,238
2023-12-02 15:00:00,8,162,235
2023-12-02 15:00:00,9,163,232
2023-12-02 15:00:00,10,234,231
2023-12-02 16:00:00,1,237,414
2023-12-02 16:00:00,2,236,328
2023-12-02 16:00:00,3,132,318
2023-12-02 16:00:00,4,162,266
2023-12-02 16:00:00,5,142,263
2023-12-02 16:00:00,6,239,225
2023-12-02 16:00:00,7,161,224
2023-12-02 16:00:00,8,234,215
2023-12-02 16:00:00,9,68,211
2023-12-02 16:00:00,10,138,210
2023-12-02 17:00:00,1,237,414
2023-12-02 17:00:00,2,236,373
2023-12-02 17:00:00,3,142,326
2023-12-02 17:00:00,4,132,320
2023-12-02 17:00:00,5,239,247
2023-12-02 17:00:00,6,162,244
2023-12-02 17:00:00,7,234,213
2023-12-02 17:00:00,8,170,203
2023-12-02 17:00:00,9,141,200
2023-12-02 17:00:00,10,68,187
2023-12-02 18:00:00,1,236,379
2023-12-02 18:00:00,2,237,359
2023-12-02 18:00:00,3,142,313
2023-12-02 18:00:00,4,132,248
2023-12-02 18:00:00,5,239,247
2023-12-02 18:00:00,6,141,246
2023-12-02 18:00:00,7,170,244
2023-12-02 18:00:00,8,162,233
2023-12-02 18:00:00,9,249,218
2023-12-02 18:00:00,10,234,208
2023-12-02 19:00:00,1,236,331
2023-12-02 19:00:00,2,237,327
2023-12-02 19:00:00,3,132,299
2023-12-02 19:00:00,4,142,281
2023-12-02 19:00:00,5,239,267
2023-12-02 19:00:00,6,141,231
2023-12-02 19:00:00,7,79,229
2023-12-02 19:00:00,8,234,228
2023-12-02 19:00:00,9,163,227
2023-12-02 19:00:00,10,249,226
2023-12-02 20:00:00,1,132,271
2023-12-02 20:00:00,2,79,235
2023-12-02 20:00:00,3,249,235
2023-12-02 20:00:00,4,142,228
2023-12-02 20:00:00,5,237,227
2023-12-02 20:00:00,6,234,197
2023-12-02 20:00:00,7,68,196
2023-12-02 20:00:00,8,107,195
2023-12-02 20:00:00,9,170,181
2023-12-02 20:00:00,10,236,181
2023-12-02 21:00:00,1,142,308
2023-12-02 21:00:00,2,249,308
2023-12-02 21:00:00,3,79,293
2023-12-02 21:00:00,4,132,281
2023-12-02 21:00:00,5,237,280
2023-12-02 21:00:00,6,107,232
2023-12-02 21:00:00,7,236,212
2023-12-02 21:00:00,8,239,208
2023-12-02 21:00:00,9,234,194
2023-12-02 21:00:00,10,68,187
2023-12-02 22:00:00,1,142,460
2023-12-02 22:00:00,2,249,380
2023-12-02 22:00:00,3,237,342
2023-12-02 22:00:00,4,79,340
2023-12-02 22:00:00,5,132,241
2023-12-02 22:00:00,6,48,233
2023-12-02 22:00:00,7,239,229
2023-12-02 22:00:00,8,107,216
2023-12-02 22:00:00,9,162,214
2023-12-02 22:00:00,10,234,214
2023-12-02 23:00:00,1,79,458
2023-12-02 23:00:00,2,249,378
2023-12-02 23:00:00,3,142,351
2023-12-02 23:00:00,4,237,281
2023-12-02 23:00:00,5,161,274
2023-12-02 23:00:00,6,107,249
2023-12-02 23:00:00,7,114,247
2023-12-02 23:00:00,8,234,244
2023-12-02 23:00:00,9,48,237
2023-12-02 23:00:00,10,164,224
2023-12-03 00:00:00,1,79,572
2023-12-03 00:00:00,2,148,348
2023-12-03 00:00:00,3,249,333
2023-12-03 00:00:00,4,107,258
2023-12-03 00:00:00,5,48,241
2023-12-03 00:00:00,6,161,241
2023-12-03 00:00:00,7,142,224
2023-12-03 00:00:00,8,114,206
2023-12-03 00:00:00,9,234,195
2023-12-03 00:00:00,10,68,172
2023-12-03 01:00:00,1,79,621
2023-12-03 01:00:00,2,249,466
2023-12-03 01:00:00,3,148,450
2023-12-03 01:00:00,4,114,340
2023-12-03 01:00:00,5,48,248
2023-12-03 01:00:00,6,107,208
2023-12-03 01:00:00,7,144,200
2023-12-03 01:00:00,8,230,160
2023-12-03 01:00:00,9,158,142
2023-12-03 01:00:00,10,68,136
2023-12-03 02:00:00,1,79,538
2023-12-03 02:00:00,2,148,408
2023-12-03 02:00:00,3,249,384
2023-12-03 02:00:00,4,114,324
2023-12-03 02:00:00,5,48,186
2023-12-03 02:00:00,6,144,185
2023-12-03 02:00:00,7,158,134
2023-12-03 02:00:00,8,107,133
2023-12-03 02:00:00,9,211,106
2023-12-03 02:00:00,10,234,102
2023-12-03 03:00:00,1,148,296
2023-12-03 03:00:00,2,79,294
2023-12-03 03:00:00,3,249,263
2023-12-03 03:00:00,4,114,193
2023-12-03 03:00:00,5,48,147
2023-12-03 03:00:00,6,144,146
2023-12-03 03:00:00,7,246,90
2023-12-03 03:00:00,8,68,80
2023-12-03 03:00:00,9,158,80
2023-12-03 03:00:00,10,90,73
2023-12-03 04:00:00,1,148,141
2023-12-03 04:00:00,2,79,133
2023-12-03 04:00:00,3,48,91
2023-12-03 04:00:00,4,144,85
2023-12-03 04:00:00,5,249,72
2023-12-03 04:00:00,6,68,60
2023-12-03 04:00:00,7,230,58
2023-12-03 04:00:00,8,114,53
2023-12-03 04:00:00,9,107,42
2023-12-03 04:00:00,10,164,42
2023-12-03 05:00:00,1,132,54
2023-12-03 05:00:00,2,48,33
2023-12-03 05:00:00,3,230,30
2023-12-03 05:00:00,4,79,25
2023-12-03 05:00:00,5,144,21
2023-12-03 05:00:00,6,161,21
2023-12-03 05:00:00,7,107,20
2023-12-03 05:00:00,8,163,19
2023-12-03 05:00:00,9,68,18
2023-12-03 05:00:00,10,164,17
2023-12-03 06:00:00,1,132,117
2023-12-03 06:00:00,2,230,41
2023-12-03 06:00:00,3,186,35
2023-12-03 06:00:00,4,48,30
2023-12-03 06:00:00,5,163,27
2023-12-03 06:00:00,6,263,26
2023-12-03 06:00:00,7,100,24
2023-12-03 06:00:00,8,161,24
2023-12-03 06:00:00,9,162,24
2023-12-03 06:00:00,10,239,21
2023-12-03 07:00:00,1,132,107
2023-12-03 07:00:00,2,230,89
2023-12-03 07:00:00,3,48,54
2023-12-03 07:00:00,4,162,51
2023-12-03 07:00:00,5,186,49
2023-12-03 07:00:00,6,161,48
2023-12-03 07:00:00,7,238,43
2023-12-03 07:00:00,8,163,39
2023-12-03 07:00:00,9,170,39
2023-12-03 07:00:00,10,239,38
2023-12-03 08:00:00,1,230,132
2023-12-03 08:00:00,2,132,123
2023-12-03 08:00:00,3,162,95
2023-12-03 08:00:00,4,236,95
2023-12-03 08:00:00,5,161,81
2023-12-03 08:00:00,6,163,77
2023-12-03 08:00:00,7,170,75
2023-12-03 08:00:00,8,239,75
2023-12-03 08:00:00,9,186,71
2023-12-03 08:00:00,10,237,70
2023-12-03 09:00:00,1,230,245
2023-12-03 09:00:00,2,236,175
2023-12-03 09:00:00,3,161,165
2023-12-03 09:00:00,4,239,160
2023-12-03 09:00:00,5,132,147
2023-12-03 09:00:00,6,237,143
2023-12-03 09:00:00,7,162,142
2023-12-03 09:00:00,8,186,137
2023-12-03 09:00:00,9,138,130
2023-12-03 09:00:00,10,48,128
2023-12-03 10:00:00,1,230,298
2023-12-03 10:00:00,2,236,267
2023-12-03 10:00:00,3,162,248
2023-12-03 10:00:00,4,161,226
2023-12-03 10:00:00,5,237,207
2023-12-03 10:00:00,6,239,194
2023-12-03 10:00:00,7,138,186
2023-12-03 10:00:00,8,186,186
2023-12-03 10:00:00,9,142,173
2023-12-03 10:00:00,10,132,161
2023-12-03 11:00:00,1,230,298
2023-12-03 11:00:00,2,236,271
2023-12-03 11:00:00,3,239,264
2023-12-03 11:00:00,4,186,263
2023-12-03 11:00:00,5,237,262
2023-12-03 11:00:00,6,142,226
2023-12-03 11:00:00,7,162,208
2023-12-03 11:00:00,8,161,205
2023-12-03 11:00:00,9,163,180
2023-12-03 11:00:00,10,170,176
2023-12-03 12:00:00,1,236,349
2023-12-03 12:00:00,2,237,306
2023-12-03 12:00:00,3,239,303
2023-12-03 12:00:00,4,142,259
2023-12-03 12:00:00,5,161,257
2023-12-03 12:00:00,6,186,254
2023-12-03 12:00:00,7,230,253
2023-12-03 12:00:00,8,68,228
2023-12-03 12:00:00,9,138,226
2023-12-03 12:00:00,10,132,219
2023-12-03 13:00:00,1,236,347
2023-12-03 13:00:00,2,239,327
2023-12-03 13:00:00,3,237,323
2023-12-03 13:00:00,4,138,279
2023-12-03 13:00:00,5,142,271
2023-12-03 13:00:00,6,230,262
2023-12-03 13:00:00,7,162,250
2023-12-03 13:00:00,8,132,223
2023-12-03 13:00:00,9,161,221
2023-12-03 13:00:00,10,43,214
2023-12-03 14:00:00,1,132,364
2023-12-03 14:00:00,2,237,320
2023-12-03 14:00:00,3,236,307
2023-12-03 14:00:00,4,138,291
2023-12-03 14:00:00,5,239,283
2023-12-03 14:00:00,6,142,279
2023-12-03 14:00:00,7,230,262
2023-12-03 14:00:00,8,162,231
2023-12-03 14:00:00,9,161,213
2023-12-03 14:00:00,10,186,211
2023-12-03 15:00:00,1,132,397
2023-12-03 15:00:00,2,237,349
2023-12-03 15:00:00,3,138,345
2023-12-03 15:00:00,4,236,345
2023-12-03 15:00:00,5,142,341
2023-12-03 15:00:00,6,239,293
2023-12-03 15:00:00,7,230,248
2023-12-03 15:00:00,8,161,243
2023-12-03 15:00:00,9,186,221
2023-12-03 15:00:00,10,163,204
2023-12-03 16:00:00,1,132,430
2023-12-03 16:00:00,2,236,336
2023-12-03 16:00:00,3,237,316
2023-12-03 16:00:00,4,142,246
2023-12-03 16:00:00,5,230,242
2023-12-03 16:00:00,6,138,238
2023-12-03 16:00:00,7,239,235
2023-12-03 16:00:00,8,186,231
2023-12-03 16:00:00,9,162,226
2023-12-03 16:00:00,10,43,219
2023-12-03 17:00:00,1,132,371
2023-12-03 17:00:00,2,237,323
2023-12-03 17:00:00,3,138,306
2023-12-03 17:00:00,4,236,305
2023-12-03 17:00:00,5,142,253
2023-12-03 17:00:00,6,239,220
2023-12-03 17:00:00,7,230,216
2023-12-03 17:00:00,8,161,215
2023-12-03 17:00:00,9,162,211
2023-12-03 17:00:00,10,186,201
2023-12-03 18:00:00,1,142,406
2023-12-03 18:00:00,2,132,399
2023-12-03 18:00:00,3,237,321
2023-12-03 18:00:00,4,236,297
2023-12-03 18:00:00,5,138,245
2023-12-03 18:00:00,6,186,227
2023-12-03 18:00:00,7,230,227
2023-12-03 18:00:00,8,162,226
2023-12-03 18:00:00,9,161,214
2023-12-03 18:00:00,10,234,190
2023-12-03 19:00:00,1,132,434
2023-12-03 19:00:00,2,236,352
2023-12-03 19:00:00,3,142,320
2023-12-03 19:00:00,4,138,285
2023-12-03 19:00:00,5,161,252
2023-12-03 19:00:00,6,186,233
2023-12-03 19:00:00,7,237,233
2023-12-03 19:00:00,8,230,188
2023-12-03 19:00:00,9,48,169
2023-12-03 19:00:00,10,163,159
2023-12-03 20:00:00,1,132,433
2023-12-03 20:00:00,2,186,328
2023-12-03 20:00:00,3,138,275
2023-12-03 20:00:00,4,236,200
2023-12-03 20:00:00,5,142,196
2023-12-03 20:00:00,6,237,191
2023-12-03 20:00:00,7,161,186
2023-12-03 20:00:00,8,164,149
2023-12-03 20:00:00,9,230,132
2023-12-03 20:00:00,10,48,128
2023-12-03 21:00:00,1,138,381
2023-12-03 21:00:00,2,132,375
2023-12-03 21:00:00,3,230,218
2023-12-03 21:00:00,4,186,196
2023-12-03 21:00:00,5,161,183
2023-12-03 21:00:00,6,48,158
2023-12-03 21:00:00,7,237,158
2023-12-03 21:00:00,8,236,157
2023-12-03 21:00:00,9,142,148
2023-12-03 21:00:00,10,163,139
2023-12-03 22:00:00,1,132,418
2023-12-03 22:00:00,2,138,268
2023-12-03 22:00:00,3,230,177
2023-12-03 22:00:00,4,161,168
2023-12-03 22:00:00,5,186,163
2023-12-03 22:00:00,6,48,137
2023-12-03 22:00:00,7,249,107
2023-12-03 22:00:00,8,68,100
2023-12-03 22:00:00,9,237,84
2023-12-03 22:00:00,10,142,83
2023-12-03 23:00:00,1,132,348
2023-12-03 23:00:00,2,138,245
2023-12-03 23:00:00,3,186,111
2023-12-03 23:00:00,4,48,108
2023-12-03 23:00:00,5,230,97
2023-12-03 23:00:00,6,79,83
2023-12-03 23:00:00,7,249,79
2023-12-03 23:00:00,8,68,73
2023-12-03 23:00:00,9,161,63
2023-12-03 23:00:00,10,234,61
2023-12-04 00:00:00,1,132,165
2023-12-04 00:00:00,2,186,57
2023-12-04 00:00:00,3,249,56
2023-12-04 00:00:00,4,230,50
2023-12-04 00:00:00,5,114,44
2023-12-04 00:00:00,6,48,43
2023-12-04 00:00:00,7,68,38
2023-12-04 00:00:00,8,161,34
2023-12-04 00:00:00,9,79,33
2023-12-04 00:00:00,10,138,28
2023-12-04 01:00:00,1,132,63
2023-12-04 01:00:00,2,48,47
2023-12-04 01:00:00,3,79,32
2023-12-04 01:00:00,4,249,32
2023-12-04 01:00:00,5,186,29
2023-12-04 01:00:00,6,114,25
2023-12-04 01:00:00,7,230,23
2023-12-04 01:00:00,8,142,15
2023-12-04 01:00:00,9,163,15
2023-12-04 01:00:00,10,68,14
2023-12-04 02:00:00,1,48,28
2023-12-04 02:00:00,2,132,23
2023-12-04 02:00:00,3,249,18
2023-12-04 02:00:00,4,68,13
2023-12-04 02:00:00,5,162,12
2023-12-04 02:00:00,6,230,11
2023-12-04 02:00:00,7,79,10
2023-12-04 02:00:00,8,229,9
2023-12-04 02:00:00,9,100,8
2023-12-04 02:00:00,10,114,8
2023-12-04 03:00:00,1,132,21
2023-12-04 03:00:00,2,246,21
2023-12-04 03:00:00,3,230,19
2023-12-04 03:00:00,4,48,18
2023-12-04 03:00:00,5,79,15
2023-12-04 03:00:00,6,125,8
2023-12-04 03:00:00,7,249,8
2023-12-04 03:00:00,8,107,7
2023-12-04 03:00:00,9,141,7
2023-12-04 03:00:00,10,163,7
2023-12-04 04:00:00,1,230,36
2023-12-04 04:00:00,2,132,21
2023-12-04 04:00:00,3,48,18
2023-12-04 04:00:00,4,161,15
2023-12-04 04:00:00,5,249,15
2023-12-04 04:00:00,6,100,14
2023-12-04 04:00:00,7,79,12
2023-12-04 04:00:00,8,246,11
2023-12-04 04:00:00,9,229,10
2023-12-04 04:00:00,10,142,9
2023-12-04 05:00:00,1,132,62
2023-12-04 05:00:00,2,186,53
2023-12-04 05:00:00,3,48,39
2023-12-04 05:00:00,4,100,33
2023-12-04 05:00:00,5,230,24
2023-12-04 05:00:00,6,162,22
2023-12-04 05:00:00,7,161,20
2023-12-04 05:00:00,8,238,19
2023-12-04 05:00:00,9,263,19
2023-12-04 05:00:00,10,236,18
2023-12-04 06:00:00,1,132,161
2023-12-04 06:00:00,2,186,124
2023-12-04 06:00:00,3,100,93
2023-12-04 06:00:00,4,238,64
2023-12-04 06:00:00,5,162,61
2023-12-04 06:00:00,6,236,61
2023-12-04 06:00:00,7,262,57
2023-12-04 06:00:00,8,48,56
2023-12-04 06:00:00,9,161,56
2023-12-04 06:00:00,10,140,48
2023-12-04 07:00:00,1,236,282
2023-12-04 07:00:00,2,132,209
2023-12-04 07:00:00,3,186,200
2023-12-04 07:00:00,4,237,187
2023-12-04 07:00:00,5,262,148
2023-12-04 07:00:00,6,162,137
2023-12-04 07:00:00,7,239,135
2023-12-04 07:00:00,8,141,127
2023-12-04 07:00:00,9,142,122
2023-12-04 07:00:00,10,170,118
2023-12-04 08:00:00,1,236,327
2023-12-04 08:00:00,2,237,237
2023-12-04 08:00:00,3,186,216
2023-12-04 08:00:00,4,162,194
2023-12-04 08:00:00,5,140,185
2023-12-04 08:00:00,6,239,183
2023-12-04 08:00:00,7,238,174
2023-12-04 08:00:00,8,141,166
2023-12-04 08:00:00,9,138,163
2023-12-04 08:00:00,10,142,161
2023-12-04 09:00:00,1,236,346
2023-12-04 09:00:00,2,138,291
2023-12-04 09:00:00,3,237,280
2023-12-04 09:00:00,4,186,227
2023-12-04 09:00:00,5,162,199
2023-12-04 09:00:00,6,142,170
2023-12-04 09:00:00,7,170,170
2023-12-04 09:00:00,8,161,169
2023-12-04 09:00:00,9,239,163
2023-12-04 09:00:00,10,230,160
2023-12-04 10:00:00,1,236,336
2023-12-04 10:00:00,2,138,320
2023-12-04 10:00:00,3,237,311
2023-12-04 10:00:00,4,162,223
2023-12-04 10:00:00,5,186,202
2023-12-04 10:00:00,6,161,182
2023-12-04 10:00:00,7,170,165
2023-12-04 10:00:00,8,230,155
2023-12-04 10:00:00,9,132,151
2023-12-04 10:00:00,10,141,151
2023-12-04 11:00:00,1,236,357
2023-12-04 11:00:00,2,237,326
2023-12-04 11:00:00,3,138,258
2023-12-04 11:00:00,4,186,229
2023-12-04 11:00:00,5,161,212
2023-12-04 11:00:00,6,162,189
2023-12-04 11:00:00,7,230,186
2023-12-04 11:00:00,8,170,168
2023-12-04 11:00:00,9,68,162
2023-12-04 11:00:00,10,142,162
2023-12-04 12:00:00,1,236,379
2023-12-04 12:00:00,2,237,308
2023-12-04 12:00:00,3,138,286
2023-12-04 12:00:00,4,161,264
2023-12-04 12:00:00,5,162,227
2023-12-04 12:00:00,6,186,202
2023-12-04 12:00:00,7,142,178
2023-12-04 12:00:00,8,239,178
2023-12-04 12:00:00,9,140,176
2023-12-04 12:00:00,10,170,170
2023-12-04 13:00:00,1,237,355
2023-12-04 13:00:00,2,236,338
2023-12-04 13:00:00,3,161,323
2023-12-04 13:00:00,4,138,268
2023-12-04 13:00:00,5,132,256
2023-12-04 13:00:00,6,162,220
2023-12-04 13:00:00,7,239,197
2023-12-04 13:00:00,8,163,194
2023-12-04 13:00:00,9,170,194
2023-12-04 13:00:00,10,68,178
2023-12-04 14:00:00,1,237,453
2023-12-04 14:00:00,2,132,419
2023-12-04 14:00:00,3,236,362
2023-12-04 14:00:00,4,138,333
2023-12-04 14:00:00,5,161,331
2023-12-04 14:00:00,6,163,228
2023-12-04 14:00:00,7,170,215
2023-12-04 14:00:00,8,162,211
2023-12-04 14:00:00,9,230,207
2023-12-04 14:00:00,10,68,188
2023-12-04 15:00:00,1,236,447
2023-12-04 15:00:00,2,237,430
2023-12-04 15:00:00,3,138,391
2023-12-04 15:00:00,4,161,361
2023-12-04 15:00:00,5,132,349
2023-12-04 15:00:00,6,43,231
2023-12-04 15:00:00,7,230,213
2023-12-04 15:00:00,8,163,210
2023-12-04 15:00:00,9,162,209
2023-12-04 15:00:00,10,142,199
2023-12-04 16:00:00,1,132,388
2023-12-04 16:00:00,2,237,388
2023-12-04 16:00:00,3,236,380
2023-12-04 16:00:00,4,161,315
2023-12-04 16:00:00,5,162,292
2023-12-04 16:00:00,6,163,231
2023-12-04 16:00:00,7,138,220
2023-12-04 16:00:00,8,230,209
2023-12-04 16:00:00,9,170,178
2023-12-04 16:00:00,10,43,177
2023-12-04 17:00:00,1,237,416
2023-12-04 17:00:00,2,236,387
2023-12-04 17:00:00,3,161,378
2023-12-04 17:00:00,4,132,357
2023-12-04 17:00:00,5,138,302
2023-12-04 17:00:00,6,162,295
2023-12-04 17:00:00,7,163,267
2023-12-04 17:00:00,8,230,246
2023-12-04 17:00:00,9,142,208
2023-12-04 17:00:00,10,239,192
2023-12-04 18:00:00,1,161,465
2023-12-04 18:00:00,2,237,386
2023-12-04 18:00:00,3,236,380
2023-12-04 18:00:00,4,162,360
2023-12-04 18:00:00,5,132,301
2023-12-04 18:00:00,6,138,296
2023-12-04 18:00:00,7,142,286
2023-12-04 18:00:00,8,230,274
2023-12-04 18:00:00,9,163,269
2023-12-04 18:00:00,10,170,232
2023-12-04 19:00:00,1,161,437
2023-12-04 19:00:00,2,132,404
2023-12-04 19:00:00,3,237,354
2023-12-04 19:00:00,4,162,324
2023-12-04 19:00:00,5,230,280
2023-12-04 19:00:00,6,163,265
2023-12-04 19:00:00,7,236,249
2023-12-04 19:00:00,8,234,236
2023-12-04 19:00:00,9,138,225
2023-12-04 19:00:00,10,170,217
2023-12-04 20:00:00,1,161,537
2023-12-04 20:00:00,2,237,350
2023-12-04 20:00:00,3,132,346
2023-12-04 20:00:00,4,162,333
2023-12-04 20:00:00,5,138,242
2023-12-04 20:00:00,6,230,224
2023-12-04 20:00:00,7,170,221
2023-12-04 20:00:00,8,234,221
2023-12-04 20:00:00,9,163,201
2023-12-04 20:00:00,10,142,197
2023-12-04 21:00:00,1,161,485
2023-12-04 21:00:00,2,230,346
2023-12-04 21:00:00,3,237,334
2023-12-04 21:00:00,4,132,308
2023-12-04 21:00:00,5,163,295
2023-12-04 21:00:00,6,162,262
2023-12-04 21:00:00,7,142,249
2023-12-04 21:00:00,8,236,210
2023-12-04 21:00:00,9,234,203
2023-12-04 21:00:00,10,138,193
2023-12-04 22:00:00,1,161,415
2023-12-04 22:00:00,2,132,299
2023-12-04 22:00:00,3,230,295
2023-12-04 22:00:00,4,237,238
2023-12-04 22:00:00,5,163,237
2023-12-04 22:00:00,6,138,181
2023-12-04 22:00:00,7,234,167
2023-12-04 22:00:00,8,68,161
2023-12-04 22:00:00,9,162,159
2023-12-04 22:00:00,10,142,154
2023-12-04 23:00:00,1,132,221
2023-12-04 23:00:00,2,138,213
2023-12-04 23:00:00,3,161,187
2023-12-04 23:00:00,4,230,141
2023-12-04 23:00:00,5,163,123
2023-12-04 23:00:00,6,249,104
2023-12-04 23:00:00,7,162,85
2023-12-04 23:00:00,8,237,85
2023-12-04 23:00:00,9,48,83
2023-12-04 23:00:00,10,79,82
2023-12-05 00:00:00,1,132,125
2023-12-05 00:00:00,2,230,84
2023-12-05 00:00:00,3,161,72
2023-12-05 00:00:00,4,48,67
2023-12-05 00:00:00,5,163,49
2023-12-05 00:00:00,6,249,47
2023-12-05 00:00:00,7,138,45
2023-12-05 00:00:00,8,79,44
2023-12-05 00:00:00,9,100,42
2023-12-05 00:00:00,10,164,42
2023-12-05 01:00:00,1,249,38
2023-12-05 01:00:00,2,48,33
2023-12-05 01:00:00,3,114,29
2023-12-05 01:00:00,4,79,25
2023-12-05 01:00:00,5,161,24
2023-12-05 01:00:00,6,230,24
2023-12-05 01:00:00,7,68,18
2023-12-05 01:00:00,8,237,18
2023-12-05 01:00:00,9,107,16
2023-12-05 01:00:00,10,186,16
2023-12-05 02:00:00,1,132,24
2023-12-05 02:00:00,2,249,22
2023-12-05 02:00:00,3,48,17
2023-12-05 02:00:00,4,114,13
2023-12-05 02:00:00,5,163,12
2023-12-05 02:00:00,6,164,12
2023-12-05 02:00:00,7,230,12
2023-12-05 02:00:00,8,68,11
2023-12-05 02:00:00,9,234,11
2023-12-05 02:00:00,10,79,10
2023-12-05 03:00:00,1,230,14
2023-12-05 03:00:00,2,79,13
2023-12-05 03:00:00,3,68,12
2023-12-05 03:00:00,4,48,11
2023-12-05 03:00:00,5,186,9
2023-12-05 03:00:00,6,164,8
2023-12-05 03:00:00,7,114,6
2023-12-05 03:00:00,8,246,6
2023-12-05 03:00:00,9,90,5
2023-12-05 03:00:00,10,100,5
2023-12-05 04:00:00,1,132,23
2023-12-05 04:00:00,2,230,22
2023-12-05 04:00:00,3,48,20
2023-12-05 04:00:00,4,100,9
2023-12-05 04:00:00,5,161,9
2023-12-05 04:00:00,6,170,9
2023-12-05 04:00:00,7,229,8
2023-12-05 04:00:00,8,68,6
2023-12-05 04:00:00,9,79,6
2023-12-05 04:00:00,10,141,6
2023-12-05 05:00:00,1,132,57
2023-12-05 05:00:00,2,186,48
2023-12-05 05:00:00,3,100,44
2023-12-05 05:00:00,4,48,35
2023-12-05 05:00:00,5,230,25
2023-12-05 05:00:00,6,162,23
2023-12-05 05:00:00,7,263,20
2023-12-05 05:00:00,8,161,18
2023-12-05 05:00:00,9,140,17
2023-12-05 05:00:00,10,262,17
2023-12-05 06:00:00,1,132,140
2023-12-05 06:00:00,2,186,135
2023-12-05 06:00:00,3,100,118
2023-12-05 06:00:00,4,236,88
2023-12-05 06:00:00,5,162,65
2023-12-05 06:00:00,6,48,61
2023-12-05 06:00:00,7,170,61
2023-12-05 06:00:00,8,161,56
2023-12-05 06:00:00,9,262,56
2023-12-05 06:00:00,10,238,53
2023-12-05 07:00:00,1,236,327
2023-12-05 07:00:00,2,237,245
2023-12-05 07:00:00,3,186,241
2023-12-05 07:00:00,4,162,159
2023-12-05 07:00:00,5,262,155
2023-12-05 07:00:00,6,239,147
2023-12-05 07:00:00,7,140,131
2023-12-05 07:00:00,8,48,127
2023-12-05 07:00:00,9,141,127
2023-12-05 07:00:00,10,238,120
2023-12-05 08:00:00,1,236,402
2023-12-05 08:00:00,2,186,307
2023-12-05 08:00:00,3,237,278
2023-12-05 08:00:00,4,162,227
2023-12-05 08:00:00,5,239,215
2023-12-05 08:00:00,6,140,209
2023-12-05 08:00:00,7,170,201
2023-12-05 08:00:00,8,238,187
2023-12-05 08:00:00,9,141,183
2023-12-05 08:00:00,10,138,182
2023-12-05 09:00:00,1,236,402
2023-12-05 09:00:00,2,237,344
2023-12-05 09:00:00,3,138,277
2023-12-05 09:00:00,4,186,268
2023-12-05 09:00:00,5,162,265
2023-12-05 09:00:00,6,161,206
2023-12-05 09:00:00,7,170,186
2023-12-05 09:00:00,8,239,183
2023-12-05 09:00:00,9,140,179
2023-12-05 09:00:00,10,230,171
2023-12-05 10:00:00,1,236,358
2023-12-05 10:00:00,2,237,323
2023-12-05 10:00:00,3,138,311
2023-12-05 10:00:00,4,162,262
2023-12-05 10:00:00,5,186,247
2023-12-05 10:00:00,6,161,242
2023-12-05 10:00:00,7,239,180
2023-12-05 10:00:00,8,170,177
2023-12-05 10:00:00,9,142,175
2023-12-05 10:00:00,10,140,172
2023-12-05 11:00:00,1,237,412
2023-12-05 11:00:00,2,236,390
2023-12-05 11:00:00,3,138,297
2023-12-05 11:00:00,4,161,283
2023-12-05 11:00:00,5,186,257
2023-12-05 11:00:00,6,162,227
2023-12-05 11:00:00,7,170,214
2023-12-05 11:00:00,8,163,204
2023-12-05 11:00:00,9,140,192
2023-12-05 11:00:00,10,142,189
2023-12-05 12:00:00,1,237,428
2023-12-05 12:00:00,2,236,397
2023-12-05 12:00:00,3,161,333
2023-12-05 12:00:00,4,138,312
2023-12-05 12:00:00,5,162,243
2023-12-05 12:00:00,6,186,235
2023-12-05 12:00:00,7,142,223
2023-12-05 12:00:00,8,170,212
2023-12-05 12:00:00,9,239,206
2023-12-05 12:00:00,10,163,192
2023-12-05 13:00:00,1,237,404
2023-12-05 13:00:00,2,236,372
2023-12-05 13:00:00,3,161,350
2023-12-05 13:00:00,4,138,332
2023-12-05 13:00:00,5,132,242
2023-12-05 13:00:00,6,162,241
2023-12-05 13:00:00,7,163,222
2023-12-05 13:00:00,8,186,215
2023-12-05 13:00:00,9,142,212
2023-12-05 13:00:00,10,230,211
2023-12-05 14:00:00,1,237,482
2023-12-05 14:00:00,2,161,420
2023-12-05 14:00:00,3,138,418
2023-12-05 14:00:00,4,236,394
2023-12-05 14:00:00,5,132,287
2023-12-05 14:00:00,6,162,274
2023-12-05 14:00:00,7,163,259
2023-12-05 14:00:00,8,230,222
2023-12-05 14:00:00,9,43,221
2023-12-05 14:00:00,10,142,214
2023-12-05 15:00:00,1,237,509
2023-12-05 15:00:00,2,236,482
2023-12-05 15:00:00,3,161,370
2023-12-05 15:00:00,4,132,321
2023-12-05 15:00:00,5,138,300
2023-12-05 15:00:00,6,162,277
2023-12-05 15:00:00,7,163,243
2023-12-05 15:00:00,8,140,234
2023-12-05 15:00:00,9,230,233
2023-12-05 15:00:00,10,142,232
2023-12-05 16:00:00,1,237,446
2023-12-05 16:00:00,2,236,430
2023-12-05 16:00:00,3,132,382
2023-12-05 16:00:00,4,161,326
2023-12-05 16:00:00,5,162,310
2023-12-05 16:00:00,6,138,277
2023-12-05 16:00:00,7,230,241
2023-12-05 16:00:00,8,163,236
2023-12-05 16:00:00,9,234,227
2023-12-05 16:00:00,10,186,225
2023-12-05 17:00:00,1,237,488
2023-12-05 17:00:00,2,236,425
2023-12-05 17:00:00,3,162,393
2023-12-05 17:00:00,4,161,362
2023-12-05 17:00:00,5,230,331
2023-12-05 17:00:00,6,132,330
2023-12-05 17:00:00,7,163,328
2023-12-05 17:00:00,8,234,277
2023-12-05 17:00:00,9,142,269
2023-12-05 17:00:00,10,170,268
2023-12-05 18:00:00,1,237,573
2023-12-05 18:00:00,2,236,520
2023-12-05 18:00:00,3,162,483
2023-12-05 18:00:00,4,161,428
2023-12-05 18:00:00,5,163,352
2023-12-05 18:00:00,6,230,336
2023-12-05 18:00:00,7,170,331
2023-12-05 18:00:00,8,234,315
2023-12-05 18:00:00,9,142,312
2023-12-05 18:00:00,10,68,279
2023-12-05 19:00:00,1,161,469
2023-12-05 19:00:00,2,237,469
2023-12-05 19:00:00,3,162,460
2023-12-05 19:00:00,4,132,347
2023-12-05 19:00:00,5,163,332
2023-12-05 19:00:00,6,236,319
2023-12-05 19:00:00,7,170,317
2023-12-05 19:00:00,8,230,298
2023-12-05 19:00:00,9,234,293
2023-12-05 19:00:00,10,68,265
2023-12-05 20:00:00,1,161,587
2023-12-05 20:00:00,2,162,417
2023-12-05 20:00:00,3,237,406
2023-12-05 20:00:00,4,170,349
2023-12-05 20:00:00,5,230,307
2023-12-05 20:00:00,6,163,296
2023-12-05 20:00:00,7,236,294
2023-12-05 20:00:00,8,68,282
2023-12-05 20:00:00,9,234,271
2023-12-05 20:00:00,10,138,262
2023-12-05 21:00:00,1,161,528
2023-12-05 21:00:00,2,142,510
2023-12-05 21:00:00,3,237,485
2023-12-05 21:00:00,4,162,417
2023-12-05 21:00:00,5,230,317
2023-12-05 21:00:00,6,234,312
2023-12-05 21:00:00,7,163,300
2023-12-05 21:00:00,8,170,294
2023-12-05 21:00:00,9,48,286
2023-12-05 21:00:00,10,132,246
2023-12-05 22:00:00,1,161,476
2023-12-05 22:00:00,2,237,401
2023-12-05 22:00:00,3,142,390
2023-12-05 22:00:00,4,163,343
2023-12-05 22:00:00,5,162,339
2023-12-05 22:00:00,6,230,276
2023-12-05 22:00:00,7,132,260
2023-12-05 22:00:00,8,164,247
2023-12-05 22:00:00,9,234,237
2023-12-05 22:00:00,10,249,232
2023-12-05 23:00:00,1,186,348
2023-12-05 23:00:00,2,161,278
2023-12-05 23:00:00,3,230,258
2023-12-05 23:00:00,4,164,235
2023-12-05 23:00:00,5,132,201
2023-12-05 23:00:00,6,249,191
2023-12-05 23:00:00,7,68,188
2023-12-05 23:00:00,8,163,184
2023-12-05 23:00:00,9,48,167
2023-12-05 23:00:00,10,162,164
2023-12-06 00:00:00,1,132,156
2023-12-06 00:00:00,2,161,147
2023-12-06 00:00:00,3,230,127
2023-12-06 00:00:00,4,164,115
2023-12-06 00:00:00,5,186,95
2023-12-06 00:00:00,6,249,94
2023-12-06 00:00:00,7,79,89
2023-12-06 00:00:00,8,114,87
2023-12-06 00:00:00,9,48,86
2023-12-06 00:00:00,10,163,82
2023-12-06 01:00:00,1,249,61
2023-12-06 01:00:00,2,48,53
2023-12-06 01:00:00,3,164,52
2023-12-06 01:00:00,4,230,46
2023-12-06 01:00:00,5,79,41
2023-12-06 01:00:00,6,114,40
2023-12-06 01:00:00,7,161,40
2023-12-06 01:00:00,8,100,29
2023-12-06 01:00:00,9,186,29
2023-12-06 01:00:00,10,234,26
2023-12-06 02:00:00,1,48,41
2023-12-06 02:00:00,2,79,29
2023-12-06 02:00:00,3,249,29
2023-12-06 02:00:00,4,114,26
2023-12-06 02:00:00,5,100,23
2023-12-06 02:00:00,6,230,21
2023-12-06 02:00:00,7,164,19
2023-12-06 02:00:00,8,68,17
2023-12-06 02:00:00,9,186,17
2023-12-06 02:00:00,10,246,17
2023-12-06 03:00:00,1,48,28
2023-12-06 03:00:00,2,230,22
2023-12-06 03:00:00,3,79,18
2023-12-06 03:00:00,4,164,11
2023-12-06 03:00:00,5,186,11
2023-12-06 03:00:00,6,249,11
2023-12-06 03:00:00,7,90,10
2023-12-06 03:00:00,8,132,10
2023-12-06 03:00:00,9,100,9
2023-12-06 03:00:00,10,246,9
2023-12-06 04:00:00,1,230,33
2023-12-06 04:00:00,2,48,18
2023-12-06 04:00:00,3,79,15
2023-12-06 04:00:00,4,161,13
2023-12-06 04:00:00,5,164,12
2023-12-06 04:00:00,6,100,11
2023-12-06 04:00:00,7,229,11
2023-12-06 04:00:00,8,263,10
2023-12-06 04:00:00,9,132,8
2023-12-06 04:00:00,10,163,8
2023-12-06 05:00:00,1,186,51
2023-12-06 05:00:00,2,100,40
2023-12-06 05:00:00,3,48,39
2023-12-06 05:00:00,4,132,38
2023-12-06 05:00:00,5,230,24
2023-12-06 05:00:00,6,263,22
2023-12-06 05:00:00,7,107,19
2023-12-06 05:00:00,8,161,19
2023-12-06 05:00:00,9,237,19
2023-12-06 05:00:00,10,239,18
2023-12-06 06:00:00,1,186,135
2023-12-06 06:00:00,2,132,105
2023-12-06 06:00:00,3,236,99
2023-12-06 06:00:00,4,100,90
2023-12-06 06:00:00,5,48,77
2023-12-06 06:00:00,6,162,67
2023-12-06 06:00:00,7,262,64
2023-12-06 06:00:00,8,141,60
2023-12-06 06:00:00,9,161,56
2023-12-06 06:00:00,10,238,55
2023-12-06 07:00:00,1,236,330
2023-12-06 07:00:00,2,237,251
2023-12-06 07:00:00,3,186,230
2023-12-06 07:00:00,4,132,187
2023-12-06 07:00:00,5,230,161
2023-12-06 07:00:00,6,162,160
2023-12-06 07:00:00,7,239,151
2023-12-06 07:00:00,8,262,142
2023-12-06 07:00:00,9,238,140
2023-12-06 07:00:00,10,48,135
2023-12-06 08:00:00,1,236,405
2023-12-06 08:00:00,2,237,328
2023-12-06 08:00:00,3,186,257
2023-12-06 08:00:00,4,140,237
2023-12-06 08:00:00,5,162,231
2023-12-06 08:00:00,6,170,204
2023-12-06 08:00:00,7,239,198
2023-12-06 08:00:00,8,142,183
2023-12-06 08:00:00,9,262,174
2023-12-06 08:00:00,10,161,172
2023-12-06 09:00:00,1,236,370
2023-12-06 09:00:00,2,237,327
2023-12-06 09:00:00,3,186,295
2023-12-06 09:00:00,4,138,283
2023-12-06 09:00:00,5,162,226
2023-12-06 09:00:00,6,161,211
2023-12-06 09:00:00,7,170,206
2023-12-06 09:00:00,8,230,170
2023-12-06 09:00:00,9,141,169
2023-12-06 09:00:00,10,140,166
2023-12-06 10:00:00,1,236,353
2023-12-06 10:00:00,2,237,317
2023-12-06 10:00:00,3,138,311
2023-12-06 10:00:00,4,186,275
2023-12-06 10:00:00,5,161,256
2023-12-06 10:00:00,6,162,253
2023-12-06 10:00:00,7,170,204
2023-12-06 10:00:00,8,230,195
2023-12-06 10:00:00,9,142,186
2023-12-06 10:00:00,10,163,183
2023-12-06 11:00:00,1,237,359
2023-12-06 11:00:00,2,236,341
2023-12-06 11:00:00,3,138,314
2023-12-06 11:00:00,4,161,295
2023-12-06 11:00:00,5,186,268
2023-12-06 11:00:00,6,162,221
2023-12-06 11:00:00,7,230,212
2023-12-06 11:00:00,8,170,210
2023-12-06 11:00:00,9,163,188
2023-12-06 11:00:00,10,142,183
2023-12-06 12:00:00,1,237,419
2023-12-06 12:00:00,2,236,383
2023-12-06 12:00:00,3,161,328
2023-12-06 12:00:00,4,162,252
2023-12-06 12:00:00,5,142,242
2023-12-06 12:00:00,6,170,214
2023-12-06 12:00:00,7,138,208
2023-12-06 12:00:00,8,186,200
2023-12-06 12:00:00,9,239,200
2023-12-06 12:00:00,10,230,194
2023-12-06 13:00:00,1,237,433
2023-12-06 13:00:00,2,161,373
2023-12-06 13:00:00,3,236,346
2023-12-06 13:00:00,4,138,305
2023-12-06 13:00:00,5,132,249
2023-12-06 13:00:00,6,162,246
2023-12-06 13:00:00,7,230,223
2023-12-06 13:00:00,8,170,220
2023-12-06 13:00:00,9,163,212
2023-12-06 13:00:00,10,239,195
2023-12-06 14:00:00,1,237,517
2023-12-06 14:00:00,2,236,413
2023-12-06 14:00:00,3,161,371
2023-12-06 14:00:00,4,138,317
2023-12-06 14:00:00,5,163,277
2023-12-06 14:00:00,6,162,274
2023-12-06 14:00:00,7,132,263
2023-12-06 14:00:00,8,230,256
2023-12-06 14:00:00,9,170,236
2023-12-06 14:00:00,10,142,235
2023-12-06 15:00:00,1,237,498
2023-12-06 15:00:00,2,236,496
2023-12-06 15:00:00,3,161,369
2023-12-06 15:00:00,4,132,363
2023-12-06 15:00:00,5,138,307
2023-12-06 15:00:00,6,162,281
2023-12-06 15:00:00,7,142,259
2023-12-06 15:00:00,8,163,256
2023-12-06 15:00:00,9,230,253
2023-12-06 15:00:00,10,170,230
2023-12-06 16:00:00,1,237,453
2023-12-06 16:00:00,2,236,447
2023-12-06 16:00:00,3,132,428
2023-12-06 16:00:00,4,161,378
2023-12-06 16:00:00,5,162,327
2023-12-06 16:00:00,6,138,254
2023-12-06 16:00:00,7,163,247
2023-12-06 16:00:00,8,230,245
2023-12-06 16:00:00,9,170,244
2023-12-06 16:00:00,10,68,228
2023-12-06 17:00:00,1,237,562
2023-12-06 17:00:00,2,236,516
2023-12-06 17:00:00,3,162,451
2023-12-06 17:00:00,4,161,363
2023-12-06 17:00:00,5,163,363
2023-12-06 17:00:00,6,132,325
2023-12-06 17:00:00,7,230,305
2023-12-06 17:00:00,8,170,298
2023-12-06 17:00:00,9,234,296
2023-12-06 17:00:00,10,68,292
2023-12-06 18:00:00,1,237,587
2023-12-06 18:00:00,2,236,507
2023-12-06 18:00:00,3,162,502
2023-12-06 18:00:00,4,161,445
2023-12-06 18:00:00,5,163,373
2023-12-06 18:00:00,6,170,334
2023-12-06 18:00:00,7,142,326
2023-12-06 18:00:00,8,234,317
2023-12-06 18:00:00,9,230,306
2023-12-06 18:00:00,10,68,287
2023-12-06 19:00:00,1,237,529
2023-12-06 19:00:00,2,161,457
2023-12-06 19:00:00,3,162,426
2023-12-06 19:00:00,4,236,337
2023-12-06 19:00:00,5,132,330
2023-12-06 19:00:00,6,163,326
2023-12-06 19:00:00,7,234,322
2023-12-06 19:00:00,8,170,307
2023-12-06 19:00:00,9,138,287
2023-12-06 19:00:00,10,68,282
2023-12-06 20:00:00,1,161,514
2023-12-06 20:00:00,2,237,489
2023-12-06 20:00:00,3,162,429
2023-12-06 20:00:00,4,142,338
2023-12-06 20:00:00,5,234,323
2023-12-06 20:00:00,6,163,322
2023-12-06 20:00:00,7,132,312
2023-12-06 20:00:00,8,170,310
2023-12-06 20:00:00,9,68,289
2023-12-06 20:00:00,10,236,284
2023-12-06 21:00:00,1,142,586
2023-12-06 21:00:00,2,237,553
2023-12-06 21:00:00,3,161,498
2023-12-06 21:00:00,4,162,427
2023-12-06 21:00:00,5,132,333
2023-12-06 21:00:00,6,234,332
2023-12-06 21:00:00,7,48,323
2023-12-06 21:00:00,8,170,297
2023-12-06 21:00:00,9,230,286
2023-12-06 21:00:00,10,163,285
2023-12-06 22:00:00,1,161,488
2023-12-06 22:00:00,2,162,396
2023-12-06 22:00:00,3,163,362
2023-12-06 22:00:00,4,48,338
2023-12-06 22:00:00,5,237,335
2023-12-06 22:00:00,6,230,315
2023-12-06 22:00:00,7,142,305
2023-12-06 22:00:00,8,79,295
2023-12-06 22:00:00,9,249,288
2023-12-06 22:00:00,10,234,263
2023-12-06 23:00:00,1,161,412
2023-12-06 23:00:00,2,142,350
2023-12-06 23:00:00,3,230,328
2023-12-06 23:00:00,4,249,243
2023-12-06 23:00:00,5,164,241
2023-12-06 23:00:00,6,234,227
2023-12-06 23:00:00,7,163,222
2023-12-06 23:00:00,8,79,209
2023-12-06 23:00:00,9,162,194
2023-12-06 23:00:00,10,68,188
2023-12-07 00:00:00,1,161,217
2023-12-07 00:00:00,2,230,187
2023-12-07 00:00:00,3,249,180
2023-12-07 00:00:00,4,164,166
2023-12-07 00:00:00,5,186,150
2023-12-07 00:00:00,6,114,145
2023-12-07 00:00:00,7,132,143
2023-12-07 00:00:00,8,48,136
2023-12-07 00:00:00,9,68,115
2023-12-07 00:00:00,10,234,110
2023-12-07 01:00:00,1,249,106
2023-12-07 01:00:00,2,48,93
2023-12-07 01:00:00,3,230,87
2023-12-07 01:00:00,4,164,75
2023-12-07 01:00:00,5,114,73
2023-12-07 01:00:00,6,79,70
2023-12-07 01:00:00,7,68,61
2023-12-07 01:00:00,8,161,61
2023-12-07 01:00:00,9,163,53
2023-12-07 01:00:00,10,158,50
2023-12-07 02:00:00,1,164,48
2023-12-07 02:00:00,2,249,46
2023-12-07 02:00:00,3,79,41
2023-12-07 02:00:00,4,48,40
2023-12-07 02:00:00,5,246,40
2023-12-07 02:00:00,6,230,39
2023-12-07 02:00:00,7,148,38
2023-12-07 02:00:00,8,68,34
2023-12-07 02:00:00,9,114,32
2023-12-07 02:00:00,10,158,23
2023-12-07 03:00:00,1,246,57
2023-12-07 03:00:00,2,48,31
2023-12-07 03:00:00,3,79,28
2023-12-07 03:00:00,4,249,27
2023-12-07 03:00:00,5,231,23
2023-12-07 03:00:00,6,68,19
2023-12-07 03:00:00,7,148,19
2023-12-07 03:00:00,8,230,19
2023-12-07 03:00:00,9,164,17
2023-12-07 03:00:00,10,100,15
2023-12-07 04:00:00,1,230,35
2023-12-07 04:00:00,2,48,32
2023-12-07 04:00:00,3,132,18
2023-12-07 04:00:00,4,164,16
2023-12-07 04:00:00,5,79,15
2023-12-07 04:00:00,6,148,14
2023-12-07 04:00:00,7,249,14
2023-12-07 04:00:00,8,246,13
2023-12-07 04:00:00,9,163,12
2023-12-07 04:00:00,10,229,12
2023-12-07 05:00:00,1,48,59
2023-12-07 05:00:00,2,186,59
2023-12-07 05:00:00,3,132,37
2023-12-07 05:00:00,4,100,32
2023-12-07 05:00:00,5,230,27
2023-12-07 05:00:00,6,161,25
2023-12-07 05:00:00,7,162,23
2023-12-07 05:00:00,8,237,22
2023-12-07 05:00:00,9,239,21
2023-12-07 05:00:00,10,141,20
2023-12-07 06:00:00,1,132,145
2023-12-07 06:00:00,2,186,119
2023-12-07 06:00:00,3,100,99
2023-12-07 06:00:00,4,236,81
2023-12-07 06:00:00,5,262,73
2023-12-07 06:00:00,6,162,69
2023-12-07 06:00:00,7,230,68
2023-12-07 06:00:00,8,48,65
2023-12-07 06:00:00,9,263,60
2023-12-07 06:00:00,10,238,57
2023-12-07 07:00:00,1,236,335
2023-12-07 07:00:00,2,237,226
2023-12-07 07:00:00,3,186,198
2023-12-07 07:00:00,4,262,167
2023-12-07 07:00:00,5,162,163
2023-12-07 07:00:00,6,140,153
2023-12-07 07:00:00,7,48,152
2023-12-07 07:00:00,8,132,151
2023-12-07 07:00:00,9,239,144
2023-12-07 07:00:00,10,170,138
2023-12-07 08:00:00,1,236,401
2023-12-07 08:00:00,2,237,293
2023-12-07 08:00:00,3,186,276
2023-12-07 08:00:00,4,162,239
2023-12-07 08:00:00,5,140,221
2023-12-07 08:00:00,6,142,211
2023-12-07 08:00:00,7,170,204
2023-12-07 08:00:00,8,141,195
2023-12-07 08:00:00,9,239,195
2023-12-07 08:00:00,10,161,184
2023-12-07 09:00:00,1,236,415
2023-12-07 09:00:00,2,237,370
2023-12-07 09:00:00,3,186,298
2023-12-07 09:00:00,4,138,250
2023-12-07 09:00:00,5,162,237
2023-12-07 09:00:00,6,161,208
2023-12-07 09:00:00,7,68,190
2023-12-07 09:00:00,8,170,186
2023-12-07 09:00:00,9,230,182
2023-12-07 09:00:00,10,142,177
2023-12-07 10:00:00,1,237,431
2023-12-07 10:00:00,2,236,428
2023-12-07 10:00:00,3,138,341
2023-12-07 10:00:00,4,162,331
2023-12-07 10:00:00,5,161,269
2023-12-07 10:00:00,6,186,259
2023-12-07 10:00:00,7,170,258
2023-12-07 10:00:00,8,239,235
2023-12-07 10:00:00,9,230,201
2023-12-07 10:00:00,10,142,192
2023-12-07 11:00:00,1,237,432
2023-12-07 11:00:00,2,236,418
2023-12-07 11:00:00,3,138,321
2023-12-07 11:00:00,4,161,308
2023-12-07 11:00:00,5,162,261
2023-12-07 11:00:00,6,186,253
2023-12-07 11:00:00,7,230,208
2023-12-07 11:00:00,8,170,204
2023-12-07 11:00:00,9,142,194
2023-12-07 11:00:00,10,140,190
2023-12-07 12:00:00,1,237,452
2023-12-07 12:00:00,2,236,427
2023-12-07 12:00:00,3,161,361
2023-12-07 12:00:00,4,138,331
2023-12-07 12:00:00,5,162,262
2023-12-07 12:00:00,6,142,230
2023-12-07 12:00:00,7,239,228
2023-12-07 12:00:00,8,186,211
2023-12-07 12:00:00,9,170,205
2023-12-07 12:00:00,10,163,204
2023-12-07 13:00:00,1,237,442
2023-12-07 13:00:00,2,236,404
2023-12-07 13:00:00,3,161,335
2023-12-07 13:00:00,4,138,300
2023-12-07 13:00:00,5,132,265
2023-12-07 13:00:00,6,162,242
2023-12-07 13:00:00,7,186,240
2023-12-07 13:00:00,8,163,229
2023-12-07 13:00:00,9,230,218
2023-12-07 13:00:00,10,142,212
2023-12-07 14:00:00,1,237,517
2023-12-07 14:00:00,2,236,439
2023-12-07 14:00:00,3,161,390
2023-12-07 14:00:00,4,132,330
2023-12-07 14:00:00,5,138,288
2023-12-07 14:00:00,6,163,279
2023-12-07 14:00:00,7,162,278
2023-12-07 14:00:00,8,230,253
2023-12-07 14:00:00,9,142,229
2023-12-07 14:00:00,10,234,214
2023-12-07 15:00:00,1,236,521
2023-12-07 15:00:00,2,237,484
2023-12-07 15:00:00,3,138,428
2023-12-07 15:00:00,4,132,384
2023-12-07 15:00:00,5,161,367
2023-12-07 15:00:00,6,162,284
2023-12-07 15:00:00,7,163,234
2023-12-07 15:00:00,8,142,232
2023-12-07 15:00:00,9,234,231
2023-12-07 15:00:00,10,230,230
2023-12-07 16:00:00,1,237,469
2023-12-07 16:00:00,2,236,444
2023-12-07 16:00:00,3,138,376
2023-12-07 16:00:00,4,132,352
2023-12-07 16:00:00,5,161,347
2023-12-07 16:00:00,6,162,296
2023-12-07 16:00:00,7,230,246
2023-12-07 16:00:00,8,234,246
2023-12-07 16:00:00,9,163,241
2023-12-07 16:00:00,10,170,238
2023-12-07 17:00:00,1,236,489
2023-12-07 17:00:00,2,237,489
2023-12-07 17:00:00,3,162,392
2023-12-07 17:00:00,4,161,379
2023-12-07 17:00:00,5,163,312
2023-12-07 17:00:00,6,132,290
2023-12-07 17:00:00,7,230,290
2023-12-07 17:00:00,8,170,277
2023-12-07 17:00:00,9,234,272
2023-12-07 17:00:00,10,138,258
2023-12-07 18:00:00,1,237,557
2023-12-07 18:00:00,2,236,478
2023-12-07 18:00:00,3,162,438
2023-12-07 18:00:00,4,161,432
2023-12-07 18:00:00,5,132,373
2023-12-07 18:00:00,6,234,359
2023-12-07 18:00:00,7,163,355
2023-12-07 18:00:00,8,142,337
2023-12-07 18:00:00,9,170,330
2023-12-07 18:00:00,10,230,310
2023-12-07 19:00:00,1,237,461
2023-12-07 19:00:00,2,161,440
2023-12-07 19:00:00,3,162,373
2023-12-07 19:00:00,4,138,328
2023-12-07 19:00:00,5,236,318
2023-12-07 19:00:00,6,234,311
2023-12-07 19:00:00,7,132,306
2023-12-07 19:00:00,8,163,303
2023-12-07 19:00:00,9,230,280
2023-12-07 19:00:00,10,170,277
2023-12-07 20:00:00,1,161,522
2023-12-07 20:00:00,2,237,429
2023-12-07 20:00:00,3,162,408
2023-12-07 20:00:00,4,138,352
2023-12-07 20:00:00,5,230,312
2023-12-07 20:00:00,6,170,307
2023-12-07 20:00:00,7,234,295
2023-12-07 20:00:00,8,163,291
2023-12-07 20:00:00,9,132,288
2023-12-07 20:00:00,10,236,251
2023-12-07 21:00:00,1,142,565
2023-12-07 21:00:00,2,237,555
2023-12-07 21:00:00,3,161,461
2023-12-07 21:00:00,4,162,369
2023-12-07 21:00:00,5,132,336
2023-12-07 21:00:00,6,234,336
2023-12-07 21:00:00,7,170,295
2023-12-07 21:00:00,8,68,268
2023-12-07 21:00:00,9,249,267
2023-12-07 21:00:00,10,48,264
2023-12-07 22:00:00,1,163,418
2023-12-07 22:00:00,2,161,415
2023-12-07 22:00:00,3,162,391
2023-12-07 22:00:00,4,79,386
2023-12-07 22:00:00,5,237,363
2023-12-07 22:00:00,6,48,358
2023-12-07 22:00:00,7,132,342
2023-12-07 22:00:00,8,142,338
2023-12-07 22:00:00,9,249,297
2023-12-07 22:00:00,10,234,283
2023-12-07 23:00:00,1,161,393
2023-12-07 23:00:00,2,79,373
2023-12-07 23:00:00,3,249,325
2023-12-07 23:00:00,4,230,302
2023-12-07 23:00:00,5,163,288
2023-12-07 23:00:00,6,138,271
2023-12-07 23:00:00,7,234,266
2023-12-07 23:00:00,8,48,248
2023-12-07 23:00:00,9,162,233
2023-12-07 23:00:00,10,164,233
2023-12-08 00:00:00,1,79,351
2023-12-08 00:00:00,2,249,319
2023-12-08 00:00:00,3,161,280
2023-12-08 00:00:00,4,164,252
2023-12-08 00:00:00,5,230,229
2023-12-08 00:00:00,6,234,228
2023-12-08 00:00:00,7,114,227
2023-12-08 00:00:00,8,148,216
2023-12-08 00:00:00,9,163,186
2023-12-08 00:00:00,10,48,178
2023-12-08 01:00:00,1,79,243
2023-12-08 01:00:00,2,249,208
2023-12-08 01:00:00,3,114,163
2023-12-08 01:00:00,4,148,150
2023-12-08 01:00:00,5,164,129
2023-12-08 01:00:00,6,234,120
2023-12-08 01:00:00,7,48,116
2023-12-08 01:00:00,8,230,103
2023-12-08 01:00:00,9,158,101
2023-12-08 01:00:00,10,144,98
2023-12-08 02:00:00,1,79,122
2023-12-08 02:00:00,2,114,114
2023-12-08 02:00:00,3,148,90
2023-12-08 02:00:00,4,249,87
2023-12-08 02:00:00,5,48,67
2023-12-08 02:00:00,6,158,61
2023-12-08 02:00:00,7,144,59
2023-12-08 02:00:00,8,90,46
2023-12-08 02:00:00,9,211,45
2023-12-08 02:00:00,10,164,44
2023-12-08 03:00:00,1,249,82
2023-12-08 03:00:00,2,148,72
2023-12-08 03:00:00,3,79,67
2023-12-08 03:00:00,4,48,51
2023-12-08 03:00:00,5,114,46
2023-12-08 03:00:00,6,144,38
2023-12-08 03:00:00,7,158,34
2023-12-08 03:00:00,8,230,31
2023-12-08 03:00:00,9,164,30
2023-12-08 03:00:00,10,68,28
2023-12-08 04:00:00,1,48,47
2023-12-08 04:00:00,2,79,47
2023-12-08 04:00:00,3,230,32
2023-12-08 04:00:00,4,144,27
2023-12-08 04:00:00,5,107,23
2023-12-08 04:00:00,6,164,23
2023-12-08 04:00:00,7,148,22
2023-12-08 04:00:00,8,68,20
2023-12-08 04:00:00,9,249,20
2023-12-08 04:00:00,10,229,18
2023-12-08 05:00:00,1,132,81
2023-12-08 05:00:00,2,100,42
2023-12-08 05:00:00,3,230,34
2023-12-08 05:00:00,4,162,33
2023-12-08 05:00:00,5,48,32
2023-12-08 05:00:00,6,186,26
2023-12-08 05:00:00,7,161,25
2023-12-08 05:00:00,8,236,23
2023-12-08 05:00:00,9,262,19
2023-12-08 05:00:00,10,263,19
2023-12-08 06:00:00,1,132,156
2023-12-08 06:00:00,2,186,112
2023-12-08 06:00:00,3,100,88
2023-12-08 06:00:00,4,236,79
2023-12-08 06:00:00,5,162,70
2023-12-08 06:00:00,6,48,67
2023-12-08 06:00:00,7,263,67
2023-12-08 06:00:00,8,262,61
2023-12-08 06:00:00,9,239,56
2023-12-08 06:00:00,10,140,51
2023-12-08 07:00:00,1,236,272
2023-12-08 07:00:00,2,237,174
2023-12-08 07:00:00,3,132,171
2023-12-08 07:00:00,4,262,151
2023-12-08 07:00:00,5,186,147
2023-12-08 07:00:00,6,141,142
2023-12-08 07:00:00,7,239,141
2023-12-08 07:00:00,8,263,125
2023-12-08 07:00:00,9,140,115
2023-12-08 07:00:00,10,162,112
2023-12-08 08:00:00,1,236,316
2023-12-08 08:00:00,2,237,236
2023-12-08 08:00:00,3,138,204
2023-12-08 08:00:00,4,186,194
2023-12-08 08:00:00,5,239,185
2023-12-08 08:00:00,6,140,160
2023-12-08 08:00:00,7,238,160
2023-12-08 08:00:00,8,142,152
2023-12-08 08:00:00,9,141,151
2023-12-08 08:00:00,10,262,149
2023-12-08 09:00:00,1,236,346
2023-12-08 09:00:00,2,138,254
2023-12-08 09:00:00,3,237,231
2023-12-08 09:00:00,4,186,216
2023-12-08 09:00:00,5,239,191
2023-12-08 09:00:00,6,162,185
2023-12-08 09:00:00,7,238,174
2023-12-08 09:00:00,8,161,171
2023-12-08 09:00:00,9,230,168
2023-12-08 09:00:00,10,132,157
2023-12-08 10:00:00,1,236,328
2023-12-08 10:00:00,2,237,306
2023-12-08 10:00:00,3,138,272
2023-12-08 10:00:00,4,186,214
2023-12-08 10:00:00,5,161,213
2023-12-08 10:00:00,6,230,206
2023-12-08 10:00:00,7,162,205
2023-12-08 10:00:00,8,142,189
2023-12-08 10:00:00,9,68,186
2023-12-08 10:00:00,10,239,165
2023-12-08 11:00:00,1,236,368
2023-12-08 11:00:00,2,237,330
2023-12-08 11:00:00,3,138,323
2023-12-08 11:00:00,4,161,287
2023-12-08 11:00:00,5,162,235
2023-12-08 11:00:00,6,186,231
2023-12-08 11:00:00,7,230,224
2023-12-08 11:00:00,8,170,195
2023-12-08 11:00:00,9,132,194
2023-12-08 11:00:00,10,239,188
2023-12-08 12:00:00,1,237,380
2023-12-08 12:00:00,2,236,342
2023-12-08 12:00:00,3,161,313
2023-12-08 12:00:00,4,138,290
2023-12-08 12:00:00,5,142,230
2023-12-08 12:00:00,6,186,223
2023-12-08 12:00:00,7,162,211
2023-12-08 12:00:00,8,239,208
2023-12-08 12:00:00,9,132,207
2023-12-08 12:00:00,10,170,180
2023-12-08 13:00:00,1,237,386
2023-12-08 13:00:00,2,236,341
2023-12-08 13:00:00,3,161,290
2023-12-08 13:00:00,4,138,284
2023-12-08 13:00:00,5,132,273
2023-12-08 13:00:00,6,162,265
2023-12-08 13:00:00,7,239,214
2023-12-08 13:00:00,8,142,212
2023-12-08 13:00:00,9,186,199
2023-12-08 13:00:00,10,170,197
2023-12-08 14:00:00,1,237,502
2023-12-08 14:00:00,2,138,429
2023-12-08 14:00:00,3,236,405
2023-12-08 14:00:00,4,161,391
2023-12-08 14:00:00,5,132,305
2023-12-08 14:00:00,6,163,257
2023-12-08 14:00:00,7,142,254
2023-12-08 14:00:00,8,162,245
2023-12-08 14:00:00,9,239,227
2023-12-08 14:00:00,10,170,217
2023-12-08 15:00:00,1,236,529
2023-12-08 15:00:00,2,237,483
2023-12-08 15:00:00,3,161,404
2023-12-08 15:00:00,4,132,309
2023-12-08 15:00:00,5,142,270
2023-12-08 15:00:00,6,138,264
2023-12-08 15:00:00,7,186,251
2023-12-08 15:00:00,8,162,240
2023-12-08 15:00:00,9,239,239
2023-12-08 15:00:00,10,234,236
2023-12-08 16:00:00,1,237,431
2023-12-08 16:00:00,2,236,426
2023-12-08 16:00:00,3,132,361
2023-12-08 16:00:00,4,138,361
2023-12-08 16:00:00,5,161,306
2023-12-08 16:00:00,6,162,287
2023-12-08 16:00:00,7,43,258
2023-12-08 16:00:00,8,234,239
2023-12-08 16:00:00,9,170,237
2023-12-08 16:00:00,10,163,231
2023-12-08 17:00:00,1,236,477
2023-12-08 17:00:00,2,237,476
2023-12-08 17:00:00,3,162,370
2023-12-08 17:00:00,4,161,361
2023-12-08 17:00:00,5,132,310
2023-12-08 17:00:00,6,170,310
2023-12-08 17:00:00,7,230,285
2023-12-08 17:00:00,8,142,283
2023-12-08 17:00:00,9,239,280
2023-12-08 17:00:00,10,163,265
2023-12-08 18:00:00,1,237,525
2023-12-08 18:00:00,2,236,458
2023-12-08 18:00:00,3,161,376
2023-12-08 18:00:00,4,162,358
2023-12-08 18:00:00,5,186,349
2023-12-08 18:00:00,6,170,334
2023-12-08 18:00:00,7,142,322
2023-12-08 18:00:00,8,132,319
2023-12-08 18:00:00,9,163,309
2023-12-08 18:00:00,10,230,287
2023-12-08 19:00:00,1,237,390
2023-12-08 19:00:00,2,236,388
2023-12-08 19:00:00,3,132,341
2023-12-08 19:00:00,4,162,337
2023-12-08 19:00:00,5,170,314
2023-12-08 19:00:00,6,161,295
2023-12-08 19:00:00,7,142,267
2023-12-08 19:00:00,8,234,265
2023-12-08 19:00:00,9,138,262
2023-12-08 19:00:00,10,186,262
2023-12-08 20:00:00,1,237,544
2023-12-08 20:00:00,2,138,306
2023-12-08 20:00:00,3,161,272
2023-12-08 20:00:00,4,236,271
2023-12-08 20:00:00,5,186,252
2023-12-08 20:00:00,6,234,252
2023-12-08 20:00:00,7,132,244
2023-12-08 20:00:00,8,142,231
2023-12-08 20:00:00,9,79,220
2023-12-08 20:00:00,10,170,216
2023-12-08 21:00:00,1,142,476
2023-12-08 21:00:00,2,237,402
2023-12-08 21:00:00,3,161,324
2023-12-08 21:00:00,4,132,258
2023-12-08 21:00:00,5,249,251
2023-12-08 21:00:00,6,79,249
2023-12-08 21:00:00,7,234,247
2023-12-08 21:00:00,8,230,236
2023-12-08 21:00:00,9,138,228
2023-12-08 21:00:00,10,48,224
2023-12-08 22:00:00,1,142,489
2023-12-08 22:00:00,2,237,411
2023-12-08 22:00:00,3,161,374
2023-12-08 22:00:00,4,79,310
2023-12-08 22:00:00,5,249,307
2023-12-08 22:00:00,6,239,260
2023-12-08 22:00:00,7,162,259
2023-12-08 22:00:00,8,234,258
2023-12-08 22:00:00,9,132,256
2023-12-08 22:00:00,10,48,250
2023-12-08 23:00:00,1,79,481
2023-12-08 23:00:00,2,161,416
2023-12-08 23:00:00,3,249,374
2023-12-08 23:00:00,4,234,316
2023-12-08 23:00:00,5,48,294
2023-12-08 23:00:00,6,68,265
2023-12-08 23:00:00,7,142,258
2023-12-08 23:00:00,8,114,253
2023-12-08 23:00:00,9,107,252
2023-12-08 23:00:00,10,237,248
2023-12-09 00:00:00,1,79,603
2023-12-09 00:00:00,2,249,451
2023-12-09 00:00:00,3,148,335
2023-12-09 00:00:00,4,114,290
2023-12-09 00:00:00,5,161,283
2023-12-09 00:00:00,6,164,269
2023-12-09 00:00:00,7,48,263
2023-12-09 00:00:00,8,107,232
2023-12-09 00:00:00,9,230,229
2023-12-09 00:00:00,10,234,212
2023-12-09 01:00:00,1,79,607
2023-12-09 01:00:00,2,249,503
2023-12-09 01:00:00,3,148,389
2023-12-09 01:00:00,4,114,377
2023-12-09 01:00:00,5,107,234
2023-12-09 01:00:00,6,48,227
2023-12-09 01:00:00,7,158,178
2023-12-09 01:00:00,8,234,168
2023-12-09 01:00:00,9,144,156
2023-12-09 01:00:00,10,90,151
2023-12-09 02:00:00,1,79,564
2023-12-09 02:00:00,2,249,388
2023-12-09 02:00:00,3,148,377
2023-12-09 02:00:00,4,114,343
2023-12-09 02:00:00,5,48,159
2023-12-09 02:00:00,6,158,156
2023-12-09 02:00:00,7,144,146
2023-12-09 02:00:00,8,107,142
2023-12-09 02:00:00,9,231,113
2023-12-09 02:00:00,10,234,109
2023-12-09 03:00:00,1,79,283
2023-12-09 03:00:00,2,148,225
2023-12-09 03:00:00,3,249,222
2023-12-09 03:00:00,4,114,143
2023-12-09 03:00:00,5,48,118
2023-12-09 03:00:00,6,246,110
2023-12-09 03:00:00,7,144,95
2023-12-09 03:00:00,8,158,70
2023-12-09 03:00:00,9,90,65
2023-12-09 03:00:00,10,211,62
2023-12-09 04:00:00,1,79,91
2023-12-09 04:00:00,2,148,89
2023-12-09 04:00:00,3,48,75
2023-12-09 04:00:00,4,249,72
2023-12-09 04:00:00,5,246,51
2023-12-09 04:00:00,6,164,44
2023-12-09 04:00:00,7,114,43
2023-12-09 04:00:00,8,68,38
2023-12-09 04:00:00,9,230,34
2023-12-09 04:00:00,10,144,33
2023-12-09 05:00:00,1,48,29
2023-12-09 05:00:00,2,132,25
2023-12-09 05:00:00,3,100,23
2023-12-09 05:00:00,4,230,23
2023-12-09 05:00:00,5,186,22
2023-12-09 05:00:00,6,164,16
2023-12-09 05:00:00,7,163,14
2023-12-09 05:00:00,8,249,13
2023-12-09 05:00:00,9,68,12
2023-12-09 05:00:00,10,107,11
2023-12-09 06:00:00,1,132,112
2023-12-09 06:00:00,2,186,45
2023-12-09 06:00:00,3,48,40
2023-12-09 06:00:00,4,230,28
2023-12-09 06:00:00,5,236,27
2023-12-09 06:00:00,6,170,24
2023-12-09 06:00:00,7,239,24
2023-12-09 06:00:00,8,262,24
2023-12-09 06:00:00,9,238,23
2023-12-09 06:00:00,10,100,22
2023-12-09 07:00:00,1,132,181
2023-12-09 07:00:00,2,237,61
2023-12-09 07:00:00,3,236,58
2023-12-09 07:00:00,4,141,57
2023-12-09 07:00:00,5,238,57
2023-12-09 07:00:00,6,239,55
2023-12-09 07:00:00,7,230,52
2023-12-09 07:00:00,8,48,46
2023-12-09 07:00:00,9,142,43
2023-12-09 07:00:00,10,162,41
2023-12-09 08:00:00,1,132,150
2023-12-09 08:00:00,2,238,112
2023-12-09 08:00:00,3,237,111
2023-12-09 08:00:00,4,230,108
2023-12-09 08:00:00,5,141,103
2023-12-09 08:00:00,6,236,101
2023-12-09 08:00:00,7,239,96
2023-12-09 08:00:00,8,48,87
2023-12-09 08:00:00,9,142,82
2023-12-09 08:00:00,10,162,82
2023-12-09 09:00:00,1,236,223
2023-12-09 09:00:00,2,237,189
2023-12-09 09:00:00,3,186,167
2023-12-09 09:00:00,4,230,167
2023-12-09 09:00:00,5,239,159
2023-12-09 09:00:00,6,161,154
2023-12-09 09:00:00,7,238,151
2023-12-09 09:00:00,8,141,127
2023-12-09 09:00:00,9,142,127
2023-12-09 09:00:00,10,162,127
2023-12-09 10:00:00,1,237,270
2023-12-09 10:00:00,2,236,248
2023-12-09 10:00:00,3,162,228
2023-12-09 10:00:00,4,230,227
2023-12-09 10:00:00,5,161,212
2023-12-09 10:00:00,6,239,207
2023-12-09 10:00:00,7,238,183
2023-12-09 10:00:00,8,142,173
2023-12-09 10:00:00,9,263,166
2023-12-09 10:00:00,10,170,163
2023-12-09 11:00:00,1,236,315
2023-12-09 11:00:00,2,237,300
2023-12-09 11:00:00,3,161,283
2023-12-09 11:00:00,4,186,251
2023-12-09 11:00:00,5,239,246
2023-12-09 11:00:00,6,230,244
2023-12-09 11:00:00,7,162,220
2023-12-09 11:00:00,8,142,207
2023-12-09 11:00:00,9,163,192
2023-12-09 11:00:00,10,141,191
2023-12-09 12:00:00,1,236,427
2023-12-09 12:00:00,2,237,416
2023-12-09 12:00:00,3,161,316
2023-12-09 12:00:00,4,239,265
2023-12-09 12:00:00,5,162,263
2023-12-09 12:00:00,6,186,262
2023-12-09 12:00:00,7,142,258
2023-12-09 12:00:00,8,141,226
2023-12-09 12:00:00,9,230,211
2023-12-09 12:00:00,10,163,207
2023-12-09 13:00:00,1,237,382
2023-12-09 13:00:00,2,236,337
2023-12-09 13:00:00,3,239,293
2023-12-09 13:00:00,4,142,279
2023-12-09 13:00:00,5,43,273
2023-12-09 13:00:00,6,132,258
2023-12-09 13:00:00,7,161,251
2023-12-09 13:00:00,8,162,237
2023-12-09 13:00:00,9,234,233
2023-12-09 13:00:00,10,163,215
2023-12-09 14:00:00,1,237,400
2023-12-09 14:00:00,2,236,355
2023-12-09 14:00:00,3,161,297
2023-12-09 14:00:00,4,239,272
2023-12-09 14:00:00,5,43,267
2023-12-09 14:00:00,6,234,267
2023-12-09 14:00:00,7,142,262
2023-12-09 14:00:00,8,132,253
2023-12-09 14:00:00,9,163,251
2023-12-09 14:00:00,10,186,240
2023-12-09 15:00:00,1,237,494
2023-12-09 15:00:00,2,236,381
2023-12-09 15:00:00,3,142,356
2023-12-09 15:00:00,4,239,304
2023-12-09 15:00:00,5,132,299
2023-12-09 15:00:00,6,161,289
2023-12-09 15:00:00,7,234,283
2023-12-09 15:00:00,8,162,266
2023-12-09 15:00:00,9,43,235
2023-12-09 15:00:00,10,68,226
2023-12-09 16:00:00,1,237,445
2023-12-09 16:00:00,2,236,367
2023-12-09 16:00:00,3,142,341
2023-12-09 16:00:00,4,132,337
2023-12-09 16:00:00,5,239,274
2023-12-09 16:00:00,6,234,270
2023-12-09 16:00:00,7,43,260
2023-12-09 16:00:00,8,68,245
2023-12-09 16:00:00,9,162,245
2023-12-09 16:00:00,10,161,238
2023-12-09 17:00:00,1,237,457
2023-12-09 17:00:00,2,142,378
2023-12-09 17:00:00,3,236,360
2023-12-09 17:00:00,4,239,320
2023-12-09 17:00:00,5,162,287
2023-12-09 17:00:00,6,170,246
2023-12-09 17:00:00,7,141,238
2023-12-09 17:00:00,8,234,228
2023-12-09 17:00:00,9,238,227
2023-12-09 17:00:00,10,79,226
2023-12-09 18:00:00,1,236,424
2023-12-09 18:00:00,2,237,388
2023-12-09 18:00:00,3,142,352
2023-12-09 18:00:00,4,239,343
2023-12-09 18:00:00,5,79,294
2023-12-09 18:00:00,6,162,280
2023-12-09 18:00:00,7,238,274
2023-12-09 18:00:00,8,249,259
2023-12-09 18:00:00,9,68,244
2023-12-09 18:00:00,10,132,242
2023-12-09 19:00:00,1,237,380
2023-12-09 19:00:00,2,142,360
2023-12-09 19:00:00,3,236,348
2023-12-09 19:00:00,4,79,334
2023-12-09 19:00:00,5,132,323
2023-12-09 19:00:00,6,239,291
2023-12-09 19:00:00,7,249,288
2023-12-09 19:00:00,8,107,280
2023-12-09 19:00:00,9,141,256
2023-12-09 19:00:00,10,162,250
2023-12-09 20:00:00,1,132,305
2023-12-09 20:00:00,2,237,298
2023-12-09 20:00:00,3,249,292
2023-12-09 20:00:00,4,79,285
2023-12-09 20:00:00,5,236,269
2023-12-09 20:00:00,6,142,260
2023-12-09 20:00:00,7,107,248
2023-12-09 20:00:00,8,239,231
2023-12-09 20:00:00,9,141,226
2023-12-09 20:00:00,10,234,226
2023-12-09 21:00:00,1,79,337
2023-12-09 21:00:00,2,237,310
2023-12-09 21:00:00,3,249,302
2023-12-09 21:00:00,4,142,301
2023-12-09 21:00:00,5,107,237
2023-12-09 21:00:00,6,68,231
2023-12-09 21:00:00,7,132,212
2023-12-09 21:00:00,8,234,209
2023-12-09 21:00:00,9,239,209
2023-12-09 21:00:00,10,141,197
2023-12-09 22:00:00,1,142,424
2023-12-09 22:00:00,2,79,381
2023-12-09 22:00:00,3,237,370
2023-12-09 22:00:00,4,249,327
2023-12-09 22:00:00,5,239,307
2023-12-09 22:00:00,6,107,258
2023-12-09 22:00:00,7,68,227
2023-12-09 22:00:00,8,114,225
2023-12-09 22:00:00,9,132,225
2023-12-09 22:00:00,10,48,222
2023-12-09 23:00:00,1,79,440
2023-12-09 23:00:00,2,142,395
2023-12-09 23:00:00,3,249,329
2023-12-09 23:00:00,4,107,308
2023-12-09 23:00:00,5,162,255
2023-12-09 23:00:00,6,48,252
2023-12-09 23:00:00,7,237,248
2023-12-09 23:00:00,8,161,247
2023-12-09 23:00:00,9,234,244
2023-12-09 23:00:00,10,114,222
2023-12-10 00:00:00,1,79,489
2023-12-10 00:00:00,2,249,306
2023-12-10 00:00:00,3,48,300
2023-12-10 00:00:00,4,107,256
2023-12-10 00:00:00,5,234,253
2023-12-10 00:00:00,6,161,239
2023-12-10 00:00:00,7,148,232
2023-12-10 00:00:00,8,231,197
2023-12-10 00:00:00,9,142,187
2023-12-10 00:00:00,10,237,187
2023-12-10 01:00:00,1,79,560
2023-12-10 01:00:00,2,249,408
2023-12-10 01:00:00,3,148,337
2023-12-10 01:00:00,4,48,265
2023-12-10 01:00:00,5,107,264
2023-12-10 01:00:00,6,114,253
2023-12-10 01:00:00,7,234,226
2023-12-10 01:00:00,8,90,192
2023-12-10 01:00:00,9,68,188
2023-12-10 01:00:00,10,230,175
2023-12-10 02:00:00,1,79,516
2023-12-10 02:00:00,2,249,358
2023-12-10 02:00:00,3,148,344
2023-12-10 02:00:00,4,114,291
2023-12-10 02:00:00,5,144,202
2023-12-10 02:00:00,6,48,177
2023-12-10 02:00:00,7,246,138
2023-12-10 02:00:00,8,107,117
2023-12-10 02:00:00,9,158,114
2023-12-10 02:00:00,10,234,105
2023-12-10 03:00:00,1,79,393
2023-12-10 03:00:00,2,148,282
2023-12-10 03:00:00,3,249,226
2023-12-10 03:00:00,4,114,162
2023-12-10 03:00:00,5,48,159
2023-12-10 03:00:00,6,144,139
2023-12-10 03:00:00,7,246,123
2023-12-10 03:00:00,8,68,102
2023-12-10 03:00:00,9,230,94
2023-12-10 03:00:00,10,90,91
2023-12-10 04:00:00,1,79,172
2023-12-10 04:00:00,2,148,125
2023-12-10 04:00:00,3,48,108
2023-12-10 04:00:00,4,68,88
2023-12-10 04:00:00,5,249,85
2023-12-10 04:00:00,6,144,83
2023-12-10 04:00:00,7,230,80
2023-12-10 04:00:00,8,164,77
2023-12-10 04:00:00,9,246,65
2023-12-10 04:00:00,10,90,55
2023-12-10 05:00:00,1,230,49
2023-12-10 05:00:00,2,48,34
2023-12-10 05:00:00,3,79,29
2023-12-10 05:00:00,4,132,27
2023-12-10 05:00:00,5,161,26
2023-12-10 05:00:00,6,186,21
2023-12-10 05:00:00,7,163,18
2023-12-10 05:00:00,8,164,18
2023-12-10 05:00:00,9,90,17
2023-12-10 05:00:00,10,100,15
2023-12-10 06:00:00,1,132,121
2023-12-10 06:00:00,2,230,54
2023-12-10 06:00:00,3,48,38
2023-12-10 06:00:00,4,161,30
2023-12-10 06:00:00,5,238,30
2023-12-10 06:00:00,6,162,27
2023-12-10 06:00:00,7,186,27
2023-12-10 06:00:00,8,100,24
2023-12-10 06:00:00,9,142,22
2023-12-10 06:00:00,10,263,22
2023-12-10 07:00:00,1,132,150
2023-12-10 07:00:00,2,230,88
2023-12-10 07:00:00,3,236,57
2023-12-10 07:00:00,4,161,47
2023-12-10 07:00:00,5,163,47
2023-12-10 07:00:00,6,48,46
2023-12-10 07:00:00,7,239,44
2023-12-10 07:00:00,8,162,40
2023-12-10 07:00:00,9,186,40
2023-12-10 07:00:00,10,238,40
2023-12-10 08:00:00,1,230,124
2023-12-10 08:00:00,2,161,108
2023-12-10 08:00:00,3,236,107
2023-12-10 08:00:00,4,132,105
2023-12-10 08:00:00,5,239,96
2023-12-10 08:00:00,6,238,79
2023-12-10 08:00:00,7,163,73
2023-12-10 08:00:00,8,141,71
2023-12-10 08:00:00,9,142,63
2023-12-10 08:00:00,10,48,60
2023-12-10 09:00:00,1,230,186
2023-12-10 09:00:00,2,237,165
2023-12-10 09:00:00,3,236,158
2023-12-10 09:00:00,4,138,150
2023-12-10 09:00:00,5,132,148
2023-12-10 09:00:00,6,161,148
2023-12-10 09:00:00,7,239,141
2023-12-10 09:00:00,8,238,122
2023-12-10 09:00:00,9,162,121
2023-12-10 09:00:00,10,142,113
2023-12-10 10:00:00,1,230,246
2023-12-10 10:00:00,2,236,246
2023-12-10 10:00:00,3,138,230
2023-12-10 10:00:00,4,161,212
2023-12-10 10:00:00,5,239,208
2023-12-10 10:00:00,6,237,193
2023-12-10 10:00:00,7,238,167
2023-12-10 10:00:00,8,162,165
2023-12-10 10:00:00,9,132,164
2023-12-10 10:00:00,10,163,159
2023-12-10 11:00:00,1,236,305
2023-12-10 11:00:00,2,161,288
2023-12-10 11:00:00,3,230,277
2023-12-10 11:00:00,4,237,275
2023-12-10 11:00:00,5,239,265
2023-12-10 11:00:00,6,186,231
2023-12-10 11:00:00,7,142,213
2023-12-10 11:00:00,8,238,213
2023-12-10 11:00:00,9,162,199
2023-12-10 11:00:00,10,163,188
2023-12-10 12:00:00,1,236,416
2023-12-10 12:00:00,2,237,372
2023-12-10 12:00:00,3,239,348
2023-12-10 12:00:00,4,161,343
2023-12-10 12:00:00,5,186,285
2023-12-10 12:00:00,6,230,268
2023-12-10 12:00:00,7,142,263
2023-12-10 12:00:00,8,162,242
2023-12-10 12:00:00,9,138,234
2023-12-10 12:00:00,10,238,224
2023-12-10 13:00:00,1,237,394
2023-12-10 13:00:00,2,239,380
2023-12-10 13:00:00,3,236,370
2023-12-10 13:00:00,4,161,313
2023-12-10 13:00:00,5,142,312
2023-12-10 13:00:00,6,132,295
2023-12-10 13:00:00,7,230,288
2023-12-10 13:00:00,8,186,261
2023-12-10 13:00:00,9,162,252
2023-12-10 13:00:00,10,238,252
2023-12-10 14:00:00,1,239,371
2023-12-10 14:00:00,2,236,340
2023-12-10 14:00:00,3,237,339
2023-12-10 14:00:00,4,132,310
2023-12-10 14:00:00,5,161,289
2023-12-10 14:00:00,6,142,277
2023-12-10 14:00:00,7,138,273
2023-12-10 14:00:00,8,68,265
2023-12-10 14:00:00,9,230,255
2023-12-10 14:00:00,10,163,245
2023-12-10 15:00:00,1,132,389
2023-12-10 15:00:00,2,138,344
2023-12-10 15:00:00,3,239,305
2023-12-10 15:00:00,4,142,300
2023-12-10 15:00:00,5,237,299
2023-12-10 15:00:00,6,236,298
2023-12-10 15:00:00,7,230,261
2023-12-10 15:00:00,8,161,241
2023-12-10 15:00:00,9,162,217
2023-12-10 15:00:00,10,163,183
2023-12-10 16:00:00,1,132,427
2023-12-10 16:00:00,2,142,342
2023-12-10 16:00:00,3,236,328
2023-12-10 16:00:00,4,138,306
2023-12-10 16:00:00,5,161,299
2023-12-10 16:00:00,6,239,270
2023-12-10 16:00:00,7,237,267
2023-12-10 16:00:00,8,230,244
2023-12-10 16:00:00,9,186,233
2023-12-10 16:00:00,10,238,192
2023-12-10 17:00:00,1,132,343
2023-12-10 17:00:00,2,161,298
2023-12-10 17:00:00,3,236,263
2023-12-10 17:00:00,4,186,254
2023-12-10 17:00:00,5,237,248
2023-12-10 17:00:00,6,239,245
2023-12-10 17:00:00,7,142,240
2023-12-10 17:00:00,8,230,222
2023-12-10 17:00:00,9,138,220
2023-12-10 17:00:00,10,163,210
2023-12-10 18:00:00,1,132,333
2023-12-10 18:00:00,2,138,272
2023-12-10 18:00:00,3,142,270
2023-12-10 18:00:00,4,161,265
2023-12-10 18:00:00,5,186,242
2023-12-10 18:00:00,6,230,240
2023-12-10 18:00:00,7,237,230
2023-12-10 18:00:00,8,236,225
2023-12-10 18:00:00,9,162,179
2023-12-10 18:00:00,10,68,166
2023-12-10 19:00:00,1,142,370
2023-12-10 19:00:00,2,132,369
2023-12-10 19:00:00,3,161,264
2023-12-10 19:00:00,4,186,197
2023-12-10 19:00:00,5,138,188
2023-12-10 19:00:00,6,237,171
2023-12-10 19:00:00,7,230,160
2023-12-10 19:00:00,8,163,141
2023-12-10 19:00:00,9,239,141
2023-12-10 19:00:00,10,68,138
2023-12-10 20:00:00,1,132,352
2023-12-10 20:00:00,2,161,327
2023-12-10 20:00:00,3,138,284
2023-12-10 20:00:00,4,230,236
2023-12-10 20:00:00,5,186,234
2023-12-10 20:00:00,6,142,222
2023-12-10 20:00:00,7,170,166
2023-12-10 20:00:00,8,163,163
2023-12-10 20:00:00,9,68,158
2023-12-10 20:00:00,10,237,158
2023-12-10 21:00:00,1,186,361
2023-12-10 21:00:00,2,230,254
2023-12-10 21:00:00,3,132,252
2023-12-10 21:00:00,4,138,245
2023-12-10 21:00:00,5,161,218
2023-12-10 21:00:00,6,142,176
2023-12-10 21:00:00,7,68,167
2023-12-10 21:00:00,8,163,159
2023-12-10 21:00:00,9,48,156
2023-12-10 21:00:00,10,164,142
2023-12-10 22:00:00,1,138,267
2023-12-10 22:00:00,2,132,237
2023-12-10 22:00:00,3,186,226
2023-12-10 22:00:00,4,230,220
2023-12-10 22:00:00,5,161,169
2023-12-10 22:00:00,6,68,147
2023-12-10 22:00:00,7,163,138
2023-12-10 22:00:00,8,249,137
2023-12-10 22:00:00,9,48,119
2023-12-10 22:00:00,10,239,115
2023-12-10 23:00:00,1,138,361
2023-12-10 23:00:00,2,132,290
2023-12-10 23:00:00,3,230,137
2023-12-10 23:00:00,4,249,132
2023-12-10 23:00:00,5,186,125
2023-12-10 23:00:00,6,48,102
2023-12-10 23:00:00,7,79,102
2023-12-10 23:00:00,8,114,96
2023-12-10 23:00:00,9,239,94
2023-12-10 23:00:00,10,142,88
2023-12-11 00:00:00,1,132,230
2023-12-11 00:00:00,2,138,133
2023-12-11 00:00:00,3,230,77
2023-12-11 00:00:00,4,186,64
2023-12-11 00:00:00,5,114,47
2023-12-11 00:00:00,6,48,45
2023-12-11 00:00:00,7,249,40
2023-12-11 00:00:00,8,148,39
2023-12-11 00:00:00,9,79,37
2023-12-11 00:00:00,10,163,30
2023-12-11 01:00:00,1,132,225
2023-12-11 01:00:00,2,186,49
2023-12-11 01:00:00,3,48,46
2023-12-11 01:00:00,4,249,32
2023-12-11 01:00:00,5,79,28
2023-12-11 01:00:00,6,114,26
2023-12-11 01:00:00,7,230,22
2023-12-11 01:00:00,8,246,21
2023-12-11 01:00:00,9,163,18
2023-12-11 01:00:00,10,68,13
2023-12-11 02:00:00,1,132,80
2023-12-11 02:00:00,2,48,30
2023-12-11 02:00:00,3,249,22
2023-12-11 02:00:00,4,138,19
2023-12-11 02:00:00,5,246,16
2023-12-11 02:00:00,6,230,12
2023-12-11 02:00:00,7,114,11
2023-12-11 02:00:00,8,79,10
2023-12-11 02:00:00,9,164,9
2023-12-11 02:00:00,10,90,7
2023-12-11 03:00:00,1,48,16
2023-12-11 03:00:00,2,246,15
2023-12-11 03:00:00,3,230,14
2023-12-11 03:00:00,4,79,13
2023-12-11 03:00:00,5,186,12
2023-12-11 03:00:00,6,68,11
2023-12-11 03:00:00,7,132,10
2023-12-11 03:00:00,8,161,10
2023-12-11 03:00:00,9,141,7
2023-12-11 03:00:00,10,164,7
2023-12-11 04:00:00,1,132,34
2023-12-11 04:00:00,2,230,24
2023-12-11 04:00:00,3,48,19
2023-12-11 04:00:00,4,79,18
2023-12-11 04:00:00,5,161,18
2023-12-11 04:00:00,6,100,11
2023-12-11 04:00:00,7,163,11
2023-12-11 04:00:00,8,68,10
2023-12-11 04:00:00,9,162,10
2023-12-11 04:00:00,10,233,10
2023-12-11 05:00:00,1,186,87
2023-12-11 05:00:00,2,100,71
2023-12-11 05:00:00,3,132,57
2023-12-11 05:00:00,4,48,45
2023-12-11 05:00:00,5,162,30
2023-12-11 05:00:00,6,230,28
2023-12-11 05:00:00,7,239,27
2023-12-11 05:00:00,8,161,25
2023-12-11 05:00:00,9,236,24
2023-12-11 05:00:00,10,262,22
2023-12-11 06:00:00,1,132,166
2023-12-11 06:00:00,2,186,157
2023-12-11 06:00:00,3,48,103
2023-12-11 06:00:00,4,236,102
2023-12-11 06:00:00,5,100,83
2023-12-11 06:00:00,6,263,74
2023-12-11 06:00:00,7,170,68
2023-12-11 06:00:00,8,262,66
2023-12-11 06:00:00,9,162,65
2023-12-11 06:00:00,10,230,65
2023-12-11 07:00:00,1,236,274
2023-12-11 07:00:00,2,186,234
2023-12-11 07:00:00,3,237,215
2023-12-11 07:00:00,4,132,166
2023-12-11 07:00:00,5,140,158
2023-12-11 07:00:00,6,162,157
2023-12-11 07:00:00,7,239,153
2023-12-11 07:00:00,8,170,134
2023-12-11 07:00:00,9,262,128
2023-12-11 07:00:00,10,141,125
2023-12-11 08:00:00,1,236,342
2023-12-11 08:00:00,2,237,278
2023-12-11 08:00:00,3,186,223
2023-12-11 08:00:00,4,162,191
2023-12-11 08:00:00,5,141,186
2023-12-11 08:00:00,6,142,186
2023-12-11 08:00:00,7,170,177
2023-12-11 08:00:00,8,238,173
2023-12-11 08:00:00,9,140,170
2023-12-11 08:00:00,10,138,159
2023-12-11 09:00:00,1,236,355
2023-12-11 09:00:00,2,237,317
2023-12-11 09:00:00,3,138,297
2023-12-11 09:00:00,4,186,244
2023-12-11 09:00:00,5,162,236
2023-12-11 09:00:00,6,161,175
2023-12-11 09:00:00,7,142,166
2023-12-11 09:00:00,8,170,164
2023-12-11 09:00:00,9,140,151
2023-12-11 09:00:00,10,239,148
2023-12-11 10:00:00,1,138,375
2023-12-11 10:00:00,2,236,350
2023-12-11 10:00:00,3,237,285
2023-12-11 10:00:00,4,186,238
2023-12-11 10:00:00,5,132,213
2023-12-11 10:00:00,6,161,212
2023-12-11 10:00:00,7,170,210
2023-12-11 10:00:00,8,162,198
2023-12-11 10:00:00,9,230,170
2023-12-11 10:00:00,10,163,164
2023-12-11 11:00:00,1,236,359
2023-12-11 11:00:00,2,237,340
2023-12-11 11:00:00,3,138,259
2023-12-11 11:00:00,4,186,234
2023-12-11 11:00:00,5,162,231
2023-12-11 11:00:00,6,161,220
2023-12-11 11:00:00,7,230,199
2023-12-11 11:00:00,8,140,192
2023-12-11 11:00:00,9,142,171
2023-12-11 11:00:00,10,170,171
2023-12-11 12:00:00,1,237,380
2023-12-11 12:00:00,2,236,370
2023-12-11 12:00:00,3,161,307
2023-12-11 12:00:00,4,138,281
2023-12-11 12:00:00,5,239,217
2023-12-11 12:00:00,6,162,208
2023-12-11 12:00:00,7,142,190
2023-12-11 12:00:00,8,186,171
2023-12-11 12:00:00,9,140,169
2023-12-11 12:00:00,10,230,166
2023-12-11 13:00:00,1,237,417
2023-12-11 13:00:00,2,236,316
2023-12-11 13:00:00,3,161,283
2023-12-11 13:00:00,4,132,249
2023-12-11 13:00:00,5,162,228
2023-12-11 13:00:00,6,138,213
2023-12-11 13:00:00,7,230,200
2023-12-11 13:00:00,8,163,197
2023-12-11 13:00:00,9,239,191
2023-12-11 13:00:00,10,170,188
2023-12-11 14:00:00,1,236,471
2023-12-11 14:00:00,2,237,470
2023-12-11 14:00:00,3,161,360
2023-12-11 14:00:00,4,132,297
2023-12-11 14:00:00,5,138,250
2023-12-11 14:00:00,6,142,240
2023-12-11 14:00:00,7,162,236
2023-12-11 14:00:00,8,230,213
2023-12-11 14:00:00,9,239,208
2023-12-11 14:00:00,10,163,205
2023-12-11 15:00:00,1,236,500
2023-12-11 15:00:00,2,237,464
2023-12-11 15:00:00,3,132,403
2023-12-11 15:00:00,4,161,358
2023-12-11 15:00:00,5,138,293
2023-12-11 15:00:00,6,163,236
2023-12-11 15:00:00,7,162,229
2023-12-11 15:00:00,8,43,222
2023-12-11 15:00:00,9,140,222
2023-12-11 15:00:00,10,142,218
2023-12-11 16:00:00,1,237,444
2023-12-11 16:00:00,2,236,418
2023-12-11 16:00:00,3,132,403
2023-12-11 16:00:00,4,161,397
2023-12-11 16:00:00,5,138,272
2023-12-11 16:00:00,6,162,250
2023-12-11 16:00:00,7,163,237
2023-12-11 16:00:00,8,43,234
2023-12-11 16:00:00,9,170,203
2023-12-11 16:00:00,10,230,201
2023-12-11 17:00:00,1,161,478
2023-12-11 17:00:00,2,237,456
2023-12-11 17:00:00,3,236,444
2023-12-11 17:00:00,4,132,364
2023-12-11 17:00:00,5,162,345
2023-12-11 17:00:00,6,230,284
2023-12-11 17:00:00,7,163,277
2023-12-11 17:00:00,8,142,255
2023-12-11 17:00:00,9,138,248
2023-12-11 17:00:00,10,170,232
2023-12-11 18:00:00,1,161,523
2023-12-11 18:00:00,2,236,486
2023-12-11 18:00:00,3,237,486
2023-12-11 18:00:00,4,162,449
2023-12-11 18:00:00,5,132,379
2023-12-11 18:00:00,6,230,373
2023-12-11 18:00:00,7,163,336
2023-12-11 18:00:00,8,142,320
2023-12-11 18:00:00,9,170,255
2023-12-11 18:00:00,10,239,237
2023-12-11 19:00:00,1,161,528
2023-12-11 19:00:00,2,237,382
2023-12-11 19:00:00,3,132,373
2023-12-11 19:00:00,4,162,370
2023-12-11 19:00:00,5,236,348
2023-12-11 19:00:00,6,163,291
2023-12-11 19:00:00,7,230,291
2023-12-11 19:00:00,8,138,253
2023-12-11 19:00:00,9,234,236
2023-12-11 19:00:00,10,170,207
2023-12-11 20:00:00,1,161,538
2023-12-11 20:00:00,2,237,354
2023-12-11 20:00:00,3,162,286
2023-12-11 20:00:00,4,230,265
2023-12-11 20:00:00,5,138,264
2023-12-11 20:00:00,6,132,262
2023-12-11 20:00:00,7,236,239
2023-12-11 20:00:00,8,234,231
2023-12-11 20:00:00,9,142,213
2023-12-11 20:00:00,10,163,212
2023-12-11 21:00:00,1,161,583
2023-12-11 21:00:00,2,237,387
2023-12-11 21:00:00,3,162,322
2023-12-11 21:00:00,4,230,299
2023-12-11 21:00:00,5,132,293
2023-12-11 21:00:00,6,163,264
2023-12-11 21:00:00,7,186,248
2023-12-11 21:00:00,8,138,238
2023-12-11 21:00:00,9,234,235
2023-12-11 21:00:00,10,142,227
2023-12-11 22:00:00,1,142,410
2023-12-11 22:00:00,2,161,404
2023-12-11 22:00:00,3,132,314
2023-12-11 22:00:00,4,186,289
2023-12-11 22:00:00,5,230,276
2023-12-11 22:00:00,6,163,236
2023-12-11 22:00:00,7,237,220
2023-12-11 22:00:00,8,162,217
2023-12-11 22:00:00,9,68,202
2023-12-11 22:00:00,10,234,201
2023-12-11 23:00:00,1,132,278
2023-12-11 23:00:00,2,138,256
2023-12-11 23:00:00,3,186,203
2023-12-11 23:00:00,4,161,182
2023-12-11 23:00:00,5,142,141
2023-12-11 23:00:00,6,230,137
2023-12-11 23:00:00,7,239,135
2023-12-11 23:00:00,8,79,114
2023-12-11 23:00:00,9,249,114
2023-12-11 23:00:00,10,234,110
2023-12-12 00:00:00,1,138,243
2023-12-12 00:00:00,2,186,218
2023-12-12 00:00:00,3,132,173
2023-12-12 00:00:00,4,230,91
2023-12-12 00:00:00,5,114,79
2023-12-12 00:00:00,6,48,73
2023-12-12 00:00:00,7,161,72
2023-12-12 00:00:00,8,249,70
2023-12-12 00:00:00,9,79,66
2023-12-12 00:00:00,10,148,58
2023-12-12 01:00:00,1,186,72
2023-12-12 01:00:00,2,132,64
2023-12-12 01:00:00,3,138,55
2023-12-12 01:00:00,4,48,47
2023-12-12 01:00:00,5,164,37
2023-12-12 01:00:00,6,114,36
2023-12-12 01:00:00,7,230,32
2023-12-12 01:00:00,8,68,31
2023-12-12 01:00:00,9,249,31
2023-12-12 01:00:00,10,79,26
2023-12-12 02:00:00,1,68,24
2023-12-12 02:00:00,2,48,22
2023-12-12 02:00:00,3,249,22
2023-12-12 02:00:00,4,79,20
2023-12-12 02:00:00,5,230,18
2023-12-12 02:00:00,6,164,16
2023-12-12 02:00:00,7,114,14
2023-12-12 02:00:00,8,161,13
2023-12-12 02:00:00,9,163,12
2023-12-12 02:00:00,10,263,11
2023-12-12 03:00:00,1,48,24
2023-12-12 03:00:00,2,230,18
2023-12-12 03:00:00,3,249,13
2023-12-12 03:00:00,4,79,11
2023-12-12 03:00:00,5,186,9
2023-12-12 03:00:00,6,229,8
2023-12-12 03:00:00,7,68,7
2023-12-12 03:00:00,8,100,7
2023-12-12 03:00:00,9,132,7
2023-12-12 03:00:00,10,137,7
2023-12-12 04:00:00,1,132,23
2023-12-12 04:00:00,2,48,21
2023-12-12 04:00:00,3,230,12
2023-12-12 04:00:00,4,164,11
2023-12-12 04:00:00,5,249,10
2023-12-12 04:00:00,6,263,10
2023-12-12 04:00:00,7,161,9
2023-12-12 04:00:00,8,79,8
2023-12-12 04:00:00,9,100,8
2023-12-12 04:00:00,10,138,8
2023-12-12 05:00:00,1,100,56
2023-12-12 05:00:00,2,186,49
2023-12-12 05:00:00,3,132,46
2023-12-12 05:00:00,4,48,38
2023-12-12 05:00:00,5,162,24
2023-12-12 05:00:00,6,263,19
2023-12-12 05:00:00,7,141,18
2023-12-12 05:00:00,8,161,17
2023-12-12 05:00:00,9,68,16
2023-12-12 05:00:00,10,239,16
2023-12-12 06:00:00,1,186,156
2023-12-12 06:00:00,2,132,112
2023-12-12 06:00:00,3,48,97
2023-12-12 06:00:00,4,236,88
2023-12-12 06:00:00,5,100,70
2023-12-12 06:00:00,6,162,69
2023-12-12 06:00:00,7,239,64
2023-12-12 06:00:00,8,263,61
2023-12-12 06:00:00,9,262,59
2023-12-12 06:00:00,10,170,57
2023-12-12 07:00:00,1,236,306
2023-12-12 07:00:00,2,186,230
2023-12-12 07:00:00,3,237,207
2023-12-12 07:00:00,4,239,173
2023-12-12 07:00:00,5,141,166
2023-12-12 07:00:00,6,162,157
2023-12-12 07:00:00,7,132,147
2023-12-12 07:00:00,8,262,137
2023-12-12 07:00:00,9,238,134
2023-12-12 07:00:00,10,140,128
2023-12-12 08:00:00,1,236,413
2023-12-12 08:00:00,2,237,337
2023-12-12 08:00:00,3,186,289
2023-12-12 08:00:00,4,162,227
2023-12-12 08:00:00,5,170,200
2023-12-12 08:00:00,6,239,195
2023-12-12 08:00:00,7,140,192
2023-12-12 08:00:00,8,142,177
2023-12-12 08:00:00,9,141,176
2023-12-12 08:00:00,10,161,174
2023-12-12 09:00:00,1,236,397
2023-12-12 09:00:00,2,237,350
2023-12-12 09:00:00,3,138,300
2023-12-12 09:00:00,4,186,274
2023-12-12 09:00:00,5,162,268
2023-12-12 09:00:00,6,140,210
2023-12-12 09:00:00,7,142,195
2023-12-12 09:00:00,8,239,185
2023-12-12 09:00:00,9,161,177
2023-12-12 09:00:00,10,141,174
2023-12-12 10:00:00,1,236,377
2023-12-12 10:00:00,2,138,371
2023-12-12 10:00:00,3,237,349
2023-12-12 10:00:00,4,186,295
2023-12-12 10:00:00,5,161,246
2023-12-12 10:00:00,6,162,237
2023-12-12 10:00:00,7,170,204
2023-12-12 10:00:00,8,239,195
2023-12-12 10:00:00,9,142,194
2023-12-12 10:00:00,10,140,175
2023-12-12 11:00:00,1,236,405
2023-12-12 11:00:00,2,237,387
2023-12-12 11:00:00,3,138,267
2023-12-12 11:00:00,4,161,265
2023-12-12 11:00:00,5,162,231
2023-12-12 11:00:00,6,170,229
2023-12-12 11:00:00,7,186,227
2023-12-12 11:00:00,8,140,221
2023-12-12 11:00:00,9,239,196
2023-12-12 11:00:00,10,163,195
2023-12-12 12:00:00,1,236,431
2023-12-12 12:00:00,2,237,431
2023-12-12 12:00:00,3,161,291
2023-12-12 12:00:00,4,138,239
2023-12-12 12:00:00,5,170,228
2023-12-12 12:00:00,6,162,224
2023-12-12 12:00:00,7,186,207
2023-12-12 12:00:00,8,239,205
2023-12-12 12:00:00,9,142,192
2023-12-12 12:00:00,10,132,187
2023-12-12 13:00:00,1,237,442
2023-12-12 13:00:00,2,236,361
2023-12-12 13:00:00,3,161,311
2023-12-12 13:00:00,4,138,253
2023-12-12 13:00:00,5,162,239
2023-12-12 13:00:00,6,163,224
2023-12-12 13:00:00,7,170,215
2023-12-12 13:00:00,8,186,212
2023-12-12 13:00:00,9,239,211
2023-12-12 13:00:00,10,142,208
2023-12-12 14:00:00,1,237,520
2023-12-12 14:00:00,2,236,432
2023-12-12 14:00:00,3,161,356
2023-12-12 14:00:00,4,138,332
2023-12-12 14:00:00,5,132,321
2023-12-12 14:00:00,6,163,277
2023-12-12 14:00:00,7,162,258
2023-12-12 14:00:00,8,230,234
2023-12-12 14:00:00,9,142,228
2023-12-12 14:00:00,10,239,215
2023-12-12 15:00:00,1,237,532
2023-12-12 15:00:00,2,236,469
2023-12-12 15:00:00,3,138,424
2023-12-12 15:00:00,4,161,397
2023-12-12 15:00:00,5,132,321
2023-12-12 15:00:00,6,162,270
2023-12-12 15:00:00,7,140,241
2023-12-12 15:00:00,8,163,239
2023-12-12 15:00:00,9,142,234
2023-12-12 15:00:00,10,234,233
2023-12-12 16:00:00,1,236,493
2023-12-12 16:00:00,2,237,482
2023-12-12 16:00:00,3,161,419
2023-12-12 16:00:00,4,132,335
2023-12-12 16:00:00,5,162,299
2023-12-12 16:00:00,6,163,267
2023-12-12 16:00:00,7,170,257
2023-12-12 16:00:00,8,230,232
2023-12-12 16:00:00,9,138,231
2023-12-12 16:00:00,10,239,224
2023-12-12 17:00:00,1,237,476
2023-12-12 17:00:00,2,236,447
2023-12-12 17:00:00,3,162,432
2023-12-12 17:00:00,4,161,408
2023-12-12 17:00:00,5,170,310
2023-12-12 17:00:00,6,163,309
2023-12-12 17:00:00,7,142,280
2023-12-12 17:00:00,8,230,273
2023-12-12 17:00:00,9,239,270
2023-12-12 17:00:00,10,234,255
2023-12-12 18:00:00,1,237,615
2023-12-12 18:00:00,2,236,505
2023-12-12 18:00:00,3,162,456
2023-12-12 18:00:00,4,161,444
2023-12-12 18:00:00,5,163,391
2023-12-12 18:00:00,6,170,338
2023-12-12 18:00:00,7,234,321
2023-12-12 18:00:00,8,230,312
2023-12-12 18:00:00,9,142,310
2023-12-12 18:00:00,10,239,271
2023-12-12 19:00:00,1,237,506
2023-12-12 19:00:00,2,161,462
2023-12-12 19:00:00,3,162,453
2023-12-12 19:00:00,4,163,370
2023-12-12 19:00:00,5,170,339
2023-12-12 19:00:00,6,236,323
2023-12-12 19:00:00,7,234,291
2023-12-12 19:00:00,8,132,285
2023-12-12 19:00:00,9,230,282
2023-12-12 19:00:00,10,138,261
2023-12-12 20:00:00,1,161,562
2023-12-12 20:00:00,2,162,470
2023-12-12 20:00:00,3,237,438
2023-12-12 20:00:00,4,170,349
2023-12-12 20:00:00,5,132,316
2023-12-12 20:00:00,6,163,305
2023-12-12 20:00:00,7,234,302
2023-12-12 20:00:00,8,68,295
2023-12-12 20:00:00,9,142,259
2023-12-12 20:00:00,10,230,250
2023-12-12 21:00:00,1,142,615
2023-12-12 21:00:00,2,237,541
2023-12-12 21:00:00,3,161,517
2023-12-12 21:00:00,4,162,400
2023-12-12 21:00:00,5,163,335
2023-12-12 21:00:00,6,234,332
2023-12-12 21:00:00,7,170,314
2023-12-12 21:00:00,8,48,262
2023-12-12 21:00:00,9,164,259
2023-12-12 21:00:00,10,68,255
2023-12-12 22:00:00,1,161,473
2023-12-12 22:00:00,2,163,453
2023-12-12 22:00:00,3,162,370
2023-12-12 22:00:00,4,237,355
2023-12-12 22:00:00,5,142,310
2023-12-12 22:00:00,6,48,305
2023-12-12 22:00:00,7,230,279
2023-12-12 22:00:00,8,79,271
2023-12-12 22:00:00,9,234,245
2023-12-12 22:00:00,10,249,236
2023-12-12 23:00:00,1,161,339
2023-12-12 23:00:00,2,142,309
2023-12-12 23:00:00,3,249,297
2023-12-12 23:00:00,4,230,270
2023-12-12 23:00:00,5,164,262
2023-12-12 23:00:00,6,163,244
2023-12-12 23:00:00,7,234,231
2023-12-12 23:00:00,8,79,224
2023-12-12 23:00:00,9,48,223
2023-12-12 23:00:00,10,114,221
2023-12-13 00:00:00,1,132,168
2023-12-13 00:00:00,2,249,156
2023-12-13 00:00:00,3,161,145
2023-12-13 00:00:00,4,230,122
2023-12-13 00:00:00,5,164,119
2023-12-13 00:00:00,6,48,113
2023-12-13 00:00:00,7,114,109
2023-12-13 00:00:00,8,79,103
2023-12-13 00:00:00,9,234,97
2023-12-13 00:00:00,10,162,86
2023-12-13 01:00:00,1,249,88
2023-12-13 01:00:00,2,79,77
2023-12-13 01:00:00,3,48,55
2023-12-13 01:00:00,4,114,49
2023-12-13 01:00:00,5,230,49
2023-12-13 01:00:00,6,163,41
2023-12-13 01:00:00,7,164,33
2023-12-13 01:00:00,8,170,33
2023-12-13 01:00:00,9,68,30
2023-12-13 01:00:00,10,144,30
2023-12-13 02:00:00,1,79,59
2023-12-13 02:00:00,2,48,41
2023-12-13 02:00:00,3,249,36
2023-12-13 02:00:00,4,100,20
2023-12-13 02:00:00,5,161,20
2023-12-13 02:00:00,6,230,18
2023-12-13 02:00:00,7,164,16
2023-12-13 02:00:00,8,186,14
2023-12-13 02:00:00,9,246,14
2023-12-13 02:00:00,10,107,13
2023-12-13 03:00:00,1,48,24
2023-12-13 03:00:00,2,79,22
2023-12-13 03:00:00,3,230,19
2023-12-13 03:00:00,4,132,15
2023-12-13 03:00:00,5,186,13
2023-12-13 03:00:00,6,100,11
2023-12-13 03:00:00,7,246,10
2023-12-13 03:00:00,8,249,10
2023-12-13 03:00:00,9,90,9
2023-12-13 03:00:00,10,163,8
2023-12-13 04:00:00,1,132,37
2023-12-13 04:00:00,2,48,22
2023-12-13 04:00:00,3,79,21
2023-12-13 04:00:00,4,230,15
2023-12-13 04:00:00,5,161,13
2023-12-13 04:00:00,6,141,11
2023-12-13 04:00:00,7,68,9
2023-12-13 04:00:00,8,164,9
2023-12-13 04:00:00,9,239,9
2023-12-13 04:00:00,10,249,9
2023-12-13 05:00:00,1,100,61
2023-12-13 05:00:00,2,132,57
2023-12-13 05:00:00,3,186,49
2023-12-13 05:00:00,4,48,34
2023-12-13 05:00:00,5,162,34
2023-12-13 05:00:00,6,161,33
2023-12-13 05:00:00,7,230,29
2023-12-13 05:00:00,8,237,19
2023-12-13 05:00:00,9,236,18
2023-12-13 05:00:00,10,68,17
2023-12-13 06:00:00,1,186,145
2023-12-13 06:00:00,2,132,121
2023-12-13 06:00:00,3,48,104
2023-12-13 06:00:00,4,236,86
2023-12-13 06:00:00,5,100,83
2023-12-13 06:00:00,6,262,76
2023-12-13 06:00:00,7,170,73
2023-12-13 06:00:00,8,162,72
2023-12-13 06:00:00,9,238,63
2023-12-13 06:00:00,10,263,60
2023-12-13 07:00:00,1,236,327
2023-12-13 07:00:00,2,186,222
2023-12-13 07:00:00,3,237,198
2023-12-13 07:00:00,4,262,165
2023-12-13 07:00:00,5,140,159
2023-12-13 07:00:00,6,239,158
2023-12-13 07:00:00,7,162,156
2023-12-13 07:00:00,8,132,147
2023-12-13 07:00:00,9,238,136
2023-12-13 07:00:00,10,170,132
2023-12-13 08:00:00,1,236,435
2023-12-13 08:00:00,2,237,382
2023-12-13 08:00:00,3,186,264
2023-12-13 08:00:00,4,162,214
2023-12-13 08:00:00,5,140,209
2023-12-13 08:00:00,6,170,202
2023-12-13 08:00:00,7,141,201
2023-12-13 08:00:00,8,239,194
2023-12-13 08:00:00,9,161,176
2023-12-13 08:00:00,10,138,170
2023-12-13 09:00:00,1,236,391
2023-12-13 09:00:00,2,237,360
2023-12-13 09:00:00,3,186,296
2023-12-13 09:00:00,4,162,274
2023-12-13 09:00:00,5,138,256
2023-12-13 09:00:00,6,161,207
2023-12-13 09:00:00,7,142,195
2023-12-13 09:00:00,8,239,187
2023-12-13 09:00:00,9,140,185
2023-12-13 09:00:00,10,238,172
2023-12-13 10:00:00,1,237,356
2023-12-13 10:00:00,2,138,354
2023-12-13 10:00:00,3,236,334
2023-12-13 10:00:00,4,186,267
2023-12-13 10:00:00,5,161,247
2023-12-13 10:00:00,6,162,233
2023-12-13 10:00:00,7,170,220
2023-12-13 10:00:00,8,239,196
2023-12-13 10:00:00,9,230,179
2023-12-13 10:00:00,10,142,174
2023-12-13 11:00:00,1,236,398
2023-12-13 11:00:00,2,237,373
2023-12-13 11:00:00,3,138,293
2023-12-13 11:00:00,4,161,283
2023-12-13 11:00:00,5,162,276
2023-12-13 11:00:00,6,186,235
2023-12-13 11:00:00,7,239,207
2023-12-13 11:00:00,8,163,201
2023-12-13 11:00:00,9,230,198
2023-12-13 11:00:00,10,170,196
2023-12-13 12:00:00,1,237,439
2023-12-13 12:00:00,2,236,393
2023-12-13 12:00:00,3,161,335
2023-12-13 12:00:00,4,138,283
2023-12-13 12:00:00,5,162,242
2023-12-13 12:00:00,6,230,223
2023-12-13 12:00:00,7,142,217
2023-12-13 12:00:00,8,239,214
2023-12-13 12:00:00,9,186,206
2023-12-13 12:00:00,10,170,202
2023-12-13 13:00:00,1,237,430
2023-12-13 13:00:00,2,161,358
2023-12-13 13:00:00,3,236,357
2023-12-13 13:00:00,4,138,311
2023-12-13 13:00:00,5,162,260
2023-12-13 13:00:00,6,142,226
2023-12-13 13:00:00,7,163,208
2023-12-13 13:00:00,8,132,205
2023-12-13 13:00:00,9,186,203
2023-12-13 13:00:00,10,230,193
2023-12-13 14:00:00,1,237,554
2023-12-13 14:00:00,2,236,416
2023-12-13 14:00:00,3,161,367
2023-12-13 14:00:00,4,138,337
2023-12-13 14:00:00,5,132,275
2023-12-13 14:00:00,6,163,264
2023-12-13 14:00:00,7,142,250
2023-12-13 14:00:00,8,162,242
2023-12-13 14:00:00,9,170,231
2023-12-13 14:00:00,10,68,222
2023-12-13 15:00:00,1,237,536
2023-12-13 15:00:00,2,236,532
2023-12-13 15:00:00,3,161,326
2023-12-13 15:00:00,4,138,321
2023-12-13 15:00:00,5,132,313
2023-12-13 15:00:00,6,162,295
2023-12-13 15:00:00,7,142,260
2023-12-13 15:00:00,8,163,259
2023-12-13 15:00:00,9,170,245
2023-12-13 15:00:00,10,140,243
2023-12-13 16:00:00,1,237,508
2023-12-13 16:00:00,2,236,481
2023-12-13 16:00:00,3,161,402
2023-12-13 16:00:00,4,162,338
2023-12-13 16:00:00,5,230,307
2023-12-13 16:00:00,6,142,301
2023-12-13 16:00:00,7,138,282
2023-12-13 16:00:00,8,132,273
2023-12-13 16:00:00,9,163,254
2023-12-13 16:00:00,10,170,250
2023-12-13 17:00:00,1,236,590
2023-12-13 17:00:00,2,237,587
2023-12-13 17:00:00,3,162,437
2023-12-13 17:00:00,4,234,382
2023-12-13 17:00:00,5,161,370
2023-12-13 17:00:00,6,230,353
2023-12-13 17:00:00,7,170,344
2023-12-13 17:00:00,8,163,342
2023-12-13 17:00:00,9,142,313
2023-12-13 17:00:00,10,132,298
2023-12-13 18:00:00,1,237,651
2023-12-13 18:00:00,2,236,605
2023-12-13 18:00:00,3,162,429
2023-12-13 18:00:00,4,161,405
2023-12-13 18:00:00,5,234,403
2023-12-13 18:00:00,6,163,368
2023-12-13 18:00:00,7,142,348
2023-12-13 18:00:00,8,170,344
2023-12-13 18:00:00,9,239,324
2023-12-13 18:00:00,10,230,314
2023-12-13 19:00:00,1,237,521
2023-12-13 19:00:00,2,161,453
2023-12-13 19:00:00,3,162,452
2023-12-13 19:00:00,4,163,390
2023-12-13 19:00:00,5,236,365
2023-12-13 19:00:00,6,170,345
2023-12-13 19:00:00,7,234,334
2023-12-13 19:00:00,8,230,313
2023-12-13 19:00:00,9,132,283
2023-12-13 19:00:00,10,68,267
2023-12-13 20:00:00,1,161,568
2023-12-13 20:00:00,2,237,487
2023-12-13 20:00:00,3,162,465
2023-12-13 20:00:00,4,234,358
2023-12-13 20:00:00,5,163,357
2023-12-13 20:00:00,6,170,342
2023-12-13 20:00:00,7,230,314
2023-12-13 20:00:00,8,236,303
2023-12-13 20:00:00,9,68,295
2023-12-13 20:00:00,10,132,288
2023-12-13 21:00:00,1,142,684
2023-12-13 21:00:00,2,237,627
2023-12-13 21:00:00,3,161,449
2023-12-13 21:00:00,4,162,427
2023-12-13 21:00:00,5,79,336
2023-12-13 21:00:00,6,170,325
2023-12-13 21:00:00,7,249,319
2023-12-13 21:00:00,8,234,309
2023-12-13 21:00:00,9,107,297
2023-12-13 21:00:00,10,48,291
2023-12-13 22:00:00,1,162,477
2023-12-13 22:00:00,2,237,454
2023-12-13 22:00:00,3,163,443
2023-12-13 22:00:00,4,142,427
2023-12-13 22:00:00,5,161,411
2023-12-13 22:00:00,6,79,380
2023-12-13 22:00:00,7,48,366
2023-12-13 22:00:00,8,170,285
2023-12-13 22:00:00,9,230,284
2023-12-13 22:00:00,10,132,270
2023-12-13 23:00:00,1,161,450
2023-12-13 23:00:00,2,230,335
2023-12-13 23:00:00,3,249,264
2023-12-13 23:00:00,4,163,262
2023-12-13 23:00:00,5,164,250
2023-12-13 23:00:00,6,79,247
2023-12-13 23:00:00,7,48,238
2023-12-13 23:00:00,8,234,232
2023-12-13 23:00:00,9,237,212
2023-12-13 23:00:00,10,114,207
2023-12-14 00:00:00,1,249,286
2023-12-14 00:00:00,2,79,218
2023-12-14 00:00:00,3,161,196
2023-12-14 00:00:00,4,164,188
2023-12-14 00:00:00,5,114,180
2023-12-14 00:00:00,6,230,179
2023-12-14 00:00:00,7,234,172
2023-12-14 00:00:00,8,48,155
2023-12-14 00:00:00,9,148,142
2023-12-14 00:00:00,10,132,135
2023-12-14 01:00:00,1,249,163
2023-12-14 01:00:00,2,114,120
2023-12-14 01:00:00,3,79,101
2023-12-14 01:00:00,4,164,86
2023-12-14 01:00:00,5,148,76
2023-12-14 01:00:00,6,230,75
2023-12-14 01:00:00,7,68,73
2023-12-14 01:00:00,8,186,68
2023-12-14 01:00:00,9,48,67
2023-12-14 01:00:00,10,234,65
2023-12-14 02:00:00,1,249,63
2023-12-14 02:00:00,2,79,57
2023-12-14 02:00:00,3,48,42
2023-12-14 02:00:00,4,246,42
2023-12-14 02:00:00,5,164,41
2023-12-14 02:00:00,6,68,40
2023-12-14 02:00:00,7,148,35
2023-12-14 02:00:00,8,158,31
2023-12-14 02:00:00,9,231,28
2023-12-14 02:00:00,10,162,27
2023-12-14 03:00:00,1,246,49
2023-12-14 03:00:00,2,148,30
2023-12-14 03:00:00,3,79,29
2023-12-14 03:00:00,4,48,26
2023-12-14 03:00:00,5,230,25
2023-12-14 03:00:00,6,249,25
2023-12-14 03:00:00,7,68,24
2023-12-14 03:00:00,8,164,18
2023-12-14 03:00:00,9,114,15
2023-12-14 03:00:00,10,144,14
2023-12-14 04:00:00,1,230,30
2023-12-14 04:00:00,2,48,29
2023-12-14 04:00:00,3,79,18
2023-12-14 04:00:00,4,164,17
2023-12-14 04:00:00,5,249,17
2023-12-14 04:00:00,6,246,16
2023-12-14 04:00:00,7,68,13
2023-12-14 04:00:00,8,161,12
2023-12-14 04:00:00,9,170,12
2023-12-14 04:00:00,10,231,12
2023-12-14 05:00:00,1,186,57
2023-12-14 05:00:00,2,100,49
2023-12-14 05:00:00,3,48,45
2023-12-14 05:00:00,4,132,39
2023-12-14 05:00:00,5,161,33
2023-12-14 05:00:00,6,230,26
2023-12-14 05:00:00,7,162,24
2023-12-14 05:00:00,8,263,24
2023-12-14 05:00:00,9,262,18
2023-12-14 05:00:00,10,239,17
2023-12-14 06:00:00,1,186,157
2023-12-14 06:00:00,2,132,115
2023-12-14 06:00:00,3,48,96
2023-12-14 06:00:00,4,236,89
2023-12-14 06:00:00,5,162,80
2023-12-14 06:00:00,6,262,80
2023-12-14 06:00:00,7,100,66
2023-12-14 06:00:00,8,170,66
2023-12-14 06:00:00,9,263,64
2023-12-14 06:00:00,10,239,56
2023-12-14 07:00:00,1,236,317
2023-12-14 07:00:00,2,237,217
2023-12-14 07:00:00,3,186,215
2023-12-14 07:00:00,4,162,190
2023-12-14 07:00:00,5,141,174
2023-12-14 07:00:00,6,132,165
2023-12-14 07:00:00,7,170,153
2023-12-14 07:00:00,8,262,153
2023-12-14 07:00:00,9,140,151
2023-12-14 07:00:00,10,142,141
2023-12-14 08:00:00,1,236,420
2023-12-14 08:00:00,2,237,332
2023-12-14 08:00:00,3,186,293
2023-12-14 08:00:00,4,170,219
2023-12-14 08:00:00,5,140,206
2023-12-14 08:00:00,6,162,206
2023-12-14 08:00:00,7,238,199
2023-12-14 08:00:00,8,239,195
2023-12-14 08:00:00,9,161,189
2023-12-14 08:00:00,10,142,186
2023-12-14 09:00:00,1,236,403
2023-12-14 09:00:00,2,237,366
2023-12-14 09:00:00,3,186,298
2023-12-14 09:00:00,4,162,297
2023-12-14 09:00:00,5,138,289
2023-12-14 09:00:00,6,161,230
2023-12-14 09:00:00,7,170,225
2023-12-14 09:00:00,8,239,202
2023-12-14 09:00:00,9,230,197
2023-12-14 09:00:00,10,140,183
2023-12-14 10:00:00,1,237,409
2023-12-14 10:00:00,2,236,393
2023-12-14 10:00:00,3,138,354
2023-12-14 10:00:00,4,186,267
2023-12-14 10:00:00,5,161,266
2023-12-14 10:00:00,6,162,252
2023-12-14 10:00:00,7,170,210
2023-12-14 10:00:00,8,230,204
2023-12-14 10:00:00,9,163,198
2023-12-14 10:00:00,10,142,197
2023-12-14 11:00:00,1,236,421
2023-12-14 11:00:00,2,237,376
2023-12-14 11:00:00,3,161,342
2023-12-14 11:00:00,4,186,292
2023-12-14 11:00:00,5,138,276
2023-12-14 11:00:00,6,162,242
2023-12-14 11:00:00,7,230,242
2023-12-14 11:00:00,8,170,208
2023-12-14 11:00:00,9,142,201
2023-12-14 11:00:00,10,163,193
2023-12-14 12:00:00,1,236,485
2023-12-14 12:00:00,2,237,451
2023-12-14 12:00:00,3,161,354
2023-12-14 12:00:00,4,138,304
2023-12-14 12:00:00,5,162,233
2023-12-14 12:00:00,6,142,226
2023-12-14 12:00:00,7,186,219
2023-12-14 12:00:00,8,170,216
2023-12-14 12:00:00,9,230,215
2023-12-14 12:00:00,10,163,209
2023-12-14 13:00:00,1,236,404
2023-12-14 13:00:00,2,237,398
2023-12-14 13:00:00,3,161,332
2023-12-14 13:00:00,4,138,289
2023-12-14 13:00:00,5,162,233
2023-12-14 13:00:00,6,170,220
2023-12-14 13:00:00,7,230,215
2023-12-14 13:00:00,8,142,211
2023-12-14 13:00:00,9,163,203
2023-12-14 13:00:00,10,239,203
2023-12-14 14:00:00,1,237,502
2023-12-14 14:00:00,2,236,431
2023-12-14 14:00:00,3,161,382
2023-12-14 14:00:00,4,138,323
2023-12-14 14:00:00,5,162,295
2023-12-14 14:00:00,6,132,285
2023-12-14 14:00:00,7,163,276
2023-12-14 14:00:00,8,142,252
2023-12-14 14:00:00,9,234,228
2023-12-14 14:00:00,10,239,227
2023-12-14 15:00:00,1,236,558
2023-12-14 15:00:00,2,237,507
2023-12-14 15:00:00,3,161,350
2023-12-14 15:00:00,4,138,329
2023-12-14 15:00:00,5,162,321
2023-12-14 15:00:00,6,132,320
2023-12-14 15:00:00,7,142,268
2023-12-14 15:00:00,8,170,255
2023-12-14 15:00:00,9,239,235
2023-12-14 15:00:00,10,163,223
2023-12-14 16:00:00,1,236,485
2023-12-14 16:00:00,2,237,484
2023-12-14 16:00:00,3,138,415
2023-12-14 16:00:00,4,161,386
2023-12-14 16:00:00,5,132,357
2023-12-14 16:00:00,6,162,302
2023-12-14 16:00:00,7,170,288
2023-12-14 16:00:00,8,142,284
2023-12-14 16:00:00,9,163,268
2023-12-14 16:00:00,10,234,265
2023-12-14 17:00:00,1,237,591
2023-12-14 17:00:00,2,236,562
2023-12-14 17:00:00,3,162,406
2023-12-14 17:00:00,4,142,374
2023-12-14 17:00:00,5,161,371
2023-12-14 17:00:00,6,234,352
2023-12-14 17:00:00,7,163,345
2023-12-14 17:00:00,8,230,336
2023-12-14 17:00:00,9,239,335
2023-12-14 17:00:00,10,170,327
2023-12-14 18:00:00,1,237,632
2023-12-14 18:00:00,2,236,612
2023-12-14 18:00:00,3,162,432
2023-12-14 18:00:00,4,163,421
2023-12-14 18:00:00,5,234,367
2023-12-14 18:00:00,6,161,356
2023-12-14 18:00:00,7,142,355
2023-12-14 18:00:00,8,239,351
2023-12-14 18:00:00,9,170,342
2023-12-14 18:00:00,10,230,326
2023-12-14 19:00:00,1,237,529
2023-12-14 19:00:00,2,236,521
2023-12-14 19:00:00,3,161,387
2023-12-14 19:00:00,4,163,364
2023-12-14 19:00:00,5,162,358
2023-12-14 19:00:00,6,234,342
2023-12-14 19:00:00,7,170,341
2023-12-14 19:00:00,8,138,327
2023-12-14 19:00:00,9,68,320
2023-12-14 19:00:00,10,230,319
2023-12-14 20:00:00,1,237,443
2023-12-14 20:00:00,2,161,409
2023-12-14 20:00:00,3,162,390
2023-12-14 20:00:00,4,234,375
2023-12-14 20:00:00,5,170,326
2023-12-14 20:00:00,6,68,322
2023-12-14 20:00:00,7,163,318
2023-12-14 20:00:00,8,236,309
2023-12-14 20:00:00,9,230,308
2023-12-14 20:00:00,10,138,289
2023-12-14 21:00:00,1,142,655
2023-12-14 21:00:00,2,237,557
2023-12-14 21:00:00,3,162,434
2023-12-14 21:00:00,4,161,338
2023-12-14 21:00:00,5,79,322
2023-12-14 21:00:00,6,236,315
2023-12-14 21:00:00,7,163,308
2023-12-14 21:00:00,8,48,287
2023-12-14 21:00:00,9,170,286
2023-12-14 21:00:00,10,234,280
2023-12-14 22:00:00,1,142,623
2023-12-14 22:00:00,2,237,504
2023-12-14 22:00:00,3,162,423
2023-12-14 22:00:00,4,79,375
2023-12-14 22:00:00,5,132,342
2023-12-14 22:00:00,6,107,294
2023-12-14 22:00:00,7,163,287
2023-12-14 22:00:00,8,161,276
2023-12-14 22:00:00,9,48,270
2023-12-14 22:00:00,10,170,262
2023-12-14 23:00:00,1,79,347
2023-12-14 23:00:00,2,237,344
2023-12-14 23:00:00,3,161,340
2023-12-14 23:00:00,4,163,334
2023-12-14 23:00:00,5,162,325
2023-12-14 23:00:00,6,142,309
2023-12-14 23:00:00,7,48,275
2023-12-14 23:00:00,8,132,274
2023-12-14 23:00:00,9,170,236
2023-12-14 23:00:00,10,138,235
2023-12-15 00:00:00,1,79,315
2023-12-15 00:00:00,2,161,279
2023-12-15 00:00:00,3,249,268
2023-12-15 00:00:00,4,132,232
2023-12-15 00:00:00,5,230,224
2023-12-15 00:00:00,6,164,206
2023-12-15 00:00:00,7,170,202
2023-12-15 00:00:00,8,162,201
2023-12-15 00:00:00,9,148,199
2023-12-15 00:00:00,10,163,198
2023-12-15 01:00:00,1,249,266
2023-12-15 01:00:00,2,79,233
2023-12-15 01:00:00,3,114,220
2023-12-15 01:00:00,4,164,169
2023-12-15 01:00:00,5,148,167
2023-12-15 01:00:00,6,48,143
2023-12-15 01:00:00,7,230,132
2023-12-15 01:00:00,8,163,127
2023-12-15 01:00:00,9,234,122
2023-12-15 01:00:00,10,144,113
2023-12-15 02:00:00,1,249,173
2023-12-15 02:00:00,2,79,165
2023-12-15 02:00:00,3,148,117
2023-12-15 02:00:00,4,68,101
2023-12-15 02:00:00,5,114,99
2023-12-15 02:00:00,6,164,86
2023-12-15 02:00:00,7,48,80
2023-12-15 02:00:00,8,158,76
2023-12-15 02:00:00,9,144,73
2023-12-15 02:00:00,10,90,72
2023-12-15 03:00:00,1,79,77
2023-12-15 03:00:00,2,148,77
2023-12-15 03:00:00,3,249,77
2023-12-15 03:00:00,4,68,51
2023-12-15 03:00:00,5,246,49
2023-12-15 03:00:00,6,114,44
2023-12-15 03:00:00,7,48,40
2023-12-15 03:00:00,8,230,40
2023-12-15 03:00:00,9,164,38
2023-12-15 03:00:00,10,144,36
2023-12-15 04:00:00,1,79,48
2023-12-15 04:00:00,2,48,37
2023-12-15 04:00:00,3,230,37
2023-12-15 04:00:00,4,164,31
2023-12-15 04:00:00,5,148,29
2023-12-15 04:00:00,6,249,27
2023-12-15 04:00:00,7,141,20
2023-12-15 04:00:00,8,161,20
2023-12-15 04:00:00,9,233,19
2023-12-15 04:00:00,10,144,18
2023-12-15 05:00:00,1,132,55
2023-12-15 05:00:00,2,48,51
2023-12-15 05:00:00,3,100,51
2023-12-15 05:00:00,4,186,50
2023-12-15 05:00:00,5,161,43
2023-12-15 05:00:00,6,230,39
2023-12-15 05:00:00,7,162,30
2023-12-15 05:00:00,8,68,25
2023-12-15 05:00:00,9,164,24
2023-12-15 05:00:00,10,226,24
2023-12-15 06:00:00,1,132,142
2023-12-15 06:00:00,2,48,106
2023-12-15 06:00:00,3,186,103
2023-12-15 06:00:00,4,236,90
2023-12-15 06:00:00,5,162,80
2023-12-15 06:00:00,6,170,76
2023-12-15 06:00:00,7,262,68
2023-12-15 06:00:00,8,263,67
2023-12-15 06:00:00,9,230,62
2023-12-15 06:00:00,10,141,57
2023-12-15 07:00:00,1,236,285
2023-12-15 07:00:00,2,132,215
2023-12-15 07:00:00,3,237,175
2023-12-15 07:00:00,4,186,163
2023-12-15 07:00:00,5,141,153
2023-12-15 07:00:00,6,142,134
2023-12-15 07:00:00,7,262,129
2023-12-15 07:00:00,8,239,127
2023-12-15 07:00:00,9,162,123
2023-12-15 07:00:00,10,170,121
2023-12-15 08:00:00,1,236,376
2023-12-15 08:00:00,2,237,228
2023-12-15 08:00:00,3,142,186
2023-12-15 08:00:00,4,140,177
2023-12-15 08:00:00,5,141,175
2023-12-15 08:00:00,6,239,173
2023-12-15 08:00:00,7,238,171
2023-12-15 08:00:00,8,170,160
2023-12-15 08:00:00,9,132,159
2023-12-15 08:00:00,10,186,155
2023-12-15 09:00:00,1,236,348
2023-12-15 09:00:00,2,237,287
2023-12-15 09:00:00,3,162,225
2023-12-15 09:00:00,4,239,214
2023-12-15 09:00:00,5,138,204
2023-12-15 09:00:00,6,186,199
2023-12-15 09:00:00,7,161,190
2023-12-15 09:00:00,8,238,173
2023-12-15 09:00:00,9,142,165
2023-12-15 09:00:00,10,230,162
2023-12-15 10:00:00,1,237,365
2023-12-15 10:00:00,2,236,360
2023-12-15 10:00:00,3,138,331
2023-12-15 10:00:00,4,162,223
2023-12-15 10:00:00,5,161,213
2023-12-15 10:00:00,6,186,207
2023-12-15 10:00:00,7,170,193
2023-12-15 10:00:00,8,230,185
2023-12-15 10:00:00,9,239,185
2023-12-15 10:00:00,10,132,171
2023-12-15 11:00:00,1,237,377
2023-12-15 11:00:00,2,236,376
2023-12-15 11:00:00,3,161,292
2023-12-15 11:00:00,4,138,268
2023-12-15 11:00:00,5,186,243
2023-12-15 11:00:00,6,162,231
2023-12-15 11:00:00,7,230,195
2023-12-15 11:00:00,8,142,190
2023-12-15 11:00:00,9,239,181
2023-12-15 11:00:00,10,170,179
2023-12-15 12:00:00,1,236,421
2023-12-15 12:00:00,2,237,384
2023-12-15 12:00:00,3,161,321
2023-12-15 12:00:00,4,162,236
2023-12-15 12:00:00,5,142,232
2023-12-15 12:00:00,6,138,225
2023-12-15 12:00:00,7,239,224
2023-12-15 12:00:00,8,186,206
2023-12-15 12:00:00,9,170,200
2023-12-15 12:00:00,10,234,197
2023-12-15 13:00:00,1,237,408
2023-12-15 13:00:00,2,236,352
2023-12-15 13:00:00,3,161,318
2023-12-15 13:00:00,4,138,276
2023-12-15 13:00:00,5,162,232
2023-12-15 13:00:00,6,163,230
2023-12-15 13:00:00,7,132,223
2023-12-15 13:00:00,8,239,214
2023-12-15 13:00:00,9,68,211
2023-12-15 13:00:00,10,142,204
2023-12-15 14:00:00,1,237,503
2023-12-15 14:00:00,2,236,412
2023-12-15 14:00:00,3,161,377
2023-12-15 14:00:00,4,138,344
2023-12-15 14:00:00,5,132,293
2023-12-15 14:00:00,6,239,260
2023-12-15 14:00:00,7,142,259
2023-12-15 14:00:00,8,163,256
2023-12-15 14:00:00,9,234,243
2023-12-15 14:00:00,10,162,226
2023-12-15 15:00:00,1,236,552
2023-12-15 15:00:00,2,237,499
2023-12-15 15:00:00,3,161,356
2023-12-15 15:00:00,4,132,329
2023-12-15 15:00:00,5,138,328
2023-12-15 15:00:00,6,142,308
2023-12-15 15:00:00,7,238,284
2023-12-15 15:00:00,8,162,281
2023-12-15 15:00:00,9,239,272
2023-12-15 15:00:00,10,234,257
2023-12-15 16:00:00,1,237,479
2023-12-15 16:00:00,2,236,439
2023-12-15 16:00:00,3,161,339
2023-12-15 16:00:00,4,132,320
2023-12-15 16:00:00,5,138,310
2023-12-15 16:00:00,6,162,285
2023-12-15 16:00:00,7,163,275
2023-12-15 16:00:00,8,43,257
2023-12-15 16:00:00,9,186,243
2023-12-15 16:00:00,10,234,241
2023-12-15 17:00:00,1,237,483
2023-12-15 17:00:00,2,236,462
2023-12-15 17:00:00,3,161,445
2023-12-15 17:00:00,4,162,383
2023-12-15 17:00:00,5,239,319
2023-12-15 17:00:00,6,132,298
2023-12-15 17:00:00,7,170,297
2023-12-15 17:00:00,8,142,292
2023-12-15 17:00:00,9,163,291
2023-12-15 17:00:00,10,234,279
2023-12-15 18:00:00,1,236,592
2023-12-15 18:00:00,2,237,541
2023-12-15 18:00:00,3,161,410
2023-12-15 18:00:00,4,162,398
2023-12-15 18:00:00,5,186,345
2023-12-15 18:00:00,6,170,344
2023-12-15 18:00:00,7,234,330
2023-12-15 18:00:00,8,142,306
2023-12-15 18:00:00,9,239,306
2023-12-15 18:00:00,10,163,299
2023-12-15 19:00:00,1,236,474
2023-12-15 19:00:00,2,237,462
2023-12-15 19:00:00,3,161,396
2023-12-15 19:00:00,4,132,334
2023-12-15 19:00:00,5,162,324
2023-12-15 19:00:00,6,234,311
2023-12-15 19:00:00,7,170,309
2023-12-15 19:00:00,8,186,304
2023-12-15 19:00:00,9,107,269
2023-12-15 19:00:00,10,142,267
2023-12-15 20:00:00,1,237,379
2023-12-15 20:00:00,2,161,292
2023-12-15 20:00:00,3,236,289
2023-12-15 20:00:00,4,132,278
2023-12-15 20:00:00,5,234,255
2023-12-15 20:00:00,6,170,246
2023-12-15 20:00:00,7,249,244
2023-12-15 20:00:00,8,162,239
2023-12-15 20:00:00,9,186,239
2023-12-15 20:00:00,10,79,223
2023-12-15 21:00:00,1,142,466
2023-12-15 21:00:00,2,237,443
2023-12-15 21:00:00,3,161,331
2023-12-15 21:00:00,4,79,250
2023-12-15 21:00:00,5,132,250
2023-12-15 21:00:00,6,186,248
2023-12-15 21:00:00,7,236,245
2023-12-15 21:00:00,8,163,236
2023-12-15 21:00:00,9,249,236
2023-12-15 21:00:00,10,234,235
2023-12-15 22:00:00,1,142,480
2023-12-15 22:00:00,2,237,411
2023-12-15 22:00:00,3,79,379
2023-12-15 22:00:00,4,249,322
2023-12-15 22:00:00,5,161,305
2023-12-15 22:00:00,6,132,291
2023-12-15 22:00:00,7,48,258
2023-12-15 22:00:00,8,234,250
2023-12-15 22:00:00,9,107,249
2023-12-15 22:00:00,10,162,249
2023-12-15 23:00:00,1,79,462
2023-12-15 23:00:00,2,249,420
2023-12-15 23:00:00,3,161,389
2023-12-15 23:00:00,4,107,294
2023-12-15 23:00:00,5,48,276
2023-12-15 23:00:00,6,234,276
2023-12-15 23:00:00,7,237,275
2023-12-15 23:00:00,8,132,271
2023-12-15 23:00:00,9,142,260
2023-12-15 23:00:00,10,230,260
2023-12-16 00:00:00,1,79,602
2023-12-16 00:00:00,2,249,365
2023-12-16 00:00:00,3,148,336
2023-12-16 00:00:00,4,48,307
2023-12-16 00:00:00,5,161,307
2023-12-16 00:00:00,6,107,299
2023-12-16 00:00:00,7,230,242
2023-12-16 00:00:00,8,234,228
2023-12-16 00:00:00,9,114,217
2023-12-16 00:00:00,10,170,217
2023-12-16 01:00:00,1,79,696
2023-12-16 01:00:00,2,249,462
2023-12-16 01:00:00,3,148,398
2023-12-16 01:00:00,4,107,278
2023-12-16 01:00:00,5,114,270
2023-12-16 01:00:00,6,48,233
2023-12-16 01:00:00,7,230,187
2023-12-16 01:00:00,8,234,186
2023-12-16 01:00:00,9,231,184
2023-12-16 01:00:00,10,164,175
2023-12-16 02:00:00,1,79,528
2023-12-16 02:00:00,2,148,384
2023-12-16 02:00:00,3,249,365
2023-12-16 02:00:00,4,114,288
2023-12-16 02:00:00,5,48,168
2023-12-16 02:00:00,6,144,158
2023-12-16 02:00:00,7,158,156
2023-12-16 02:00:00,8,90,105
2023-12-16 02:00:00,9,231,105
2023-12-16 02:00:00,10,211,102
2023-12-16 03:00:00,1,79,436
2023-12-16 03:00:00,2,148,321
2023-12-16 03:00:00,3,249,253
2023-12-16 03:00:00,4,114,161
2023-12-16 03:00:00,5,144,148
2023-12-16 03:00:00,6,158,102
2023-12-16 03:00:00,7,48,95
2023-12-16 03:00:00,8,246,95
2023-12-16 03:00:00,9,231,85
2023-12-16 03:00:00,10,107,79
2023-12-16 04:00:00,1,79,162
2023-12-16 04:00:00,2,148,146
2023-12-16 04:00:00,3,48,107
2023-12-16 04:00:00,4,249,85
2023-12-16 04:00:00,5,164,66
2023-12-16 04:00:00,6,144,62
2023-12-16 04:00:00,7,246,54
2023-12-16 04:00:00,8,114,51
2023-12-16 04:00:00,9,107,45
2023-12-16 04:00:00,10,231,43
2023-12-16 05:00:00,1,132,41
2023-12-16 05:00:00,2,48,37
2023-12-16 05:00:00,3,230,30
2023-12-16 05:00:00,4,79,26
2023-12-16 05:00:00,5,229,23
2023-12-16 05:00:00,6,107,19
2023-12-16 05:00:00,7,186,19
2023-12-16 05:00:00,8,263,19
2023-12-16 05:00:00,9,148,18
2023-12-16 05:00:00,10,68,15
2023-12-16 06:00:00,1,132,131
2023-12-16 06:00:00,2,230,40
2023-12-16 06:00:00,3,162,39
2023-12-16 06:00:00,4,48,32
2023-12-16 06:00:00,5,186,32
2023-12-16 06:00:00,6,263,31
2023-12-16 06:00:00,7,236,29
2023-12-16 06:00:00,8,79,26
2023-12-16 06:00:00,9,229,25
2023-12-16 06:00:00,10,170,23
2023-12-16 07:00:00,1,132,139
2023-12-16 07:00:00,2,238,60
2023-12-16 07:00:00,3,162,56
2023-12-16 07:00:00,4,236,53
2023-12-16 07:00:00,5,262,46
2023-12-16 07:00:00,6,141,45
2023-12-16 07:00:00,7,48,42
2023-12-16 07:00:00,8,230,42
2023-12-16 07:00:00,9,239,42
2023-12-16 07:00:00,10,229,41
2023-12-16 08:00:00,1,132,155
2023-12-16 08:00:00,2,236,118
2023-12-16 08:00:00,3,230,99
2023-12-16 08:00:00,4,237,97
2023-12-16 08:00:00,5,141,90
2023-12-16 08:00:00,6,161,78
2023-12-16 08:00:00,7,142,77
2023-12-16 08:00:00,8,238,76
2023-12-16 08:00:00,9,162,75
2023-12-16 08:00:00,10,48,74
2023-12-16 09:00:00,1,230,191
2023-12-16 09:00:00,2,236,187
2023-12-16 09:00:00,3,239,156
2023-12-16 09:00:00,4,237,153
2023-12-16 09:00:00,5,161,147
2023-12-16 09:00:00,6,186,145
2023-12-16 09:00:00,7,238,135
2023-12-16 09:00:00,8,162,132
2023-12-16 09:00:00,9,48,129
2023-12-16 09:00:00,10,142,124
2023-12-16 10:00:00,1,236,258
2023-12-16 10:00:00,2,237,244
2023-12-16 10:00:00,3,230,215
2023-12-16 10:00:00,4,161,200
2023-12-16 10:00:00,5,186,196
2023-12-16 10:00:00,6,239,184
2023-12-16 10:00:00,7,162,179
2023-12-16 10:00:00,8,142,164
2023-12-16 10:00:00,9,138,152
2023-12-16 10:00:00,10,263,150
2023-12-16 11:00:00,1,237,307
2023-12-16 11:00:00,2,161,296
2023-12-16 11:00:00,3,236,294
2023-12-16 11:00:00,4,186,254
2023-12-16 11:00:00,5,230,245
2023-12-16 11:00:00,6,162,240
2023-12-16 11:00:00,7,142,210
2023-12-16 11:00:00,8,239,205
2023-12-16 11:00:00,9,68,186
2023-12-16 11:00:00,10,263,173
2023-12-16 12:00:00,1,237,371
2023-12-16 12:00:00,2,236,345
2023-12-16 12:00:00,3,161,321
2023-12-16 12:00:00,4,186,282
2023-12-16 12:00:00,5,142,250
2023-12-16 12:00:00,6,162,239
2023-12-16 12:00:00,7,239,222
2023-12-16 12:00:00,8,163,219
2023-12-16 12:00:00,9,230,193
2023-12-16 12:00:00,10,68,185
2023-12-16 13:00:00,1,237,383
2023-12-16 13:00:00,2,236,373
2023-12-16 13:00:00,3,142,293
2023-12-16 13:00:00,4,161,284
2023-12-16 13:00:00,5,239,265
2023-12-16 13:00:00,6,163,245
2023-12-16 13:00:00,7,186,239
2023-12-16 13:00:00,8,234,238
2023-12-16 13:00:00,9,162,233
2023-12-16 13:00:00,10,230,227
2023-12-16 14:00:00,1,237,413
2023-12-16 14:00:00,2,236,361
2023-12-16 14:00:00,3,142,336
2023-12-16 14:00:00,4,161,280
2023-12-16 14:00:00,5,239,261
2023-12-16 14:00:00,6,132,241
2023-12-16 14:00:00,7,186,241
2023-12-16 14:00:00,8,163,228
2023-12-16 14:00:00,9,234,224
2023-12-16 14:00:00,10,162,222
2023-12-16 15:00:00,1,237,432
2023-12-16 15:00:00,2,236,407
2023-12-16 15:00:00,3,132,319
2023-12-16 15:00:00,4,161,313
2023-12-16 15:00:00,5,142,310
2023-12-16 15:00:00,6,162,261
2023-12-16 15:00:00,7,239,260
2023-12-16 15:00:00,8,234,249
2023-12-16 15:00:00,9,163,235
2023-12-16 15:00:00,10,43,227
2023-12-16 16:00:00,1,237,500
2023-12-16 16:00:00,2,236,357
2023-12-16 16:00:00,3,142,323
2023-12-16 16:00:00,4,161,273
2023-12-16 16:00:00,5,132,272
2023-12-16 16:00:00,6,68,250
2023-12-16 16:00:00,7,234,250
2023-12-16 16:00:00,8,239,250
2023-12-16 16:00:00,9,162,230
2023-12-16 16:00:00,10,43,223
2023-12-16 17:00:00,1,237,431
2023-12-16 17:00:00,2,236,374
2023-12-16 17:00:00,3,142,335
2023-12-16 17:00:00,4,132,294
2023-12-16 17:00:00,5,162,293
2023-12-16 17:00:00,6,239,283
2023-12-16 17:00:00,7,170,268
2023-12-16 17:00:00,8,79,257
2023-12-16 17:00:00,9,234,248
2023-12-16 17:00:00,10,163,243
2023-12-16 18:00:00,1,237,451
2023-12-16 18:00:00,2,236,440
2023-12-16 18:00:00,3,142,361
2023-12-16 18:00:00,4,239,270
2023-12-16 18:00:00,5,162,267
2023-12-16 18:00:00,6,132,250
2023-12-16 18:00:00,7,141,243
2023-12-16 18:00:00,8,234,231
2023-12-16 18:00:00,9,186,228
2023-12-16 18:00:00,10,79,226
2023-12-16 19:00:00,1,236,418
2023-12-16 19:00:00,2,237,397
2023-12-16 19:00:00,3,142,342
2023-12-16 19:00:00,4,79,299
2023-12-16 19:00:00,5,249,295
2023-12-16 19:00:00,6,141,292
2023-12-16 19:00:00,7,239,283
2023-12-16 19:00:00,8,107,267
2023-12-16 19:00:00,9,234,266
2023-12-16 19:00:00,10,170,251
2023-12-16 20:00:00,1,237,348
2023-12-16 20:00:00,2,236,322
2023-12-16 20:00:00,3,142,286
2023-12-16 20:00:00,4,132,277
2023-12-16 20:00:00,5,249,277
2023-12-16 20:00:00,6,79,266
2023-12-16 20:00:00,7,141,257
2023-12-16 20:00:00,8,107,241
2023-12-16 20:00:00,9,162,236
2023-12-16 20:00:00,10,234,236
2023-12-16 21:00:00,1,142,390
2023-12-16 21:00:00,2,237,324
2023-12-16 21:00:00,3,79,302
2023-12-16 21:00:00,4,249,289
2023-12-16 21:00:00,5,132,257
2023-12-16 21:00:00,6,236,252
2023-12-16 21:00:00,7,141,251
2023-12-16 21:00:00,8,163,215
2023-12-16 21:00:00,9,107,214
2023-12-16 21:00:00,10,162,198
2023-12-16 22:00:00,1,142,485
2023-12-16 22:00:00,2,249,373
2023-12-16 22:00:00,3,79,361
2023-12-16 22:00:00,4,237,305
2023-12-16 22:00:00,5,132,258
2023-12-16 22:00:00,6,239,247
2023-12-16 22:00:00,7,48,245
2023-12-16 22:00:00,8,68,243
2023-12-16 22:00:00,9,236,234
2023-12-16 22:00:00,10,234,230
2023-12-16 23:00:00,1,79,488
2023-12-16 23:00:00,2,142,386
2023-12-16 23:00:00,3,249,382
2023-12-16 23:00:00,4,237,305
2023-12-16 23:00:00,5,107,280
2023-12-16 23:00:00,6,234,263
2023-12-16 23:00:00,7,161,262
2023-12-16 23:00:00,8,132,247
2023-12-16 23:00:00,9,148,233
2023-12-16 23:00:00,10,114,224
2023-12-17 00:00:00,1,79,587
2023-12-17 00:00:00,2,249,405
2023-12-17 00:00:00,3,107,290
2023-12-17 00:00:00,4,148,285
2023-12-17 00:00:00,5,48,271
2023-12-17 00:00:00,6,114,257
2023-12-17 00:00:00,7,234,254
2023-12-17 00:00:00,8,161,237
2023-12-17 00:00:00,9,230,201
2023-12-17 00:00:00,10,90,185
2023-12-17 01:00:00,1,79,726
2023-12-17 01:00:00,2,249,472
2023-12-17 01:00:00,3,148,407
2023-12-17 01:00:00,4,114,391
2023-12-17 01:00:00,5,48,230
2023-12-17 01:00:00,6,107,220
2023-12-17 01:00:00,7,230,195
2023-12-17 01:00:00,8,90,184
2023-12-17 01:00:00,9,234,183
2023-12-17 01:00:00,10,231,167
2023-12-17 02:00:00,1,79,630
2023-12-17 02:00:00,2,148,406
2023-12-17 02:00:00,3,249,393
2023-12-17 02:00:00,4,114,344
2023-12-17 02:00:00,5,48,202
2023-12-17 02:00:00,6,107,201
2023-12-17 02:00:00,7,144,201
2023-12-17 02:00:00,8,90,162
2023-12-17 02:00:00,9,158,148
2023-12-17 02:00:00,10,68,142
2023-12-17 03:00:00,1,79,392
2023-12-17 03:00:00,2,148,269
2023-12-17 03:00:00,3,249,243
2023-12-17 03:00:00,4,114,186
2023-12-17 03:00:00,5,246,152
2023-12-17 03:00:00,6,144,135
2023-12-17 03:00:00,7,68,120
2023-12-17 03:00:00,8,158,111
2023-12-17 03:00:00,9,48,107
2023-12-17 03:00:00,10,107,106
2023-12-17 04:00:00,1,79,155
2023-12-17 04:00:00,2,148,127
2023-12-17 04:00:00,3,68,106
2023-12-17 04:00:00,4,48,101
2023-12-17 04:00:00,5,249,95
2023-12-17 04:00:00,6,246,85
2023-12-17 04:00:00,7,90,65
2023-12-17 04:00:00,8,144,59
2023-12-17 04:00:00,9,114,54
2023-12-17 04:00:00,10,230,48
2023-12-17 05:00:00,1,132,43
2023-12-17 05:00:00,2,79,39
2023-12-17 05:00:00,3,48,38
2023-12-17 05:00:00,4,230,36
2023-12-17 05:00:00,5,164,35
2023-12-17 05:00:00,6,107,28
2023-12-17 05:00:00,7,90,27
2023-12-17 05:00:00,8,170,23
2023-12-17 05:00:00,9,100,22
2023-12-17 05:00:00,10,234,22
2023-12-17 06:00:00,1,132,107
2023-12-17 06:00:00,2,230,43
2023-12-17 06:00:00,3,48,40
2023-12-17 06:00:00,4,161,37
2023-12-17 06:00:00,5,141,26
2023-12-17 06:00:00,6,186,25
2023-12-17 06:00:00,7,164,24
2023-12-17 06:00:00,8,263,23
2023-12-17 06:00:00,9,107,21
2023-12-17 06:00:00,10,162,21
2023-12-17 07:00:00,1,132,175
2023-12-17 07:00:00,2,230,57
2023-12-17 07:00:00,3,161,48
2023-12-17 07:00:00,4,163,46
2023-12-17 07:00:00,5,236,41
2023-12-17 07:00:00,6,162,40
2023-12-17 07:00:00,7,164,39
2023-12-17 07:00:00,8,238,37
2023-12-17 07:00:00,9,263,37
2023-12-17 07:00:00,10,237,36
2023-12-17 08:00:00,1,132,196
2023-12-17 08:00:00,2,230,112
2023-12-17 08:00:00,3,161,90
2023-12-17 08:00:00,4,48,83
2023-12-17 08:00:00,5,236,83
2023-12-17 08:00:00,6,237,73
2023-12-17 08:00:00,7,163,71
2023-12-17 08:00:00,8,162,69
2023-12-17 08:00:00,9,239,69
2023-12-17 08:00:00,10,141,60
2023-12-17 09:00:00,1,230,190
2023-12-17 09:00:00,2,132,184
2023-12-17 09:00:00,3,236,157
2023-12-17 09:00:00,4,162,151
2023-12-17 09:00:00,5,237,136
2023-12-17 09:00:00,6,161,134
2023-12-17 09:00:00,7,163,122
2023-12-17 09:00:00,8,138,115
2023-12-17 09:00:00,9,238,112
2023-12-17 09:00:00,10,239,112
2023-12-17 10:00:00,1,230,263
2023-12-17 10:00:00,2,237,242
2023-12-17 10:00:00,3,236,222
2023-12-17 10:00:00,4,239,199
2023-12-17 10:00:00,5,162,185
2023-12-17 10:00:00,6,138,170
2023-12-17 10:00:00,7,238,170
2023-12-17 10:00:00,8,161,157
2023-12-17 10:00:00,9,132,155
2023-12-17 10:00:00,10,163,155
2023-12-17 11:00:00,1,236,291
2023-12-17 11:00:00,2,230,284
2023-12-17 11:00:00,3,237,264
2023-12-17 11:00:00,4,161,234
2023-12-17 11:00:00,5,142,219
2023-12-17 11:00:00,6,239,211
2023-12-17 11:00:00,7,170,191
2023-12-17 11:00:00,8,186,186
2023-12-17 11:00:00,9,162,182
2023-12-17 11:00:00,10,141,171
2023-12-17 12:00:00,1,236,364
2023-12-17 12:00:00,2,237,330
2023-12-17 12:00:00,3,161,280
2023-12-17 12:00:00,4,239,259
2023-12-17 12:00:00,5,186,254
2023-12-17 12:00:00,6,230,235
2023-12-17 12:00:00,7,142,231
2023-12-17 12:00:00,8,138,214
2023-12-17 12:00:00,9,162,203
2023-12-17 12:00:00,10,43,186
2023-12-17 13:00:00,1,237,388
2023-12-17 13:00:00,2,236,359
2023-12-17 13:00:00,3,239,337
2023-12-17 13:00:00,4,142,300
2023-12-17 13:00:00,5,43,263
2023-12-17 13:00:00,6,230,262
2023-12-17 13:00:00,7,68,254
2023-12-17 13:00:00,8,162,243
2023-12-17 13:00:00,9,163,234
2023-12-17 13:00:00,10,141,223
2023-12-17 14:00:00,1,237,406
2023-12-17 14:00:00,2,236,403
2023-12-17 14:00:00,3,132,316
2023-12-17 14:00:00,4,142,276
2023-12-17 14:00:00,5,138,265
2023-12-17 14:00:00,6,239,262
2023-12-17 14:00:00,7,68,226
2023-12-17 14:00:00,8,230,221
2023-12-17 14:00:00,9,161,214
2023-12-17 14:00:00,10,162,209
2023-12-17 15:00:00,1,236,354
2023-12-17 15:00:00,2,237,327
2023-12-17 15:00:00,3,132,312
2023-12-17 15:00:00,4,142,293
2023-12-17 15:00:00,5,138,268
2023-12-17 15:00:00,6,239,259
2023-12-17 15:00:00,7,161,224
2023-12-17 15:00:00,8,162,205
2023-12-17 15:00:00,9,230,186
2023-12-17 15:00:00,10,68,178
2023-12-17 16:00:00,1,236,326
2023-12-17 16:00:00,2,132,311
2023-12-17 16:00:00,3,237,289
2023-12-17 16:00:00,4,142,270
2023-12-17 16:00:00,5,138,269
2023-12-17 16:00:00,6,230,240
2023-12-17 16:00:00,7,186,234
2023-12-17 16:00:00,8,239,221
2023-12-17 16:00:00,9,162,217
2023-12-17 16:00:00,10,43,209
2023-12-17 17:00:00,1,132,291
2023-12-17 17:00:00,2,236,288
2023-12-17 17:00:00,3,237,278
2023-12-17 17:00:00,4,142,268
2023-12-17 17:00:00,5,230,259
2023-12-17 17:00:00,6,161,223
2023-12-17 17:00:00,7,162,213
2023-12-17 17:00:00,8,163,204
2023-12-17 17:00:00,9,239,195
2023-12-17 17:00:00,10,138,189
2023-12-17 18:00:00,1,142,286
2023-12-17 18:00:00,2,236,275
2023-12-17 18:00:00,3,237,269
2023-12-17 18:00:00,4,161,247
2023-12-17 18:00:00,5,230,240
2023-12-17 18:00:00,6,138,239
2023-12-17 18:00:00,7,162,237
2023-12-17 18:00:00,8,186,203
2023-12-17 18:00:00,9,239,199
2023-12-17 18:00:00,10,132,191
2023-12-17 19:00:00,1,142,321
2023-12-17 19:00:00,2,132,291
2023-12-17 19:00:00,3,138,240
2023-12-17 19:00:00,4,161,227
2023-12-17 19:00:00,5,237,219
2023-12-17 19:00:00,6,186,187
2023-12-17 19:00:00,7,236,187
2023-12-17 19:00:00,8,230,165
2023-12-17 19:00:00,9,48,164
2023-12-17 19:00:00,10,162,160
2023-12-17 20:00:00,1,132,312
2023-12-17 20:00:00,2,138,210
2023-12-17 20:00:00,3,230,189
2023-12-17 20:00:00,4,142,184
2023-12-17 20:00:00,5,186,178
2023-12-17 20:00:00,6,237,165
2023-12-17 20:00:00,7,161,164
2023-12-17 20:00:00,8,236,150
2023-12-17 20:00:00,9,162,139
2023-12-17 20:00:00,10,48,135
2023-12-17 21:00:00,1,138,247
2023-12-17 21:00:00,2,132,242
2023-12-17 21:00:00,3,230,211
2023-12-17 21:00:00,4,142,208
2023-12-17 21:00:00,5,161,191
2023-12-17 21:00:00,6,186,165
2023-12-17 21:00:00,7,249,155
2023-12-17 21:00:00,8,48,145
2023-12-17 21:00:00,9,237,140
2023-12-17 21:00:00,10,79,128
2023-12-17 22:00:00,1,132,308
2023-12-17 22:00:00,2,186,292
2023-12-17 22:00:00,3,230,169
2023-12-17 22:00:00,4,48,150
2023-12-17 22:00:00,5,138,143
2023-12-17 22:00:00,6,164,141
2023-12-17 22:00:00,7,68,128
2023-12-17 22:00:00,8,161,122
2023-12-17 22:00:00,9,249,117
2023-12-17 22:00:00,10,79,109
2023-12-17 23:00:00,1,132,290
2023-12-17 23:00:00,2,138,176
2023-12-17 23:00:00,3,230,157
2023-12-17 23:00:00,4,161,128
2023-12-17 23:00:00,5,186,113
2023-12-17 23:00:00,6,48,89
2023-12-17 23:00:00,7,249,83
2023-12-17 23:00:00,8,79,82
2023-12-17 23:00:00,9,114,73
2023-12-17 23:00:00,10,163,65
2023-12-18 00:00:00,1,132,219
2023-12-18 00:00:00,2,138,174
2023-12-18 00:00:00,3,230,90
2023-12-18 00:00:00,4,186,86
2023-12-18 00:00:00,5,114,79
2023-12-18 00:00:00,6,48,78
2023-12-18 00:00:00,7,79,76
2023-12-18 00:00:00,8,249,66
2023-12-18 00:00:00,9,68,65
2023-12-18 00:00:00,10,161,55
2023-12-18 01:00:00,1,132,195
2023-12-18 01:00:00,2,48,50
2023-12-18 01:00:00,3,186,48
2023-12-18 01:00:00,4,230,28
2023-12-18 01:00:00,5,114,27
2023-12-18 01:00:00,6,249,26
2023-12-18 01:00:00,7,68,22
2023-12-18 01:00:00,8,246,21
2023-12-18 01:00:00,9,79,20
2023-12-18 01:00:00,10,107,19
2023-12-18 02:00:00,1,132,33
2023-12-18 02:00:00,2,48,25
2023-12-18 02:00:00,3,249,20
2023-12-18 02:00:00,4,79,18
2023-12-18 02:00:00,5,230,18
2023-12-18 02:00:00,6,114,16
2023-12-18 02:00:00,7,186,15
2023-12-18 02:00:00,8,68,12
2023-12-18 02:00:00,9,107,11
2023-12-18 02:00:00,10,246,10
2023-12-18 03:00:00,1,186,34
2023-12-18 03:00:00,2,48,24
2023-12-18 03:00:00,3,230,19
2023-12-18 03:00:00,4,68,18
2023-12-18 03:00:00,5,79,17
2023-12-18 03:00:00,6,249,16
2023-12-18 03:00:00,7,132,15
2023-12-18 03:00:00,8,246,15
2023-12-18 03:00:00,9,90,10
2023-12-18 03:00:00,10,125,10
2023-12-18 04:00:00,1,186,47
2023-12-18 04:00:00,2,48,43
2023-12-18 04:00:00,3,230,23
2023-12-18 04:00:00,4,246,18
2023-12-18 04:00:00,5,79,17
2023-12-18 04:00:00,6,141,16
2023-12-18 04:00:00,7,68,15
2023-12-18 04:00:00,8,163,14
2023-12-18 04:00:00,9,132,13
2023-12-18 04:00:00,10,170,12
2023-12-18 05:00:00,1,186,65
2023-12-18 05:00:00,2,48,48
2023-12-18 05:00:00,3,100,43
2023-12-18 05:00:00,4,132,34
2023-12-18 05:00:00,5,230,25
2023-12-18 05:00:00,6,263,23
2023-12-18 05:00:00,7,239,22
2023-12-18 05:00:00,8,238,18
2023-12-18 05:00:00,9,170,17
2023-12-18 05:00:00,10,233,15
2023-12-18 06:00:00,1,186,151
2023-12-18 06:00:00,2,162,92
2023-12-18 06:00:00,3,132,84
2023-12-18 06:00:00,4,48,81
2023-12-18 06:00:00,5,100,79
2023-12-18 06:00:00,6,236,79
2023-12-18 06:00:00,7,170,64
2023-12-18 06:00:00,8,263,58
2023-12-18 06:00:00,9,238,53
2023-12-18 06:00:00,10,262,52
2023-12-18 07:00:00,1,236,273
2023-12-18 07:00:00,2,237,211
2023-12-18 07:00:00,3,140,166
2023-12-18 07:00:00,4,141,165
2023-12-18 07:00:00,5,162,162
2023-12-18 07:00:00,6,186,147
2023-12-18 07:00:00,7,229,126
2023-12-18 07:00:00,8,239,122
2023-12-18 07:00:00,9,170,116
2023-12-18 07:00:00,10,262,114
2023-12-18 08:00:00,1,236,324
2023-12-18 08:00:00,2,237,249
2023-12-18 08:00:00,3,186,187
2023-12-18 08:00:00,4,162,174
2023-12-18 08:00:00,5,238,169
2023-12-18 08:00:00,6,140,160
2023-12-18 08:00:00,7,141,160
2023-12-18 08:00:00,8,239,158
2023-12-18 08:00:00,9,262,150
2023-12-18 08:00:00,10,132,137
2023-12-18 09:00:00,1,236,300
2023-12-18 09:00:00,2,237,250
2023-12-18 09:00:00,3,162,228
2023-12-18 09:00:00,4,186,193
2023-12-18 09:00:00,5,239,173
2023-12-18 09:00:00,6,161,172
2023-12-18 09:00:00,7,230,156
2023-12-18 09:00:00,8,238,154
2023-12-18 09:00:00,9,140,142
2023-12-18 09:00:00,10,170,137
2023-12-18 10:00:00,1,236,334
2023-12-18 10:00:00,2,237,292
2023-12-18 10:00:00,3,161,213
2023-12-18 10:00:00,4,230,210
2023-12-18 10:00:00,5,162,208
2023-12-18 10:00:00,6,138,190
2023-12-18 10:00:00,7,239,190
2023-12-18 10:00:00,8,186,177
2023-12-18 10:00:00,9,170,173
2023-12-18 10:00:00,10,140,171
2023-12-18 11:00:00,1,237,373
2023-12-18 11:00:00,2,236,354
2023-12-18 11:00:00,3,161,289
2023-12-18 11:00:00,4,162,229
2023-12-18 11:00:00,5,230,228
2023-12-18 11:00:00,6,186,204
2023-12-18 11:00:00,7,142,199
2023-12-18 11:00:00,8,140,194
2023-12-18 11:00:00,9,163,193
2023-12-18 11:00:00,10,170,191
2023-12-18 12:00:00,1,236,422
2023-12-18 12:00:00,2,237,394
2023-12-18 12:00:00,3,161,344
2023-12-18 12:00:00,4,162,235
2023-12-18 12:00:00,5,230,222
2023-12-18 12:00:00,6,186,218
2023-12-18 12:00:00,7,239,218
2023-12-18 12:00:00,8,43,211
2023-12-18 12:00:00,9,142,210
2023-12-18 12:00:00,10,163,209
2023-12-18 13:00:00,1,236,386
2023-12-18 13:00:00,2,237,378
2023-12-18 13:00:00,3,161,308
2023-12-18 13:00:00,4,162,251
2023-12-18 13:00:00,5,239,236
2023-12-18 13:00:00,6,142,228
2023-12-18 13:00:00,7,163,228
2023-12-18 13:00:00,8,186,214
2023-12-18 13:00:00,9,230,204
2023-12-18 13:00:00,10,43,203
2023-12-18 14:00:00,1,237,417
2023-12-18 14:00:00,2,161,352
2023-12-18 14:00:00,3,236,349
2023-12-18 14:00:00,4,132,240
2023-12-18 14:00:00,5,162,231
2023-12-18 14:00:00,6,230,227
2023-12-18 14:00:00,7,138,221
2023-12-18 14:00:00,8,239,209
2023-12-18 14:00:00,9,43,205
2023-12-18 14:00:00,10,163,204
2023-12-18 15:00:00,1,236,487
2023-12-18 15:00:00,2,237,421
2023-12-18 15:00:00,3,161,373
2023-12-18 15:00:00,4,132,268
2023-12-18 15:00:00,5,239,238
2023-12-18 15:00:00,6,43,230
2023-12-18 15:00:00,7,138,219
2023-12-18 15:00:00,8,230,206
2023-12-18 15:00:00,9,142,203
2023-12-18 15:00:00,10,162,195
2023-12-18 16:00:00,1,236,500
2023-12-18 16:00:00,2,237,385
2023-12-18 16:00:00,3,161,347
2023-12-18 16:00:00,4,132,313
2023-12-18 16:00:00,5,162,237
2023-12-18 16:00:00,6,43,223
2023-12-18 16:00:00,7,239,222
2023-12-18 16:00:00,8,142,202
2023-12-18 16:00:00,9,138,201
2023-12-18 16:00:00,10,163,200
2023-12-18 17:00:00,1,236,450
2023-12-18 17:00:00,2,237,417
2023-12-18 17:00:00,3,161,392
2023-12-18 17:00:00,4,162,321
2023-12-18 17:00:00,5,132,306
2023-12-18 17:00:00,6,163,287
2023-12-18 17:00:00,7,230,273
2023-12-18 17:00:00,8,142,266
2023-12-18 17:00:00,9,138,221
2023-12-18 17:00:00,10,239,216
2023-12-18 18:00:00,1,161,496
2023-12-18 18:00:00,2,237,397
2023-12-18 18:00:00,3,236,379
2023-12-18 18:00:00,4,162,369
2023-12-18 18:00:00,5,163,298
2023-12-18 18:00:00,6,230,281
2023-12-18 18:00:00,7,132,242
2023-12-18 18:00:00,8,142,239
2023-12-18 18:00:00,9,170,210
2023-12-18 18:00:00,10,186,205
2023-12-18 19:00:00,1,161,486
2023-12-18 19:00:00,2,237,331
2023-12-18 19:00:00,3,132,304
2023-12-18 19:00:00,4,236,257
2023-12-18 19:00:00,5,162,256
2023-12-18 19:00:00,6,163,233
2023-12-18 19:00:00,7,230,219
2023-12-18 19:00:00,8,142,209
2023-12-18 19:00:00,9,138,201
2023-12-18 19:00:00,10,234,187
2023-12-18 20:00:00,1,161,457
2023-12-18 20:00:00,2,237,284
2023-12-18 20:00:00,3,162,270
2023-12-18 20:00:00,4,132,268
2023-12-18 20:00:00,5,230,251
2023-12-18 20:00:00,6,163,226
2023-12-18 20:00:00,7,234,209
2023-12-18 20:00:00,8,138,205
2023-12-18 20:00:00,9,236,196
2023-12-18 20:00:00,10,142,195
2023-12-18 21:00:00,1,161,356
2023-12-18 21:00:00,2,237,269
2023-12-18 21:00:00,3,132,254
2023-12-18 21:00:00,4,230,254
2023-12-18 21:00:00,5,163,248
2023-12-18 21:00:00,6,142,247
2023-12-18 21:00:00,7,162,222
2023-12-18 21:00:00,8,234,217
2023-12-18 21:00:00,9,239,210
2023-12-18 21:00:00,10,48,153
2023-12-18 22:00:00,1,161,289
2023-12-18 22:00:00,2,132,238
2023-12-18 22:00:00,3,230,235
2023-12-18 22:00:00,4,163,211
2023-12-18 22:00:00,5,234,196
2023-12-18 22:00:00,6,142,183
2023-12-18 22:00:00,7,249,182
2023-12-18 22:00:00,8,237,167
2023-12-18 22:00:00,9,79,132
2023-12-18 22:00:00,10,162,121
2023-12-18 23:00:00,1,132,295
2023-12-18 23:00:00,2,138,229
2023-12-18 23:00:00,3,230,193
2023-12-18 23:00:00,4,161,173
2023-12-18 23:00:00,5,163,118
2023-12-18 23:00:00,6,249,114
2023-12-18 23:00:00,7,79,109
2023-12-18 23:00:00,8,142,108
2023-12-18 23:00:00,9,234,104
2023-12-18 23:00:00,10,114,95
2023-12-19 00:00:00,1,132,184
2023-12-19 00:00:00,2,230,103
2023-12-19 00:00:00,3,138,84
2023-12-19 00:00:00,4,48,79
2023-12-19 00:00:00,5,161,78
2023-12-19 00:00:00,6,249,69
2023-12-19 00:00:00,7,100,62
2023-12-19 00:00:00,8,114,57
2023-12-19 00:00:00,9,79,56
2023-12-19 00:00:00,10,163,56
2023-12-19 01:00:00,1,132,70
2023-12-19 01:00:00,2,230,61
2023-12-19 01:00:00,3,48,48
2023-12-19 01:00:00,4,114,39
2023-12-19 01:00:00,5,79,37
2023-12-19 01:00:00,6,249,33
2023-12-19 01:00:00,7,100,31
2023-12-19 01:00:00,8,68,30
2023-12-19 01:00:00,9,164,29
2023-12-19 01:00:00,10,162,26
2023-12-19 02:00:00,1,132,47
2023-12-19 02:00:00,2,230,34
2023-12-19 02:00:00,3,114,29
2023-12-19 02:00:00,4,249,26
2023-12-19 02:00:00,5,48,21
2023-12-19 02:00:00,6,79,18
2023-12-19 02:00:00,7,68,15
2023-12-19 02:00:00,8,164,15
2023-12-19 02:00:00,9,186,13
2023-12-19 02:00:00,10,246,11
2023-12-19 03:00:00,1,230,24
2023-12-19 03:00:00,2,132,19
2023-12-19 03:00:00,3,48,18
2023-12-19 03:00:00,4,79,17
2023-12-19 03:00:00,5,68,15
2023-12-19 03:00:00,6,249,13
2023-12-19 03:00:00,7,229,12
2023-12-19 03:00:00,8,164,9
2023-12-19 03:00:00,9,186,9
2023-12-19 03:00:00,10,90,8
2023-12-19 04:00:00,1,48,30
2023-12-19 04:00:00,2,79,21
2023-12-19 04:00:00,3,230,18
2023-12-19 04:00:00,4,263,18
2023-12-19 04:00:00,5,249,17
2023-12-19 04:00:00,6,107,13
2023-12-19 04:00:00,7,140,13
2023-12-19 04:00:00,8,186,13
2023-12-19 04:00:00,9,229,11
2023-12-19 04:00:00,10,238,11
2023-12-19 05:00:00,1,186,52
2023-12-19 05:00:00,2,48,49
2023-12-19 05:00:00,3,100,44
2023-12-19 05:00:00,4,132,43
2023-12-19 05:00:00,5,263,36
2023-12-19 05:00:00,6,262,28
2023-12-19 05:00:00,7,107,27
2023-12-19 05:00:00,8,79,26
2023-12-19 05:00:00,9,230,25
2023-12-19 05:00:00,10,236,25
2023-12-19 06:00:00,1,186,131
2023-12-19 06:00:00,2,48,104
2023-12-19 06:00:00,3,132,90
2023-12-19 06:00:00,4,236,80
2023-12-19 06:00:00,5,100,78
2023-12-19 06:00:00,6,170,60
2023-12-19 06:00:00,7,262,60
2023-12-19 06:00:00,8,238,58
2023-12-19 06:00:00,9,141,57
2023-12-19 06:00:00,10,162,56
2023-12-19 07:00:00,1,236,344
2023-12-19 07:00:00,2,237,264
2023-12-19 07:00:00,3,186,205
2023-12-19 07:00:00,4,162,169
2023-12-19 07:00:00,5,239,151
2023-12-19 07:00:00,6,141,145
2023-12-19 07:00:00,7,140,137
2023-12-19 07:00:00,8,262,135
2023-12-19 07:00:00,9,238,121
2023-12-19 07:00:00,10,263,119
2023-12-19 08:00:00,1,236,400
2023-12-19 08:00:00,2,237,310
2023-12-19 08:00:00,3,186,223
2023-12-19 08:00:00,4,162,218
2023-12-19 08:00:00,5,239,199
2023-12-19 08:00:00,6,141,176
2023-12-19 08:00:00,7,142,175
2023-12-19 08:00:00,8,238,173
2023-12-19 08:00:00,9,140,171
2023-12-19 08:00:00,10,170,161
2023-12-19 09:00:00,1,236,440
2023-12-19 09:00:00,2,237,340
2023-12-19 09:00:00,3,162,260
2023-12-19 09:00:00,4,186,233
2023-12-19 09:00:00,5,161,208
2023-12-19 09:00:00,6,239,192
2023-12-19 09:00:00,7,138,182
2023-12-19 09:00:00,8,262,165
2023-12-19 09:00:00,9,140,161
2023-12-19 09:00:00,10,141,161
2023-12-19 10:00:00,1,236,381
2023-12-19 10:00:00,2,237,369
2023-12-19 10:00:00,3,162,239
2023-12-19 10:00:00,4,161,235
2023-12-19 10:00:00,5,170,225
2023-12-19 10:00:00,6,186,224
2023-12-19 10:00:00,7,138,206
2023-12-19 10:00:00,8,163,197
2023-12-19 10:00:00,9,142,187
2023-12-19 10:00:00,10,230,181
2023-12-19 11:00:00,1,236,393
2023-12-19 11:00:00,2,237,375
2023-12-19 11:00:00,3,161,289
2023-12-19 11:00:00,4,162,253
2023-12-19 11:00:00,5,186,233
2023-12-19 11:00:00,6,170,232
2023-12-19 11:00:00,7,138,229
2023-12-19 11:00:00,8,140,201
2023-12-19 11:00:00,9,230,198
2023-12-19 11:00:00,10,142,197
2023-12-19 12:00:00,1,237,446
2023-12-19 12:00:00,2,236,429
2023-12-19 12:00:00,3,161,355
2023-12-19 12:00:00,4,162,236
2023-12-19 12:00:00,5,239,235
2023-12-19 12:00:00,6,142,232
2023-12-19 12:00:00,7,170,210
2023-12-19 12:00:00,8,186,203
2023-12-19 12:00:00,9,141,196
2023-12-19 12:00:00,10,163,196
2023-12-19 13:00:00,1,236,444
2023-12-19 13:00:00,2,237,421
2023-12-19 13:00:00,3,161,355
2023-12-19 13:00:00,4,142,248
2023-12-19 13:00:00,5,162,234
2023-12-19 13:00:00,6,163,227
2023-12-19 13:00:00,7,170,219
2023-12-19 13:00:00,8,234,210
2023-12-19 13:00:00,9,239,204
2023-12-19 13:00:00,10,138,198
2023-12-19 14:00:00,1,237,536
2023-12-19 14:00:00,2,236,476
2023-12-19 14:00:00,3,161,385
2023-12-19 14:00:00,4,239,289
2023-12-19 14:00:00,5,142,279
2023-12-19 14:00:00,6,162,268
2023-12-19 14:00:00,7,163,268
2023-12-19 14:00:00,8,230,253
2023-12-19 14:00:00,9,132,249
2023-12-19 14:00:00,10,138,233
2023-12-19 15:00:00,1,236,562
2023-12-19 15:00:00,2,237,528
2023-12-19 15:00:00,3,161,387
2023-12-19 15:00:00,4,132,295
2023-12-19 15:00:00,5,162,291
2023-12-19 15:00:00,6,239,275
2023-12-19 15:00:00,7,142,274
2023-12-19 15:00:00,8,163,262
2023-12-19 15:00:00,9,138,256
2023-12-19 15:00:00,10,238,251
2023-12-19 16:00:00,1,236,568
2023-12-19 16:00:00,2,237,508
2023-12-19 16:00:00,3,161,396
2023-12-19 16:00:00,4,162,318
2023-12-19 16:00:00,5,132,276
2023-12-19 16:00:00,6,163,270
2023-12-19 16:00:00,7,239,259
2023-12-19 16:00:00,8,142,256
2023-12-19 16:00:00,9,230,244
2023-12-19 16:00:00,10,43,233
2023-12-19 17:00:00,1,236,578
2023-12-19 17:00:00,2,237,576
2023-12-19 17:00:00,3,162,401
2023-12-19 17:00:00,4,161,382
2023-12-19 17:00:00,5,163,359
2023-12-19 17:00:00,6,132,298
2023-12-19 17:00:00,7,142,289
2023-12-19 17:00:00,8,230,286
2023-12-19 17:00:00,9,170,277
2023-12-19 17:00:00,10,234,271
2023-12-19 18:00:00,1,236,576
2023-12-19 18:00:00,2,237,551
2023-12-19 18:00:00,3,162,444
2023-12-19 18:00:00,4,161,390
2023-12-19 18:00:00,5,163,354
2023-12-19 18:00:00,6,170,339
2023-12-19 18:00:00,7,230,320
2023-12-19 18:00:00,8,142,313
2023-12-19 18:00:00,9,234,307
2023-12-19 18:00:00,10,239,278
2023-12-19 19:00:00,1,161,487
2023-12-19 19:00:00,2,236,383
2023-12-19 19:00:00,3,237,368
2023-12-19 19:00:00,4,162,362
2023-12-19 19:00:00,5,132,315
2023-12-19 19:00:00,6,234,302
2023-12-19 19:00:00,7,163,300
2023-12-19 19:00:00,8,142,285
2023-12-19 19:00:00,9,230,270
2023-12-19 19:00:00,10,170,267
2023-12-19 20:00:00,1,161,480
2023-12-19 20:00:00,2,237,391
2023-12-19 20:00:00,3,230,318
2023-12-19 20:00:00,4,162,301
2023-12-19 20:00:00,5,234,283
2023-12-19 20:00:00,6,142,272
2023-12-19 20:00:00,7,132,261
2023-12-19 20:00:00,8,163,237
2023-12-19 20:00:00,9,236,234
2023-12-19 20:00:00,10,170,212
2023-12-19 21:00:00,1,161,569
2023-12-19 21:00:00,2,142,469
2023-12-19 21:00:00,3,237,438
2023-12-19 21:00:00,4,230,310
2023-12-19 21:00:00,5,162,309
2023-12-19 21:00:00,6,234,301
2023-12-19 21:00:00,7,163,274
2023-12-19 21:00:00,8,48,247
2023-12-19 21:00:00,9,249,239
2023-12-19 21:00:00,10,170,238
2023-12-19 22:00:00,1,161,434
2023-12-19 22:00:00,2,230,363
2023-12-19 22:00:00,3,142,337
2023-12-19 22:00:00,4,249,279
2023-12-19 22:00:00,5,234,266
2023-12-19 22:00:00,6,237,256
2023-12-19 22:00:00,7,48,251
2023-12-19 22:00:00,8,186,244
2023-12-19 22:00:00,9,132,236
2023-12-19 22:00:00,10,163,230
2023-12-19 23:00:00,1,142,297
2023-12-19 23:00:00,2,132,269
2023-12-19 23:00:00,3,161,261
2023-12-19 23:00:00,4,164,248
2023-12-19 23:00:00,5,186,222
2023-12-19 23:00:00,6,230,220
2023-12-19 23:00:00,7,249,198
2023-12-19 23:00:00,8,114,183
2023-12-19 23:00:00,9,68,174
2023-12-19 23:00:00,10,138,158
2023-12-20 00:00:00,1,132,162
2023-12-20 00:00:00,2,230,152
2023-12-20 00:00:00,3,114,138
2023-12-20 00:00:00,4,164,123
2023-12-20 00:00:00,5,249,118
2023-12-20 00:00:00,6,79,114
2023-12-20 00:00:00,7,48,109
2023-12-20 00:00:00,8,161,106
2023-12-20 00:00:00,9,234,97
2023-12-20 00:00:00,10,186,80
2023-12-20 01:00:00,1,114,70
2023-12-20 01:00:00,2,79,64
2023-12-20 01:00:00,3,249,61
2023-12-20 01:00:00,4,230,58
2023-12-20 01:00:00,5,48,56
2023-12-20 01:00:00,6,132,40
2023-12-20 01:00:00,7,164,39
2023-12-20 01:00:00,8,163,35
2023-12-20 01:00:00,9,90,33
2023-12-20 01:00:00,10,186,31
2023-12-20 02:00:00,1,79,45
2023-12-20 02:00:00,2,249,37
2023-12-20 02:00:00,3,230,28
2023-12-20 02:00:00,4,48,26
2023-12-20 02:00:00,5,164,20
2023-12-20 02:00:00,6,231,17
2023-12-20 02:00:00,7,162,16
2023-12-20 02:00:00,8,132,14
2023-12-20 02:00:00,9,186,14
2023-12-20 02:00:00,10,229,14
2023-12-20 03:00:00,1,79,45
2023-12-20 03:00:00,2,48,27
2023-12-20 03:00:00,3,230,20
2023-12-20 03:00:00,4,249,14
2023-12-20 03:00:00,5,100,13
2023-12-20 03:00:00,6,164,13
2023-12-20 03:00:00,7,163,12
2023-12-20 03:00:00,8,263,12
2023-12-20 03:00:00,9,107,11
2023-12-20 03:00:00,10,186,11
2023-12-20 04:00:00,1,230,31
2023-12-20 04:00:00,2,48,30
2023-12-20 04:00:00,3,79,30
2023-12-20 04:00:00,4,249,18
2023-12-20 04:00:00,5,164,17
2023-12-20 04:00:00,6,100,16
2023-12-20 04:00:00,7,162,15
2023-12-20 04:00:00,8,236,15
2023-12-20 04:00:00,9,263,15
2023-12-20 04:00:00,10,107,14
2023-12-20 05:00:00,1,100,66
2023-12-20 05:00:00,2,132,50
2023-12-20 05:00:00,3,186,47
2023-12-20 05:00:00,4,48,36
2023-12-20 05:00:00,5,162,31
2023-12-20 05:00:00,6,262,23
2023-12-20 05:00:00,7,263,23
2023-12-20 05:00:00,8,170,21
2023-12-20 05:00:00,9,161,19
2023-12-20 05:00:00,10,230,19
2023-12-20 06:00:00,1,186,115
2023-12-20 06:00:00,2,132,102
2023-12-20 06:00:00,3,48,101
2023-12-20 06:00:00,4,100,85
2023-12-20 06:00:00,5,262,72
2023-12-20 06:00:00,6,263,72
2023-12-20 06:00:00,7,236,71
2023-12-20 06:00:00,8,141,63
2023-12-20 06:00:00,9,238,62
2023-12-20 06:00:00,10,162,55
2023-12-20 07:00:00,1,236,281
2023-12-20 07:00:00,2,237,197
2023-12-20 07:00:00,3,262,171
2023-12-20 07:00:00,4,186,157
2023-12-20 07:00:00,5,239,155
2023-12-20 07:00:00,6,141,140
2023-12-20 07:00:00,7,263,133
2023-12-20 07:00:00,8,238,128
2023-12-20 07:00:00,9,132,126
2023-12-20 07:00:00,10,140,120
2023-12-20 08:00:00,1,236,388
2023-12-20 08:00:00,2,237,261
2023-12-20 08:00:00,3,239,213
2023-12-20 08:00:00,4,186,195
2023-12-20 08:00:00,5,238,185
2023-12-20 08:00:00,6,162,176
2023-12-20 08:00:00,7,262,174
2023-12-20 08:00:00,8,140,170
2023-12-20 08:00:00,9,141,155
2023-12-20 08:00:00,10,170,155
2023-12-20 09:00:00,1,236,398
2023-12-20 09:00:00,2,237,332
2023-12-20 09:00:00,3,162,223
2023-12-20 09:00:00,4,186,222
2023-12-20 09:00:00,5,161,193
2023-12-20 09:00:00,6,140,191
2023-12-20 09:00:00,7,142,187
2023-12-20 09:00:00,8,239,184
2023-12-20 09:00:00,9,262,176
2023-12-20 09:00:00,10,238,173
2023-12-20 10:00:00,1,236,421
2023-12-20 10:00:00,2,237,387
2023-12-20 10:00:00,3,186,249
2023-12-20 10:00:00,4,162,237
2023-12-20 10:00:00,5,161,235
2023-12-20 10:00:00,6,170,217
2023-12-20 10:00:00,7,239,202
2023-12-20 10:00:00,8,142,197
2023-12-20 10:00:00,9,140,183
2023-12-20 10:00:00,10,230,179
2023-12-20 11:00:00,1,236,395
2023-12-20 11:00:00,2,237,387
2023-12-20 11:00:00,3,161,295
2023-12-20 11:00:00,4,162,242
2023-12-20 11:00:00,5,186,240
2023-12-20 11:00:00,6,142,219
2023-12-20 11:00:00,7,163,204
2023-12-20 11:00:00,8,239,198
2023-12-20 11:00:00,9,170,197
2023-12-20 11:00:00,10,141,190
2023-12-20 12:00:00,1,236,442
2023-12-20 12:00:00,2,237,418
2023-12-20 12:00:00,3,161,350
2023-12-20 12:00:00,4,162,256
2023-12-20 12:00:00,5,239,236
2023-12-20 12:00:00,6,142,216
2023-12-20 12:00:00,7,163,208
2023-12-20 12:00:00,8,186,198
2023-12-20 12:00:00,9,140,193
2023-12-20 12:00:00,10,170,192
2023-12-20 13:00:00,1,237,445
2023-12-20 13:00:00,2,236,402
2023-12-20 13:00:00,3,161,314
2023-12-20 13:00:00,4,162,267
2023-12-20 13:00:00,5,142,255
2023-12-20 13:00:00,6,163,248
2023-12-20 13:00:00,7,239,225
2023-12-20 13:00:00,8,170,206
2023-12-20 13:00:00,9,138,187
2023-12-20 13:00:00,10,238,187
2023-12-20 14:00:00,1,237,487
2023-12-20 14:00:00,2,236,394
2023-12-20 14:00:00,3,161,367
2023-12-20 14:00:00,4,162,275
2023-12-20 14:00:00,5,142,241
2023-12-20 14:00:00,6,132,237
2023-12-20 14:00:00,7,170,236
2023-12-20 14:00:00,8,163,224
2023-12-20 14:00:00,9,138,223
2023-12-20 14:00:00,10,239,221
2023-12-20 15:00:00,1,237,514
2023-12-20 15:00:00,2,236,510
2023-12-20 15:00:00,3,132,309
2023-12-20 15:00:00,4,162,302
2023-12-20 15:00:00,5,161,294
2023-12-20 15:00:00,6,142,259
2023-12-20 15:00:00,7,163,241
2023-12-20 15:00:00,8,239,238
2023-12-20 15:00:00,9,170,235
2023-12-20 15:00:00,10,238,228
2023-12-20 16:00:00,1,237,520
2023-12-20 16:00:00,2,236,465
2023-12-20 16:00:00,3,142,380
2023-12-20 16:00:00,4,161,331
2023-12-20 16:00:00,5,132,298
2023-12-20 16:00:00,6,162,289
2023-12-20 16:00:00,7,239,269
2023-12-20 16:00:00,8,234,236
2023-12-20 16:00:00,9,170,230
2023-12-20 16:00:00,10,163,221
2023-12-20 17:00:00,1,237,524
2023-12-20 17:00:00,2,236,496
2023-12-20 17:00:00,3,162,425
2023-12-20 17:00:00,4,161,389
2023-12-20 17:00:00,5,234,308
2023-12-20 17:00:00,6,142,290
2023-12-20 17:00:00,7,163,289
2023-12-20 17:00:00,8,170,268
2023-12-20 17:00:00,9,230,268
2023-12-20 17:00:00,10,132,265
2023-12-20 18:00:00,1,237,572
2023-12-20 18:00:00,2,161,536
2023-12-20 18:00:00,3,162,455
2023-12-20 18:00:00,4,236,441
2023-12-20 18:00:00,5,163,351
2023-12-20 18:00:00,6,234,288
2023-12-20 18:00:00,7,142,287
2023-12-20 18:00:00,8,170,283
2023-12-20 18:00:00,9,230,274
2023-12-20 18:00:00,10,132,250
2023-12-20 19:00:00,1,161,498
2023-12-20 19:00:00,2,237,395
2023-12-20 19:00:00,3,162,348
2023-12-20 19:00:00,4,236,321
2023-12-20 19:00:00,5,163,273
2023-12-20 19:00:00,6,170,259
2023-12-20 19:00:00,7,132,253
2023-12-20 19:00:00,8,234,242
2023-12-20 19:00:00,9,230,230
2023-12-20 19:00:00,10,142,228
2023-12-20 20:00:00,1,237,403
2023-12-20 20:00:00,2,161,389
2023-12-20 20:00:00,3,163,267
2023-12-20 20:00:00,4,162,257
2023-12-20 20:00:00,5,230,255
2023-12-20 20:00:00,6,234,234
2023-12-20 20:00:00,7,236,211
2023-12-20 20:00:00,8,132,209
2023-12-20 20:00:00,9,164,204
2023-12-20 20:00:00,10,170,203
2023-12-20 21:00:00,1,161,414
2023-12-20 21:00:00,2,142,413
2023-12-20 21:00:00,3,237,377
2023-12-20 21:00:00,4,186,328
2023-12-20 21:00:00,5,230,299
2023-12-20 21:00:00,6,162,252
2023-12-20 21:00:00,7,234,228
2023-12-20 21:00:00,8,163,223
2023-12-20 21:00:00,9,164,223
2023-12-20 21:00:00,10,249,216
2023-12-20 22:00:00,1,161,458
2023-12-20 22:00:00,2,142,425
2023-12-20 22:00:00,3,230,341
2023-12-20 22:00:00,4,237,318
2023-12-20 22:00:00,5,249,296
2023-12-20 22:00:00,6,163,251
2023-12-20 22:00:00,7,48,237
2023-12-20 22:00:00,8,79,226
2023-12-20 22:00:00,9,132,216
2023-12-20 22:00:00,10,234,208
2023-12-20 23:00:00,1,249,251
2023-12-20 23:00:00,2,161,237
2023-12-20 23:00:00,3,230,227
2023-12-20 23:00:00,4,132,193
2023-12-20 23:00:00,5,114,161
2023-12-20 23:00:00,6,234,152
2023-12-20 23:00:00,7,79,149
2023-12-20 23:00:00,8,237,148
2023-12-20 23:00:00,9,48,141
2023-12-20 23:00:00,10,142,131
2023-12-21 00:00:00,1,114,132
2023-12-21 00:00:00,2,249,129
2023-12-21 00:00:00,3,132,123
2023-12-21 00:00:00,4,230,119
2023-12-21 00:00:00,5,48,112
2023-12-21 00:00:00,6,161,100
2023-12-21 00:00:00,7,79,93
2023-12-21 00:00:00,8,164,78
2023-12-21 00:00:00,9,237,70
2023-12-21 00:00:00,10,234,65
2023-12-21 01:00:00,1,249,96
2023-12-21 01:00:00,2,114,69
2023-12-21 01:00:00,3,79,62
2023-12-21 01:00:00,4,246,57
2023-12-21 01:00:00,5,230,55
2023-12-21 01:00:00,6,164,52
2023-12-21 01:00:00,7,48,48
2023-12-21 01:00:00,8,148,44
2023-12-21 01:00:00,9,68,42
2023-12-21 01:00:00,10,186,41
2023-12-21 02:00:00,1,246,81
2023-12-21 02:00:00,2,79,51
2023-12-21 02:00:00,3,48,41
2023-12-21 02:00:00,4,249,37
2023-12-21 02:00:00,5,148,34
2023-12-21 02:00:00,6,68,31
2023-12-21 02:00:00,7,132,27
2023-12-21 02:00:00,8,231,27
2023-12-21 02:00:00,9,164,26
2023-12-21 02:00:00,10,114,24
2023-12-21 03:00:00,1,246,65
2023-12-21 03:00:00,2,249,32
2023-12-21 03:00:00,3,48,29
2023-12-21 03:00:00,4,230,28
2023-12-21 03:00:00,5,79,27
2023-12-21 03:00:00,6,68,25
2023-12-21 03:00:00,7,231,21
2023-12-21 03:00:00,8,125,20
2023-12-21 03:00:00,9,148,19
2023-12-21 03:00:00,10,186,15
2023-12-21 04:00:00,1,48,38
2023-12-21 04:00:00,2,230,29
2023-12-21 04:00:00,3,249,25
2023-12-21 04:00:00,4,79,22
2023-12-21 04:00:00,5,246,21
2023-12-21 04:00:00,6,164,18
2023-12-21 04:00:00,7,231,17
2023-12-21 04:00:00,8,148,16
2023-12-21 04:00:00,9,107,13
2023-12-21 04:00:00,10,141,12
2023-12-21 05:00:00,1,100,54
2023-12-21 05:00:00,2,186,54
2023-12-21 05:00:00,3,132,40
2023-12-21 05:00:00,4,48,37
2023-12-21 05:00:00,5,107,29
2023-12-21 05:00:00,6,230,26
2023-12-21 05:00:00,7,238,23
2023-12-21 05:00:00,8,263,20
2023-12-21 05:00:00,9,162,19
2023-12-21 05:00:00,10,170,19
2023-12-21 06:00:00,1,186,117
2023-12-21 06:00:00,2,132,108
2023-12-21 06:00:00,3,100,73
2023-12-21 06:00:00,4,263,73
2023-12-21 06:00:00,5,162,70
2023-12-21 06:00:00,6,48,66
2023-12-21 06:00:00,7,236,63
2023-12-21 06:00:00,8,262,50
2023-12-21 06:00:00,9,239,48
2023-12-21 06:00:00,10,237,45
2023-12-21 07:00:00,1,236,245
2023-12-21 07:00:00,2,237,160
2023-12-21 07:00:00,3,262,158
2023-12-21 07:00:00,4,132,157
2023-12-21 07:00:00,5,186,130
2023-12-21 07:00:00,6,239,122
2023-12-21 07:00:00,7,141,119
2023-12-21 07:00:00,8,140,113
2023-12-21 07:00:00,9,238,113
2023-12-21 07:00:00,10,263,108
2023-12-21 08:00:00,1,236,353
2023-12-21 08:00:00,2,237,227
2023-12-21 08:00:00,3,239,178
2023-12-21 08:00:00,4,238,173
2023-12-21 08:00:00,5,262,164
2023-12-21 08:00:00,6,140,156
2023-12-21 08:00:00,7,141,156
2023-12-21 08:00:00,8,263,143
2023-12-21 08:00:00,9,142,142
2023-12-21 08:00:00,10,161,130
2023-12-21 09:00:00,1,236,358
2023-12-21 09:00:00,2,237,297
2023-12-21 09:00:00,3,239,206
2023-12-21 09:00:00,4,162,190
2023-12-21 09:00:00,5,238,179
2023-12-21 09:00:00,6,186,169
2023-12-21 09:00:00,7,230,161
2023-12-21 09:00:00,8,140,158
2023-12-21 09:00:00,9,262,158
2023-12-21 09:00:00,10,142,154
2023-12-21 10:00:00,1,236,354
2023-12-21 10:00:00,2,237,342
2023-12-21 10:00:00,3,161,238
2023-12-21 10:00:00,4,239,212
2023-12-21 10:00:00,5,162,211
2023-12-21 10:00:00,6,186,200
2023-12-21 10:00:00,7,138,195
2023-12-21 10:00:00,8,142,193
2023-12-21 10:00:00,9,141,183
2023-12-21 10:00:00,10,230,183
2023-12-21 11:00:00,1,236,408
2023-12-21 11:00:00,2,237,405
2023-12-21 11:00:00,3,142,266
2023-12-21 11:00:00,4,161,263
2023-12-21 11:00:00,5,162,238
2023-12-21 11:00:00,6,170,215
2023-12-21 11:00:00,7,186,197
2023-12-21 11:00:00,8,230,196
2023-12-21 11:00:00,9,163,195
2023-12-21 11:00:00,10,239,195
2023-12-21 12:00:00,1,237,460
2023-12-21 12:00:00,2,236,451
2023-12-21 12:00:00,3,161,319
2023-12-21 12:00:00,4,162,250
2023-12-21 12:00:00,5,142,241
2023-12-21 12:00:00,6,239,240
2023-12-21 12:00:00,7,163,217
2023-12-21 12:00:00,8,238,208
2023-12-21 12:00:00,9,170,202
2023-12-21 12:00:00,10,43,192
2023-12-21 13:00:00,1,236,460
2023-12-21 13:00:00,2,237,430
2023-12-21 13:00:00,3,161,377
2023-12-21 13:00:00,4,142,266
2023-12-21 13:00:00,5,163,260
2023-12-21 13:00:00,6,162,221
2023-12-21 13:00:00,7,239,219
2023-12-21 13:00:00,8,170,202
2023-12-21 13:00:00,9,234,193
2023-12-21 13:00:00,10,43,181
2023-12-21 14:00:00,1,237,548
2023-12-21 14:00:00,2,236,470
2023-12-21 14:00:00,3,161,335
2023-12-21 14:00:00,4,142,293
2023-12-21 14:00:00,5,239,292
2023-12-21 14:00:00,6,163,265
2023-12-21 14:00:00,7,162,244
2023-12-21 14:00:00,8,132,243
2023-12-21 14:00:00,9,238,224
2023-12-21 14:00:00,10,43,213
2023-12-21 15:00:00,1,236,558
2023-12-21 15:00:00,2,237,528
2023-12-21 15:00:00,3,161,360
2023-12-21 15:00:00,4,132,288
2023-12-21 15:00:00,5,162,284
2023-12-21 15:00:00,6,142,283
2023-12-21 15:00:00,7,163,269
2023-12-21 15:00:00,8,43,261
2023-12-21 15:00:00,9,238,253
2023-12-21 15:00:00,10,239,252
2023-12-21 16:00:00,1,236,507
2023-12-21 16:00:00,2,237,503
2023-12-21 16:00:00,3,161,326
2023-12-21 16:00:00,4,163,279
2023-12-21 16:00:00,5,132,275
2023-12-21 16:00:00,6,162,266
2023-12-21 16:00:00,7,239,260
2023-12-21 16:00:00,8,142,255
2023-12-21 16:00:00,9,230,230
2023-12-21 16:00:00,10,170,222
2023-12-21 17:00:00,1,237,477
2023-12-21 17:00:00,2,236,464
2023-12-21 17:00:00,3,162,364
2023-12-21 17:00:00,4,161,321
2023-12-21 17:00:00,5,163,316
2023-12-21 17:00:00,6,132,296
2023-12-21 17:00:00,7,142,289
2023-12-21 17:00:00,8,234,280
2023-12-21 17:00:00,9,239,270
2023-12-21 17:00:00,10,170,267
2023-12-21 18:00:00,1,237,498
2023-12-21 18:00:00,2,236,487
2023-12-21 18:00:00,3,162,392
2023-12-21 18:00:00,4,161,357
2023-12-21 18:00:00,5,163,324
2023-12-21 18:00:00,6,142,298
2023-12-21 18:00:00,7,132,277
2023-12-21 18:00:00,8,234,277
2023-12-21 18:00:00,9,239,276
2023-12-21 18:00:00,10,141,268
2023-12-21 19:00:00,1,161,418
2023-12-21 19:00:00,2,237,351
2023-12-21 19:00:00,3,132,300
2023-12-21 19:00:00,4,236,300
2023-12-21 19:00:00,5,162,298
2023-12-21 19:00:00,6,163,256
2023-12-21 19:00:00,7,142,247
2023-12-21 19:00:00,8,170,245
2023-12-21 19:00:00,9,234,242
2023-12-21 19:00:00,10,141,215
2023-12-21 20:00:00,1,161,350
2023-12-21 20:00:00,2,237,338
2023-12-21 20:00:00,3,236,257
2023-12-21 20:00:00,4,230,255
2023-12-21 20:00:00,5,132,248
2023-12-21 20:00:00,6,162,238
2023-12-21 20:00:00,7,163,235
2023-12-21 20:00:00,8,142,227
2023-12-21 20:00:00,9,234,223
2023-12-21 20:00:00,10,141,220
2023-12-21 21:00:00,1,142,514
2023-12-21 21:00:00,2,161,405
2023-12-21 21:00:00,3,237,324
2023-12-21 21:00:00,4,230,297
2023-12-21 21:00:00,5,163,271
2023-12-21 21:00:00,6,132,254
2023-12-21 21:00:00,7,162,247
2023-12-21 21:00:00,8,249,246
2023-12-21 21:00:00,9,48,228
2023-12-21 21:00:00,10,234,208
2023-12-21 22:00:00,1,161,380
2023-12-21 22:00:00,2,142,294
2023-12-21 22:00:00,3,230,280
2023-12-21 22:00:00,4,48,254
2023-12-21 22:00:00,5,132,249
2023-12-21 22:00:00,6,237,240
2023-12-21 22:00:00,7,163,234
2023-12-21 22:00:00,8,249,226
2023-12-21 22:00:00,9,79,211
2023-12-21 22:00:00,10,234,197
2023-12-21 23:00:00,1,132,260
2023-12-21 23:00:00,2,249,244
2023-12-21 23:00:00,3,161,240
2023-12-21 23:00:00,4,230,210
2023-12-21 23:00:00,5,79,181
2023-12-21 23:00:00,6,48,158
2023-12-21 23:00:00,7,164,155
2023-12-21 23:00:00,8,237,153
2023-12-21 23:00:00,9,114,149
2023-12-21 23:00:00,10,138,134
2023-12-22 00:00:00,1,249,212
2023-12-22 00:00:00,2,186,188
2023-12-22 00:00:00,3,79,185
2023-12-22 00:00:00,4,114,177
2023-12-22 00:00:00,5,132,172
2023-12-22 00:00:00,6,164,170
2023-12-22 00:00:00,7,230,143
2023-12-22 00:00:00,8,48,139
2023-12-22 00:00:00,9,161,115
2023-12-22 00:00:00,10,234,108
2023-12-22 01:00:00,1,249,141
2023-12-22 01:00:00,2,79,123
2023-12-22 01:00:00,3,48,96
2023-12-22 01:00:00,4,114,94
2023-12-22 01:00:00,5,230,74
2023-12-22 01:00:00,6,148,73
2023-12-22 01:00:00,7,164,64
2023-12-22 01:00:00,8,158,63
2023-12-22 01:00:00,9,107,50
2023-12-22 01:00:00,10,144,48
2023-12-22 02:00:00,1,79,84
2023-12-22 02:00:00,2,148,70
2023-12-22 02:00:00,3,249,64
2023-12-22 02:00:00,4,114,45
2023-12-22 02:00:00,5,48,43
2023-12-22 02:00:00,6,107,36
2023-12-22 02:00:00,7,144,35
2023-12-22 02:00:00,8,164,32
2023-12-22 02:00:00,9,230,31
2023-12-22 02:00:00,10,211,29
2023-12-22 03:00:00,1,148,52
2023-12-22 03:00:00,2,79,51
2023-12-22 03:00:00,3,249,48
2023-12-22 03:00:00,4,48,40
2023-12-22 03:00:00,5,144,40
2023-12-22 03:00:00,6,246,32
2023-12-22 03:00:00,7,164,30
2023-12-22 03:00:00,8,230,24
2023-12-22 03:00:00,9,231,22
2023-12-22 03:00:00,10,68,21
2023-12-22 04:00:00,1,48,55
2023-12-22 04:00:00,2,79,45
2023-12-22 04:00:00,3,230,36
2023-12-22 04:00:00,4,148,34
2023-12-22 04:00:00,5,249,29
2023-12-22 04:00:00,6,164,28
2023-12-22 04:00:00,7,144,25
2023-12-22 04:00:00,8,68,24
2023-12-22 04:00:00,9,107,23
2023-12-22 04:00:00,10,186,23
2023-12-22 05:00:00,1,186,49
2023-12-22 05:00:00,2,100,37
2023-12-22 05:00:00,3,132,35
2023-12-22 05:00:00,4,48,27
2023-12-22 05:00:00,5,230,26
2023-12-22 05:00:00,6,239,20
2023-12-22 05:00:00,7,263,20
2023-12-22 05:00:00,8,107,19
2023-12-22 05:00:00,9,140,19
2023-12-22 05:00:00,10,229,17
2023-12-22 06:00:00,1,132,91
2023-12-22 06:00:00,2,186,81
2023-12-22 06:00:00,3,48,65
2023-12-22 06:00:00,4,236,65
2023-12-22 06:00:00,5,262,62
2023-12-22 06:00:00,6,239,55
2023-12-22 06:00:00,7,162,54
2023-12-22 06:00:00,8,100,50
2023-12-22 06:00:00,9,263,48
2023-12-22 06:00:00,10,238,45
2023-12-22 07:00:00,1,236,167
2023-12-22 07:00:00,2,132,133
2023-12-22 07:00:00,3,237,121
2023-12-22 07:00:00,4,239,120
2023-12-22 07:00:00,5,262,103
2023-12-22 07:00:00,6,263,103
2023-12-22 07:00:00,7,186,100
2023-12-22 07:00:00,8,140,99
2023-12-22 07:00:00,9,238,94
2023-12-22 07:00:00,10,162,93
2023-12-22 08:00:00,1,236,276
2023-12-22 08:00:00,2,237,190
2023-12-22 08:00:00,3,238,172
2023-12-22 08:00:00,4,132,165
2023-12-22 08:00:00,5,239,141
2023-12-22 08:00:00,6,141,138
2023-12-22 08:00:00,7,262,129
2023-12-22 08:00:00,8,263,127
2023-12-22 08:00:00,9,140,119
2023-12-22 08:00:00,10,142,118
2023-12-22 09:00:00,1,236,262
2023-12-22 09:00:00,2,237,251
2023-12-22 09:00:00,3,162,171
2023-12-22 09:00:00,4,238,167
2023-12-22 09:00:00,5,239,166
2023-12-22 09:00:00,6,161,149
2023-12-22 09:00:00,7,230,147
2023-12-22 09:00:00,8,140,142
2023-12-22 09:00:00,9,186,139
2023-12-22 09:00:00,10,141,137
2023-12-22 10:00:00,1,236,350
2023-12-22 10:00:00,2,237,315
2023-12-22 10:00:00,3,186,193
2023-12-22 10:00:00,4,161,192
2023-12-22 10:00:00,5,230,188
2023-12-22 10:00:00,6,239,183
2023-12-22 10:00:00,7,162,181
2023-12-22 10:00:00,8,163,176
2023-12-22 10:00:00,9,142,174
2023-12-22 10:00:00,10,262,166
2023-12-22 11:00:00,1,236,380
2023-12-22 11:00:00,2,237,321
2023-12-22 11:00:00,3,161,293
2023-12-22 11:00:00,4,162,215
2023-12-22 11:00:00,5,186,193
2023-12-22 11:00:00,6,142,190
2023-12-22 11:00:00,7,239,184
2023-12-22 11:00:00,8,140,182
2023-12-22 11:00:00,9,170,179
2023-12-22 11:00:00,10,163,177
2023-12-22 12:00:00,1,237,448
2023-12-22 12:00:00,2,236,440
2023-12-22 12:00:00,3,161,314
2023-12-22 12:00:00,4,142,226
2023-12-22 12:00:00,5,163,213
2023-12-22 12:00:00,6,239,209
2023-12-22 12:00:00,7,238,208
2023-12-22 12:00:00,8,186,204
2023-12-22 12:00:00,9,230,198
2023-12-22 12:00:00,10,162,191
2023-12-22 13:00:00,1,237,414
2023-12-22 13:00:00,2,236,413
2023-12-22 13:00:00,3,161,323
2023-12-22 13:00:00,4,239,246
2023-12-22 13:00:00,5,142,226
2023-12-22 13:00:00,6,163,213
2023-12-22 13:00:00,7,162,209
2023-12-22 13:00:00,8,230,197
2023-12-22 13:00:00,9,132,190
2023-12-22 13:00:00,10,263,184
2023-12-22 14:00:00,1,237,511
2023-12-22 14:00:00,2,236,447
2023-12-22 14:00:00,3,161,331
2023-12-22 14:00:00,4,142,291
2023-12-22 14:00:00,5,239,273
2023-12-22 14:00:00,6,132,267
2023-12-22 14:00:00,7,162,255
2023-12-22 14:00:00,8,163,234
2023-12-22 14:00:00,9,230,217
2023-12-22 14:00:00,10,170,213
2023-12-22 15:00:00,1,237,497
2023-12-22 15:00:00,2,236,467
2023-12-22 15:00:00,3,161,371
2023-12-22 15:00:00,4,239,305
2023-12-22 15:00:00,5,132,302
2023-12-22 15:00:00,6,142,276
2023-12-22 15:00:00,7,162,276
2023-12-22 15:00:00,8,163,264
2023-12-22 15:00:00,9,234,258
2023-12-22 15:00:00,10,141,237
2023-12-22 16:00:00,1,237,502
2023-12-22 16:00:00,2,236,438
2023-12-22 16:00:00,3,161,359
2023-12-22 16:00:00,4,142,330
2023-12-22 16:00:00,5,132,317
2023-12-22 16:00:00,6,239,290
2023-12-22 16:00:00,7,234,264
2023-12-22 16:00:00,8,162,253
2023-12-22 16:00:00,9,163,246
2023-12-22 16:00:00,10,230,240
2023-12-22 17:00:00,1,236,442
2023-12-22 17:00:00,2,237,407
2023-12-22 17:00:00,3,161,369
2023-12-22 17:00:00,4,142,306
2023-12-22 17:00:00,5,132,297
2023-12-22 17:00:00,6,162,292
2023-12-22 17:00:00,7,186,277
2023-12-22 17:00:00,8,239,268
2023-12-22 17:00:00,9,163,263
2023-12-22 17:00:00,10,230,260
2023-12-22 18:00:00,1,236,388
2023-12-22 18:00:00,2,237,374
2023-12-22 18:00:00,3,161,337
2023-12-22 18:00:00,4,142,279
2023-12-22 18:00:00,5,132,267
2023-12-22 18:00:00,6,239,264
2023-12-22 18:00:00,7,163,260
2023-12-22 18:00:00,8,162,255
2023-12-22 18:00:00,9,234,246
2023-12-22 18:00:00,10,230,241
2023-12-22 19:00:00,1,132,355
2023-12-22 19:00:00,2,161,286
2023-12-22 19:00:00,3,237,259
2023-12-22 19:00:00,4,236,255
2023-12-22 19:00:00,5,142,221
2023-12-22 19:00:00,6,186,216
2023-12-22 19:00:00,7,230,210
2023-12-22 19:00:00,8,162,207
2023-12-22 19:00:00,9,234,189
2023-12-22 19:00:00,10,163,187
2023-12-22 20:00:00,1,132,252
2023-12-22 20:00:00,2,237,221
2023-12-22 20:00:00,3,161,220
2023-12-22 20:00:00,4,236,180
2023-12-22 20:00:00,5,163,176
2023-12-22 20:00:00,6,230,173
2023-12-22 20:00:00,7,48,156
2023-12-22 20:00:00,8,234,153
2023-12-22 20:00:00,9,68,147
2023-12-22 20:00:00,10,142,142
2023-12-22 21:00:00,1,142,360
2023-12-22 21:00:00,2,132,223
2023-12-22 21:00:00,3,161,208
2023-12-22 21:00:00,4,230,200
2023-12-22 21:00:00,5,237,195
2023-12-22 21:00:00,6,48,165
2023-12-22 21:00:00,7,186,163
2023-12-22 21:00:00,8,163,160
2023-12-22 21:00:00,9,68,157
2023-12-22 21:00:00,10,79,154
2023-12-22 22:00:00,1,142,370
2023-12-22 22:00:00,2,132,262
2023-12-22 22:00:00,3,186,254
2023-12-22 22:00:00,4,161,252
2023-12-22 22:00:00,5,230,232
2023-12-22 22:00:00,6,48,202
2023-12-22 22:00:00,7,163,195
2023-12-22 22:00:00,8,249,181
2023-12-22 22:00:00,9,237,173
2023-12-22 22:00:00,10,164,171
2023-12-22 23:00:00,1,161,249
2023-12-22 23:00:00,2,230,230
2023-12-22 23:00:00,3,132,211
2023-12-22 23:00:00,4,249,205
2023-12-22 23:00:00,5,79,172
2023-12-22 23:00:00,6,48,164
2023-12-22 23:00:00,7,142,144
2023-12-22 23:00:00,8,114,138
2023-12-22 23:00:00,9,164,123
2023-12-22 23:00:00,10,163,118
2023-12-23 00:00:00,1,79,206
2023-12-23 00:00:00,2,249,167
2023-12-23 00:00:00,3,48,154
2023-12-23 00:00:00,4,114,135
2023-12-23 00:00:00,5,230,134
2023-12-23 00:00:00,6,161,112
2023-12-23 00:00:00,7,148,109
2023-12-23 00:00:00,8,132,99
2023-12-23 00:00:00,9,107,84
2023-12-23 00:00:00,10,234,82
2023-12-23 01:00:00,1,79,155
2023-12-23 01:00:00,2,114,135
2023-12-23 01:00:00,3,249,131
2023-12-23 01:00:00,4,148,121
2023-12-23 01:00:00,5,48,111
2023-12-23 01:00:00,6,230,85
2023-12-23 01:00:00,7,234,70
2023-12-23 01:00:00,8,144,66
2023-12-23 01:00:00,9,158,65
2023-12-23 01:00:00,10,107,49
2023-12-23 02:00:00,1,79,163
2023-12-23 02:00:00,2,148,135
2023-12-23 02:00:00,3,114,109
2023-12-23 02:00:00,4,48,91
2023-12-23 02:00:00,5,249,91
2023-12-23 02:00:00,6,246,58
2023-12-23 02:00:00,7,144,45
2023-12-23 02:00:00,8,230,41
2023-12-23 02:00:00,9,90,37
2023-12-23 02:00:00,10,211,35
2023-12-23 03:00:00,1,79,154
2023-12-23 03:00:00,2,148,101
2023-12-23 03:00:00,3,246,91
2023-12-23 03:00:00,4,114,70
2023-12-23 03:00:00,5,249,68
2023-12-23 03:00:00,6,48,61
2023-12-23 03:00:00,7,68,44
2023-12-23 03:00:00,8,144,37
2023-12-23 03:00:00,9,90,36
2023-12-23 03:00:00,10,164,35
2023-12-23 04:00:00,1,79,72
2023-12-23 04:00:00,2,246,61
2023-12-23 04:00:00,3,48,57
2023-12-23 04:00:00,4,148,47
2023-12-23 04:00:00,5,164,44
2023-12-23 04:00:00,6,68,41
2023-12-23 04:00:00,7,249,38
2023-12-23 04:00:00,8,90,31
2023-12-23 04:00:00,9,186,31
2023-12-23 04:00:00,10,230,26
2023-12-23 05:00:00,1,132,35
2023-12-23 05:00:00,2,48,22
2023-12-23 05:00:00,3,164,21
2023-12-23 05:00:00,4,230,20
2023-12-23 05:00:00,5,170,16
2023-12-23 05:00:00,6,186,16
2023-12-23 05:00:00,7,90,14
2023-12-23 05:00:00,8,263,14
2023-12-23 05:00:00,9,262,13
2023-12-23 05:00:00,10,79,12
2023-12-23 06:00:00,1,132,71
2023-12-23 06:00:00,2,48,34
2023-12-23 06:00:00,3,186,31
2023-12-23 06:00:00,4,142,24
2023-12-23 06:00:00,5,100,23
2023-12-23 06:00:00,6,236,23
2023-12-23 06:00:00,7,141,22
2023-12-23 06:00:00,8,161,22
2023-12-23 06:00:00,9,238,22
2023-12-23 06:00:00,10,263,22
2023-12-23 07:00:00,1,132,92
2023-12-23 07:00:00,2,236,52
2023-12-23 07:00:00,3,141,41
2023-12-23 07:00:00,4,140,39
2023-12-23 07:00:00,5,230,39
2023-12-23 07:00:00,6,239,38
2023-12-23 07:00:00,7,186,35
2023-12-23 07:00:00,8,238,35
2023-12-23 07:00:00,9,107,32
2023-12-23 07:00:00,10,48,31
2023-12-23 08:00:00,1,132,117
2023-12-23 08:00:00,2,239,76
2023-12-23 08:00:00,3,236,74
2023-12-23 08:00:00,4,237,74
2023-12-23 08:00:00,5,238,64
2023-12-23 08:00:00,6,186,58
2023-12-23 08:00:00,7,170,56
2023-12-23 08:00:00,8,163,54
2023-12-23 08:00:00,9,107,53
2023-12-23 08:00:00,10,141,53
2023-12-23 09:00:00,1,236,129
2023-12-23 09:00:00,2,230,126
2023-12-23 09:00:00,3,138,116
2023-12-23 09:00:00,4,237,115
2023-12-23 09:00:00,5,239,114
2023-12-23 09:00:00,6,162,99
2023-12-23 09:00:00,7,141,98
2023-12-23 09:00:00,8,263,95
2023-12-23 09:00:00,9,142,93
2023-12-23 09:00:00,10,170,91
2023-12-23 10:00:00,1,237,176
2023-12-23 10:00:00,2,230,173
2023-12-23 10:00:00,3,161,170
2023-12-23 10:00:00,4,236,165
2023-12-23 10:00:00,5,239,165
2023-12-23 10:00:00,6,162,141
2023-12-23 10:00:00,7,141,137
2023-12-23 10:00:00,8,142,128
2023-12-23 10:00:00,9,186,125
2023-12-23 10:00:00,10,238,120
2023-12-23 11:00:00,1,236,264
2023-12-23 11:00:00,2,161,263
2023-12-23 11:00:00,3,237,256
2023-12-23 11:00:00,4,230,213
2023-12-23 11:00:00,5,239,182
2023-12-23 11:00:00,6,162,168
2023-12-23 11:00:00,7,142,153
2023-12-23 11:00:00,8,163,152
2023-12-23 11:00:00,9,186,150
2023-12-23 11:00:00,10,141,134
2023-12-23 12:00:00,1,161,281
2023-12-23 12:00:00,2,237,279
2023-12-23 12:00:00,3,236,278
2023-12-23 12:00:00,4,142,228
2023-12-23 12:00:00,5,239,207
2023-12-23 12:00:00,6,230,197
2023-12-23 12:00:00,7,186,177
2023-12-23 12:00:00,8,162,169
2023-12-23 12:00:00,9,163,155
2023-12-23 12:00:00,10,234,153
2023-12-23 13:00:00,1,236,326
2023-12-23 13:00:00,2,237,325
2023-12-23 13:00:00,3,161,294
2023-12-23 13:00:00,4,142,228
2023-12-23 13:00:00,5,239,202
2023-12-23 13:00:00,6,230,194
2023-12-23 13:00:00,7,163,188
2023-12-23 13:00:00,8,132,178
2023-12-23 13:00:00,9,186,178
2023-12-23 13:00:00,10,162,177
2023-12-23 14:00:00,1,237,341
2023-12-23 14:00:00,2,132,287
2023-12-23 14:00:00,3,236,276
2023-12-23 14:00:00,4,161,223
2023-12-23 14:00:00,5,142,219
2023-12-23 14:00:00,6,239,214
2023-12-23 14:00:00,7,186,194
2023-12-23 14:00:00,8,68,190
2023-12-23 14:00:00,9,230,190
2023-12-23 14:00:00,10,234,189
2023-12-23 15:00:00,1,237,354
2023-12-23 15:00:00,2,236,311
2023-12-23 15:00:00,3,132,302
2023-12-23 15:00:00,4,161,275
2023-12-23 15:00:00,5,186,253
2023-12-23 15:00:00,6,239,201
2023-12-23 15:00:00,7,43,200
2023-12-23 15:00:00,8,163,189
2023-12-23 15:00:00,9,142,183
2023-12-23 15:00:00,10,68,181
2023-12-23 16:00:00,1,237,345
2023-12-23 16:00:00,2,142,316
2023-12-23 16:00:00,3,132,289
2023-12-23 16:00:00,4,161,260
2023-12-23 16:00:00,5,236,258
2023-12-23 16:00:00,6,234,219
2023-12-23 16:00:00,7,239,215
2023-12-23 16:00:00,8,163,214
2023-12-23 16:00:00,9,230,179
2023-12-23 16:00:00,10,43,169
2023-12-23 17:00:00,1,142,325
2023-12-23 17:00:00,2,237,314
2023-12-23 17:00:00,3,236,270
2023-12-23 17:00:00,4,132,269
2023-12-23 17:00:00,5,161,230
2023-12-23 17:00:00,6,239,201
2023-12-23 17:00:00,7,162,196
2023-12-23 17:00:00,8,230,184
2023-12-23 17:00:00,9,163,178
2023-12-23 17:00:00,10,234,177
2023-12-23 18:00:00,1,132,284
2023-12-23 18:00:00,2,237,255
2023-12-23 18:00:00,3,236,239
2023-12-23 18:00:00,4,186,205
2023-12-23 18:00:00,5,161,195
2023-12-23 18:00:00,6,163,194
2023-12-23 18:00:00,7,142,191
2023-12-23 18:00:00,8,162,176
2023-12-23 18:00:00,9,48,162
2023-12-23 18:00:00,10,234,156
2023-12-23 19:00:00,1,132,255
2023-12-23 19:00:00,2,237,222
2023-12-23 19:00:00,3,142,205
2023-12-23 19:00:00,4,162,176
2023-12-23 19:00:00,5,161,170
2023-12-23 19:00:00,6,163,169
2023-12-23 19:00:00,7,236,152
2023-12-23 19:00:00,8,239,142
2023-12-23 19:00:00,9,138,135
2023-12-23 19:00:00,10,234,134
2023-12-23 20:00:00,1,132,257
2023-12-23 20:00:00,2,237,186
2023-12-23 20:00:00,3,142,159
2023-12-23 20:00:00,4,161,159
2023-12-23 20:00:00,5,163,137
2023-12-23 20:00:00,6,236,124
2023-12-23 20:00:00,7,162,121
2023-12-23 20:00:00,8,230,119
2023-12-23 20:00:00,9,249,117
2023-12-23 20:00:00,10,234,108
2023-12-23 21:00:00,1,132,192
2023-12-23 21:00:00,2,142,188
2023-12-23 21:00:00,3,237,169
2023-12-23 21:00:00,4,161,140
2023-12-23 21:00:00,5,163,135
2023-12-23 21:00:00,6,234,129
2023-12-23 21:00:00,7,249,129
2023-12-23 21:00:00,8,48,126
2023-12-23 21:00:00,9,162,118
2023-12-23 21:00:00,10,230,113
2023-12-23 22:00:00,1,142,310
2023-12-23 22:00:00,2,132,245
2023-12-23 22:00:00,3,186,223
2023-12-23 22:00:00,4,48,212
2023-12-23 22:00:00,5,161,210
2023-12-23 22:00:00,6,230,180
2023-12-23 22:00:00,7,68,164
2023-12-23 22:00:00,8,163,160
2023-12-23 22:00:00,9,164,137
2023-12-23 22:00:00,10,237,137
2023-12-23 23:00:00,1,48,194
2023-12-23 23:00:00,2,230,189
2023-12-23 23:00:00,3,161,170
2023-12-23 23:00:00,4,132,164
2023-12-23 23:00:00,5,249,134
2023-12-23 23:00:00,6,142,117
2023-12-23 23:00:00,7,79,97
2023-12-23 23:00:00,8,163,93
2023-12-23 23:00:00,9,114,87
2023-12-23 23:00:00,10,162,83
2023-12-24 00:00:00,1,132,162
2023-12-24 00:00:00,2,230,119
2023-12-24 00:00:00,3,48,109
2023-12-24 00:00:00,4,79,104
2023-12-24 00:00:00,5,161,88
2023-12-24 00:00:00,6,114,87
2023-12-24 00:00:00,7,249,85
2023-12-24 00:00:00,8,148,75
2023-12-24 00:00:00,9,234,59
2023-12-24 00:00:00,10,163,58
2023-12-24 01:00:00,1,79,109
2023-12-24 01:00:00,2,148,81
2023-12-24 01:00:00,3,230,78
2023-12-24 01:00:00,4,48,72
2023-12-24 01:00:00,5,249,72
2023-12-24 01:00:00,6,114,63
2023-12-24 01:00:00,7,132,58
2023-12-24 01:00:00,8,164,45
2023-12-24 01:00:00,9,163,42
2023-12-24 01:00:00,10,246,41
2023-12-24 02:00:00,1,148,76
2023-12-24 02:00:00,2,79,75
2023-12-24 02:00:00,3,48,64
2023-12-24 02:00:00,4,249,52
2023-12-24 02:00:00,5,114,45
2023-12-24 02:00:00,6,246,45
2023-12-24 02:00:00,7,144,32
2023-12-24 02:00:00,8,164,31
2023-12-24 02:00:00,9,230,28
2023-12-24 02:00:00,10,68,27
2023-12-24 03:00:00,1,246,72
2023-12-24 03:00:00,2,79,58
2023-12-24 03:00:00,3,48,52
2023-12-24 03:00:00,4,249,43
2023-12-24 03:00:00,5,148,39
2023-12-24 03:00:00,6,68,36
2023-12-24 03:00:00,7,144,29
2023-12-24 03:00:00,8,230,29
2023-12-24 03:00:00,9,186,21
2023-12-24 03:00:00,10,100,20
2023-12-24 04:00:00,1,48,54
2023-12-24 04:00:00,2,246,39
2023-12-24 04:00:00,3,79,38
2023-12-24 04:00:00,4,148,29
2023-12-24 04:00:00,5,164,28
2023-12-24 04:00:00,6,230,27
2023-12-24 04:00:00,7,249,23
2023-12-24 04:00:00,8,68,22
2023-12-24 04:00:00,9,107,22
2023-12-24 04:00:00,10,90,17
2023-12-24 05:00:00,1,132,32
2023-12-24 05:00:00,2,230,23
2023-12-24 05:00:00,3,48,22
2023-12-24 05:00:00,4,164,17
2023-12-24 05:00:00,5,161,13
2023-12-24 05:00:00,6,170,13
2023-12-24 05:00:00,7,186,13
2023-12-24 05:00:00,8,262,11
2023-12-24 05:00:00,9,263,10
2023-12-24 05:00:00,10,79,9
2023-12-24 06:00:00,1,132,73
2023-12-24 06:00:00,2,238,23
2023-12-24 06:00:00,3,48,22
2023-12-24 06:00:00,4,263,21
2023-12-24 06:00:00,5,186,20
2023-12-24 06:00:00,6,230,20
2023-12-24 06:00:00,7,107,19
2023-12-24 06:00:00,8,161,19
2023-12-24 06:00:00,9,162,19
2023-12-24 06:00:00,10,236,19
2023-12-24 07:00:00,1,132,101
2023-12-24 07:00:00,2,238,38
2023-12-24 07:00:00,3,230,37
2023-12-24 07:00:00,4,236,37
2023-12-24 07:00:00,5,263,34
2023-12-24 07:00:00,6,161,33
2023-12-24 07:00:00,7,48,31
2023-12-24 07:00:00,8,229,31
2023-12-24 07:00:00,9,186,25
2023-12-24 07:00:00,10,107,24
2023-12-24 08:00:00,1,132,114
2023-12-24 08:00:00,2,239,72
2023-12-24 08:00:00,3,230,70
2023-12-24 08:00:00,4,48,62
2023-12-24 08:00:00,5,161,60
2023-12-24 08:00:00,6,236,59
2023-12-24 08:00:00,7,237,53
2023-12-24 08:00:00,8,141,46
2023-12-24 08:00:00,9,68,45
2023-12-24 08:00:00,10,238,45
2023-12-24 09:00:00,1,230,114
2023-12-24 09:00:00,2,239,112
2023-12-24 09:00:00,3,237,103
2023-12-24 09:00:00,4,236,94
2023-12-24 09:00:00,5,161,90
2023-12-24 09:00:00,6,132,88
2023-12-24 09:00:00,7,48,82
2023-12-24 09:00:00,8,142,80
2023-12-24 09:00:00,9,238,75
2023-12-24 09:00:00,10,163,69
2023-12-24 10:00:00,1,236,152
2023-12-24 10:00:00,2,239,143
2023-12-24 10:00:00,3,237,140
2023-12-24 10:00:00,4,230,134
2023-12-24 10:00:00,5,161,125
2023-12-24 10:00:00,6,141,110
2023-12-24 10:00:00,7,163,110
2023-12-24 10:00:00,8,142,104
2023-12-24 10:00:00,9,238,102
2023-12-24 10:00:00,10,162,92
2023-12-24 11:00:00,1,161,206
2023-12-24 11:00:00,2,236,188
2023-12-24 11:00:00,3,239,173
2023-12-24 11:00:00,4,237,166
2023-12-24 11:00:00,5,230,156
2023-12-24 11:00:00,6,142,125
2023-12-24 11:00:00,7,163,123
2023-12-24 11:00:00,8,162,109
2023-12-24 11:00:00,9,238,107
2023-12-24 11:00:00,10,141,103
2023-12-24 12:00:00,1,237,244
2023-12-24 12:00:00,2,236,241
2023-12-24 12:00:00,3,161,221
2023-12-24 12:00:00,4,230,164
2023-12-24 12:00:00,5,239,160
2023-12-24 12:00:00,6,142,149
2023-12-24 12:00:00,7,186,128
2023-12-24 12:00:00,8,43,127
2023-12-24 12:00:00,9,68,117
2023-12-24 12:00:00,10,141,117
2023-12-24 13:00:00,1,237,267
2023-12-24 13:00:00,2,236,247
2023-12-24 13:00:00,3,161,219
2023-12-24 13:00:00,4,239,183
2023-12-24 13:00:00,5,142,170
2023-12-24 13:00:00,6,163,152
2023-12-24 13:00:00,7,230,148
2023-12-24 13:00:00,8,141,130
2023-12-24 13:00:00,9,68,129
2023-12-24 13:00:00,10,132,124
2023-12-24 14:00:00,1,237,266
2023-12-24 14:00:00,2,236,243
2023-12-24 14:00:00,3,161,208
2023-12-24 14:00:00,4,142,191
2023-12-24 14:00:00,5,239,184
2023-12-24 14:00:00,6,132,165
2023-12-24 14:00:00,7,186,163
2023-12-24 14:00:00,8,43,154
2023-12-24 14:00:00,9,230,151
2023-12-24 14:00:00,10,163,139
2023-12-24 15:00:00,1,237,272
2023-12-24 15:00:00,2,142,263
2023-12-24 15:00:00,3,236,239
2023-12-24 15:00:00,4,132,234
2023-12-24 15:00:00,5,161,229
2023-12-24 15:00:00,6,239,214
2023-12-24 15:00:00,7,43,175
2023-12-24 15:00:00,8,163,157
2023-12-24 15:00:00,9,230,144
2023-12-24 15:00:00,10,141,142
2023-12-24 16:00:00,1,236,277
2023-12-24 16:00:00,2,132,269
2023-12-24 16:00:00,3,237,233
2023-12-24 16:00:00,4,142,191
2023-12-24 16:00:00,5,230,188
2023-12-24 16:00:00,6,161,185
2023-12-24 16:00:00,7,239,177
2023-12-24 16:00:00,8,43,164
2023-12-24 16:00:00,9,163,146
2023-12-24 16:00:00,10,263,122
2023-12-24 17:00:00,1,236,268
2023-12-24 17:00:00,2,237,232
2023-12-24 17:00:00,3,132,203
2023-12-24 17:00:00,4,142,196
2023-12-24 17:00:00,5,161,194
2023-12-24 17:00:00,6,239,181
2023-12-24 17:00:00,7,163,180
2023-12-24 17:00:00,8,186,174
2023-12-24 17:00:00,9,230,169
2023-12-24 17:00:00,10,141,135
2023-12-24 18:00:00,1,142,217
2023-12-24 18:00:00,2,161,212
2023-12-24 18:00:00,3,237,212
2023-12-24 18:00:00,4,236,210
2023-12-24 18:00:00,5,132,186
2023-12-24 18:00:00,6,230,168
2023-12-24 18:00:00,7,239,160
2023-12-24 18:00:00,8,162,149
2023-12-24 18:00:00,9,163,144
2023-12-24 18:00:00,10,48,139
2023-12-24 19:00:00,1,132,178
2023-12-24 19:00:00,2,161,176
2023-12-24 19:00:00,3,236,151
2023-12-24 19:00:00,4,237,149
2023-12-24 19:00:00,5,142,142
2023-12-24 19:00:00,6,230,136
2023-12-24 19:00:00,7,162,121
2023-12-24 19:00:00,8,164,120
2023-12-24 19:00:00,9,48,119
2023-12-24 19:00:00,10,239,118
2023-12-24 20:00:00,1,237,177
2023-12-24 20:00:00,2,163,150
2023-12-24 20:00:00,3,236,141
2023-12-24 20:00:00,4,142,138
2023-12-24 20:00:00,5,161,134
2023-12-24 20:00:00,6,132,132
2023-12-24 20:00:00,7,230,127
2023-12-24 20:00:00,8,162,118
2023-12-24 20:00:00,9,48,99
2023-12-24 20:00:00,10,239,91
2023-12-24 21:00:00,1,132,160
2023-12-24 21:00:00,2,236,145
2023-12-24 21:00:00,3,161,144
2023-12-24 21:00:00,4,237,143
2023-12-24 21:00:00,5,142,136
2023-12-24 21:00:00,6,162,135
2023-12-24 21:00:00,7,230,123
2023-12-24 21:00:00,8,48,115
2023-12-24 21:00:00,9,163,112
2023-12-24 21:00:00,10,239,98
2023-12-24 22:00:00,1,132,137
2023-12-24 22:00:00,2,237,129
2023-12-24 22:00:00,3,230,109
2023-12-24 22:00:00,4,236,108
2023-12-24 22:00:00,5,161,107
2023-12-24 22:00:00,6,142,101
2023-12-24 22:00:00,7,162,97
2023-12-24 22:00:00,8,163,90
2023-12-24 22:00:00,9,249,90
2023-12-24 22:00:00,10,141,76
2023-12-24 23:00:00,1,161,124
2023-12-24 23:00:00,2,237,107
2023-12-24 23:00:00,3,230,98
2023-12-24 23:00:00,4,249,94
2023-12-24 23:00:00,5,132,90
2023-12-24 23:00:00,6,163,80
2023-12-24 23:00:00,7,236,79
2023-12-24 23:00:00,8,186,74
2023-12-24 23:00:00,9,162,72
2023-12-24 23:00:00,10,142,66
2023-12-25 00:00:00,1,161,116
2023-12-25 00:00:00,2,230,103
2023-12-25 00:00:00,3,48,59
2023-12-25 00:00:00,4,114,57
2023-12-25 00:00:00,5,162,51
2023-12-25 00:00:00,6,163,49
2023-12-25 00:00:00,7,132,47
2023-12-25 00:00:00,8,79,46
2023-12-25 00:00:00,9,164,46
2023-12-25 00:00:00,10,249,46
2023-12-25 01:00:00,1,161,103
2023-12-25 01:00:00,2,230,63
2023-12-25 01:00:00,3,48,52
2023-12-25 01:00:00,4,249,37
2023-12-25 01:00:00,5,142,33
2023-12-25 01:00:00,6,236,32
2023-12-25 01:00:00,7,186,31
2023-12-25 01:00:00,8,164,26
2023-12-25 01:00:00,9,79,25
2023-12-25 01:00:00,10,114,22
2023-12-25 02:00:00,1,48,34
2023-12-25 02:00:00,2,230,26
2023-12-25 02:00:00,3,148,18
2023-12-25 02:00:00,4,79,17
2023-12-25 02:00:00,5,90,17
2023-12-25 02:00:00,6,246,17
2023-12-25 02:00:00,7,50,16
2023-12-25 02:00:00,8,68,16
2023-12-25 02:00:00,9,161,13
2023-12-25 02:00:00,10,114,12
2023-12-25 03:00:00,1,48,28
2023-12-25 03:00:00,2,246,27
2023-12-25 03:00:00,3,68,16
2023-12-25 03:00:00,4,249,16
2023-12-25 03:00:00,5,79,15
2023-12-25 03:00:00,6,230,14
2023-12-25 03:00:00,7,90,12
2023-12-25 03:00:00,8,141,10
2023-12-25 03:00:00,9,148,10
2023-12-25 03:00:00,10,164,9
2023-12-25 04:00:00,1,48,26
2023-12-25 04:00:00,2,79,14
2023-12-25 04:00:00,3,68,12
2023-12-25 04:00:00,4,7,10
2023-12-25 04:00:00,5,161,10
2023-12-25 04:00:00,6,230,10
2023-12-25 04:00:00,7,249,10
2023-12-25 04:00:00,8,186,8
2023-12-25 04:00:00,9,246,8
2023-12-25 04:00:00,10,141,7
2023-12-25 05:00:00,1,132,18
2023-12-25 05:00:00,2,230,12
2023-12-25 05:00:00,3,239,12
2023-12-25 05:00:00,4,163,8
2023-12-25 05:00:00,5,48,7
2023-12-25 05:00:00,6,79,7
2023-12-25 05:00:00,7,107,7
2023-12-25 05:00:00,8,186,7
2023-12-25 05:00:00,9,68,5
2023-12-25 05:00:00,10,90,5
2023-12-25 06:00:00,1,132,99
2023-12-25 06:00:00,2,263,16
2023-12-25 06:00:00,3,163,15
2023-12-25 06:00:00,4,230,15
2023-12-25 06:00:00,5,238,15
2023-12-25 06:00:00,6,162,14
2023-12-25 06:00:00,7,186,14
2023-12-25 06:00:00,8,170,13
2023-12-25 06:00:00,9,100,12
2023-12-25 06:00:00,10,140,11
2023-12-25 07:00:00,1,132,68
2023-12-25 07:00:00,2,230,28
2023-12-25 07:00:00,3,236,28
2023-12-25 07:00:00,4,263,27
2023-12-25 07:00:00,5,238,25
2023-12-25 07:00:00,6,48,21
2023-12-25 07:00:00,7,161,21
2023-12-25 07:00:00,8,239,20
2023-12-25 07:00:00,9,162,19
2023-12-25 07:00:00,10,186,18
2023-12-25 08:00:00,1,132,87
2023-12-25 08:00:00,2,230,37
2023-12-25 08:00:00,3,239,36
2023-12-25 08:00:00,4,162,33
2023-12-25 08:00:00,5,237,32
2023-12-25 08:00:00,6,48,30
2023-12-25 08:00:00,7,142,30
2023-12-25 08:00:00,8,236,27
2023-12-25 08:00:00,9,163,26
2023-12-25 08:00:00,10,141,25
2023-12-25 09:00:00,1,230,76
2023-12-25 09:00:00,2,239,64
2023-12-25 09:00:00,3,48,61
2023-12-25 09:00:00,4,138,60
2023-12-25 09:00:00,5,132,56
2023-12-25 09:00:00,6,142,54
2023-12-25 09:00:00,7,161,54
2023-12-25 09:00:00,8,236,51
2023-12-25 09:00:00,9,238,46
2023-12-25 09:00:00,10,237,44
2023-12-25 10:00:00,1,230,98
2023-12-25 10:00:00,2,239,81
2023-12-25 10:00:00,3,161,79
2023-12-25 10:00:00,4,163,79
2023-12-25 10:00:00,5,236,75
2023-12-25 10:00:00,6,237,75
2023-12-25 10:00:00,7,138,73
2023-12-25 10:00:00,8,132,68
2023-12-25 10:00:00,9,142,61
2023-12-25 10:00:00,10,164,54
2023-12-25 11:00:00,1,161,133
2023-12-25 11:00:00,2,237,132
2023-12-25 11:00:00,3,230,131
2023-12-25 11:00:00,4,236,102
2023-12-25 11:00:00,5,163,91
2023-12-25 11:00:00,6,132,84
2023-12-25 11:00:00,7,162,81
2023-12-25 11:00:00,8,142,78
2023-12-25 11:00:00,9,186,71
2023-12-25 11:00:00,10,107,70
2023-12-25 12:00:00,1,161,153
2023-12-25 12:00:00,2,236,135
2023-12-25 12:00:00,3,230,129
2023-12-25 12:00:00,4,138,128
2023-12-25 12:00:00,5,239,119
2023-12-25 12:00:00,6,237,116
2023-12-25 12:00:00,7,186,111
2023-12-25 12:00:00,8,163,104
2023-12-25 12:00:00,9,132,92
2023-12-25 12:00:00,10,68,90
2023-12-25 13:00:00,1,132,164
2023-12-25 13:00:00,2,236,148
2023-12-25 13:00:00,3,161,140
2023-12-25 13:00:00,4,237,140
2023-12-25 13:00:00,5,138,133
2023-12-25 13:00:00,6,239,122
2023-12-25 13:00:00,7,142,113
2023-12-25 13:00:00,8,230,108
2023-12-25 13:00:00,9,43,101
2023-12-25 13:00:00,10,163,95
2023-12-25 14:00:00,1,186,224
2023-12-25 14:00:00,2,132,162
2023-12-25 14:00:00,3,138,155
2023-12-25 14:00:00,4,237,151
2023-12-25 14:00:00,5,142,135
2023-12-25 14:00:00,6,161,122
2023-12-25 14:00:00,7,163,109
2023-12-25 14:00:00,8,230,108
2023-12-25 14:00:00,9,239,106
2023-12-25 14:00:00,10,236,102
2023-12-25 15:00:00,1,132,241
2023-12-25 15:00:00,2,186,167
2023-12-25 15:00:00,3,236,148
2023-12-25 15:00:00,4,237,146
2023-12-25 15:00:00,5,138,126
2023-12-25 15:00:00,6,161,126
2023-12-25 15:00:00,7,142,115
2023-12-25 15:00:00,8,43,111
2023-12-25 15:00:00,9,163,109
2023-12-25 15:00:00,10,162,103
2023-12-25 16:00:00,1,132,246
2023-12-25 16:00:00,2,237,159
2023-12-25 16:00:00,3,138,158
2023-12-25 16:00:00,4,236,127
2023-12-25 16:00:00,5,239,116
2023-12-25 16:00:00,6,186,115
2023-12-25 16:00:00,7,142,109
2023-12-25 16:00:00,8,162,105
2023-12-25 16:00:00,9,163,104
2023-12-25 16:00:00,10,161,102
2023-12-25 17:00:00,1,132,254
2023-12-25 17:00:00,2,138,123
2023-12-25 17:00:00,3,162,122
2023-12-25 17:00:00,4,237,111
2023-12-25 17:00:00,5,186,110
2023-12-25 17:00:00,6,239,106
2023-12-25 17:00:00,7,142,100
2023-12-25 17:00:00,8,163,99
2023-12-25 17:00:00,9,236,94
2023-12-25 17:00:00,10,161,88
2023-12-25 18:00:00,1,132,173
2023-12-25 18:00:00,2,186,151
2023-12-25 18:00:00,3,142,129
2023-12-25 18:00:00,4,138,123
2023-12-25 18:00:00,5,162,109
2023-12-25 18:00:00,6,237,102
2023-12-25 18:00:00,7,163,96
2023-12-25 18:00:00,8,236,92
2023-12-25 18:00:00,9,170,91
2023-12-25 18:00:00,10,161,81
2023-12-25 19:00:00,1,132,217
2023-12-25 19:00:00,2,186,142
2023-12-25 19:00:00,3,142,137
2023-12-25 19:00:00,4,138,127
2023-12-25 19:00:00,5,236,108
2023-12-25 19:00:00,6,237,102
2023-12-25 19:00:00,7,162,89
2023-12-25 19:00:00,8,170,74
2023-12-25 19:00:00,9,239,73
2023-12-25 19:00:00,10,48,67
2023-12-25 20:00:00,1,132,187
2023-12-25 20:00:00,2,186,162
2023-12-25 20:00:00,3,162,149
2023-12-25 20:00:00,4,138,130
2023-12-25 20:00:00,5,142,102
2023-12-25 20:00:00,6,236,94
2023-12-25 20:00:00,7,48,89
2023-12-25 20:00:00,8,237,89
2023-12-25 20:00:00,9,161,82
2023-12-25 20:00:00,10,238,77
2023-12-25 21:00:00,1,132,171
2023-12-25 21:00:00,2,186,164
2023-12-25 21:00:00,3,162,142
2023-12-25 21:00:00,4,142,103
2023-12-25 21:00:00,5,163,92
2023-12-25 21:00:00,6,48,90
2023-12-25 21:00:00,7,237,87
2023-12-25 21:00:00,8,161,81
2023-12-25 21:00:00,9,138,80
2023-12-25 21:00:00,10,236,74
2023-12-25 22:00:00,1,132,205
2023-12-25 22:00:00,2,162,117
2023-12-25 22:00:00,3,161,114
2023-12-25 22:00:00,4,186,112
2023-12-25 22:00:00,5,138,87
2023-12-25 22:00:00,6,142,83
2023-12-25 22:00:00,7,230,77
2023-12-25 22:00:00,8,163,74
2023-12-25 22:00:00,9,48,69
2023-12-25 22:00:00,10,239,63
2023-12-25 23:00:00,1,132,213
2023-12-25 23:00:00,2,138,119
2023-12-25 23:00:00,3,186,111
2023-12-25 23:00:00,4,161,84
2023-12-25 23:00:00,5,230,77
2023-12-25 23:00:00,6,162,76
2023-12-25 23:00:00,7,48,55
2023-12-25 23:00:00,8,68,45
2023-12-25 23:00:00,9,163,43
2023-12-25 23:00:00,10,142,39
2023-12-26 00:00:00,1,132,124
2023-12-26 00:00:00,2,186,63
2023-12-26 00:00:00,3,138,55
2023-12-26 00:00:00,4,48,52
2023-12-26 00:00:00,5,230,49
2023-12-26 00:00:00,6,161,30
2023-12-26 00:00:00,7,114,25
2023-12-26 00:00:00,8,162,24
2023-12-26 00:00:00,9,163,24
2023-12-26 00:00:00,10,249,22
2023-12-26 01:00:00,1,48,36
2023-12-26 01:00:00,2,230,24
2023-12-26 01:00:00,3,186,17
2023-12-26 01:00:00,4,132,14
2023-12-26 01:00:00,5,249,13
2023-12-26 01:00:00,6,79,11
2023-12-26 01:00:00,7,161,11
2023-12-26 01:00:00,8,170,11
2023-12-26 01:00:00,9,68,10
2023-12-26 01:00:00,10,164,9
2023-12-26 02:00:00,1,48,25
2023-12-26 02:00:00,2,138,18
2023-12-26 02:00:00,3,230,11
2023-12-26 02:00:00,4,186,10
2023-12-26 02:00:00,5,249,10
2023-12-26 02:00:00,6,100,9
2023-12-26 02:00:00,7,114,9
2023-12-26 02:00:00,8,132,9
2023-12-26 02:00:00,9,263,8
2023-12-26 02:00:00,10,68,7
2023-12-26 03:00:00,1,230,20
2023-12-26 03:00:00,2,48,15
2023-12-26 03:00:00,3,132,12
2023-12-26 03:00:00,4,249,12
2023-12-26 03:00:00,5,138,8
2023-12-26 03:00:00,6,68,6
2023-12-26 03:00:00,7,164,6
2023-12-26 03:00:00,8,170,6
2023-12-26 03:00:00,9,79,5
2023-12-26 03:00:00,10,90,5
2023-12-26 04:00:00,1,48,15
2023-12-26 04:00:00,2,230,12
2023-12-26 04:00:00,3,161,9
2023-12-26 04:00:00,4,163,9
2023-12-26 04:00:00,5,249,9
2023-12-26 04:00:00,6,132,7
2023-12-26 04:00:00,7,186,7
2023-12-26 04:00:00,8,79,6
2023-12-26 04:00:00,9,164,6
2023-12-26 04:00:00,10,263,6
2023-12-26 05:00:00,1,132,50
2023-12-26 05:00:00,2,186,44
2023-12-26 05:00:00,3,48,34
2023-12-26 05:00:00,4,100,20
2023-12-26 05:00:00,5,162,15
2023-12-26 05:00:00,6,230,12
2023-12-26 05:00:00,7,263,11
2023-12-26 05:00:00,8,170,9
2023-12-26 05:00:00,9,238,9
2023-12-26 05:00:00,10,237,8
2023-12-26 06:00:00,1,132,133
2023-12-26 06:00:00,2,186,59
2023-12-26 06:00:00,3,100,45
2023-12-26 06:00:00,4,162,38
2023-12-26 06:00:00,5,48,33
2023-12-26 06:00:00,6,239,32
2023-12-26 06:00:00,7,263,25
2023-12-26 06:00:00,8,161,24
2023-12-26 06:00:00,9,236,24
2023-12-26 06:00:00,10,238,21
2023-12-26 07:00:00,1,132,146
2023-12-26 07:00:00,2,186,69
2023-12-26 07:00:00,3,236,58
2023-12-26 07:00:00,4,162,56
2023-12-26 07:00:00,5,48,54
2023-12-26 07:00:00,6,161,43
2023-12-26 07:00:00,7,170,41
2023-12-26 07:00:00,8,100,39
2023-12-26 07:00:00,9,262,38
2023-12-26 07:00:00,10,230,37
2023-12-26 08:00:00,1,186,133
2023-12-26 08:00:00,2,132,91
2023-12-26 08:00:00,3,162,89
2023-12-26 08:00:00,4,237,89
2023-12-26 08:00:00,5,236,84
2023-12-26 08:00:00,6,230,68
2023-12-26 08:00:00,7,161,63
2023-12-26 08:00:00,8,48,61
2023-12-26 08:00:00,9,138,57
2023-12-26 08:00:00,10,68,55
2023-12-26 09:00:00,1,186,153
2023-12-26 09:00:00,2,138,151
2023-12-26 09:00:00,3,237,112
2023-12-26 09:00:00,4,162,109
2023-12-26 09:00:00,5,230,108
2023-12-26 09:00:00,6,236,106
2023-12-26 09:00:00,7,132,100
2023-12-26 09:00:00,8,161,91
2023-12-26 09:00:00,9,170,86
2023-12-26 09:00:00,10,48,84
2023-12-26 10:00:00,1,138,218
2023-12-26 10:00:00,2,186,200
2023-12-26 10:00:00,3,132,150
2023-12-26 10:00:00,4,236,145
2023-12-26 10:00:00,5,161,144
2023-12-26 10:00:00,6,230,134
2023-12-26 10:00:00,7,162,132
2023-12-26 10:00:00,8,237,132
2023-12-26 10:00:00,9,170,131
2023-12-26 10:00:00,10,68,107
2023-12-26 11:00:00,1,161,233
2023-12-26 11:00:00,2,186,233
2023-12-26 11:00:00,3,162,208
2023-12-26 11:00:00,4,237,178
2023-12-26 11:00:00,5,138,176
2023-12-26 11:00:00,6,236,164
2023-12-26 11:00:00,7,230,149
2023-12-26 11:00:00,8,239,139
2023-12-26 11:00:00,9,142,127
2023-12-26 11:00:00,10,170,127
2023-12-26 12:00:00,1,161,260
2023-12-26 12:00:00,2,186,248
2023-12-26 12:00:00,3,237,210
2023-12-26 12:00:00,4,236,206
2023-12-26 12:00:00,5,162,203
2023-12-26 12:00:00,6,138,180
2023-12-26 12:00:00,7,230,155
2023-12-26 12:00:00,8,43,148
2023-12-26 12:00:00,9,132,148
2023-12-26 12:00:00,10,68,147
2023-12-26 13:00:00,1,161,263
2023-12-26 13:00:00,2,186,252
2023-12-26 13:00:00,3,162,220
2023-12-26 13:00:00,4,236,217
2023-12-26 13:00:00,5,237,204
2023-12-26 13:00:00,6,132,194
2023-12-26 13:00:00,7,43,191
2023-12-26 13:00:00,8,68,169
2023-12-26 13:00:00,9,170,168
2023-12-26 13:00:00,10,239,167
2023-12-26 14:00:00,1,132,286
2023-12-26 14:00:00,2,237,259
2023-12-26 14:00:00,3,161,255
2023-12-26 14:00:00,4,236,238
2023-12-26 14:00:00,5,162,227
2023-12-26 14:00:00,6,186,221
2023-12-26 14:00:00,7,138,218
2023-12-26 14:00:00,8,239,166
2023-12-26 14:00:00,9,43,162
2023-12-26 14:00:00,10,142,150
2023-12-26 15:00:00,1,132,347
2023-12-26 15:00:00,2,186,255
2023-12-26 15:00:00,3,161,253
2023-12-26 15:00:00,4,237,248
2023-12-26 15:00:00,5,236,245
2023-12-26 15:00:00,6,138,191
2023-12-26 15:00:00,7,162,188
2023-12-26 15:00:00,8,68,187
2023-12-26 15:00:00,9,230,183
2023-12-26 15:00:00,10,43,180
2023-12-26 16:00:00,1,132,391
2023-12-26 16:00:00,2,161,266
2023-12-26 16:00:00,3,237,254
2023-12-26 16:00:00,4,236,224
2023-12-26 16:00:00,5,162,223
2023-12-26 16:00:00,6,186,219
2023-12-26 16:00:00,7,138,212
2023-12-26 16:00:00,8,43,202
2023-12-26 16:00:00,9,142,197
2023-12-26 16:00:00,10,170,167
2023-12-26 17:00:00,1,132,343
2023-12-26 17:00:00,2,186,276
2023-12-26 17:00:00,3,162,264
2023-12-26 17:00:00,4,138,253
2023-12-26 17:00:00,5,237,232
2023-12-26 17:00:00,6,236,214
2023-12-26 17:00:00,7,161,194
2023-12-26 17:00:00,8,163,181
2023-12-26 17:00:00,9,239,169
2023-12-26 17:00:00,10,230,162
2023-12-26 18:00:00,1,132,262
2023-12-26 18:00:00,2,138,232
2023-12-26 18:00:00,3,186,226
2023-12-26 18:00:00,4,162,218
2023-12-26 18:00:00,5,237,196
2023-12-26 18:00:00,6,161,184
2023-12-26 18:00:00,7,142,170
2023-12-26 18:00:00,8,163,163
2023-12-26 18:00:00,9,230,143
2023-12-26 18:00:00,10,236,138
2023-12-26 19:00:00,1,186,341
2023-12-26 19:00:00,2,132,334
2023-12-26 19:00:00,3,138,247
2023-12-26 19:00:00,4,161,174
2023-12-26 19:00:00,5,162,172
2023-12-26 19:00:00,6,237,142
2023-12-26 19:00:00,7,68,140
2023-12-26 19:00:00,8,170,140
2023-12-26 19:00:00,9,163,123
2023-12-26 19:00:00,10,142,121
2023-12-26 20:00:00,1,132,324
2023-12-26 20:00:00,2,186,209
2023-12-26 20:00:00,3,138,201
2023-12-26 20:00:00,4,161,160
2023-12-26 20:00:00,5,162,150
2023-12-26 20:00:00,6,142,139
2023-12-26 20:00:00,7,237,133
2023-12-26 20:00:00,8,68,124
2023-12-26 20:00:00,9,230,116
2023-12-26 20:00:00,10,48,107
2023-12-26 21:00:00,1,132,311
2023-12-26 21:00:00,2,142,294
2023-12-26 21:00:00,3,161,194
2023-12-26 21:00:00,4,48,174
2023-12-26 21:00:00,5,138,164
2023-12-26 21:00:00,6,186,145
2023-12-26 21:00:00,7,162,143
2023-12-26 21:00:00,8,68,138
2023-12-26 21:00:00,9,230,136
2023-12-26 21:00:00,10,249,106
2023-12-26 22:00:00,1,132,387
2023-12-26 22:00:00,2,186,224
2023-12-26 22:00:00,3,161,203
2023-12-26 22:00:00,4,230,175
2023-12-26 22:00:00,5,138,169
2023-12-26 22:00:00,6,48,159
2023-12-26 22:00:00,7,142,123
2023-12-26 22:00:00,8,68,101
2023-12-26 22:00:00,9,162,94
2023-12-26 22:00:00,10,249,90
2023-12-26 23:00:00,1,132,295
2023-12-26 23:00:00,2,138,171
2023-12-26 23:00:00,3,48,107
2023-12-26 23:00:00,4,230,106
2023-12-26 23:00:00,5,161,95
2023-12-26 23:00:00,6,186,78
2023-12-26 23:00:00,7,249,69
2023-12-26 23:00:00,8,68,65
2023-12-26 23:00:00,9,114,65
2023-12-26 23:00:00,10,163,62
2023-12-27 00:00:00,1,132,264
2023-12-27 00:00:00,2,138,153
2023-12-27 00:00:00,3,186,57
2023-12-27 00:00:00,4,48,54
2023-12-27 00:00:00,5,230,53
2023-12-27 00:00:00,6,161,51
2023-12-27 00:00:00,7,249,50
2023-12-27 00:00:00,8,79,48
2023-12-27 00:00:00,9,164,44
2023-12-27 00:00:00,10,68,41
2023-12-27 01:00:00,1,132,203
2023-12-27 01:00:00,2,138,76
2023-12-27 01:00:00,3,48,32
2023-12-27 01:00:00,4,186,30
2023-12-27 01:00:00,5,230,30
2023-12-27 01:00:00,6,79,29
2023-12-27 01:00:00,7,114,29
2023-12-27 01:00:00,8,148,23
2023-12-27 01:00:00,9,100,21
2023-12-27 01:00:00,10,249,21
2023-12-27 02:00:00,1,132,38
2023-12-27 02:00:00,2,79,27
2023-12-27 02:00:00,3,114,24
2023-12-27 02:00:00,4,249,23
2023-12-27 02:00:00,5,48,22
2023-12-27 02:00:00,6,230,18
2023-12-27 02:00:00,7,164,15
2023-12-27 02:00:00,8,100,11
2023-12-27 02:00:00,9,186,11
2023-12-27 02:00:00,10,246,11
2023-12-27 03:00:00,1,132,23
2023-12-27 03:00:00,2,48,19
2023-12-27 03:00:00,3,246,19
2023-12-27 03:00:00,4,230,17
2023-12-27 03:00:00,5,164,15
2023-12-27 03:00:00,6,249,15
2023-12-27 03:00:00,7,79,9
2023-12-27 03:00:00,8,186,9
2023-12-27 03:00:00,9,161,7
2023-12-27 03:00:00,10,68,6
2023-12-27 04:00:00,1,230,19
2023-12-27 04:00:00,2,132,16
2023-12-27 04:00:00,3,48,13
2023-12-27 04:00:00,4,79,11
2023-12-27 04:00:00,5,100,10
2023-12-27 04:00:00,6,161,9
2023-12-27 04:00:00,7,163,9
2023-12-27 04:00:00,8,164,9
2023-12-27 04:00:00,9,263,9
2023-12-27 04:00:00,10,90,7
2023-12-27 05:00:00,1,132,73
2023-12-27 05:00:00,2,186,43
2023-12-27 05:00:00,3,48,33
2023-12-27 05:00:00,4,100,20
2023-12-27 05:00:00,5,142,14
2023-12-27 05:00:00,6,170,12
2023-12-27 05:00:00,7,230,12
2023-12-27 05:00:00,8,237,11
2023-12-27 05:00:00,9,141,10
2023-12-27 05:00:00,10,90,8
2023-12-27 06:00:00,1,132,163
2023-12-27 06:00:00,2,186,74
2023-12-27 06:00:00,3,100,66
2023-12-27 06:00:00,4,162,53
2023-12-27 06:00:00,5,48,43
2023-12-27 06:00:00,6,263,37
2023-12-27 06:00:00,7,161,32
2023-12-27 06:00:00,8,170,31
2023-12-27 06:00:00,9,237,31
2023-12-27 06:00:00,10,262,31
2023-12-27 07:00:00,1,132,156
2023-12-27 07:00:00,2,186,83
2023-12-27 07:00:00,3,162,70
2023-12-27 07:00:00,4,48,61
2023-12-27 07:00:00,5,236,60
2023-12-27 07:00:00,6,262,55
2023-12-27 07:00:00,7,100,49
2023-12-27 07:00:00,8,140,49
2023-12-27 07:00:00,9,230,49
2023-12-27 07:00:00,10,238,49
2023-12-27 08:00:00,1,132,150
2023-12-27 08:00:00,2,186,120
2023-12-27 08:00:00,3,162,115
2023-12-27 08:00:00,4,236,110
2023-12-27 08:00:00,5,138,102
2023-12-27 08:00:00,6,237,97
2023-12-27 08:00:00,7,161,88
2023-12-27 08:00:00,8,68,79
2023-12-27 08:00:00,9,230,77
2023-12-27 08:00:00,10,48,76
2023-12-27 09:00:00,1,138,214
2023-12-27 09:00:00,2,186,177
2023-12-27 09:00:00,3,162,163
2023-12-27 09:00:00,4,236,159
2023-12-27 09:00:00,5,230,136
2023-12-27 09:00:00,6,237,136
2023-12-27 09:00:00,7,161,134
2023-12-27 09:00:00,8,132,114
2023-12-27 09:00:00,9,170,113
2023-12-27 09:00:00,10,48,98
2023-12-27 10:00:00,1,186,243
2023-12-27 10:00:00,2,161,203
2023-12-27 10:00:00,3,138,200
2023-12-27 10:00:00,4,237,191
2023-12-27 10:00:00,5,162,182
2023-12-27 10:00:00,6,236,175
2023-12-27 10:00:00,7,230,173
2023-12-27 10:00:00,8,132,160
2023-12-27 10:00:00,9,170,158
2023-12-27 10:00:00,10,239,142
2023-12-27 11:00:00,1,186,288
2023-12-27 11:00:00,2,161,241
2023-12-27 11:00:00,3,236,220
2023-12-27 11:00:00,4,237,205
2023-12-27 11:00:00,5,239,198
2023-12-27 11:00:00,6,162,195
2023-12-27 11:00:00,7,138,194
2023-12-27 11:00:00,8,230,182
2023-12-27 11:00:00,9,163,143
2023-12-27 11:00:00,10,142,136
2023-12-27 12:00:00,1,161,305
2023-12-27 12:00:00,2,186,292
2023-12-27 12:00:00,3,237,263
2023-12-27 12:00:00,4,236,227
2023-12-27 12:00:00,5,162,202
2023-12-27 12:00:00,6,142,173
2023-12-27 12:00:00,7,239,173
2023-12-27 12:00:00,8,230,172
2023-12-27 12:00:00,9,68,160
2023-12-27 12:00:00,10,170,154
2023-12-27 13:00:00,1,161,290
2023-12-27 13:00:00,2,132,274
2023-12-27 13:00:00,3,237,261
2023-12-27 13:00:00,4,236,258
2023-12-27 13:00:00,5,142,239
2023-12-27 13:00:00,6,239,209
2023-12-27 13:00:00,7,186,206
2023-12-27 13:00:00,8,162,186
2023-12-27 13:00:00,9,230,178
2023-12-27 13:00:00,10,138,169
2023-12-27 14:00:00,1,132,318
2023-12-27 14:00:00,2,161,286
2023-12-27 14:00:00,3,237,265
2023-12-27 14:00:00,4,138,261
2023-12-27 14:00:00,5,236,234
2023-12-27 14:00:00,6,186,230
2023-12-27 14:00:00,7,162,202
2023-12-27 14:00:00,8,142,192
2023-12-27 14:00:00,9,239,192
2023-12-27 14:00:00,10,163,175
2023-12-27 15:00:00,1,132,360
2023-12-27 15:00:00,2,161,344
2023-12-27 15:00:00,3,186,301
2023-12-27 15:00:00,4,138,277
2023-12-27 15:00:00,5,237,271
2023-12-27 15:00:00,6,236,264
2023-12-27 15:00:00,7,239,227
2023-12-27 15:00:00,8,162,205
2023-12-27 15:00:00,9,230,186
2023-12-27 15:00:00,10,142,181
2023-12-27 16:00:00,1,132,391
2023-12-27 16:00:00,2,161,321
2023-12-27 16:00:00,3,237,254
2023-12-27 16:00:00,4,142,235
2023-12-27 16:00:00,5,230,229
2023-12-27 16:00:00,6,239,225
2023-12-27 16:00:00,7,186,213
2023-12-27 16:00:00,8,162,204
2023-12-27 16:00:00,9,163,184
2023-12-27 16:00:00,10,170,181
2023-12-27 17:00:00,1,138,316
2023-12-27 17:00:00,2,132,315
2023-12-27 17:00:00,3,161,270
2023-12-27 17:00:00,4,230,230
2023-12-27 17:00:00,5,186,225
2023-12-27 17:00:00,6,162,218
2023-12-27 17:00:00,7,237,213
2023-12-27 17:00:00,8,239,196
2023-12-27 17:00:00,9,163,193
2023-12-27 17:00:00,10,236,182
2023-12-27 18:00:00,1,161,312
2023-12-27 18:00:00,2,132,311
2023-12-27 18:00:00,3,186,259
2023-12-27 18:00:00,4,142,245
2023-12-27 18:00:00,5,138,241
2023-12-27 18:00:00,6,162,222
2023-12-27 18:00:00,7,237,222
2023-12-27 18:00:00,8,163,213
2023-12-27 18:00:00,9,230,187
2023-12-27 18:00:00,10,236,184
2023-12-27 19:00:00,1,132,380
2023-12-27 19:00:00,2,138,294
2023-12-27 19:00:00,3,186,294
2023-12-27 19:00:00,4,161,228
2023-12-27 19:00:00,5,142,179
2023-12-27 19:00:00,6,163,170
2023-12-27 19:00:00,7,230,163
2023-12-27 19:00:00,8,68,156
2023-12-27 19:00:00,9,162,149
2023-12-27 19:00:00,10,237,141
2023-12-27 20:00:00,1,132,375
2023-12-27 20:00:00,2,138,281
2023-12-27 20:00:00,3,161,180
2023-12-27 20:00:00,4,186,179
2023-12-27 20:00:00,5,142,155
2023-12-27 20:00:00,6,162,140
2023-12-27 20:00:00,7,237,139
2023-12-27 20:00:00,8,68,133
2023-12-27 20:00:00,9,230,133
2023-12-27 20:00:00,10,234,129
2023-12-27 21:00:00,1,132,402
2023-12-27 21:00:00,2,186,312
2023-12-27 21:00:00,3,142,297
2023-12-27 21:00:00,4,161,220
2023-12-27 21:00:00,5,230,218
2023-12-27 21:00:00,6,48,175
2023-12-27 21:00:00,7,68,159
2023-12-27 21:00:00,8,138,155
2023-12-27 21:00:00,9,163,154
2023-12-27 21:00:00,10,237,153
2023-12-27 22:00:00,1,132,413
2023-12-27 22:00:00,2,230,375
2023-12-27 22:00:00,3,161,240
2023-12-27 22:00:00,4,48,237
2023-12-27 22:00:00,5,186,222
2023-12-27 22:00:00,6,142,169
2023-12-27 22:00:00,7,138,153
2023-12-27 22:00:00,8,163,138
2023-12-27 22:00:00,9,68,132
2023-12-27 22:00:00,10,249,131
2023-12-27 23:00:00,1,132,350
2023-12-27 23:00:00,2,230,193
2023-12-27 23:00:00,3,138,177
2023-12-27 23:00:00,4,48,165
2023-12-27 23:00:00,5,161,122
2023-12-27 23:00:00,6,249,117
2023-12-27 23:00:00,7,79,91
2023-12-27 23:00:00,8,114,91
2023-12-27 23:00:00,9,186,87
2023-12-27 23:00:00,10,163,78
2023-12-28 00:00:00,1,132,223
2023-12-28 00:00:00,2,186,105
2023-12-28 00:00:00,3,230,92
2023-12-28 00:00:00,4,138,91
2023-12-28 00:00:00,5,48,83
2023-12-28 00:00:00,6,114,73
2023-12-28 00:00:00,7,79,62
2023-12-28 00:00:00,8,249,62
2023-12-28 00:00:00,9,68,59
2023-12-28 00:00:00,10,161,45
2023-12-28 01:00:00,1,132,153
2023-12-28 01:00:00,2,246,61
2023-12-28 01:00:00,3,186,55
2023-12-28 01:00:00,4,114,53
2023-12-28 01:00:00,5,48,48
2023-12-28 01:00:00,6,249,48
2023-12-28 01:00:00,7,138,46
2023-12-28 01:00:00,8,230,43
2023-12-28 01:00:00,9,79,38
2023-12-28 01:00:00,10,68,34
2023-12-28 02:00:00,1,246,92
2023-12-28 02:00:00,2,132,50
2023-12-28 02:00:00,3,114,46
2023-12-28 02:00:00,4,48,40
2023-12-28 02:00:00,5,249,31
2023-12-28 02:00:00,6,79,27
2023-12-28 02:00:00,7,138,21
2023-12-28 02:00:00,8,68,20
2023-12-28 02:00:00,9,230,16
2023-12-28 02:00:00,10,158,15
2023-12-28 03:00:00,1,246,91
2023-12-28 03:00:00,2,249,22
2023-12-28 03:00:00,3,132,19
2023-12-28 03:00:00,4,48,18
2023-12-28 03:00:00,5,79,16
2023-12-28 03:00:00,6,68,13
2023-12-28 03:00:00,7,230,13
2023-12-28 03:00:00,8,163,10
2023-12-28 03:00:00,9,90,9
2023-12-28 03:00:00,10,125,9
2023-12-28 04:00:00,1,246,27
2023-12-28 04:00:00,2,48,21
2023-12-28 04:00:00,3,132,15
2023-12-28 04:00:00,4,249,13
2023-12-28 04:00:00,5,230,12
2023-12-28 04:00:00,6,186,11
2023-12-28 04:00:00,7,163,8
2023-12-28 04:00:00,8,263,8
2023-12-28 04:00:00,9,148,7
2023-12-28 04:00:00,10,161,7
2023-12-28 05:00:00,1,132,53
2023-12-28 05:00:00,2,186,44
2023-12-28 05:00:00,3,48,33
2023-12-28 05:00:00,4,100,23
2023-12-28 05:00:00,5,162,19
2023-12-28 05:00:00,6,170,14
2023-12-28 05:00:00,7,263,14
2023-12-28 05:00:00,8,229,12
2023-12-28 05:00:00,9,141,11
2023-12-28 05:00:00,10,239,11
2023-12-28 06:00:00,1,132,179
2023-12-28 06:00:00,2,186,78
2023-12-28 06:00:00,3,100,67
2023-12-28 06:00:00,4,162,53
2023-12-28 06:00:00,5,48,45
2023-12-28 06:00:00,6,262,30
2023-12-28 06:00:00,7,263,30
2023-12-28 06:00:00,8,170,28
2023-12-28 06:00:00,9,238,26
2023-12-28 06:00:00,10,141,25
2023-12-28 07:00:00,1,132,160
2023-12-28 07:00:00,2,186,91
2023-12-28 07:00:00,3,162,60
2023-12-28 07:00:00,4,48,59
2023-12-28 07:00:00,5,236,58
2023-12-28 07:00:00,6,161,54
2023-12-28 07:00:00,7,237,53
2023-12-28 07:00:00,8,142,50
2023-12-28 07:00:00,9,141,44
2023-12-28 07:00:00,10,170,41
2023-12-28 08:00:00,1,132,197
2023-12-28 08:00:00,2,186,122
2023-12-28 08:00:00,3,236,113
2023-12-28 08:00:00,4,162,106
2023-12-28 08:00:00,5,230,97
2023-12-28 08:00:00,6,237,96
2023-12-28 08:00:00,7,161,83
2023-12-28 08:00:00,8,48,80
2023-12-28 08:00:00,9,170,78
2023-12-28 08:00:00,10,239,76
2023-12-28 09:00:00,1,138,202
2023-12-28 09:00:00,2,236,178
2023-12-28 09:00:00,3,186,158
2023-12-28 09:00:00,4,132,155
2023-12-28 09:00:00,5,237,144
2023-12-28 09:00:00,6,230,143
2023-12-28 09:00:00,7,161,140
2023-12-28 09:00:00,8,170,135
2023-12-28 09:00:00,9,239,122
2023-12-28 09:00:00,10,162,118
2023-12-28 10:00:00,1,186,223
2023-12-28 10:00:00,2,161,202
2023-12-28 10:00:00,3,230,194
2023-12-28 10:00:00,4,237,176
2023-12-28 10:00:00,5,162,158
2023-12-28 10:00:00,6,138,157
2023-12-28 10:00:00,7,170,156
2023-12-28 10:00:00,8,236,155
2023-12-28 10:00:00,9,132,148
2023-12-28 10:00:00,10,239,144
2023-12-28 11:00:00,1,161,275
2023-12-28 11:00:00,2,186,257
2023-12-28 11:00:00,3,237,220
2023-12-28 11:00:00,4,236,209
2023-12-28 11:00:00,5,138,200
2023-12-28 11:00:00,6,230,191
2023-12-28 11:00:00,7,162,168
2023-12-28 11:00:00,8,68,150
2023-12-28 11:00:00,9,239,144
2023-12-28 11:00:00,10,132,142
2023-12-28 12:00:00,1,161,271
2023-12-28 12:00:00,2,236,260
2023-12-28 12:00:00,3,237,253
2023-12-28 12:00:00,4,186,249
2023-12-28 12:00:00,5,230,190
2023-12-28 12:00:00,6,239,186
2023-12-28 12:00:00,7,162,174
2023-12-28 12:00:00,8,170,167
2023-12-28 12:00:00,9,163,163
2023-12-28 12:00:00,10,68,160
2023-12-28 13:00:00,1,132,276
2023-12-28 13:00:00,2,161,271
2023-12-28 13:00:00,3,236,271
2023-12-28 13:00:00,4,237,265
2023-12-28 13:00:00,5,239,233
2023-12-28 13:00:00,6,142,216
2023-12-28 13:00:00,7,186,209
2023-12-28 13:00:00,8,43,203
2023-12-28 13:00:00,9,162,192
2023-12-28 13:00:00,10,163,177
2023-12-28 14:00:00,1,132,372
2023-12-28 14:00:00,2,237,302
2023-12-28 14:00:00,3,236,298
2023-12-28 14:00:00,4,161,288
2023-12-28 14:00:00,5,186,263
2023-12-28 14:00:00,6,142,235
2023-12-28 14:00:00,7,138,231
2023-12-28 14:00:00,8,239,221
2023-12-28 14:00:00,9,163,210
2023-12-28 14:00:00,10,43,209
2023-12-28 15:00:00,1,132,379
2023-12-28 15:00:00,2,237,338
2023-12-28 15:00:00,3,236,326
2023-12-28 15:00:00,4,161,314
2023-12-28 15:00:00,5,43,300
2023-12-28 15:00:00,6,239,271
2023-12-28 15:00:00,7,186,264
2023-12-28 15:00:00,8,163,219
2023-12-28 15:00:00,9,138,200
2023-12-28 15:00:00,10,68,197
2023-12-28 16:00:00,1,132,426
2023-12-28 16:00:00,2,237,293
2023-12-28 16:00:00,3,236,272
2023-12-28 16:00:00,4,161,255
2023-12-28 16:00:00,5,162,242
2023-12-28 16:00:00,6,43,237
2023-12-28 16:00:00,7,138,211
2023-12-28 16:00:00,8,239,211
2023-12-28 16:00:00,9,186,210
2023-12-28 16:00:00,10,163,203
2023-12-28 17:00:00,1,132,386
2023-12-28 17:00:00,2,138,286
2023-12-28 17:00:00,3,161,264
2023-12-28 17:00:00,4,236,263
2023-12-28 17:00:00,5,237,261
2023-12-28 17:00:00,6,162,238
2023-12-28 17:00:00,7,186,236
2023-12-28 17:00:00,8,163,229
2023-12-28 17:00:00,9,230,201
2023-12-28 17:00:00,10,239,201
2023-12-28 18:00:00,1,132,296
2023-12-28 18:00:00,2,162,248
2023-12-28 18:00:00,3,237,234
2023-12-28 18:00:00,4,186,230
2023-12-28 18:00:00,5,161,222
2023-12-28 18:00:00,6,138,218
2023-12-28 18:00:00,7,142,214
2023-12-28 18:00:00,8,163,199
2023-12-28 18:00:00,9,236,189
2023-12-28 18:00:00,10,170,186
2023-12-28 19:00:00,1,132,352
2023-12-28 19:00:00,2,138,311
2023-12-28 19:00:00,3,161,246
2023-12-28 19:00:00,4,186,196
2023-12-28 19:00:00,5,237,173
2023-12-28 19:00:00,6,142,169
2023-12-28 19:00:00,7,170,162
2023-12-28 19:00:00,8,162,160
2023-12-28 19:00:00,9,230,155
2023-12-28 19:00:00,10,163,151
2023-12-28 20:00:00,1,132,336
2023-12-28 20:00:00,2,138,210
2023-12-28 20:00:00,3,161,180
2023-12-28 20:00:00,4,237,161
2023-12-28 20:00:00,5,186,159
2023-12-28 20:00:00,6,142,147
2023-12-28 20:00:00,7,162,145
2023-12-28 20:00:00,8,48,143
2023-12-28 20:00:00,9,230,140
2023-12-28 20:00:00,10,170,136
2023-12-28 21:00:00,1,132,340
2023-12-28 21:00:00,2,142,263
2023-12-28 21:00:00,3,161,217
2023-12-28 21:00:00,4,230,215
2023-12-28 21:00:00,5,48,209
2023-12-28 21:00:00,6,163,165
2023-12-28 21:00:00,7,138,162
2023-12-28 21:00:00,8,249,153
2023-12-28 21:00:00,9,237,150
2023-12-28 21:00:00,10,162,137
2023-12-28 22:00:00,1,132,448
2023-12-28 22:00:00,2,161,220
2023-12-28 22:00:00,3,48,216
2023-12-28 22:00:00,4,230,214
2023-12-28 22:00:00,5,142,154
2023-12-28 22:00:00,6,163,139
2023-12-28 22:00:00,7,186,136
2023-12-28 22:00:00,8,249,135
2023-12-28 22:00:00,9,79,134
2023-12-28 22:00:00,10,138,120
2023-12-28 23:00:00,1,132,321
2023-12-28 23:00:00,2,186,255
2023-12-28 23:00:00,3,138,219
2023-12-28 23:00:00,4,230,137
2023-12-28 23:00:00,5,249,133
2023-12-28 23:00:00,6,48,124
2023-12-28 23:00:00,7,161,116
2023-12-28 23:00:00,8,68,115
2023-12-28 23:00:00,9,79,114
2023-12-28 23:00:00,10,164,104
2023-12-29 00:00:00,1,132,209
2023-12-29 00:00:00,2,186,202
2023-12-29 00:00:00,3,79,112
2023-12-29 00:00:00,4,164,110
2023-12-29 00:00:00,5,114,103
2023-12-29 00:00:00,6,48,101
2023-12-29 00:00:00,7,68,99
2023-12-29 00:00:00,8,249,98
2023-12-29 00:00:00,9,230,84
2023-12-29 00:00:00,10,138,78
2023-12-29 01:00:00,1,132,108
2023-12-29 01:00:00,2,79,95
2023-12-29 01:00:00,3,249,86
2023-12-29 01:00:00,4,48,80
2023-12-29 01:00:00,5,186,66
2023-12-29 01:00:00,6,230,66
2023-12-29 01:00:00,7,114,65
2023-12-29 01:00:00,8,164,57
2023-12-29 01:00:00,9,148,51
2023-12-29 01:00:00,10,158,51
2023-12-29 02:00:00,1,79,75
2023-12-29 02:00:00,2,249,64
2023-12-29 02:00:00,3,48,54
2023-12-29 02:00:00,4,114,46
2023-12-29 02:00:00,5,148,44
2023-12-29 02:00:00,6,230,42
2023-12-29 02:00:00,7,246,39
2023-12-29 02:00:00,8,68,35
2023-12-29 02:00:00,9,132,34
2023-12-29 02:00:00,10,186,34
2023-12-29 03:00:00,1,148,62
2023-12-29 03:00:00,2,79,59
2023-12-29 03:00:00,3,230,54
2023-12-29 03:00:00,4,246,52
2023-12-29 03:00:00,5,249,43
2023-12-29 03:00:00,6,48,42
2023-12-29 03:00:00,7,68,41
2023-12-29 03:00:00,8,132,25
2023-12-29 03:00:00,9,164,19
2023-12-29 03:00:00,10,186,19
2023-12-29 04:00:00,1,48,46
2023-12-29 04:00:00,2,230,34
2023-12-29 04:00:00,3,79,31
2023-12-29 04:00:00,4,148,31
2023-12-29 04:00:00,5,68,20
2023-12-29 04:00:00,6,164,20
2023-12-29 04:00:00,7,249,20
2023-12-29 04:00:00,8,246,17
2023-12-29 04:00:00,9,186,16
2023-12-29 04:00:00,10,132,15
2023-12-29 05:00:00,1,132,46
2023-12-29 05:00:00,2,186,32
2023-12-29 05:00:00,3,48,31
2023-12-29 05:00:00,4,100,28
2023-12-29 05:00:00,5,230,18
2023-12-29 05:00:00,6,170,17
2023-12-29 05:00:00,7,162,14
2023-12-29 05:00:00,8,141,13
2023-12-29 05:00:00,9,263,12
2023-12-29 05:00:00,10,161,11
2023-12-29 06:00:00,1,132,118
2023-12-29 06:00:00,2,186,63
2023-12-29 06:00:00,3,100,62
2023-12-29 06:00:00,4,48,46
2023-12-29 06:00:00,5,162,37
2023-12-29 06:00:00,6,263,37
2023-12-29 06:00:00,7,230,29
2023-12-29 06:00:00,8,236,28
2023-12-29 06:00:00,9,239,25
2023-12-29 06:00:00,10,237,22
2023-12-29 07:00:00,1,132,162
2023-12-29 07:00:00,2,186,69
2023-12-29 07:00:00,3,236,56
2023-12-29 07:00:00,4,162,52
2023-12-29 07:00:00,5,48,47
2023-12-29 07:00:00,6,263,46
2023-12-29 07:00:00,7,262,45
2023-12-29 07:00:00,8,230,43
2023-12-29 07:00:00,9,100,41
2023-12-29 07:00:00,10,161,41
2023-12-29 08:00:00,1,132,210
2023-12-29 08:00:00,2,230,105
2023-12-29 08:00:00,3,236,99
2023-12-29 08:00:00,4,237,93
2023-12-29 08:00:00,5,186,89
2023-12-29 08:00:00,6,161,85
2023-12-29 08:00:00,7,162,78
2023-12-29 08:00:00,8,138,70
2023-12-29 08:00:00,9,239,70
2023-12-29 08:00:00,10,163,64
2023-12-29 09:00:00,1,138,206
2023-12-29 09:00:00,2,132,179
2023-12-29 09:00:00,3,230,158
2023-12-29 09:00:00,4,161,120
2023-12-29 09:00:00,5,236,116
2023-12-29 09:00:00,6,162,114
2023-12-29 09:00:00,7,186,102
2023-12-29 09:00:00,8,170,99
2023-12-29 09:00:00,9,48,93
2023-12-29 09:00:00,10,237,92
2023-12-29 10:00:00,1,161,193
2023-12-29 10:00:00,2,230,161
2023-12-29 10:00:00,3,162,158
2023-12-29 10:00:00,4,186,157
2023-12-29 10:00:00,5,236,151
2023-12-29 10:00:00,6,237,147
2023-12-29 10:00:00,7,170,144
2023-12-29 10:00:00,8,239,128
2023-12-29 10:00:00,9,138,123
2023-12-29 10:00:00,10,163,115
2023-12-29 11:00:00,1,161,241
2023-12-29 11:00:00,2,236,220
2023-12-29 11:00:00,3,237,212
2023-12-29 11:00:00,4,162,197
2023-12-29 11:00:00,5,186,187
2023-12-29 11:00:00,6,230,180
2023-12-29 11:00:00,7,138,177
2023-12-29 11:00:00,8,239,168
2023-12-29 11:00:00,9,132,156
2023-12-29 11:00:00,10,170,152
2023-12-29 12:00:00,1,161,275
2023-12-29 12:00:00,2,237,243
2023-12-29 12:00:00,3,236,207
2023-12-29 12:00:00,4,43,176
2023-12-29 12:00:00,5,230,170
2023-12-29 12:00:00,6,162,168
2023-12-29 12:00:00,7,239,166
2023-12-29 12:00:00,8,186,161
2023-12-29 12:00:00,9,68,153
2023-12-29 12:00:00,10,163,145
2023-12-29 13:00:00,1,236,259
2023-12-29 13:00:00,2,161,250
2023-12-29 13:00:00,3,132,244
2023-12-29 13:00:00,4,237,239
2023-12-29 13:00:00,5,186,227
2023-12-29 13:00:00,6,239,194
2023-12-29 13:00:00,7,43,186
2023-12-29 13:00:00,8,142,177
2023-12-29 13:00:00,9,138,169
2023-12-29 13:00:00,10,162,169
2023-12-29 14:00:00,1,132,365
2023-12-29 14:00:00,2,161,289
2023-12-29 14:00:00,3,237,280
2023-12-29 14:00:00,4,236,261
2023-12-29 14:00:00,5,186,252
2023-12-29 14:00:00,6,138,216
2023-12-29 14:00:00,7,162,200
2023-12-29 14:00:00,8,142,192
2023-12-29 14:00:00,9,43,189
2023-12-29 14:00:00,10,239,184
2023-12-29 15:00:00,1,161,300
2023-12-29 15:00:00,2,237,299
2023-12-29 15:00:00,3,132,284
2023-12-29 15:00:00,4,236,258
2023-12-29 15:00:00,5,43,245
2023-12-29 15:00:00,6,138,243
2023-12-29 15:00:00,7,186,230
2023-12-29 15:00:00,8,239,213
2023-12-29 15:00:00,9,162,198
2023-12-29 15:00:00,10,68,193
2023-12-29 16:00:00,1,132,376
2023-12-29 16:00:00,2,237,298
2023-12-29 16:00:00,3,161,273
2023-12-29 16:00:00,4,236,264
2023-12-29 16:00:00,5,142,230
2023-12-29 16:00:00,6,162,215
2023-12-29 16:00:00,7,230,202
2023-12-29 16:00:00,8,43,200
2023-12-29 16:00:00,9,170,189
2023-12-29 16:00:00,10,234,187
2023-12-29 17:00:00,1,132,395
2023-12-29 17:00:00,2,138,239
2023-12-29 17:00:00,3,236,235
2023-12-29 17:00:00,4,237,226
2023-12-29 17:00:00,5,162,222
2023-12-29 17:00:00,6,161,201
2023-12-29 17:00:00,7,239,195
2023-12-29 17:00:00,8,186,183
2023-12-29 17:00:00,9,43,182
2023-12-29 17:00:00,10,142,179
2023-12-29 18:00:00,1,132,314
2023-12-29 18:00:00,2,138,241
2023-12-29 18:00:00,3,236,221
2023-12-29 18:00:00,4,186,215
2023-12-29 18:00:00,5,161,210
2023-12-29 18:00:00,6,237,208
2023-12-29 18:00:00,7,142,203
2023-12-29 18:00:00,8,162,188
2023-12-29 18:00:00,9,163,175
2023-12-29 18:00:00,10,170,170
2023-12-29 19:00:00,1,132,418
2023-12-29 19:00:00,2,138,218
2023-12-29 19:00:00,3,142,218
2023-12-29 19:00:00,4,186,211
2023-12-29 19:00:00,5,237,198
2023-12-29 19:00:00,6,162,191
2023-12-29 19:00:00,7,68,168
2023-12-29 19:00:00,8,163,164
2023-12-29 19:00:00,9,161,162
2023-12-29 19:00:00,10,236,157
2023-12-29 20:00:00,1,132,335
2023-12-29 20:00:00,2,142,193
2023-12-29 20:00:00,3,68,190
2023-12-29 20:00:00,4,237,180
2023-12-29 20:00:00,5,186,179
2023-12-29 20:00:00,6,138,171
2023-12-29 20:00:00,7,161,169
2023-12-29 20:00:00,8,43,157
2023-12-29 20:00:00,9,162,149
2023-12-29 20:00:00,10,48,145
2023-12-29 21:00:00,1,132,323
2023-12-29 21:00:00,2,142,265
2023-12-29 21:00:00,3,239,188
2023-12-29 21:00:00,4,68,151
2023-12-29 21:00:00,5,186,148
2023-12-29 21:00:00,6,237,148
2023-12-29 21:00:00,7,138,144
2023-12-29 21:00:00,8,234,140
2023-12-29 21:00:00,9,249,140
2023-12-29 21:00:00,10,48,138
2023-12-29 22:00:00,1,132,373
2023-12-29 22:00:00,2,142,327
2023-12-29 22:00:00,3,48,193
2023-12-29 22:00:00,4,161,179
2023-12-29 22:00:00,5,249,172
2023-12-29 22:00:00,6,138,163
2023-12-29 22:00:00,7,230,161
2023-12-29 22:00:00,8,79,155
2023-12-29 22:00:00,9,68,131
2023-12-29 22:00:00,10,163,131
2023-12-29 23:00:00,1,132,351
2023-12-29 23:00:00,2,161,196
2023-12-29 23:00:00,3,186,196
2023-12-29 23:00:00,4,249,193
2023-12-29 23:00:00,5,138,185
2023-12-29 23:00:00,6,48,182
2023-12-29 23:00:00,7,79,154
2023-12-29 23:00:00,8,230,138
2023-12-29 23:00:00,9,114,129
2023-12-29 23:00:00,10,68,113
2023-12-30 00:00:00,1,186,232
2023-12-30 00:00:00,2,249,196
2023-12-30 00:00:00,3,132,182
2023-12-30 00:00:00,4,79,176
2023-12-30 00:00:00,5,164,167
2023-12-30 00:00:00,6,48,159
2023-12-30 00:00:00,7,114,136
2023-12-30 00:00:00,8,138,128
2023-12-30 00:00:00,9,68,124
2023-12-30 00:00:00,10,148,107
2023-12-30 01:00:00,1,79,201
2023-12-30 01:00:00,2,249,188
2023-12-30 01:00:00,3,148,161
2023-12-30 01:00:00,4,114,138
2023-12-30 01:00:00,5,48,136
2023-12-30 01:00:00,6,186,113
2023-12-30 01:00:00,7,164,101
2023-12-30 01:00:00,8,132,77
2023-12-30 01:00:00,9,158,69
2023-12-30 01:00:00,10,107,64
2023-12-30 02:00:00,1,79,206
2023-12-30 02:00:00,2,148,167
2023-12-30 02:00:00,3,249,142
2023-12-30 02:00:00,4,114,136
2023-12-30 02:00:00,5,48,108
2023-12-30 02:00:00,6,246,70
2023-12-30 02:00:00,7,164,63
2023-12-30 02:00:00,8,68,62
2023-12-30 02:00:00,9,144,60
2023-12-30 02:00:00,10,186,58
2023-12-30 03:00:00,1,79,151
2023-12-30 03:00:00,2,148,109
2023-12-30 03:00:00,3,48,89
2023-12-30 03:00:00,4,246,86
2023-12-30 03:00:00,5,249,84
2023-12-30 03:00:00,6,68,58
2023-12-30 03:00:00,7,114,50
2023-12-30 03:00:00,8,144,49
2023-12-30 03:00:00,9,132,41
2023-12-30 03:00:00,10,164,41
2023-12-30 04:00:00,1,48,60
2023-12-30 04:00:00,2,148,60
2023-12-30 04:00:00,3,79,59
2023-12-30 04:00:00,4,246,50
2023-12-30 04:00:00,5,68,36
2023-12-30 04:00:00,6,249,36
2023-12-30 04:00:00,7,230,35
2023-12-30 04:00:00,8,186,28
2023-12-30 04:00:00,9,164,23
2023-12-30 04:00:00,10,144,22
2023-12-30 05:00:00,1,132,43
2023-12-30 05:00:00,2,48,23
2023-12-30 05:00:00,3,79,17
2023-12-30 05:00:00,4,230,16
2023-12-30 05:00:00,5,263,16
2023-12-30 05:00:00,6,100,13
2023-12-30 05:00:00,7,186,13
2023-12-30 05:00:00,8,107,12
2023-12-30 05:00:00,9,164,12
2023-12-30 05:00:00,10,68,9
2023-12-30 06:00:00,1,132,163
2023-12-30 06:00:00,2,186,42
2023-12-30 06:00:00,3,162,30
2023-12-30 06:00:00,4,48,29
2023-12-30 06:00:00,5,230,29
2023-12-30 06:00:00,6,170,27
2023-12-30 06:00:00,7,100,22
2023-12-30 06:00:00,8,161,20
2023-12-30 06:00:00,9,263,20
2023-12-30 06:00:00,10,163,17
2023-12-30 07:00:00,1,132,180
2023-12-30 07:00:00,2,230,51
2023-12-30 07:00:00,3,161,34
2023-12-30 07:00:00,4,140,29
2023-12-30 07:00:00,5,186,29
2023-12-30 07:00:00,6,170,27
2023-12-30 07:00:00,7,68,26
2023-12-30 07:00:00,8,162,25
2023-12-30 07:00:00,9,48,24
2023-12-30 07:00:00,10,239,24
2023-12-30 08:00:00,1,132,134
2023-12-30 08:00:00,2,138,83
2023-12-30 08:00:00,3,230,70
2023-12-30 08:00:00,4,48,68
2023-12-30 08:00:00,5,239,63
2023-12-30 08:00:00,6,186,60
2023-12-30 08:00:00,7,237,53
2023-12-30 08:00:00,8,141,47
2023-12-30 08:00:00,9,238,47
2023-12-30 08:00:00,10,161,46
2023-12-30 09:00:00,1,132,178
2023-12-30 09:00:00,2,138,159
2023-12-30 09:00:00,3,230,115
2023-12-30 09:00:00,4,186,105
2023-12-30 09:00:00,5,161,91
2023-12-30 09:00:00,6,239,88
2023-12-30 09:00:00,7,236,85
2023-12-30 09:00:00,8,48,84
2023-12-30 09:00:00,9,163,84
2023-12-30 09:00:00,10,162,82
2023-12-30 10:00:00,1,138,182
2023-12-30 10:00:00,2,230,169
2023-12-30 10:00:00,3,161,157
2023-12-30 10:00:00,4,186,142
2023-12-30 10:00:00,5,132,129
2023-12-30 10:00:00,6,162,129
2023-12-30 10:00:00,7,236,128
2023-12-30 10:00:00,8,163,123
2023-12-30 10:00:00,9,239,117
2023-12-30 10:00:00,10,170,114
2023-12-30 11:00:00,1,161,210
2023-12-30 11:00:00,2,186,197
2023-12-30 11:00:00,3,237,180
2023-12-30 11:00:00,4,236,178
2023-12-30 11:00:00,5,162,172
2023-12-30 11:00:00,6,230,168
2023-12-30 11:00:00,7,142,158
2023-12-30 11:00:00,8,132,148
2023-12-30 11:00:00,9,239,138
2023-12-30 11:00:00,10,43,125
2023-12-30 12:00:00,1,161,246
2023-12-30 12:00:00,2,186,237
2023-12-30 12:00:00,3,237,202
2023-12-30 12:00:00,4,236,189
2023-12-30 12:00:00,5,162,166
2023-12-30 12:00:00,6,239,158
2023-12-30 12:00:00,7,230,155
2023-12-30 12:00:00,8,163,150
2023-12-30 12:00:00,9,68,147
2023-12-30 12:00:00,10,43,146
2023-12-30 13:00:00,1,132,270
2023-12-30 13:00:00,2,161,251
2023-12-30 13:00:00,3,186,250
2023-12-30 13:00:00,4,236,225
2023-12-30 13:00:00,5,237,220
2023-12-30 13:00:00,6,68,189
2023-12-30 13:00:00,7,162,184
2023-12-30 13:00:00,8,239,183
2023-12-30 13:00:00,9,43,174
2023-12-30 13:00:00,10,230,160
2023-12-30 14:00:00,1,132,361
2023-12-30 14:00:00,2,186,264
2023-12-30 14:00:00,3,142,253
2023-12-30 14:00:00,4,236,247
2023-12-30 14:00:00,5,161,236
2023-12-30 14:00:00,6,237,224
2023-12-30 14:00:00,7,138,213
2023-12-30 14:00:00,8,239,200
2023-12-30 14:00:00,9,68,191
2023-12-30 14:00:00,10,230,169
2023-12-30 15:00:00,1,132,333
2023-12-30 15:00:00,2,161,267
2023-12-30 15:00:00,3,237,249
2023-12-30 15:00:00,4,236,222
2023-12-30 15:00:00,5,43,215
2023-12-30 15:00:00,6,239,203
2023-12-30 15:00:00,7,68,199
2023-12-30 15:00:00,8,142,185
2023-12-30 15:00:00,9,230,176
2023-12-30 15:00:00,10,162,175
2023-12-30 16:00:00,1,132,377
2023-12-30 16:00:00,2,236,241
2023-12-30 16:00:00,3,142,223
2023-12-30 16:00:00,4,237,223
2023-12-30 16:00:00,5,161,222
2023-12-30 16:00:00,6,186,219
2023-12-30 16:00:00,7,239,201
2023-12-30 16:00:00,8,43,192
2023-12-30 16:00:00,9,230,178
2023-12-30 16:00:00,10,138,177
2023-12-30 17:00:00,1,132,292
2023-12-30 17:00:00,2,237,263
2023-12-30 17:00:00,3,161,237
2023-12-30 17:00:00,4,138,215
2023-12-30 17:00:00,5,239,209
2023-12-30 17:00:00,6,162,207
2023-12-30 17:00:00,7,142,197
2023-12-30 17:00:00,8,186,188
2023-12-30 17:00:00,9,236,177
2023-12-30 17:00:00,10,43,170
2023-12-30 18:00:00,1,132,303
2023-12-30 18:00:00,2,138,231
2023-12-30 18:00:00,3,186,228
2023-12-30 18:00:00,4,237,208
2023-12-30 18:00:00,5,142,206
2023-12-30 18:00:00,6,161,196
2023-12-30 18:00:00,7,163,177
2023-12-30 18:00:00,8,162,173
2023-12-30 18:00:00,9,239,172
2023-12-30 18:00:00,10,236,167
2023-12-30 19:00:00,1,132,363
2023-12-30 19:00:00,2,138,201
2023-12-30 19:00:00,3,142,200
2023-12-30 19:00:00,4,237,184
2023-12-30 19:00:00,5,161,168
2023-12-30 19:00:00,6,162,164
2023-12-30 19:00:00,7,186,163
2023-12-30 19:00:00,8,236,151
2023-12-30 19:00:00,9,170,145
2023-12-30 19:00:00,10,68,141
2023-12-30 20:00:00,1,132,393
2023-12-30 20:00:00,2,142,259
2023-12-30 20:00:00,3,138,151
2023-12-30 20:00:00,4,162,141
2023-12-30 20:00:00,5,186,140
2023-12-30 20:00:00,6,161,138
2023-12-30 20:00:00,7,236,136
2023-12-30 20:00:00,8,43,132
2023-12-30 20:00:00,9,237,130
2023-12-30 20:00:00,10,234,127
2023-12-30 21:00:00,1,132,374
2023-12-30 21:00:00,2,249,165
2023-12-30 21:00:00,3,161,162
2023-12-30 21:00:00,4,142,155
2023-12-30 21:00:00,5,79,150
2023-12-30 21:00:00,6,138,141
2023-12-30 21:00:00,7,68,137
2023-12-30 21:00:00,8,234,120
2023-12-30 21:00:00,9,48,119
2023-12-30 21:00:00,10,163,113
2023-12-30 22:00:00,1,132,399
2023-12-30 22:00:00,2,142,271
2023-12-30 22:00:00,3,48,204
2023-12-30 22:00:00,4,249,193
2023-12-30 22:00:00,5,161,180
2023-12-30 22:00:00,6,230,157
2023-12-30 22:00:00,7,163,132
2023-12-30 22:00:00,8,79,128
2023-12-30 22:00:00,9,68,122
2023-12-30 22:00:00,10,237,118
2023-12-30 23:00:00,1,132,349
2023-12-30 23:00:00,2,186,246
2023-12-30 23:00:00,3,48,202
2023-12-30 23:00:00,4,79,199
2023-12-30 23:00:00,5,249,199
2023-12-30 23:00:00,6,68,175
2023-12-30 23:00:00,7,161,159
2023-12-30 23:00:00,8,114,151
2023-12-30 23:00:00,9,230,151
2023-12-30 23:00:00,10,164,117
2023-12-31 00:00:00,1,79,208
2023-12-31 00:00:00,2,249,208
2023-12-31 00:00:00,3,186,201
2023-12-31 00:00:00,4,132,194
2023-12-31 00:00:00,5,48,186
2023-12-31 00:00:00,6,114,145
2023-12-31 00:00:00,7,164,136
2023-12-31 00:00:00,8,230,135
2023-12-31 00:00:00,9,68,124
2023-12-31 00:00:00,10,148,121
2023-12-31 01:00:00,1,79,191
2023-12-31 01:00:00,2,249,151
2023-12-31 01:00:00,3,148,149
2023-12-31 01:00:00,4,48,133
2023-12-31 01:00:00,5,114,128
2023-12-31 01:00:00,6,186,107
2023-12-31 01:00:00,7,230,105
2023-12-31 01:00:00,8,132,75
2023-12-31 01:00:00,9,158,64
2023-12-31 01:00:00,10,234,58
2023-12-31 02:00:00,1,79,147
2023-12-31 02:00:00,2,148,141
2023-12-31 02:00:00,3,48,117
2023-12-31 02:00:00,4,114,101
2023-12-31 02:00:00,5,249,101
2023-12-31 02:00:00,6,230,89
2023-12-31 02:00:00,7,186,73
2023-12-31 02:00:00,8,246,65
2023-12-31 02:00:00,9,158,43
2023-12-31 02:00:00,10,68,40
2023-12-31 03:00:00,1,48,105
2023-12-31 03:00:00,2,79,96
2023-12-31 03:00:00,3,148,93
2023-12-31 03:00:00,4,246,82
2023-12-31 03:00:00,5,249,78
2023-12-31 03:00:00,6,164,43
2023-12-31 03:00:00,7,68,42
2023-12-31 03:00:00,8,230,42
2023-12-31 03:00:00,9,144,35
2023-12-31 03:00:00,10,114,33
2023-12-31 04:00:00,1,48,88
2023-12-31 04:00:00,2,79,48
2023-12-31 04:00:00,3,68,38
2023-12-31 04:00:00,4,230,37
2023-12-31 04:00:00,5,90,34
2023-12-31 04:00:00,6,148,34
2023-12-31 04:00:00,7,246,34
2023-12-31 04:00:00,8,132,32
2023-12-31 04:00:00,9,249,28
2023-12-31 04:00:00,10,164,27
2023-12-31 05:00:00,1,132,39
2023-12-31 05:00:00,2,48,21
2023-12-31 05:00:00,3,161,19
2023-12-31 05:00:00,4,186,19
2023-12-31 05:00:00,5,230,18
2023-12-31 05:00:00,6,79,15
2023-12-31 05:00:00,7,162,13
2023-12-31 05:00:00,8,90,12
2023-12-31 05:00:00,9,164,12
2023-12-31 05:00:00,10,100,8
2023-12-31 06:00:00,1,132,200
2023-12-31 06:00:00,2,186,28
2023-12-31 06:00:00,3,48,24
2023-12-31 06:00:00,4,170,21
2023-12-31 06:00:00,5,100,20
2023-12-31 06:00:00,6,263,19
2023-12-31 06:00:00,7,162,17
2023-12-31 06:00:00,8,230,17
2023-12-31 06:00:00,9,142,15
2023-12-31 06:00:00,10,164,13
2023-12-31 07:00:00,1,132,222
2023-12-31 07:00:00,2,236,32
2023-12-31 07:00:00,3,238,32
2023-12-31 07:00:00,4,161,31
2023-12-31 07:00:00,5,48,28
2023-12-31 07:00:00,6,162,28
2023-12-31 07:00:00,7,230,28
2023-12-31 07:00:00,8,170,26
2023-12-31 07:00:00,9,263,26
2023-12-31 07:00:00,10,141,25
2023-12-31 08:00:00,1,132,167
2023-12-31 08:00:00,2,48,65
2023-12-31 08:00:00,3,161,57
2023-12-31 08:00:00,4,142,51
2023-12-31 08:00:00,5,236,46
2023-12-31 08:00:00,6,239,46
2023-12-31 08:00:00,7,238,44
2023-12-31 08:00:00,8,230,40
2023-12-31 08:00:00,9,237,40
2023-12-31 08:00:00,10,68,37
2023-12-31 09:00:00,1,138,156
2023-12-31 09:00:00,2,132,142
2023-12-31 09:00:00,3,48,113
2023-12-31 09:00:00,4,161,87
2023-12-31 09:00:00,5,236,81
2023-12-31 09:00:00,6,230,73
2023-12-31 09:00:00,7,142,72
2023-12-31 09:00:00,8,162,70
2023-12-31 09:00:00,9,239,67
2023-12-31 09:00:00,10,237,66
2023-12-31 10:00:00,1,161,150
2023-12-31 10:00:00,2,132,131
2023-12-31 10:00:00,3,138,131
2023-12-31 10:00:00,4,236,107
2023-12-31 10:00:00,5,239,105
2023-12-31 10:00:00,6,163,99
2023-12-31 10:00:00,7,142,97
2023-12-31 10:00:00,8,162,94
2023-12-31 10:00:00,9,238,86
2023-12-31 10:00:00,10,48,82
2023-12-31 11:00:00,1,161,186
2023-12-31 11:00:00,2,236,163
2023-12-31 11:00:00,3,48,144
2023-12-31 11:00:00,4,239,142
2023-12-31 11:00:00,5,132,125
2023-12-31 11:00:00,6,237,120
2023-12-31 11:00:00,7,142,118
2023-12-31 11:00:00,8,162,116
2023-12-31 11:00:00,9,186,107
2023-12-31 11:00:00,10,238,99
2023-12-31 12:00:00,1,161,215
2023-12-31 12:00:00,2,236,200
2023-12-31 12:00:00,3,237,179
2023-12-31 12:00:00,4,142,152
2023-12-31 12:00:00,5,132,148
2023-12-31 12:00:00,6,239,148
2023-12-31 12:00:00,7,162,146
2023-12-31 12:00:00,8,68,135
2023-12-31 12:00:00,9,48,128
2023-12-31 12:00:00,10,141,115
2023-12-31 13:00:00,1,132,278
2023-12-31 13:00:00,2,161,238
2023-12-31 13:00:00,3,237,204
2023-12-31 13:00:00,4,236,176
2023-12-31 13:00:00,5,138,175
2023-12-31 13:00:00,6,239,170
2023-12-31 13:00:00,7,142,161
2023-12-31 13:00:00,8,43,143
2023-12-31 13:00:00,9,163,142
2023-12-31 13:00:00,10,162,135
2023-12-31 14:00:00,1,132,283
2023-12-31 14:00:00,2,161,199
2023-12-31 14:00:00,3,236,191
2023-12-31 14:00:00,4,237,187
2023-12-31 14:00:00,5,142,177
2023-12-31 14:00:00,6,43,150
2023-12-31 14:00:00,7,68,147
2023-12-31 14:00:00,8,186,145
2023-12-31 14:00:00,9,239,142
2023-12-31 14:00:00,10,138,125
2023-12-31 15:00:00,1,132,252
2023-12-31 15:00:00,2,142,222
2023-12-31 15:00:00,3,161,209
2023-12-31 15:00:00,4,43,207
2023-12-31 15:00:00,5,186,197
2023-12-31 15:00:00,6,237,194
2023-12-31 15:00:00,7,239,170
2023-12-31 15:00:00,8,236,169
2023-12-31 15:00:00,9,68,159
2023-12-31 15:00:00,10,138,157
2023-12-31 16:00:00,1,132,380
2023-12-31 16:00:00,2,142,193
2023-12-31 16:00:00,3,161,174
2023-12-31 16:00:00,4,236,173
2023-12-31 16:00:00,5,239,172
2023-12-31 16:00:00,6,237,171
2023-12-31 16:00:00,7,138,169
2023-12-31 16:00:00,8,43,159
2023-12-31 16:00:00,9,186,159
2023-12-31 16:00:00,10,162,132
2023-12-31 17:00:00,1,132,221
2023-12-31 17:00:00,2,142,221
2023-12-31 17:00:00,3,138,184
2023-12-31 17:00:00,4,239,184
2023-12-31 17:00:00,5,236,178
2023-12-31 17:00:00,6,237,170
2023-12-31 17:00:00,7,161,168
2023-12-31 17:00:00,8,186,152
2023-12-31 17:00:00,9,162,148
2023-12-31 17:00:00,10,170,137
2023-12-31 18:00:00,1,132,283
2023-12-31 18:00:00,2,239,184
2023-12-31 18:00:00,3,236,178
2023-12-31 18:00:00,4,142,176
2023-12-31 18:00:00,5,138,158
2023-12-31 18:00:00,6,161,157
2023-12-31 18:00:00,7,141,155
2023-12-31 18:00:00,8,186,136
2023-12-31 18:00:00,9,237,135
2023-12-31 18:00:00,10,170,132
2023-12-31 19:00:00,1,132,396
2023-12-31 19:00:00,2,236,225
2023-12-31 19:00:00,3,239,217
2023-12-31 19:00:00,4,142,197
2023-12-31 19:00:00,5,141,195
2023-12-31 19:00:00,6,237,189
2023-12-31 19:00:00,7,263,186
2023-12-31 19:00:00,8,170,183
2023-12-31 19:00:00,9,68,149
2023-12-31 19:00:00,10,162,148
2023-12-31 20:00:00,1,132,288
2023-12-31 20:00:00,2,141,223
2023-12-31 20:00:00,3,236,221
2023-12-31 20:00:00,4,142,215
2023-12-31 20:00:00,5,237,199
2023-12-31 20:00:00,6,263,195
2023-12-31 20:00:00,7,239,191
2023-12-31 20:00:00,8,162,163
2023-12-31 20:00:00,9,229,154
2023-12-31 20:00:00,10,170,145
2023-12-31 21:00:00,1,132,332
2023-12-31 21:00:00,2,263,228
2023-12-31 21:00:00,3,142,217
2023-12-31 21:00:00,4,236,204
2023-12-31 21:00:00,5,239,193
2023-12-31 21:00:00,6,141,189
2023-12-31 21:00:00,7,238,160
2023-12-31 21:00:00,8,170,150
2023-12-31 21:00:00,9,237,142
2023-12-31 21:00:00,10,229,133
2023-12-31 22:00:00,1,142,287
2023-12-31 22:00:00,2,132,280
2023-12-31 22:00:00,3,79,191
2023-12-31 22:00:00,4,239,167
2023-12-31 22:00:00,5,263,159
2023-12-31 22:00:00,6,141,152
2023-12-31 22:00:00,7,249,149
2023-12-31 22:00:00,8,236,146
2023-12-31 22:00:00,9,237,144
2023-12-31 22:00:00,10,161,125
2023-12-31 23:00:00,1,132,281
2023-12-31 23:00:00,2,79,155
2023-12-31 23:00:00,3,239,148
2023-12-31 23:00:00,4,142,132
2023-12-31 23:00:00,5,236,129
2023-12-31 23:00:00,6,249,124
2023-12-31 23:00:00,7,138,107
2023-12-31 23:00:00,8,234,102
2023-12-31 23:00:00,9,237,102
2023-12-31 23:00:00,10,48,100
2024-01-01 00:00:00,1,79,342
2024-01-01 00:00:00,2,237,284
2024-01-01 00:00:00,3,142,262
2024-01-01 00:00:00,4,161,242
2024-01-01 00:00:00,5,239,236
2024-01-01 00:00:00,6,263,223
2024-01-01 00:00:00,7,249,218
2024-01-01 00:00:00,8,234,203
2024-01-01 00:00:00,9,170,191
2024-01-01 00:00:00,10,114,181
2024-01-01 01:00:00,1,79,383
2024-01-01 01:00:00,2,263,279
2024-01-01 01:00:00,3,239,265
2024-01-01 01:00:00,4,141,262
2024-01-01 01:00:00,5,107,260
2024-01-01 01:00:00,6,170,259
2024-01-01 01:00:00,7,237,248
2024-01-01 01:00:00,8,142,247
2024-01-01 01:00:00,9,164,202
2024-01-01 01:00:00,10,229,196
2024-01-01 02:00:00,1,79,464
2024-01-01 02:00:00,2,107,304
2024-01-01 02:00:00,3,148,238
2024-01-01 02:00:00,4,48,234
2024-01-01 02:00:00,5,170,224
2024-01-01 02:00:00,6,263,199
2024-01-01 02:00:00,7,68,183
2024-01-01 02:00:00,8,164,183
2024-01-01 02:00:00,9,161,177
2024-01-01 02:00:00,10,234,165
2024-01-01 03:00:00,1,79,470
2024-01-01 03:00:00,2,148,278
2024-01-01 03:00:00,3,48,250
2024-01-01 03:00:00,4,107,227
2024-01-01 03:00:00,5,249,204
2024-01-01 03:00:00,6,246,174
2024-01-01 03:00:00,7,114,171
2024-01-01 03:00:00,8,68,158
2024-01-01 03:00:00,9,186,151
2024-01-01 03:00:00,10,90,143
2024-01-01 04:00:00,1,79,289
2024-01-01 04:00:00,2,48,230
2024-01-01 04:00:00,3,148,163
2024-01-01 04:00:00,4,164,124
2024-01-01 04:00:00,5,107,118
2024-01-01 04:00:00,6,249,110
2024-01-01 04:00:00,7,90,108
2024-01-01 04:00:00,8,68,105
2024-01-01 04:00:00,9,246,103
2024-01-01 04:00:00,10,234,83
2024-01-01 05:00:00,1,48,110
2024-01-01 05:00:00,2,79,90
2024-01-01 05:00:00,3,230,60
2024-01-01 05:00:00,4,148,55
2024-01-01 05:00:00,5,164,55
2024-01-01 05:00:00,6,132,51
2024-01-01 05:00:00,7,68,44
2024-01-01 05:00:00,8,107,41
2024-01-01 05:00:00,9,90,39
2024-01-01 05:00:00,10,263,36
2024-01-01 06:00:00,1,132,190
2024-01-01 06:00:00,2,48,91
2024-01-01 06:00:00,3,79,55
2024-01-01 06:00:00,4,230,48
2024-01-01 06:00:00,5,164,42
2024-01-01 06:00:00,6,186,37
2024-01-01 06:00:00,7,68,33
2024-01-01 06:00:00,8,100,31
2024-01-01 06:00:00,9,263,31
2024-01-01 06:00:00,10,50,27
2024-01-01 07:00:00,1,132,202
2024-01-01 07:00:00,2,48,77
2024-01-01 07:00:00,3,230,47
2024-01-01 07:00:00,4,263,30
2024-01-01 07:00:00,5,186,28
2024-01-01 07:00:00,6,236,28
2024-01-01 07:00:00,7,238,28
2024-01-01 07:00:00,8,151,27
2024-01-01 07:00:00,9,137,26
2024-01-01 07:00:00,10,161,26
2024-01-01 08:00:00,1,132,128
2024-01-01 08:00:00,2,230,77
2024-01-01 08:00:00,3,138,61
2024-01-01 08:00:00,4,48,54
2024-01-01 08:00:00,5,162,34
2024-01-01 08:00:00,6,140,33
2024-01-01 08:00:00,7,236,33
2024-01-01 08:00:00,8,163,32
2024-01-01 08:00:00,9,186,31
2024-01-01 08:00:00,10,107,30
2024-01-01 09:00:00,1,132,145
2024-01-01 09:00:00,2,138,134
2024-01-01 09:00:00,3,230,86
2024-01-01 09:00:00,4,161,53
2024-01-01 09:00:00,5,239,43
2024-01-01 09:00:00,6,163,42
2024-01-01 09:00:00,7,186,42
2024-01-01 09:00:00,8,48,40
2024-01-01 09:00:00,9,170,39
2024-01-01 09:00:00,10,236,39
2024-01-01 10:00:00,1,138,191
2024-01-01 10:00:00,2,132,188
2024-01-01 10:00:00,3,230,113
2024-01-01 10:00:00,4,161,90
2024-01-01 10:00:00,5,186,82
2024-01-01 10:00:00,6,170,73
2024-01-01 10:00:00,7,162,71
2024-01-01 10:00:00,8,163,68
2024-01-01 10:00:00,9,239,65
2024-01-01 10:00:00,10,48,61
2024-01-01 11:00:00,1,230,159
2024-01-01 11:00:00,2,132,157
2024-01-01 11:00:00,3,161,142
2024-01-01 11:00:00,4,138,134
2024-01-01 11:00:00,5,186,125
2024-01-01 11:00:00,6,162,106
2024-01-01 11:00:00,7,48,97
2024-01-01 11:00:00,8,163,92
2024-01-01 11:00:00,9,239,92
2024-01-01 11:00:00,10,170,90
2024-01-01 12:00:00,1,230,181
2024-01-01 12:00:00,2,186,170
2024-01-01 12:00:00,3,161,160
2024-01-01 12:00:00,4,132,153
2024-01-01 12:00:00,5,162,143
2024-01-01 12:00:00,6,237,139
2024-01-01 12:00:00,7,239,139
2024-01-01 12:00:00,8,138,134
2024-01-01 12:00:00,9,163,130
2024-01-01 12:00:00,10,236,119
2024-01-01 13:00:00,1,132,215
2024-01-01 13:00:00,2,161,201
2024-01-01 13:00:00,3,230,155
2024-01-01 13:00:00,4,186,153
2024-01-01 13:00:00,5,237,136
2024-01-01 13:00:00,6,138,132
2024-01-01 13:00:00,7,162,130
2024-01-01 13:00:00,8,163,120
2024-01-01 13:00:00,9,236,116
2024-01-01 13:00:00,10,142,109
2024-01-01 14:00:00,1,132,220
2024-01-01 14:00:00,2,161,218
2024-01-01 14:00:00,3,186,202
2024-01-01 14:00:00,4,237,163
2024-01-01 14:00:00,5,239,159
2024-01-01 14:00:00,6,162,144
2024-01-01 14:00:00,7,230,144
2024-01-01 14:00:00,8,138,141
2024-01-01 14:00:00,9,163,137
2024-01-01 14:00:00,10,68,133
2024-01-01 15:00:00,1,132,341
2024-01-01 15:00:00,2,161,200
2024-01-01 15:00:00,3,138,186
2024-01-01 15:00:00,4,239,173
2024-01-01 15:00:00,5,68,164
2024-01-01 15:00:00,6,230,161
2024-01-01 15:00:00,7,186,150
2024-01-01 15:00:00,8,163,149
2024-01-01 15:00:00,9,142,148
2024-01-01 15:00:00,10,237,145
2024-01-01 16:00:00,1,132,348
2024-01-01 16:00:00,2,138,234
2024-01-01 16:00:00,3,161,214
2024-01-01 16:00:00,4,186,196
2024-01-01 16:00:00,5,142,176
2024-01-01 16:00:00,6,162,163
2024-01-01 16:00:00,7,237,149
2024-01-01 16:00:00,8,239,142
2024-01-01 16:00:00,9,163,122
2024-01-01 16:00:00,10,236,122
2024-01-01 17:00:00,1,132,283
2024-01-01 17:00:00,2,186,282
2024-01-01 17:00:00,3,138,216
2024-01-01 17:00:00,4,162,159
2024-01-01 17:00:00,5,161,153
2024-01-01 17:00:00,6,142,148
2024-01-01 17:00:00,7,239,148
2024-01-01 17:00:00,8,230,127
2024-01-01 17:00:00,9,237,125
2024-01-01 17:00:00,10,68,107
2024-01-01 18:00:00,1,132,343
2024-01-01 18:00:00,2,186,256
2024-01-01 18:00:00,3,138,195
2024-01-01 18:00:00,4,161,193
2024-01-01 18:00:00,5,142,161
2024-01-01 18:00:00,6,162,149
2024-01-01 18:00:00,7,164,118
2024-01-01 18:00:00,8,236,116
2024-01-01 18:00:00,9,68,104
2024-01-01 18:00:00,10,170,97
2024-01-01 19:00:00,1,132,383
2024-01-01 19:00:00,2,186,213
2024-01-01 19:00:00,3,138,164
2024-01-01 19:00:00,4,161,157
2024-01-01 19:00:00,5,162,124
2024-01-01 19:00:00,6,142,117
2024-01-01 19:00:00,7,68,101
2024-01-01 19:00:00,8,48,94
2024-01-01 19:00:00,9,230,92
2024-01-01 19:00:00,10,237,92
2024-01-01 20:00:00,1,132,317
2024-01-01 20:00:00,2,138,201
2024-01-01 20:00:00,3,186,142
2024-01-01 20:00:00,4,161,116
2024-01-01 20:00:00,5,162,105
2024-01-01 20:00:00,6,230,89
2024-01-01 20:00:00,7,68,88
2024-01-01 20:00:00,8,164,86
2024-01-01 20:00:00,9,236,84
2024-01-01 20:00:00,10,142,79
2024-01-01 21:00:00,1,132,365
2024-01-01 21:00:00,2,186,112
2024-01-01 21:00:00,3,230,102
2024-01-01 21:00:00,4,138,100
2024-01-01 21:00:00,5,161,97
2024-01-01 21:00:00,6,162,75
2024-01-01 21:00:00,7,79,73
2024-01-01 21:00:00,8,142,73
2024-01-01 21:00:00,9,68,72
2024-01-01 21:00:00,10,163,68
2024-01-01 22:00:00,1,132,420
2024-01-01 22:00:00,2,138,216
2024-01-01 22:00:00,3,186,129
2024-01-01 22:00:00,4,68,79
2024-01-01 22:00:00,5,230,78
2024-01-01 22:00:00,6,142,67
2024-01-01 22:00:00,7,161,61
2024-01-01 22:00:00,8,79,59
2024-01-01 22:00:00,9,48,54
2024-01-01 22:00:00,10,163,47
2024-01-01 23:00:00,1,132,390
2024-01-01 23:00:00,2,138,144
2024-01-01 23:00:00,3,186,65
2024-01-01 23:00:00,4,230,61
2024-01-01 23:00:00,5,68,47
2024-01-01 23:00:00,6,48,43
2024-01-01 23:00:00,7,79,38
2024-01-01 23:00:00,8,162,29
2024-01-01 23:00:00,9,237,29
2024-01-01 23:00:00,10,114,28
2024-01-02 00:00:00,1,132,168
2024-01-02 00:00:00,2,138,126
2024-01-02 00:00:00,3,230,43
2024-01-02 00:00:00,4,186,37
2024-01-02 00:00:00,5,79,32
2024-01-02 00:00:00,6,48,31
2024-01-02 00:00:00,7,70,22
2024-01-02 00:00:00,8,114,22
2024-01-02 00:00:00,9,161,22
2024-01-02 00:00:00,10,249,21
2024-01-02 01:00:00,1,132,72
2024-01-02 01:00:00,2,138,25
2024-01-02 01:00:00,3,48,19
2024-01-02 01:00:00,4,249,19
2024-01-02 01:00:00,5,186,16
2024-01-02 01:00:00,6,100,15
2024-01-02 01:00:00,7,114,14
2024-01-02 01:00:00,8,68,13
2024-01-02 01:00:00,9,79,12
2024-01-02 01:00:00,10,230,12
2024-01-02 02:00:00,1,132,44
2024-01-02 02:00:00,2,48,18
2024-01-02 02:00:00,3,79,18
2024-01-02 02:00:00,4,186,13
2024-01-02 02:00:00,5,230,12
2024-01-02 02:00:00,6,249,12
2024-01-02 02:00:00,7,100,9
2024-01-02 02:00:00,8,263,9
2024-01-02 02:00:00,9,164,7
2024-01-02 02:00:00,10,229,6
2024-01-02 03:00:00,1,132,62
2024-01-02 03:00:00,2,186,12
2024-01-02 03:00:00,3,230,12
2024-01-02 03:00:00,4,48,9
2024-01-02 03:00:00,5,100,9
2024-01-02 03:00:00,6,79,8
2024-01-02 03:00:00,7,163,7
2024-01-02 03:00:00,8,249,7
2024-01-02 03:00:00,9,68,6
2024-01-02 03:00:00,10,161,6
2024-01-02 04:00:00,1,132,26
2024-01-02 04:00:00,2,186,20
2024-01-02 04:00:00,3,230,20
2024-01-02 04:00:00,4,48,18
2024-01-02 04:00:00,5,161,10
2024-01-02 04:00:00,6,163,10
2024-01-02 04:00:00,7,162,9
2024-01-02 04:00:00,8,239,8
2024-01-02 04:00:00,9,238,7
2024-01-02 04:00:00,10,79,6
2024-01-02 05:00:00,1,132,128
2024-01-02 05:00:00,2,100,48
2024-01-02 05:00:00,3,186,47
2024-01-02 05:00:00,4,48,38
2024-01-02 05:00:00,5,162,21
2024-01-02 05:00:00,6,230,17
2024-01-02 05:00:00,7,141,14
2024-01-02 05:00:00,8,161,14
2024-01-02 05:00:00,9,170,13
2024-01-02 05:00:00,10,238,13
2024-01-02 06:00:00,1,132,210
2024-01-02 06:00:00,2,186,109
2024-01-02 06:00:00,3,48,85
2024-01-02 06:00:00,4,100,79
2024-01-02 06:00:00,5,162,68
2024-01-02 06:00:00,6,236,57
2024-01-02 06:00:00,7,262,49
2024-01-02 06:00:00,8,170,39
2024-01-02 06:00:00,9,238,39
2024-01-02 06:00:00,10,263,38
2024-01-02 07:00:00,1,132,323
2024-01-02 07:00:00,2,236,151
2024-01-02 07:00:00,3,186,143
2024-01-02 07:00:00,4,48,96
2024-01-02 07:00:00,5,107,94
2024-01-02 07:00:00,6,162,93
2024-01-02 07:00:00,7,263,93
2024-01-02 07:00:00,8,239,91
2024-01-02 07:00:00,9,262,90
2024-01-02 07:00:00,10,140,82
2024-01-02 08:00:00,1,132,216
2024-01-02 08:00:00,2,236,181
2024-01-02 08:00:00,3,162,163
2024-01-02 08:00:00,4,186,162
2024-01-02 08:00:00,5,237,126
2024-01-02 08:00:00,6,142,117
2024-01-02 08:00:00,7,140,115
2024-01-02 08:00:00,8,138,109
2024-01-02 08:00:00,9,239,108
2024-01-02 08:00:00,10,170,107
2024-01-02 09:00:00,1,236,207
2024-01-02 09:00:00,2,132,203
2024-01-02 09:00:00,3,186,187
2024-01-02 09:00:00,4,237,175
2024-01-02 09:00:00,5,138,169
2024-01-02 09:00:00,6,162,161
2024-01-02 09:00:00,7,170,156
2024-01-02 09:00:00,8,161,136
2024-01-02 09:00:00,9,230,130
2024-01-02 09:00:00,10,238,116
2024-01-02 10:00:00,1,236,247
2024-01-02 10:00:00,2,237,217
2024-01-02 10:00:00,3,132,212
2024-01-02 10:00:00,4,161,197
2024-01-02 10:00:00,5,138,190
2024-01-02 10:00:00,6,186,187
2024-01-02 10:00:00,7,162,164
2024-01-02 10:00:00,8,170,148
2024-01-02 10:00:00,9,140,135
2024-01-02 10:00:00,10,230,131
2024-01-02 11:00:00,1,237,291
2024-01-02 11:00:00,2,236,258
2024-01-02 11:00:00,3,162,221
2024-01-02 11:00:00,4,186,213
2024-01-02 11:00:00,5,161,206
2024-01-02 11:00:00,6,138,180
2024-01-02 11:00:00,7,230,168
2024-01-02 11:00:00,8,132,146
2024-01-02 11:00:00,9,170,130
2024-01-02 11:00:00,10,141,114
2024-01-02 12:00:00,1,161,260
2024-01-02 12:00:00,2,132,251
2024-01-02 12:00:00,3,236,250
2024-01-02 12:00:00,4,237,239
2024-01-02 12:00:00,5,138,195
2024-01-02 12:00:00,6,163,164
2024-01-02 12:00:00,7,170,154
2024-01-02 12:00:00,8,230,153
2024-01-02 12:00:00,9,186,149
2024-01-02 12:00:00,10,43,146
2024-01-02 13:00:00,1,132,305
2024-01-02 13:00:00,2,161,269
2024-01-02 13:00:00,3,237,257
2024-01-02 13:00:00,4,236,252
2024-01-02 13:00:00,5,186,163
2024-01-02 13:00:00,6,239,153
2024-01-02 13:00:00,7,170,151
2024-01-02 13:00:00,8,141,149
2024-01-02 13:00:00,9,162,145
2024-01-02 13:00:00,10,68,140
2024-01-02 14:00:00,1,132,324
2024-01-02 14:00:00,2,237,313
2024-01-02 14:00:00,3,236,269
2024-01-02 14:00:00,4,161,247
2024-01-02 14:00:00,5,43,193
2024-01-02 14:00:00,6,138,191
2024-01-02 14:00:00,7,162,179
2024-01-02 14:00:00,8,163,178
2024-01-02 14:00:00,9,170,162
2024-01-02 14:00:00,10,186,160
2024-01-02 15:00:00,1,132,372
2024-01-02 15:00:00,2,161,319
2024-01-02 15:00:00,3,237,286
2024-01-02 15:00:00,4,236,263
2024-01-02 15:00:00,5,138,242
2024-01-02 15:00:00,6,43,190
2024-01-02 15:00:00,7,239,181
2024-01-02 15:00:00,8,163,167
2024-01-02 15:00:00,9,230,166
2024-01-02 15:00:00,10,186,164
2024-01-02 16:00:00,1,132,339
2024-01-02 16:00:00,2,237,298
2024-01-02 16:00:00,3,161,291
2024-01-02 16:00:00,4,236,270
2024-01-02 16:00:00,5,138,228
2024-01-02 16:00:00,6,162,186
2024-01-02 16:00:00,7,230,168
2024-01-02 16:00:00,8,239,168
2024-01-02 16:00:00,9,43,165
2024-01-02 16:00:00,10,140,152
2024-01-02 17:00:00,1,132,359
2024-01-02 17:00:00,2,161,327
2024-01-02 17:00:00,3,162,272
2024-01-02 17:00:00,4,237,258
2024-01-02 17:00:00,5,230,226
2024-01-02 17:00:00,6,138,225
2024-01-02 17:00:00,7,163,222
2024-01-02 17:00:00,8,236,210
2024-01-02 17:00:00,9,239,165
2024-01-02 17:00:00,10,142,163
2024-01-02 18:00:00,1,161,342
2024-01-02 18:00:00,2,132,318
2024-01-02 18:00:00,3,162,263
2024-01-02 18:00:00,4,138,227
2024-01-02 18:00:00,5,236,206
2024-01-02 18:00:00,6,163,198
2024-01-02 18:00:00,7,237,196
2024-01-02 18:00:00,8,186,192
2024-01-02 18:00:00,9,230,191
2024-01-02 18:00:00,10,142,188
2024-01-02 19:00:00,1,132,436
2024-01-02 19:00:00,2,161,274
2024-01-02 19:00:00,3,138,202
2024-01-02 19:00:00,4,162,177
2024-01-02 19:00:00,5,186,157
2024-01-02 19:00:00,6,230,149
2024-01-02 19:00:00,7,236,139
2024-01-02 19:00:00,8,237,138
2024-01-02 19:00:00,9,163,131
2024-01-02 19:00:00,10,68,129
2024-01-02 20:00:00,1,132,336
2024-01-02 20:00:00,2,138,210
2024-01-02 20:00:00,3,161,182
2024-01-02 20:00:00,4,230,152
2024-01-02 20:00:00,5,186,146
2024-01-02 20:00:00,6,237,129
2024-01-02 20:00:00,7,162,124
2024-01-02 20:00:00,8,68,113
2024-01-02 20:00:00,9,142,102
2024-01-02 20:00:00,10,236,96
2024-01-02 21:00:00,1,132,408
2024-01-02 21:00:00,2,186,366
2024-01-02 21:00:00,3,230,250
2024-01-02 21:00:00,4,161,182
2024-01-02 21:00:00,5,48,140
2024-01-02 21:00:00,6,138,136
2024-01-02 21:00:00,7,164,119
2024-01-02 21:00:00,8,237,119
2024-01-02 21:00:00,9,68,116
2024-01-02 21:00:00,10,162,104
2024-01-02 22:00:00,1,132,389
2024-01-02 22:00:00,2,142,217
2024-01-02 22:00:00,3,230,210
2024-01-02 22:00:00,4,138,155
2024-01-02 22:00:00,5,186,125
2024-01-02 22:00:00,6,161,113
2024-01-02 22:00:00,7,162,78
2024-01-02 22:00:00,8,48,76
2024-01-02 22:00:00,9,249,67
2024-01-02 22:00:00,10,163,64
2024-01-02 23:00:00,1,132,417
2024-01-02 23:00:00,2,138,197
2024-01-02 23:00:00,3,230,103
2024-01-02 23:00:00,4,48,77
2024-01-02 23:00:00,5,68,59
2024-01-02 23:00:00,6,163,56
2024-01-02 23:00:00,7,161,52
2024-01-02 23:00:00,8,164,50
2024-01-02 23:00:00,9,114,48
2024-01-02 23:00:00,10,249,46
2024-01-03 00:00:00,1,132,307
2024-01-03 00:00:00,2,138,130
2024-01-03 00:00:00,3,230,49
2024-01-03 00:00:00,4,186,44
2024-01-03 00:00:00,5,114,41
2024-01-03 00:00:00,6,249,41
2024-01-03 00:00:00,7,48,35
2024-01-03 00:00:00,8,161,30
2024-01-03 00:00:00,9,163,24
2024-01-03 00:00:00,10,68,23
2024-01-03 01:00:00,1,132,71
2024-01-03 01:00:00,2,79,27
2024-01-03 01:00:00,3,48,26
2024-01-03 01:00:00,4,186,26
2024-01-03 01:00:00,5,230,23
2024-01-03 01:00:00,6,249,22
2024-01-03 01:00:00,7,68,16
2024-01-03 01:00:00,8,114,16
2024-01-03 01:00:00,9,137,13
2024-01-03 01:00:00,10,100,11
2024-01-03 02:00:00,1,79,27
2024-01-03 02:00:00,2,132,23
2024-01-03 02:00:00,3,186,18
2024-01-03 02:00:00,4,48,13
2024-01-03 02:00:00,5,230,13
2024-01-03 02:00:00,6,249,13
2024-01-03 02:00:00,7,138,12
2024-01-03 02:00:00,8,163,11
2024-01-03 02:00:00,9,164,10
2024-01-03 02:00:00,10,246,8
2024-01-03 03:00:00,1,132,24
2024-01-03 03:00:00,2,48,15
2024-01-03 03:00:00,3,230,11
2024-01-03 03:00:00,4,79,10
2024-01-03 03:00:00,5,246,10
2024-01-03 03:00:00,6,164,9
2024-01-03 03:00:00,7,249,9
2024-01-03 03:00:00,8,186,8
2024-01-03 03:00:00,9,140,7
2024-01-03 03:00:00,10,162,6
2024-01-03 04:00:00,1,132,35
2024-01-03 04:00:00,2,48,15
2024-01-03 04:00:00,3,161,12
2024-01-03 04:00:00,4,163,10
2024-01-03 04:00:00,5,141,9
2024-01-03 04:00:00,6,230,9
2024-01-03 04:00:00,7,79,7
2024-01-03 04:00:00,8,100,7
2024-01-03 04:00:00,9,164,6
2024-01-03 04:00:00,10,238,6
2024-01-03 05:00:00,1,132,120
2024-01-03 05:00:00,2,186,58
2024-01-03 05:00:00,3,100,50
2024-01-03 05:00:00,4,48,35
2024-01-03 05:00:00,5,162,20
2024-01-03 05:00:00,6,236,16
2024-01-03 05:00:00,7,262,15
2024-01-03 05:00:00,8,237,14
2024-01-03 05:00:00,9,161,13
2024-01-03 05:00:00,10,230,13
2024-01-03 06:00:00,1,132,259
2024-01-03 06:00:00,2,186,111
2024-01-03 06:00:00,3,48,77
2024-01-03 06:00:00,4,100,76
2024-01-03 06:00:00,5,162,64
2024-01-03 06:00:00,6,262,53
2024-01-03 06:00:00,7,236,41
2024-01-03 06:00:00,8,141,38
2024-01-03 06:00:00,9,170,38
2024-01-03 06:00:00,10,263,38
2024-01-03 07:00:00,1,132,205
2024-01-03 07:00:00,2,186,168
2024-01-03 07:00:00,3,236,168
2024-01-03 07:00:00,4,162,100
2024-01-03 07:00:00,5,48,96
2024-01-03 07:00:00,6,237,89
2024-01-03 07:00:00,7,238,87
2024-01-03 07:00:00,8,140,84
2024-01-03 07:00:00,9,263,84
2024-01-03 07:00:00,10,262,81
2024-01-03 08:00:00,1,236,225
2024-01-03 08:00:00,2,186,179
2024-01-03 08:00:00,3,162,168
2024-01-03 08:00:00,4,237,153
2024-01-03 08:00:00,5,262,149
2024-01-03 08:00:00,6,238,143
2024-01-03 08:00:00,7,132,142
2024-01-03 08:00:00,8,239,131
2024-01-03 08:00:00,9,140,130
2024-01-03 08:00:00,10,141,121
2024-01-03 09:00:00,1,236,281
2024-01-03 09:00:00,2,237,225
2024-01-03 09:00:00,3,138,217
2024-01-03 09:00:00,4,186,182
2024-01-03 09:00:00,5,238,158
2024-01-03 09:00:00,6,162,154
2024-01-03 09:00:00,7,239,148
2024-01-03 09:00:00,8,140,145
2024-01-03 09:00:00,9,161,145
2024-01-03 09:00:00,10,142,131
2024-01-03 10:00:00,1,236,273
2024-01-03 10:00:00,2,237,239
2024-01-03 10:00:00,3,138,235
2024-01-03 10:00:00,4,132,215
2024-01-03 10:00:00,5,161,199
2024-01-03 10:00:00,6,186,190
2024-01-03 10:00:00,7,170,167
2024-01-03 10:00:00,8,140,148
2024-01-03 10:00:00,9,162,148
2024-01-03 10:00:00,10,142,124
2024-01-03 11:00:00,1,237,294
2024-01-03 11:00:00,2,236,273
2024-01-03 11:00:00,3,161,233
2024-01-03 11:00:00,4,132,224
2024-01-03 11:00:00,5,138,185
2024-01-03 11:00:00,6,162,179
2024-01-03 11:00:00,7,140,157
2024-01-03 11:00:00,8,239,153
2024-01-03 11:00:00,9,230,150
2024-01-03 11:00:00,10,163,145
2024-01-03 12:00:00,1,237,303
2024-01-03 12:00:00,2,236,283
2024-01-03 12:00:00,3,161,265
2024-01-03 12:00:00,4,162,190
2024-01-03 12:00:00,5,186,173
2024-01-03 12:00:00,6,239,168
2024-01-03 12:00:00,7,140,164
2024-01-03 12:00:00,8,141,153
2024-01-03 12:00:00,9,142,152
2024-01-03 12:00:00,10,170,152
2024-01-03 13:00:00,1,237,324
2024-01-03 13:00:00,2,161,295
2024-01-03 13:00:00,3,236,282
2024-01-03 13:00:00,4,132,270
2024-01-03 13:00:00,5,230,179
2024-01-03 13:00:00,6,163,176
2024-01-03 13:00:00,7,162,172
2024-01-03 13:00:00,8,170,170
2024-01-03 13:00:00,9,239,162
2024-01-03 13:00:00,10,140,158
2024-01-03 14:00:00,1,161,329
2024-01-03 14:00:00,2,237,326
2024-01-03 14:00:00,3,236,292
2024-01-03 14:00:00,4,132,289
2024-01-03 14:00:00,5,138,210
2024-01-03 14:00:00,6,162,206
2024-01-03 14:00:00,7,170,193
2024-01-03 14:00:00,8,239,174
2024-01-03 14:00:00,9,163,171
2024-01-03 14:00:00,10,140,165
2024-01-03 15:00:00,1,161,360
2024-01-03 15:00:00,2,237,357
2024-01-03 15:00:00,3,132,333
2024-01-03 15:00:00,4,236,278
2024-01-03 15:00:00,5,163,197
2024-01-03 15:00:00,6,239,188
2024-01-03 15:00:00,7,170,185
2024-01-03 15:00:00,8,230,185
2024-01-03 15:00:00,9,138,178
2024-01-03 15:00:00,10,186,166
2024-01-03 16:00:00,1,132,400
2024-01-03 16:00:00,2,161,346
2024-01-03 16:00:00,3,237,286
2024-01-03 16:00:00,4,236,251
2024-01-03 16:00:00,5,230,243
2024-01-03 16:00:00,6,138,221
2024-01-03 16:00:00,7,162,217
2024-01-03 16:00:00,8,170,197
2024-01-03 16:00:00,9,163,190
2024-01-03 16:00:00,10,239,180
2024-01-03 17:00:00,1,161,403
2024-01-03 17:00:00,2,162,285
2024-01-03 17:00:00,3,237,279
2024-01-03 17:00:00,4,230,255
2024-01-03 17:00:00,5,132,249
2024-01-03 17:00:00,6,236,236
2024-01-03 17:00:00,7,138,220
2024-01-03 17:00:00,8,163,213
2024-01-03 17:00:00,9,239,176
2024-01-03 17:00:00,10,142,171
2024-01-03 18:00:00,1,161,387
2024-01-03 18:00:00,2,162,311
2024-01-03 18:00:00,3,237,268
2024-01-03 18:00:00,4,132,262
2024-01-03 18:00:00,5,236,236
2024-01-03 18:00:00,6,230,215
2024-01-03 18:00:00,7,170,209
2024-01-03 18:00:00,8,163,204
2024-01-03 18:00:00,9,138,200
2024-01-03 18:00:00,10,142,199
2024-01-03 19:00:00,1,132,392
2024-01-03 19:00:00,2,161,356
2024-01-03 19:00:00,3,138,234
2024-01-03 19:00:00,4,230,222
2024-01-03 19:00:00,5,162,221
2024-01-03 19:00:00,6,237,214
2024-01-03 19:00:00,7,163,188
2024-01-03 19:00:00,8,142,177
2024-01-03 19:00:00,9,170,173
2024-01-03 19:00:00,10,234,161
2024-01-03 20:00:00,1,132,416
2024-01-03 20:00:00,2,161,293
2024-01-03 20:00:00,3,162,186
2024-01-03 20:00:00,4,230,174
2024-01-03 20:00:00,5,142,162
2024-01-03 20:00:00,6,237,153
2024-01-03 20:00:00,7,234,148
2024-01-03 20:00:00,8,138,145
2024-01-03 20:00:00,9,163,137
2024-01-03 20:00:00,10,186,128
2024-01-03 21:00:00,1,132,390
2024-01-03 21:00:00,2,161,254
2024-01-03 21:00:00,3,230,248
2024-01-03 21:00:00,4,162,165
2024-01-03 21:00:00,5,237,164
2024-01-03 21:00:00,6,142,150
2024-01-03 21:00:00,7,48,143
2024-01-03 21:00:00,8,249,126
2024-01-03 21:00:00,9,186,116
2024-01-03 21:00:00,10,163,114
2024-01-03 22:00:00,1,132,373
2024-01-03 22:00:00,2,230,271
2024-01-03 22:00:00,3,186,250
2024-01-03 22:00:00,4,161,133
2024-01-03 22:00:00,5,48,120
2024-01-03 22:00:00,6,138,113
2024-01-03 22:00:00,7,142,112
2024-01-03 22:00:00,8,164,94
2024-01-03 22:00:00,9,68,92
2024-01-03 22:00:00,10,249,89
2024-01-03 23:00:00,1,132,337
2024-01-03 23:00:00,2,186,209
2024-01-03 23:00:00,3,142,195
2024-01-03 23:00:00,4,138,148
2024-01-03 23:00:00,5,230,137
2024-01-03 23:00:00,6,164,97
2024-01-03 23:00:00,7,48,94
2024-01-03 23:00:00,8,68,85
2024-01-03 23:00:00,9,161,81
2024-01-03 23:00:00,10,100,65
2024-01-04 00:00:00,1,132,173
2024-01-04 00:00:00,2,138,78
2024-01-04 00:00:00,3,79,59
2024-01-04 00:00:00,4,114,50
2024-01-04 00:00:00,5,230,50
2024-01-04 00:00:00,6,48,42
2024-01-04 00:00:00,7,186,39
2024-01-04 00:00:00,8,164,35
2024-01-04 00:00:00,9,249,34
2024-01-04 00:00:00,10,161,28
2024-01-04 01:00:00,1,132,74
2024-01-04 01:00:00,2,48,32
2024-01-04 01:00:00,3,230,31
2024-01-04 01:00:00,4,249,28
2024-01-04 01:00:00,5,186,24
2024-01-04 01:00:00,6,79,23
2024-01-04 01:00:00,7,114,20
2024-01-04 01:00:00,8,234,17
2024-01-04 01:00:00,9,229,14
2024-01-04 01:00:00,10,68,13
2024-01-04 02:00:00,1,132,47
2024-01-04 02:00:00,2,246,20
2024-01-04 02:00:00,3,138,18
2024-01-04 02:00:00,4,48,15
2024-01-04 02:00:00,5,230,14
2024-01-04 02:00:00,6,249,13
2024-01-04 02:00:00,7,79,10
2024-01-04 02:00:00,8,161,10
2024-01-04 02:00:00,9,114,9
2024-01-04 02:00:00,10,186,9
2024-01-04 03:00:00,1,132,76
2024-01-04 03:00:00,2,246,21
2024-01-04 03:00:00,3,48,14
2024-01-04 03:00:00,4,79,9
2024-01-04 03:00:00,5,230,8
2024-01-04 03:00:00,6,249,8
2024-01-04 03:00:00,7,186,7
2024-01-04 03:00:00,8,162,6
2024-01-04 03:00:00,9,90,5
2024-01-04 03:00:00,10,141,5
2024-01-04 04:00:00,1,132,23
2024-01-04 04:00:00,2,230,10
2024-01-04 04:00:00,3,246,10
2024-01-04 04:00:00,4,48,9
2024-01-04 04:00:00,5,161,9
2024-01-04 04:00:00,6,170,8
2024-01-04 04:00:00,7,186,7
2024-01-04 04:00:00,8,229,7
2024-01-04 04:00:00,9,79,6
2024-01-04 04:00:00,10,107,6
2024-01-04 05:00:00,1,132,54
2024-01-04 05:00:00,2,100,53
2024-01-04 05:00:00,3,186,42
2024-01-04 05:00:00,4,48,36
2024-01-04 05:00:00,5,162,27
2024-01-04 05:00:00,6,230,18
2024-01-04 05:00:00,7,262,14
2024-01-04 05:00:00,8,263,14
2024-01-04 05:00:00,9,237,13
2024-01-04 05:00:00,10,239,13
2024-01-04 06:00:00,1,132,160
2024-01-04 06:00:00,2,186,120
2024-01-04 06:00:00,3,100,104
2024-01-04 06:00:00,4,236,65
2024-01-04 06:00:00,5,162,62
2024-01-04 06:00:00,6,48,54
2024-01-04 06:00:00,7,262,52
2024-01-04 06:00:00,8,141,49
2024-01-04 06:00:00,9,170,49
2024-01-04 06:00:00,10,239,41
2024-01-04 07:00:00,1,132,214
2024-01-04 07:00:00,2,236,179
2024-01-04 07:00:00,3,186,144
2024-01-04 07:00:00,4,162,98
2024-01-04 07:00:00,5,262,96
2024-01-04 07:00:00,6,237,94
2024-01-04 07:00:00,7,238,92
2024-01-04 07:00:00,8,239,92
2024-01-04 07:00:00,9,48,89
2024-01-04 07:00:00,10,141,85
2024-01-04 08:00:00,1,236,239
2024-01-04 08:00:00,2,186,186
2024-01-04 08:00:00,3,132,180
2024-01-04 08:00:00,4,162,178
2024-01-04 08:00:00,5,237,167
2024-01-04 08:00:00,6,140,158
2024-01-04 08:00:00,7,262,140
2024-01-04 08:00:00,8,239,136
2024-01-04 08:00:00,9,141,129
2024-01-04 08:00:00,10,238,126
2024-01-04 09:00:00,1,236,282
2024-01-04 09:00:00,2,237,258
2024-01-04 09:00:00,3,138,191
2024-01-04 09:00:00,4,186,179
2024-01-04 09:00:00,5,162,164
2024-01-04 09:00:00,6,170,162
2024-01-04 09:00:00,7,239,162
2024-01-04 09:00:00,8,161,155
2024-01-04 09:00:00,9,238,149
2024-01-04 09:00:00,10,140,144
2024-01-04 10:00:00,1,236,289
2024-01-04 10:00:00,2,237,272
2024-01-04 10:00:00,3,138,211
2024-01-04 10:00:00,4,161,204
2024-01-04 10:00:00,5,186,180
2024-01-04 10:00:00,6,162,175
2024-01-04 10:00:00,7,170,162
2024-01-04 10:00:00,8,140,160
2024-01-04 10:00:00,9,239,159
2024-01-04 10:00:00,10,132,157
2024-01-04 11:00:00,1,237,295
2024-01-04 11:00:00,2,236,288
2024-01-04 11:00:00,3,161,250
2024-01-04 11:00:00,4,162,206
2024-01-04 11:00:00,5,132,170
2024-01-04 11:00:00,6,186,166
2024-01-04 11:00:00,7,140,165
2024-01-04 11:00:00,8,230,153
2024-01-04 11:00:00,9,170,150
2024-01-04 11:00:00,10,142,143
2024-01-04 12:00:00,1,237,341
2024-01-04 12:00:00,2,236,324
2024-01-04 12:00:00,3,161,285
2024-01-04 12:00:00,4,162,183
2024-01-04 12:00:00,5,170,177
2024-01-04 12:00:00,6,142,176
2024-01-04 12:00:00,7,138,174
2024-01-04 12:00:00,8,163,169
2024-01-04 12:00:00,9,239,166
2024-01-04 12:00:00,10,230,158
2024-01-04 13:00:00,1,236,350
2024-01-04 13:00:00,2,237,336
2024-01-04 13:00:00,3,161,285
2024-01-04 13:00:00,4,132,215
2024-01-04 13:00:00,5,162,184
2024-01-04 13:00:00,6,163,180
2024-01-04 13:00:00,7,43,178
2024-01-04 13:00:00,8,142,176
2024-01-04 13:00:00,9,239,173
2024-01-04 13:00:00,10,140,161
2024-01-04 14:00:00,1,237,390
2024-01-04 14:00:00,2,236,353
2024-01-04 14:00:00,3,161,341
2024-01-04 14:00:00,4,132,275
2024-01-04 14:00:00,5,239,222
2024-01-04 14:00:00,6,43,216
2024-01-04 14:00:00,7,138,207
2024-01-04 14:00:00,8,163,201
2024-01-04 14:00:00,9,162,193
2024-01-04 14:00:00,10,142,187
2024-01-04 15:00:00,1,236,403
2024-01-04 15:00:00,2,161,388
2024-01-04 15:00:00,3,237,367
2024-01-04 15:00:00,4,142,318
2024-01-04 15:00:00,5,132,307
2024-01-04 15:00:00,6,239,302
2024-01-04 15:00:00,7,43,259
2024-01-04 15:00:00,8,238,245
2024-01-04 15:00:00,9,163,222
2024-01-04 15:00:00,10,230,214
2024-01-04 16:00:00,1,161,407
2024-01-04 16:00:00,2,142,360
2024-01-04 16:00:00,3,132,354
2024-01-04 16:00:00,4,236,354
2024-01-04 16:00:00,5,237,344
2024-01-04 16:00:00,6,239,335
2024-01-04 16:00:00,7,230,301
2024-01-04 16:00:00,8,238,288
2024-01-04 16:00:00,9,162,242
2024-01-04 16:00:00,10,43,234
2024-01-04 17:00:00,1,142,447
2024-01-04 17:00:00,2,230,395
2024-01-04 17:00:00,3,161,388
2024-01-04 17:00:00,4,236,378
2024-01-04 17:00:00,5,237,367
2024-01-04 17:00:00,6,239,347
2024-01-04 17:00:00,7,162,333
2024-01-04 17:00:00,8,238,289
2024-01-04 17:00:00,9,132,267
2024-01-04 17:00:00,10,186,266
2024-01-04 18:00:00,1,161,550
2024-01-04 18:00:00,2,142,473
2024-01-04 18:00:00,3,230,397
2024-01-04 18:00:00,4,162,370
2024-01-04 18:00:00,5,239,328
2024-01-04 18:00:00,6,237,307
2024-01-04 18:00:00,7,163,298
2024-01-04 18:00:00,8,238,295
2024-01-04 18:00:00,9,186,291
2024-01-04 18:00:00,10,236,287
2024-01-04 19:00:00,1,161,471
2024-01-04 19:00:00,2,230,387
2024-01-04 19:00:00,3,132,370
2024-01-04 19:00:00,4,142,310
2024-01-04 19:00:00,5,237,270
2024-01-04 19:00:00,6,162,264
2024-01-04 19:00:00,7,234,248
2024-01-04 19:00:00,8,239,247
2024-01-04 19:00:00,9,186,246
2024-01-04 19:00:00,10,163,242
2024-01-04 20:00:00,1,230,333
2024-01-04 20:00:00,2,161,330
2024-01-04 20:00:00,3,142,303
2024-01-04 20:00:00,4,186,280
2024-01-04 20:00:00,5,162,266
2024-01-04 20:00:00,6,132,257
2024-01-04 20:00:00,7,237,233
2024-01-04 20:00:00,8,68,223
2024-01-04 20:00:00,9,48,208
2024-01-04 20:00:00,10,90,201
2024-01-04 21:00:00,1,142,648
2024-01-04 21:00:00,2,230,387
2024-01-04 21:00:00,3,161,342
2024-01-04 21:00:00,4,186,336
2024-01-04 21:00:00,5,132,288
2024-01-04 21:00:00,6,249,251
2024-01-04 21:00:00,7,48,242
2024-01-04 21:00:00,8,68,228
2024-01-04 21:00:00,9,164,211
2024-01-04 21:00:00,10,239,192
2024-01-04 22:00:00,1,142,666
2024-01-04 22:00:00,2,230,458
2024-01-04 22:00:00,3,132,384
2024-01-04 22:00:00,4,48,252
2024-01-04 22:00:00,5,161,240
2024-01-04 22:00:00,6,186,183
2024-01-04 22:00:00,7,249,168
2024-01-04 22:00:00,8,68,145
2024-01-04 22:00:00,9,239,140
2024-01-04 22:00:00,10,79,130
2024-01-04 23:00:00,1,132,358
2024-01-04 23:00:00,2,230,204
2024-01-04 23:00:00,3,48,157
2024-01-04 23:00:00,4,138,154
2024-01-04 23:00:00,5,142,140
2024-01-04 23:00:00,6,186,125
2024-01-04 23:00:00,7,79,119
2024-01-04 23:00:00,8,249,118
2024-01-04 23:00:00,9,161,110
2024-01-04 23:00:00,10,164,103
2024-01-05 00:00:00,1,132,205
2024-01-05 00:00:00,2,230,108
2024-01-05 00:00:00,3,79,91
2024-01-05 00:00:00,4,114,85
2024-01-05 00:00:00,5,48,80
2024-01-05 00:00:00,6,249,79
2024-01-05 00:00:00,7,186,61
2024-01-05 00:00:00,8,68,55
2024-01-05 00:00:00,9,142,54
2024-01-05 00:00:00,10,161,52
2024-01-05 01:00:00,1,249,74
2024-01-05 01:00:00,2,79,68
2024-01-05 01:00:00,3,132,55
2024-01-05 01:00:00,4,114,52
2024-01-05 01:00:00,5,48,47
2024-01-05 01:00:00,6,230,46
2024-01-05 01:00:00,7,186,39
2024-01-05 01:00:00,8,68,31
2024-01-05 01:00:00,9,100,30
2024-01-05 01:00:00,10,164,30
2024-01-05 02:00:00,1,132,40
2024-01-05 02:00:00,2,249,38
2024-01-05 02:00:00,3,79,32
2024-01-05 02:00:00,4,230,27
2024-01-05 02:00:00,5,68,23
2024-01-05 02:00:00,6,114,22
2024-01-05 02:00:00,7,48,21
2024-01-05 02:00:00,8,148,20
2024-01-05 02:00:00,9,144,18
2024-01-05 02:00:00,10,246,18
2024-01-05 03:00:00,1,48,29
2024-01-05 03:00:00,2,132,26
2024-01-05 03:00:00,3,249,26
2024-01-05 03:00:00,4,79,20
2024-01-05 03:00:00,5,246,18
2024-01-05 03:00:00,6,68,16
2024-01-05 03:00:00,7,230,14
2024-01-05 03:00:00,8,100,12
2024-01-05 03:00:00,9,164,12
2024-01-05 03:00:00,10,114,9
2024-01-05 04:00:00,1,48,22
2024-01-05 04:00:00,2,230,19
2024-01-05 04:00:00,3,79,10
2024-01-05 04:00:00,4,68,9
2024-01-05 04:00:00,5,141,9
2024-01-05 04:00:00,6,161,9
2024-01-05 04:00:00,7,249,9
2024-01-05 04:00:00,8,100,7
2024-01-05 04:00:00,9,132,7
2024-01-05 04:00:00,10,142,6
2024-01-05 05:00:00,1,132,57
2024-01-05 05:00:00,2,100,55
2024-01-05 05:00:00,3,186,50
2024-01-05 05:00:00,4,48,42
2024-01-05 05:00:00,5,162,28
2024-01-05 05:00:00,6,238,27
2024-01-05 05:00:00,7,262,18
2024-01-05 05:00:00,8,239,16
2024-01-05 05:00:00,9,237,13
2024-01-05 05:00:00,10,263,13
2024-01-05 06:00:00,1,132,129
2024-01-05 06:00:00,2,186,120
2024-01-05 06:00:00,3,100,103
2024-01-05 06:00:00,4,238,79
2024-01-05 06:00:00,5,48,71
2024-01-05 06:00:00,6,162,60
2024-01-05 06:00:00,7,142,57
2024-01-05 06:00:00,8,239,56
2024-01-05 06:00:00,9,262,51
2024-01-05 06:00:00,10,170,49
2024-01-05 07:00:00,1,132,173
2024-01-05 07:00:00,2,236,156
2024-01-05 07:00:00,3,238,152
2024-01-05 07:00:00,4,239,145
2024-01-05 07:00:00,5,142,134
2024-01-05 07:00:00,6,186,129
2024-01-05 07:00:00,7,162,109
2024-01-05 07:00:00,8,262,101
2024-01-05 07:00:00,9,237,97
2024-01-05 07:00:00,10,100,95
2024-01-05 08:00:00,1,236,241
2024-01-05 08:00:00,2,238,239
2024-01-05 08:00:00,3,239,213
2024-01-05 08:00:00,4,142,198
2024-01-05 08:00:00,5,237,173
2024-01-05 08:00:00,6,186,153
2024-01-05 08:00:00,7,162,151
2024-01-05 08:00:00,8,262,142
2024-01-05 08:00:00,9,143,136
2024-01-05 08:00:00,10,140,119
2024-01-05 09:00:00,1,238,263
2024-01-05 09:00:00,2,236,254
2024-01-05 09:00:00,3,239,238
2024-01-05 09:00:00,4,142,230
2024-01-05 09:00:00,5,237,220
2024-01-05 09:00:00,6,186,191
2024-01-05 09:00:00,7,138,175
2024-01-05 09:00:00,8,132,152
2024-01-05 09:00:00,9,162,149
2024-01-05 09:00:00,10,143,146
2024-01-05 10:00:00,1,236,281
2024-01-05 10:00:00,2,239,261
2024-01-05 10:00:00,3,238,247
2024-01-05 10:00:00,4,237,244
2024-01-05 10:00:00,5,142,206
2024-01-05 10:00:00,6,230,200
2024-01-05 10:00:00,7,161,195
2024-01-05 10:00:00,8,186,183
2024-01-05 10:00:00,9,138,182
2024-01-05 10:00:00,10,162,170
2024-01-05 11:00:00,1,236,308
2024-01-05 11:00:00,2,237,299
2024-01-05 11:00:00,3,142,239
2024-01-05 11:00:00,4,239,239
2024-01-05 11:00:00,5,238,231
2024-01-05 11:00:00,6,161,221
2024-01-05 11:00:00,7,162,203
2024-01-05 11:00:00,8,186,174
2024-01-05 11:00:00,9,230,169
2024-01-05 11:00:00,10,163,163
2024-01-05 12:00:00,1,237,348
2024-01-05 12:00:00,2,236,332
2024-01-05 12:00:00,3,161,290
2024-01-05 12:00:00,4,239,260
2024-01-05 12:00:00,5,142,234
2024-01-05 12:00:00,6,238,210
2024-01-05 12:00:00,7,163,176
2024-01-05 12:00:00,8,230,175
2024-01-05 12:00:00,9,170,159
2024-01-05 12:00:00,10,68,149
2024-01-05 13:00:00,1,237,354
2024-01-05 13:00:00,2,236,330
2024-01-05 13:00:00,3,161,281
2024-01-05 13:00:00,4,239,274
2024-01-05 13:00:00,5,142,228
2024-01-05 13:00:00,6,238,227
2024-01-05 13:00:00,7,186,200
2024-01-05 13:00:00,8,163,195
2024-01-05 13:00:00,9,132,186
2024-01-05 13:00:00,10,162,184
2024-01-05 14:00:00,1,161,359
2024-01-05 14:00:00,2,236,334
2024-01-05 14:00:00,3,237,331
2024-01-05 14:00:00,4,132,256
2024-01-05 14:00:00,5,239,249
2024-01-05 14:00:00,6,142,226
2024-01-05 14:00:00,7,238,222
2024-01-05 14:00:00,8,162,221
2024-01-05 14:00:00,9,43,208
2024-01-05 14:00:00,10,186,208
2024-01-05 15:00:00,1,237,357
2024-01-05 15:00:00,2,236,355
2024-01-05 15:00:00,3,161,338
2024-01-05 15:00:00,4,142,309
2024-01-05 15:00:00,5,132,277
2024-01-05 15:00:00,6,239,277
2024-01-05 15:00:00,7,43,231
2024-01-05 15:00:00,8,238,217
2024-01-05 15:00:00,9,163,202
2024-01-05 15:00:00,10,186,197
2024-01-05 16:00:00,1,142,381
2024-01-05 16:00:00,2,132,379
2024-01-05 16:00:00,3,161,364
2024-01-05 16:00:00,4,237,331
2024-01-05 16:00:00,5,239,294
2024-01-05 16:00:00,6,236,268
2024-01-05 16:00:00,7,162,223
2024-01-05 16:00:00,8,163,223
2024-01-05 16:00:00,9,230,203
2024-01-05 16:00:00,10,186,192
2024-01-05 17:00:00,1,142,428
2024-01-05 17:00:00,2,161,387
2024-01-05 17:00:00,3,237,355
2024-01-05 17:00:00,4,239,317
2024-01-05 17:00:00,5,236,301
2024-01-05 17:00:00,6,186,275
2024-01-05 17:00:00,7,230,274
2024-01-05 17:00:00,8,238,272
2024-01-05 17:00:00,9,132,268
2024-01-05 17:00:00,10,162,268
2024-01-05 18:00:00,1,161,441
2024-01-05 18:00:00,2,142,376
2024-01-05 18:00:00,3,237,311
2024-01-05 18:00:00,4,236,304
2024-01-05 18:00:00,5,239,303
2024-01-05 18:00:00,6,132,280
2024-01-05 18:00:00,7,238,274
2024-01-05 18:00:00,8,186,258
2024-01-05 18:00:00,9,162,250
2024-01-05 18:00:00,10,230,248
2024-01-05 19:00:00,1,161,349
2024-01-05 19:00:00,2,132,306
2024-01-05 19:00:00,3,142,293
2024-01-05 19:00:00,4,162,275
2024-01-05 19:00:00,5,237,253
2024-01-05 19:00:00,6,186,240
2024-01-05 19:00:00,7,236,215
2024-01-05 19:00:00,8,230,209
2024-01-05 19:00:00,9,170,199
2024-01-05 19:00:00,10,239,191
2024-01-05 20:00:00,1,132,308
2024-01-05 20:00:00,2,142,214
2024-01-05 20:00:00,3,161,214
2024-01-05 20:00:00,4,237,189
2024-01-05 20:00:00,5,43,180
2024-01-05 20:00:00,6,230,177
2024-01-05 20:00:00,7,138,170
2024-01-05 20:00:00,8,234,170
2024-01-05 20:00:00,9,236,163
2024-01-05 20:00:00,10,249,163
2024-01-05 21:00:00,1,132,314
2024-01-05 21:00:00,2,142,306
2024-01-05 21:00:00,3,230,282
2024-01-05 21:00:00,4,249,232
2024-01-05 21:00:00,5,48,229
2024-01-05 21:00:00,6,161,211
2024-01-05 21:00:00,7,237,172
2024-01-05 21:00:00,8,79,170
2024-01-05 21:00:00,9,239,165
2024-01-05 21:00:00,10,234,164
2024-01-05 22:00:00,1,230,316
2024-01-05 22:00:00,2,132,312
2024-01-05 22:00:00,3,142,285
2024-01-05 22:00:00,4,249,252
2024-01-05 22:00:00,5,186,244
2024-01-05 22:00:00,6,79,227
2024-01-05 22:00:00,7,48,223
2024-01-05 22:00:00,8,161,215
2024-01-05 22:00:00,9,237,166
2024-01-05 22:00:00,10,68,159
2024-01-05 23:00:00,1,142,324
2024-01-05 23:00:00,2,249,305
2024-01-05 23:00:00,3,132,270
2024-01-05 23:00:00,4,79,262
2024-01-05 23:00:00,5,48,222
2024-01-05 23:00:00,6,114,200
2024-01-05 23:00:00,7,230,194
2024-01-05 23:00:00,8,138,151
2024-01-05 23:00:00,9,186,147
2024-01-05 23:00:00,10,234,124
2024-01-06 00:00:00,1,79,356
2024-01-06 00:00:00,2,249,302
2024-01-06 00:00:00,3,114,280
2024-01-06 00:00:00,4,148,198
2024-01-06 00:00:00,5,48,167
2024-01-06 00:00:00,6,132,132
2024-01-06 00:00:00,7,107,131
2024-01-06 00:00:00,8,158,111
2024-01-06 00:00:00,9,230,104
2024-01-06 00:00:00,10,186,92
2024-01-06 01:00:00,1,79,305
2024-01-06 01:00:00,2,249,281
2024-01-06 01:00:00,3,148,241
2024-01-06 01:00:00,4,114,235
2024-01-06 01:00:00,5,158,119
2024-01-06 01:00:00,6,144,113
2024-01-06 01:00:00,7,48,104
2024-01-06 01:00:00,8,107,88
2024-01-06 01:00:00,9,90,68
2024-01-06 01:00:00,10,68,59
2024-01-06 02:00:00,1,79,222
2024-01-06 02:00:00,2,114,178
2024-01-06 02:00:00,3,148,152
2024-01-06 02:00:00,4,249,142
2024-01-06 02:00:00,5,144,91
2024-01-06 02:00:00,6,48,82
2024-01-06 02:00:00,7,158,80
2024-01-06 02:00:00,8,246,58
2024-01-06 02:00:00,9,107,54
2024-01-06 02:00:00,10,90,47
2024-01-06 03:00:00,1,79,125
2024-01-06 03:00:00,2,148,95
2024-01-06 03:00:00,3,114,83
2024-01-06 03:00:00,4,249,83
2024-01-06 03:00:00,5,48,79
2024-01-06 03:00:00,6,246,76
2024-01-06 03:00:00,7,144,63
2024-01-06 03:00:00,8,68,38
2024-01-06 03:00:00,9,231,32
2024-01-06 03:00:00,10,158,30
2024-01-06 04:00:00,1,79,43
2024-01-06 04:00:00,2,48,42
2024-01-06 04:00:00,3,148,41
2024-01-06 04:00:00,4,249,37
2024-01-06 04:00:00,5,230,35
2024-01-06 04:00:00,6,246,30
2024-01-06 04:00:00,7,144,28
2024-01-06 04:00:00,8,132,21
2024-01-06 04:00:00,9,164,20
2024-01-06 04:00:00,10,68,18
2024-01-06 05:00:00,1,132,76
2024-01-06 05:00:00,2,48,27
2024-01-06 05:00:00,3,100,23
2024-01-06 05:00:00,4,230,15
2024-01-06 05:00:00,5,186,13
2024-01-06 05:00:00,6,164,12
2024-01-06 05:00:00,7,238,11
2024-01-06 05:00:00,8,263,11
2024-01-06 05:00:00,9,79,10
2024-01-06 05:00:00,10,162,10
2024-01-06 06:00:00,1,132,122
2024-01-06 06:00:00,2,186,47
2024-01-06 06:00:00,3,48,35
2024-01-06 06:00:00,4,100,30
2024-01-06 06:00:00,5,162,29
2024-01-06 06:00:00,6,230,29
2024-01-06 06:00:00,7,238,28
2024-01-06 06:00:00,8,170,26
2024-01-06 06:00:00,9,140,21
2024-01-06 06:00:00,10,142,21
2024-01-06 07:00:00,1,132,123
2024-01-06 07:00:00,2,141,58
2024-01-06 07:00:00,3,239,55
2024-01-06 07:00:00,4,162,54
2024-01-06 07:00:00,5,238,53
2024-01-06 07:00:00,6,236,49
2024-01-06 07:00:00,7,263,46
2024-01-06 07:00:00,8,142,45
2024-01-06 07:00:00,9,262,41
2024-01-06 07:00:00,10,237,40
2024-01-06 08:00:00,1,132,135
2024-01-06 08:00:00,2,238,102
2024-01-06 08:00:00,3,236,96
2024-01-06 08:00:00,4,239,92
2024-01-06 08:00:00,5,186,80
2024-01-06 08:00:00,6,162,76
2024-01-06 08:00:00,7,141,71
2024-01-06 08:00:00,8,230,69
2024-01-06 08:00:00,9,237,67
2024-01-06 08:00:00,10,262,64
2024-01-06 09:00:00,1,238,158
2024-01-06 09:00:00,2,142,136
2024-01-06 09:00:00,3,239,131
2024-01-06 09:00:00,4,236,130
2024-01-06 09:00:00,5,132,123
2024-01-06 09:00:00,6,186,115
2024-01-06 09:00:00,7,138,114
2024-01-06 09:00:00,8,237,110
2024-01-06 09:00:00,9,230,109
2024-01-06 09:00:00,10,141,104
2024-01-06 10:00:00,1,239,185
2024-01-06 10:00:00,2,236,180
2024-01-06 10:00:00,3,142,173
2024-01-06 10:00:00,4,238,165
2024-01-06 10:00:00,5,237,161
2024-01-06 10:00:00,6,186,149
2024-01-06 10:00:00,7,230,141
2024-01-06 10:00:00,8,141,140
2024-01-06 10:00:00,9,161,132
2024-01-06 10:00:00,10,48,119
2024-01-06 11:00:00,1,236,234
2024-01-06 11:00:00,2,237,227
2024-01-06 11:00:00,3,186,219
2024-01-06 11:00:00,4,142,196
2024-01-06 11:00:00,5,239,194
2024-01-06 11:00:00,6,161,188
2024-01-06 11:00:00,7,230,164
2024-01-06 11:00:00,8,162,160
2024-01-06 11:00:00,9,68,159
2024-01-06 11:00:00,10,141,153
2024-01-06 12:00:00,1,236,296
2024-01-06 12:00:00,2,237,275
2024-01-06 12:00:00,3,239,242
2024-01-06 12:00:00,4,186,218
2024-01-06 12:00:00,5,161,213
2024-01-06 12:00:00,6,142,211
2024-01-06 12:00:00,7,230,182
2024-01-06 12:00:00,8,68,176
2024-01-06 12:00:00,9,238,175
2024-01-06 12:00:00,10,162,174
2024-01-06 13:00:00,1,236,315
2024-01-06 13:00:00,2,237,281
2024-01-06 13:00:00,3,142,253
2024-01-06 13:00:00,4,239,236
2024-01-06 13:00:00,5,161,210
2024-01-06 13:00:00,6,186,210
2024-01-06 13:00:00,7,132,204
2024-01-06 13:00:00,8,163,187
2024-01-06 13:00:00,9,238,179
2024-01-06 13:00:00,10,162,174
2024-01-06 14:00:00,1,237,304
2024-01-06 14:00:00,2,236,294
2024-01-06 14:00:00,3,239,239
2024-01-06 14:00:00,4,161,228
2024-01-06 14:00:00,5,142,222
2024-01-06 14:00:00,6,132,213
2024-01-06 14:00:00,7,43,209
2024-01-06 14:00:00,8,138,196
2024-01-06 14:00:00,9,162,196
2024-01-06 14:00:00,10,68,187
2024-01-06 15:00:00,1,237,361
2024-01-06 15:00:00,2,236,333
2024-01-06 15:00:00,3,161,310
2024-01-06 15:00:00,4,142,291
2024-01-06 15:00:00,5,239,280
2024-01-06 15:00:00,6,132,244
2024-01-06 15:00:00,7,43,223
2024-01-06 15:00:00,8,186,221
2024-01-06 15:00:00,9,163,215
2024-01-06 15:00:00,10,230,201
2024-01-06 16:00:00,1,142,403
2024-01-06 16:00:00,2,161,346
2024-01-06 16:00:00,3,132,330
2024-01-06 16:00:00,4,230,317
2024-01-06 16:00:00,5,237,310
2024-01-06 16:00:00,6,236,293
2024-01-06 16:00:00,7,239,262
2024-01-06 16:00:00,8,43,225
2024-01-06 16:00:00,9,163,202
2024-01-06 16:00:00,10,234,190
2024-01-06 17:00:00,1,142,335
2024-01-06 17:00:00,2,161,324
2024-01-06 17:00:00,3,132,318
2024-01-06 17:00:00,4,230,313
2024-01-06 17:00:00,5,239,287
2024-01-06 17:00:00,6,236,278
2024-01-06 17:00:00,7,237,272
2024-01-06 17:00:00,8,186,239
2024-01-06 17:00:00,9,162,219
2024-01-06 17:00:00,10,43,216
2024-01-06 18:00:00,1,142,307
2024-01-06 18:00:00,2,186,293
2024-01-06 18:00:00,3,161,284
2024-01-06 18:00:00,4,230,249
2024-01-06 18:00:00,5,236,248
2024-01-06 18:00:00,6,237,247
2024-01-06 18:00:00,7,239,241
2024-01-06 18:00:00,8,132,235
2024-01-06 18:00:00,9,68,212
2024-01-06 18:00:00,10,163,193
2024-01-06 19:00:00,1,142,323
2024-01-06 19:00:00,2,236,274
2024-01-06 19:00:00,3,161,267
2024-01-06 19:00:00,4,237,246
2024-01-06 19:00:00,5,132,239
2024-01-06 19:00:00,6,239,237
2024-01-06 19:00:00,7,230,231
2024-01-06 19:00:00,8,163,208
2024-01-06 19:00:00,9,141,197
2024-01-06 19:00:00,10,48,189
2024-01-06 20:00:00,1,132,286
2024-01-06 20:00:00,2,142,230
2024-01-06 20:00:00,3,236,185
2024-01-06 20:00:00,4,230,180
2024-01-06 20:00:00,5,186,178
2024-01-06 20:00:00,6,249,174
2024-01-06 20:00:00,7,43,164
2024-01-06 20:00:00,8,239,159
2024-01-06 20:00:00,9,79,153
2024-01-06 20:00:00,10,161,142
2024-01-06 21:00:00,1,142,341
2024-01-06 21:00:00,2,186,331
2024-01-06 21:00:00,3,132,323
2024-01-06 21:00:00,4,79,228
2024-01-06 21:00:00,5,249,227
2024-01-06 21:00:00,6,230,197
2024-01-06 21:00:00,7,239,163
2024-01-06 21:00:00,8,68,145
2024-01-06 21:00:00,9,48,137
2024-01-06 21:00:00,10,114,137
2024-01-06 22:00:00,1,230,486
2024-01-06 22:00:00,2,142,438
2024-01-06 22:00:00,3,132,390
2024-01-06 22:00:00,4,249,277
2024-01-06 22:00:00,5,79,261
2024-01-06 22:00:00,6,48,236
2024-01-06 22:00:00,7,186,175
2024-01-06 22:00:00,8,237,166
2024-01-06 22:00:00,9,161,157
2024-01-06 22:00:00,10,114,149
2024-01-06 23:00:00,1,132,392
2024-01-06 23:00:00,2,79,323
2024-01-06 23:00:00,3,249,310
2024-01-06 23:00:00,4,230,250
2024-01-06 23:00:00,5,114,249
2024-01-06 23:00:00,6,48,231
2024-01-06 23:00:00,7,239,225
2024-01-06 23:00:00,8,148,151
2024-01-06 23:00:00,9,186,144
2024-01-06 23:00:00,10,68,137
2024-01-07 00:00:00,1,79,371
2024-01-07 00:00:00,2,249,299
2024-01-07 00:00:00,3,132,296
2024-01-07 00:00:00,4,114,241
2024-01-07 00:00:00,5,148,205
2024-01-07 00:00:00,6,48,151
2024-01-07 00:00:00,7,107,129
2024-01-07 00:00:00,8,230,116
2024-01-07 00:00:00,9,186,105
2024-01-07 00:00:00,10,144,103
2024-01-07 01:00:00,1,249,284
2024-01-07 01:00:00,2,148,272
2024-01-07 01:00:00,3,79,259
2024-01-07 01:00:00,4,114,253
2024-01-07 01:00:00,5,144,110
2024-01-07 01:00:00,6,48,105
2024-01-07 01:00:00,7,158,88
2024-01-07 01:00:00,8,132,80
2024-01-07 01:00:00,9,230,71
2024-01-07 01:00:00,10,186,70
2024-01-07 02:00:00,1,79,229
2024-01-07 02:00:00,2,148,219
2024-01-07 02:00:00,3,114,186
2024-01-07 02:00:00,4,249,148
2024-01-07 02:00:00,5,144,101
2024-01-07 02:00:00,6,48,88
2024-01-07 02:00:00,7,246,78
2024-01-07 02:00:00,8,107,61
2024-01-07 02:00:00,9,68,43
2024-01-07 02:00:00,10,158,41
2024-01-07 03:00:00,1,79,127
2024-01-07 03:00:00,2,249,98
2024-01-07 03:00:00,3,246,89
2024-01-07 03:00:00,4,148,66
2024-01-07 03:00:00,5,48,62
2024-01-07 03:00:00,6,114,62
2024-01-07 03:00:00,7,144,51
2024-01-07 03:00:00,8,230,35
2024-01-07 03:00:00,9,231,28
2024-01-07 03:00:00,10,68,27
2024-01-07 04:00:00,1,79,46
2024-01-07 04:00:00,2,230,38
2024-01-07 04:00:00,3,249,31
2024-01-07 04:00:00,4,48,29
2024-01-07 04:00:00,5,246,29
2024-01-07 04:00:00,6,148,24
2024-01-07 04:00:00,7,164,22
2024-01-07 04:00:00,8,144,19
2024-01-07 04:00:00,9,132,18
2024-01-07 04:00:00,10,163,15
2024-01-07 05:00:00,1,132,71
2024-01-07 05:00:00,2,48,17
2024-01-07 05:00:00,3,230,15
2024-01-07 05:00:00,4,162,13
2024-01-07 05:00:00,5,163,12
2024-01-07 05:00:00,6,75,11
2024-01-07 05:00:00,7,100,10
2024-01-07 05:00:00,8,107,10
2024-01-07 05:00:00,9,142,10
2024-01-07 05:00:00,10,186,10
2024-01-07 06:00:00,1,132,135
2024-01-07 06:00:00,2,230,33
2024-01-07 06:00:00,3,162,31
2024-01-07 06:00:00,4,48,28
2024-01-07 06:00:00,5,239,23
2024-01-07 06:00:00,6,186,21
2024-01-07 06:00:00,7,238,19
2024-01-07 06:00:00,8,75,16
2024-01-07 06:00:00,9,164,16
2024-01-07 06:00:00,10,170,16
2024-01-07 07:00:00,1,132,84
2024-01-07 07:00:00,2,230,36
2024-01-07 07:00:00,3,140,32
2024-01-07 07:00:00,4,162,32
2024-01-07 07:00:00,5,238,32
2024-01-07 07:00:00,6,107,28
2024-01-07 07:00:00,7,161,28
2024-01-07 07:00:00,8,262,28
2024-01-07 07:00:00,9,142,27
2024-01-07 07:00:00,10,239,27
2024-01-07 08:00:00,1,132,108
2024-01-07 08:00:00,2,230,69
2024-01-07 08:00:00,3,236,60
2024-01-07 08:00:00,4,238,58
2024-01-07 08:00:00,5,48,56
2024-01-07 08:00:00,6,239,55
2024-01-07 08:00:00,7,186,53
2024-01-07 08:00:00,8,237,53
2024-01-07 08:00:00,9,142,46
2024-01-07 08:00:00,10,162,46
2024-01-07 09:00:00,1,132,158
2024-01-07 09:00:00,2,230,111
2024-01-07 09:00:00,3,237,97
2024-01-07 09:00:00,4,239,97
2024-01-07 09:00:00,5,236,89
2024-01-07 09:00:00,6,238,86
2024-01-07 09:00:00,7,142,77
2024-01-07 09:00:00,8,162,69
2024-01-07 09:00:00,9,263,67
2024-01-07 09:00:00,10,138,63
2024-01-07 10:00:00,1,236,185
2024-01-07 10:00:00,2,230,152
2024-01-07 10:00:00,3,239,130
2024-01-07 10:00:00,4,237,129
2024-01-07 10:00:00,5,161,128
2024-01-07 10:00:00,6,132,124
2024-01-07 10:00:00,7,142,116
2024-01-07 10:00:00,8,138,113
2024-01-07 10:00:00,9,186,105
2024-01-07 10:00:00,10,238,102
2024-01-07 11:00:00,1,236,228
2024-01-07 11:00:00,2,230,222
2024-01-07 11:00:00,3,239,198
2024-01-07 11:00:00,4,161,180
2024-01-07 11:00:00,5,237,172
2024-01-07 11:00:00,6,186,170
2024-01-07 11:00:00,7,142,145
2024-01-07 11:00:00,8,162,142
2024-01-07 11:00:00,9,238,127
2024-01-07 11:00:00,10,132,126
2024-01-07 12:00:00,1,236,267
2024-01-07 12:00:00,2,237,217
2024-01-07 12:00:00,3,239,198
2024-01-07 12:00:00,4,230,184
2024-01-07 12:00:00,5,161,168
2024-01-07 12:00:00,6,142,150
2024-01-07 12:00:00,7,132,149
2024-01-07 12:00:00,8,186,146
2024-01-07 12:00:00,9,170,136
2024-01-07 12:00:00,10,138,128
2024-01-07 13:00:00,1,236,237
2024-01-07 13:00:00,2,237,229
2024-01-07 13:00:00,3,132,205
2024-01-07 13:00:00,4,161,203
2024-01-07 13:00:00,5,186,194
2024-01-07 13:00:00,6,142,180
2024-01-07 13:00:00,7,239,177
2024-01-07 13:00:00,8,230,143
2024-01-07 13:00:00,9,138,134
2024-01-07 13:00:00,10,141,130
2024-01-07 14:00:00,1,132,277
2024-01-07 14:00:00,2,236,211
2024-01-07 14:00:00,3,138,198
2024-01-07 14:00:00,4,237,196
2024-01-07 14:00:00,5,161,170
2024-01-07 14:00:00,6,43,160
2024-01-07 14:00:00,7,239,160
2024-01-07 14:00:00,8,186,151
2024-01-07 14:00:00,9,68,147
2024-01-07 14:00:00,10,162,138
2024-01-07 15:00:00,1,132,307
2024-01-07 15:00:00,2,237,240
2024-01-07 15:00:00,3,161,229
2024-01-07 15:00:00,4,236,229
2024-01-07 15:00:00,5,138,210
2024-01-07 15:00:00,6,239,185
2024-01-07 15:00:00,7,142,167
2024-01-07 15:00:00,8,43,157
2024-01-07 15:00:00,9,230,147
2024-01-07 15:00:00,10,163,132
2024-01-07 16:00:00,1,132,405
2024-01-07 16:00:00,2,142,243
2024-01-07 16:00:00,3,186,242
2024-01-07 16:00:00,4,236,219
2024-01-07 16:00:00,5,230,188
2024-01-07 16:00:00,6,138,185
2024-01-07 16:00:00,7,237,177
2024-01-07 16:00:00,8,43,162
2024-01-07 16:00:00,9,239,162
2024-01-07 16:00:00,10,161,157
2024-01-07 17:00:00,1,132,258
2024-01-07 17:00:00,2,230,257
2024-01-07 17:00:00,3,236,207
2024-01-07 17:00:00,4,161,198
2024-01-07 17:00:00,5,138,174
2024-01-07 17:00:00,6,237,173
2024-01-07 17:00:00,7,142,166
2024-01-07 17:00:00,8,186,153
2024-01-07 17:00:00,9,163,146
2024-01-07 17:00:00,10,48,141
2024-01-07 18:00:00,1,132,290
2024-01-07 18:00:00,2,138,224
2024-01-07 18:00:00,3,142,185
2024-01-07 18:00:00,4,186,185
2024-01-07 18:00:00,5,161,178
2024-01-07 18:00:00,6,230,166
2024-01-07 18:00:00,7,237,164
2024-01-07 18:00:00,8,236,163
2024-01-07 18:00:00,9,162,126
2024-01-07 18:00:00,10,68,123
2024-01-07 19:00:00,1,132,401
2024-01-07 19:00:00,2,138,190
2024-01-07 19:00:00,3,186,181
2024-01-07 19:00:00,4,142,150
2024-01-07 19:00:00,5,68,127
2024-01-07 19:00:00,6,230,124
2024-01-07 19:00:00,7,48,118
2024-01-07 19:00:00,8,237,118
2024-01-07 19:00:00,9,161,113
2024-01-07 19:00:00,10,239,108
2024-01-07 20:00:00,1,132,380
2024-01-07 20:00:00,2,138,281
2024-01-07 20:00:00,3,186,155
2024-01-07 20:00:00,4,230,133
2024-01-07 20:00:00,5,237,104
2024-01-07 20:00:00,6,48,103
2024-01-07 20:00:00,7,68,100
2024-01-07 20:00:00,8,162,100
2024-01-07 20:00:00,9,249,98
2024-01-07 20:00:00,10,142,97
2024-01-07 21:00:00,1,132,453
2024-01-07 21:00:00,2,138,232
2024-01-07 21:00:00,3,230,153
2024-01-07 21:00:00,4,48,108
2024-01-07 21:00:00,5,186,97
2024-01-07 21:00:00,6,142,86
2024-01-07 21:00:00,7,161,84
2024-01-07 21:00:00,8,249,83
2024-01-07 21:00:00,9,237,82
2024-01-07 21:00:00,10,68,81
2024-01-07 22:00:00,1,132,435
2024-01-07 22:00:00,2,138,231
2024-01-07 22:00:00,3,230,119
2024-01-07 22:00:00,4,186,112
2024-01-07 22:00:00,5,48,96
2024-01-07 22:00:00,6,163,80
2024-01-07 22:00:00,7,249,61
2024-01-07 22:00:00,8,142,59
2024-01-07 22:00:00,9,79,56
2024-01-07 22:00:00,10,237,54
2024-01-07 23:00:00,1,132,280
2024-01-07 23:00:00,2,138,155
2024-01-07 23:00:00,3,186,77
2024-01-07 23:00:00,4,48,75
2024-01-07 23:00:00,5,230,54
2024-01-07 23:00:00,6,249,47
2024-01-07 23:00:00,7,79,44
2024-01-07 23:00:00,8,68,37
2024-01-07 23:00:00,9,114,37
2024-01-07 23:00:00,10,237,37
2024-01-08 00:00:00,1,132,202
2024-01-08 00:00:00,2,138,78
2024-01-08 00:00:00,3,48,48
2024-01-08 00:00:00,4,114,45
2024-01-08 00:00:00,5,186,43
2024-01-08 00:00:00,6,249,36
2024-01-08 00:00:00,7,230,35
2024-01-08 00:00:00,8,79,28
2024-01-08 00:00:00,9,68,23
2024-01-08 00:00:00,10,90,22
2024-01-08 01:00:00,1,132,72
2024-01-08 01:00:00,2,48,38
2024-01-08 01:00:00,3,230,22
2024-01-08 01:00:00,4,186,19
2024-01-08 01:00:00,5,249,19
2024-01-08 01:00:00,6,79,16
2024-01-08 01:00:00,7,68,13
2024-01-08 01:00:00,8,229,13
2024-01-08 01:00:00,9,148,11
2024-01-08 01:00:00,10,163,11
2024-01-08 02:00:00,1,48,19
2024-01-08 02:00:00,2,230,19
2024-01-08 02:00:00,3,132,17
2024-01-08 02:00:00,4,79,12
2024-01-08 02:00:00,5,249,11
2024-01-08 02:00:00,6,246,10
2024-01-08 02:00:00,7,125,8
2024-01-08 02:00:00,8,68,7
2024-01-08 02:00:00,9,114,7
2024-01-08 02:00:00,10,137,6
2024-01-08 03:00:00,1,132,24
2024-01-08 03:00:00,2,249,17
2024-01-08 03:00:00,3,48,16
2024-01-08 03:00:00,4,246,14
2024-01-08 03:00:00,5,79,12
2024-01-08 03:00:00,6,68,9
2024-01-08 03:00:00,7,230,8
2024-01-08 03:00:00,8,141,6
2024-01-08 03:00:00,9,186,5
2024-01-08 03:00:00,10,262,5
2024-01-08 04:00:00,1,48,19
2024-01-08 04:00:00,2,230,18
2024-01-08 04:00:00,3,132,13
2024-01-08 04:00:00,4,246,11
2024-01-08 04:00:00,5,186,7
2024-01-08 04:00:00,6,249,7
2024-01-08 04:00:00,7,79,6
2024-01-08 04:00:00,8,141,6
2024-01-08 04:00:00,9,162,6
2024-01-08 04:00:00,10,233,6
2024-01-08 05:00:00,1,132,97
2024-01-08 05:00:00,2,186,60
2024-01-08 05:00:00,3,100,49
2024-01-08 05:00:00,4,48,21
2024-01-08 05:00:00,5,170,20
2024-01-08 05:00:00,6,262,20
2024-01-08 05:00:00,7,162,17
2024-01-08 05:00:00,8,239,17
2024-01-08 05:00:00,9,263,16
2024-01-08 05:00:00,10,141,14
2024-01-08 06:00:00,1,186,159
2024-01-08 06:00:00,2,132,149
2024-01-08 06:00:00,3,48,91
2024-01-08 06:00:00,4,100,85
2024-01-08 06:00:00,5,236,70
2024-01-08 06:00:00,6,162,67
2024-01-08 06:00:00,7,262,59
2024-01-08 06:00:00,8,239,48
2024-01-08 06:00:00,9,141,45
2024-01-08 06:00:00,10,238,45
2024-01-08 07:00:00,1,236,251
2024-01-08 07:00:00,2,186,161
2024-01-08 07:00:00,3,237,154
2024-01-08 07:00:00,4,132,145
2024-01-08 07:00:00,5,238,132
2024-01-08 07:00:00,6,162,120
2024-01-08 07:00:00,7,239,119
2024-01-08 07:00:00,8,262,118
2024-01-08 07:00:00,9,141,113
2024-01-08 07:00:00,10,263,105
2024-01-08 08:00:00,1,236,317
2024-01-08 08:00:00,2,237,216
2024-01-08 08:00:00,3,186,184
2024-01-08 08:00:00,4,239,171
2024-01-08 08:00:00,5,162,163
2024-01-08 08:00:00,6,140,159
2024-01-08 08:00:00,7,132,153
2024-01-08 08:00:00,8,262,142
2024-01-08 08:00:00,9,141,136
2024-01-08 08:00:00,10,238,133
2024-01-08 09:00:00,1,236,294
2024-01-08 09:00:00,2,237,269
2024-01-08 09:00:00,3,186,217
2024-01-08 09:00:00,4,138,188
2024-01-08 09:00:00,5,162,163
2024-01-08 09:00:00,6,170,140
2024-01-08 09:00:00,7,140,137
2024-01-08 09:00:00,8,132,132
2024-01-08 09:00:00,9,239,129
2024-01-08 09:00:00,10,141,126
2024-01-08 10:00:00,1,236,254
2024-01-08 10:00:00,2,237,251
2024-01-08 10:00:00,3,138,204
2024-01-08 10:00:00,4,186,170
2024-01-08 10:00:00,5,132,157
2024-01-08 10:00:00,6,170,157
2024-01-08 10:00:00,7,161,153
2024-01-08 10:00:00,8,142,149
2024-01-08 10:00:00,9,239,146
2024-01-08 10:00:00,10,140,142
2024-01-08 11:00:00,1,236,290
2024-01-08 11:00:00,2,237,268
2024-01-08 11:00:00,3,161,205
2024-01-08 11:00:00,4,162,168
2024-01-08 11:00:00,5,140,150
2024-01-08 11:00:00,6,239,146
2024-01-08 11:00:00,7,132,139
2024-01-08 11:00:00,8,186,137
2024-01-08 11:00:00,9,170,128
2024-01-08 11:00:00,10,163,123
2024-01-08 12:00:00,1,236,325
2024-01-08 12:00:00,2,237,279
2024-01-08 12:00:00,3,161,228
2024-01-08 12:00:00,4,239,159
2024-01-08 12:00:00,5,186,155
2024-01-08 12:00:00,6,132,146
2024-01-08 12:00:00,7,162,145
2024-01-08 12:00:00,8,142,141
2024-01-08 12:00:00,9,170,140
2024-01-08 12:00:00,10,138,138
2024-01-08 13:00:00,1,237,311
2024-01-08 13:00:00,2,236,310
2024-01-08 13:00:00,3,161,234
2024-01-08 13:00:00,4,132,207
2024-01-08 13:00:00,5,140,156
2024-01-08 13:00:00,6,142,153
2024-01-08 13:00:00,7,163,153
2024-01-08 13:00:00,8,138,144
2024-01-08 13:00:00,9,186,143
2024-01-08 13:00:00,10,162,137
2024-01-08 14:00:00,1,237,347
2024-01-08 14:00:00,2,236,344
2024-01-08 14:00:00,3,161,309
2024-01-08 14:00:00,4,132,260
2024-01-08 14:00:00,5,138,211
2024-01-08 14:00:00,6,162,188
2024-01-08 14:00:00,7,239,167
2024-01-08 14:00:00,8,140,159
2024-01-08 14:00:00,9,170,159
2024-01-08 14:00:00,10,163,148
2024-01-08 15:00:00,1,236,374
2024-01-08 15:00:00,2,237,348
2024-01-08 15:00:00,3,132,306
2024-01-08 15:00:00,4,161,299
2024-01-08 15:00:00,5,162,188
2024-01-08 15:00:00,6,239,183
2024-01-08 15:00:00,7,142,178
2024-01-08 15:00:00,8,138,167
2024-01-08 15:00:00,9,170,161
2024-01-08 15:00:00,10,140,160
2024-01-08 16:00:00,1,161,344
2024-01-08 16:00:00,2,132,342
2024-01-08 16:00:00,3,237,328
2024-01-08 16:00:00,4,236,310
2024-01-08 16:00:00,5,162,200
2024-01-08 16:00:00,6,163,186
2024-01-08 16:00:00,7,142,171
2024-01-08 16:00:00,8,140,159
2024-01-08 16:00:00,9,170,158
2024-01-08 16:00:00,10,239,153
2024-01-08 17:00:00,1,161,370
2024-01-08 17:00:00,2,237,357
2024-01-08 17:00:00,3,132,307
2024-01-08 17:00:00,4,236,302
2024-01-08 17:00:00,5,162,279
2024-01-08 17:00:00,6,163,244
2024-01-08 17:00:00,7,170,220
2024-01-08 17:00:00,8,140,205
2024-01-08 17:00:00,9,230,189
2024-01-08 17:00:00,10,138,182
2024-01-08 18:00:00,1,161,401
2024-01-08 18:00:00,2,142,365
2024-01-08 18:00:00,3,162,327
2024-01-08 18:00:00,4,230,303
2024-01-08 18:00:00,5,236,290
2024-01-08 18:00:00,6,237,278
2024-01-08 18:00:00,7,132,275
2024-01-08 18:00:00,8,186,246
2024-01-08 18:00:00,9,238,245
2024-01-08 18:00:00,10,239,223
2024-01-08 19:00:00,1,161,380
2024-01-08 19:00:00,2,132,297
2024-01-08 19:00:00,3,237,254
2024-01-08 19:00:00,4,162,240
2024-01-08 19:00:00,5,230,234
2024-01-08 19:00:00,6,142,225
2024-01-08 19:00:00,7,238,199
2024-01-08 19:00:00,8,236,186
2024-01-08 19:00:00,9,163,164
2024-01-08 19:00:00,10,138,161
2024-01-08 20:00:00,1,132,301
2024-01-08 20:00:00,2,161,297
2024-01-08 20:00:00,3,237,227
2024-01-08 20:00:00,4,162,207
2024-01-08 20:00:00,5,138,180
2024-01-08 20:00:00,6,142,154
2024-01-08 20:00:00,7,186,152
2024-01-08 20:00:00,8,236,149
2024-01-08 20:00:00,9,230,139
2024-01-08 20:00:00,10,163,121
2024-01-08 21:00:00,1,186,304
2024-01-08 21:00:00,2,132,286
2024-01-08 21:00:00,3,161,216
2024-01-08 21:00:00,4,142,194
2024-01-08 21:00:00,5,237,158
2024-01-08 21:00:00,6,138,136
2024-01-08 21:00:00,7,230,127
2024-01-08 21:00:00,8,162,120
2024-01-08 21:00:00,9,68,119
2024-01-08 21:00:00,10,234,117
2024-01-08 22:00:00,1,132,314
2024-01-08 22:00:00,2,138,215
2024-01-08 22:00:00,3,142,138
2024-01-08 22:00:00,4,161,135
2024-01-08 22:00:00,5,186,112
2024-01-08 22:00:00,6,237,94
2024-01-08 22:00:00,7,163,87
2024-01-08 22:00:00,8,249,86
2024-01-08 22:00:00,9,230,83
2024-01-08 22:00:00,10,236,82
2024-01-08 23:00:00,1,132,285
2024-01-08 23:00:00,2,142,261
2024-01-08 23:00:00,3,138,144
2024-01-08 23:00:00,4,114,111
2024-01-08 23:00:00,5,249,108
2024-01-08 23:00:00,6,186,94
2024-01-08 23:00:00,7,230,72
2024-01-08 23:00:00,8,161,69
2024-01-08 23:00:00,9,170,67
2024-01-08 23:00:00,10,48,65
2024-01-09 00:00:00,1,132,188
2024-01-09 00:00:00,2,142,46
2024-01-09 00:00:00,3,79,40
2024-01-09 00:00:00,4,230,38
2024-01-09 00:00:00,5,249,36
2024-01-09 00:00:00,6,48,34
2024-01-09 00:00:00,7,114,30
2024-01-09 00:00:00,8,138,30
2024-01-09 00:00:00,9,161,30
2024-01-09 00:00:00,10,163,29
2024-01-09 01:00:00,1,132,46
2024-01-09 01:00:00,2,138,40
2024-01-09 01:00:00,3,48,25
2024-01-09 01:00:00,4,249,22
2024-01-09 01:00:00,5,230,20
2024-01-09 01:00:00,6,186,18
2024-01-09 01:00:00,7,79,17
2024-01-09 01:00:00,8,162,17
2024-01-09 01:00:00,9,142,16
2024-01-09 01:00:00,10,161,16
2024-01-09 02:00:00,1,132,30
2024-01-09 02:00:00,2,48,16
2024-01-09 02:00:00,3,230,12
2024-01-09 02:00:00,4,249,12
2024-01-09 02:00:00,5,164,11
2024-01-09 02:00:00,6,79,9
2024-01-09 02:00:00,7,161,9
2024-01-09 02:00:00,8,68,8
2024-01-09 02:00:00,9,114,7
2024-01-09 02:00:00,10,263,7
2024-01-09 03:00:00,1,132,20
2024-01-09 03:00:00,2,48,15
2024-01-09 03:00:00,3,79,11
2024-01-09 03:00:00,4,230,10
2024-01-09 03:00:00,5,164,7
2024-01-09 03:00:00,6,186,7
2024-01-09 03:00:00,7,100,5
2024-01-09 03:00:00,8,148,5
2024-01-09 03:00:00,9,161,5
2024-01-09 03:00:00,10,162,5
2024-01-09 04:00:00,1,48,18
2024-01-09 04:00:00,2,230,14
2024-01-09 04:00:00,3,138,11
2024-01-09 04:00:00,4,163,10
2024-01-09 04:00:00,5,249,9
2024-01-09 04:00:00,6,132,8
2024-01-09 04:00:00,7,79,7
2024-01-09 04:00:00,8,100,7
2024-01-09 04:00:00,9,164,7
2024-01-09 04:00:00,10,137,6
2024-01-09 05:00:00,1,186,63
2024-01-09 05:00:00,2,132,59
2024-01-09 05:00:00,3,100,48
2024-01-09 05:00:00,4,48,34
2024-01-09 05:00:00,5,263,26
2024-01-09 05:00:00,6,162,20
2024-01-09 05:00:00,7,141,17
2024-01-09 05:00:00,8,262,17
2024-01-09 05:00:00,9,238,15
2024-01-09 05:00:00,10,239,15
2024-01-09 06:00:00,1,186,124
2024-01-09 06:00:00,2,132,114
2024-01-09 06:00:00,3,48,93
2024-01-09 06:00:00,4,100,91
2024-01-09 06:00:00,5,236,86
2024-01-09 06:00:00,6,162,68
2024-01-09 06:00:00,7,141,62
2024-01-09 06:00:00,8,237,52
2024-01-09 06:00:00,9,262,51
2024-01-09 06:00:00,10,238,48
2024-01-09 07:00:00,1,236,263
2024-01-09 07:00:00,2,237,181
2024-01-09 07:00:00,3,186,178
2024-01-09 07:00:00,4,162,170
2024-01-09 07:00:00,5,262,131
2024-01-09 07:00:00,6,132,130
2024-01-09 07:00:00,7,239,124
2024-01-09 07:00:00,8,263,111
2024-01-09 07:00:00,9,238,110
2024-01-09 07:00:00,10,142,105
2024-01-09 08:00:00,1,236,346
2024-01-09 08:00:00,2,237,252
2024-01-09 08:00:00,3,186,222
2024-01-09 08:00:00,4,162,219
2024-01-09 08:00:00,5,239,192
2024-01-09 08:00:00,6,238,172
2024-01-09 08:00:00,7,140,166
2024-01-09 08:00:00,8,262,155
2024-01-09 08:00:00,9,141,146
2024-01-09 08:00:00,10,170,143
2024-01-09 09:00:00,1,236,327
2024-01-09 09:00:00,2,237,273
2024-01-09 09:00:00,3,162,216
2024-01-09 09:00:00,4,186,203
2024-01-09 09:00:00,5,238,199
2024-01-09 09:00:00,6,239,189
2024-01-09 09:00:00,7,142,187
2024-01-09 09:00:00,8,140,167
2024-01-09 09:00:00,9,138,152
2024-01-09 09:00:00,10,170,148
2024-01-09 10:00:00,1,236,313
2024-01-09 10:00:00,2,237,299
2024-01-09 10:00:00,3,186,215
2024-01-09 10:00:00,4,162,195
2024-01-09 10:00:00,5,161,192
2024-01-09 10:00:00,6,142,177
2024-01-09 10:00:00,7,170,172
2024-01-09 10:00:00,8,138,171
2024-01-09 10:00:00,9,239,168
2024-01-09 10:00:00,10,140,163
2024-01-09 11:00:00,1,237,415
2024-01-09 11:00:00,2,236,383
2024-01-09 11:00:00,3,161,279
2024-01-09 11:00:00,4,162,263
2024-01-09 11:00:00,5,142,200
2024-01-09 11:00:00,6,140,196
2024-01-09 11:00:00,7,239,194
2024-01-09 11:00:00,8,238,185
2024-01-09 11:00:00,9,170,177
2024-01-09 11:00:00,10,163,171
2024-01-09 12:00:00,1,236,385
2024-01-09 12:00:00,2,237,376
2024-01-09 12:00:00,3,161,281
2024-01-09 12:00:00,4,170,192
2024-01-09 12:00:00,5,142,186
2024-01-09 12:00:00,6,162,179
2024-01-09 12:00:00,7,140,174
2024-01-09 12:00:00,8,186,172
2024-01-09 12:00:00,9,239,159
2024-01-09 12:00:00,10,163,149
2024-01-09 13:00:00,1,237,415
2024-01-09 13:00:00,2,236,366
2024-01-09 13:00:00,3,161,326
2024-01-09 13:00:00,4,162,225
2024-01-09 13:00:00,5,163,203
2024-01-09 13:00:00,6,170,191
2024-01-09 13:00:00,7,140,188
2024-01-09 13:00:00,8,132,182
2024-01-09 13:00:00,9,239,170
2024-01-09 13:00:00,10,142,153
2024-01-09 14:00:00,1,237,464
2024-01-09 14:00:00,2,236,430
2024-01-09 14:00:00,3,161,403
2024-01-09 14:00:00,4,162,242
2024-01-09 14:00:00,5,132,236
2024-01-09 14:00:00,6,140,207
2024-01-09 14:00:00,7,138,205
2024-01-09 14:00:00,8,239,205
2024-01-09 14:00:00,9,170,204
2024-01-09 14:00:00,10,142,202
2024-01-09 15:00:00,1,236,557
2024-01-09 15:00:00,2,237,426
2024-01-09 15:00:00,3,161,420
2024-01-09 15:00:00,4,162,272
2024-01-09 15:00:00,5,140,258
2024-01-09 15:00:00,6,132,249
2024-01-09 15:00:00,7,238,223
2024-01-09 15:00:00,8,142,217
2024-01-09 15:00:00,9,170,206
2024-01-09 15:00:00,10,163,204
2024-01-09 16:00:00,1,161,407
2024-01-09 16:00:00,2,236,405
2024-01-09 16:00:00,3,237,350
2024-01-09 16:00:00,4,132,326
2024-01-09 16:00:00,5,162,311
2024-01-09 16:00:00,6,170,204
2024-01-09 16:00:00,7,140,196
2024-01-09 16:00:00,8,230,195
2024-01-09 16:00:00,9,163,189
2024-01-09 16:00:00,10,142,186
2024-01-09 17:00:00,1,161,612
2024-01-09 17:00:00,2,162,452
2024-01-09 17:00:00,3,236,385
2024-01-09 17:00:00,4,237,379
2024-01-09 17:00:00,5,163,321
2024-01-09 17:00:00,6,230,305
2024-01-09 17:00:00,7,132,272
2024-01-09 17:00:00,8,170,266
2024-01-09 17:00:00,9,234,261
2024-01-09 17:00:00,10,142,250
2024-01-09 18:00:00,1,161,678
2024-01-09 18:00:00,2,162,497
2024-01-09 18:00:00,3,230,357
2024-01-09 18:00:00,4,237,355
2024-01-09 18:00:00,5,163,352
2024-01-09 18:00:00,6,234,331
2024-01-09 18:00:00,7,170,322
2024-01-09 18:00:00,8,236,317
2024-01-09 18:00:00,9,142,245
2024-01-09 18:00:00,10,164,242
2024-01-09 19:00:00,1,161,562
2024-01-09 19:00:00,2,162,372
2024-01-09 19:00:00,3,230,251
2024-01-09 19:00:00,4,132,215
2024-01-09 19:00:00,5,237,215
2024-01-09 19:00:00,6,234,204
2024-01-09 19:00:00,7,170,190
2024-01-09 19:00:00,8,142,187
2024-01-09 19:00:00,9,163,186
2024-01-09 19:00:00,10,236,180
2024-01-09 20:00:00,1,161,403
2024-01-09 20:00:00,2,162,296
2024-01-09 20:00:00,3,230,240
2024-01-09 20:00:00,4,237,239
2024-01-09 20:00:00,5,142,226
2024-01-09 20:00:00,6,163,177
2024-01-09 20:00:00,7,132,169
2024-01-09 20:00:00,8,164,159
2024-01-09 20:00:00,9,68,146
2024-01-09 20:00:00,10,234,146
2024-01-09 21:00:00,1,230,471
2024-01-09 21:00:00,2,161,388
2024-01-09 21:00:00,3,186,276
2024-01-09 21:00:00,4,162,219
2024-01-09 21:00:00,5,68,210
2024-01-09 21:00:00,6,237,200
2024-01-09 21:00:00,7,163,187
2024-01-09 21:00:00,8,234,185
2024-01-09 21:00:00,9,132,181
2024-01-09 21:00:00,10,48,177
2024-01-09 22:00:00,1,142,313
2024-01-09 22:00:00,2,230,298
2024-01-09 22:00:00,3,161,210
2024-01-09 22:00:00,4,186,180
2024-01-09 22:00:00,5,132,170
2024-01-09 22:00:00,6,48,125
2024-01-09 22:00:00,7,79,125
2024-01-09 22:00:00,8,164,121
2024-01-09 22:00:00,9,163,119
2024-01-09 22:00:00,10,234,118
2024-01-09 23:00:00,1,132,162
2024-01-09 23:00:00,2,230,128
2024-01-09 23:00:00,3,48,75
2024-01-09 23:00:00,4,186,68
2024-01-09 23:00:00,5,161,66
2024-01-09 23:00:00,6,163,63
2024-01-09 23:00:00,7,114,53
2024-01-09 23:00:00,8,142,51
2024-01-09 23:00:00,9,162,49
2024-01-09 23:00:00,10,68,45
2024-01-10 00:00:00,1,132,83
2024-01-10 00:00:00,2,230,63
2024-01-10 00:00:00,3,48,33
2024-01-10 00:00:00,4,249,33
2024-01-10 00:00:00,5,79,31
2024-01-10 00:00:00,6,138,29
2024-01-10 00:00:00,7,107,28
2024-01-10 00:00:00,8,162,27
2024-01-10 00:00:00,9,161,25
2024-01-10 00:00:00,10,164,25
2024-01-10 01:00:00,1,132,61
2024-01-10 01:00:00,2,138,36
2024-01-10 01:00:00,3,48,24
2024-01-10 01:00:00,4,249,16
2024-01-10 01:00:00,5,79,12
2024-01-10 01:00:00,6,114,12
2024-01-10 01:00:00,7,186,12
2024-01-10 01:00:00,8,246,12
2024-01-10 01:00:00,9,230,11
2024-01-10 01:00:00,10,161,10
2024-01-10 02:00:00,1,132,62
2024-01-10 02:00:00,2,138,55
2024-01-10 02:00:00,3,79,15
2024-01-10 02:00:00,4,230,15
2024-01-10 02:00:00,5,249,13
2024-01-10 02:00:00,6,48,10
2024-01-10 02:00:00,7,164,10
2024-01-10 02:00:00,8,114,9
2024-01-10 02:00:00,9,70,8
2024-01-10 02:00:00,10,68,7
2024-01-10 03:00:00,1,132,98
2024-01-10 03:00:00,2,138,31
2024-01-10 03:00:00,3,100,11
2024-01-10 03:00:00,4,79,10
2024-01-10 03:00:00,5,230,10
2024-01-10 03:00:00,6,48,9
2024-01-10 03:00:00,7,186,8
2024-01-10 03:00:00,8,249,8
2024-01-10 03:00:00,9,90,6
2024-01-10 03:00:00,10,246,6
2024-01-10 04:00:00,1,132,57
2024-01-10 04:00:00,2,230,13
2024-01-10 04:00:00,3,48,11
2024-01-10 04:00:00,4,186,11
2024-01-10 04:00:00,5,141,9
2024-01-10 04:00:00,6,79,8
2024-01-10 04:00:00,7,263,8
2024-01-10 04:00:00,8,107,7
2024-01-10 04:00:00,9,238,7
2024-01-10 04:00:00,10,100,6
2024-01-10 05:00:00,1,132,102
2024-01-10 05:00:00,2,186,45
2024-01-10 05:00:00,3,100,42
2024-01-10 05:00:00,4,48,34
2024-01-10 05:00:00,5,162,24
2024-01-10 05:00:00,6,236,20
2024-01-10 05:00:00,7,238,18
2024-01-10 05:00:00,8,170,16
2024-01-10 05:00:00,9,142,15
2024-01-10 05:00:00,10,262,15
2024-01-10 06:00:00,1,186,123
2024-01-10 06:00:00,2,48,101
2024-01-10 06:00:00,3,132,91
2024-01-10 06:00:00,4,236,79
2024-01-10 06:00:00,5,262,68
2024-01-10 06:00:00,6,100,63
2024-01-10 06:00:00,7,162,59
2024-01-10 06:00:00,8,238,48
2024-01-10 06:00:00,9,239,48
2024-01-10 06:00:00,10,141,46
2024-01-10 07:00:00,1,236,285
2024-01-10 07:00:00,2,237,202
2024-01-10 07:00:00,3,186,168
2024-01-10 07:00:00,4,239,153
2024-01-10 07:00:00,5,262,132
2024-01-10 07:00:00,6,238,122
2024-01-10 07:00:00,7,162,119
2024-01-10 07:00:00,8,263,114
2024-01-10 07:00:00,9,140,111
2024-01-10 07:00:00,10,141,109
2024-01-10 08:00:00,1,236,383
2024-01-10 08:00:00,2,237,253
2024-01-10 08:00:00,3,186,216
2024-01-10 08:00:00,4,239,197
2024-01-10 08:00:00,5,162,188
2024-01-10 08:00:00,6,238,177
2024-01-10 08:00:00,7,262,163
2024-01-10 08:00:00,8,140,160
2024-01-10 08:00:00,9,142,148
2024-01-10 08:00:00,10,161,144
2024-01-10 09:00:00,1,236,330
2024-01-10 09:00:00,2,237,284
2024-01-10 09:00:00,3,186,199
2024-01-10 09:00:00,4,162,181
2024-01-10 09:00:00,5,170,181
2024-01-10 09:00:00,6,140,169
2024-01-10 09:00:00,7,239,169
2024-01-10 09:00:00,8,138,166
2024-01-10 09:00:00,9,142,158
2024-01-10 09:00:00,10,161,142
2024-01-10 10:00:00,1,236,321
2024-01-10 10:00:00,2,237,307
2024-01-10 10:00:00,3,138,198
2024-01-10 10:00:00,4,161,182
2024-01-10 10:00:00,5,239,178
2024-01-10 10:00:00,6,186,173
2024-01-10 10:00:00,7,142,158
2024-01-10 10:00:00,8,140,155
2024-01-10 10:00:00,9,170,153
2024-01-10 10:00:00,10,162,139
2024-01-10 11:00:00,1,236,303
2024-01-10 11:00:00,2,237,303
2024-01-10 11:00:00,3,161,254
2024-01-10 11:00:00,4,162,193
2024-01-10 11:00:00,5,138,183
2024-01-10 11:00:00,6,140,180
2024-01-10 11:00:00,7,239,169
2024-01-10 11:00:00,8,186,168
2024-01-10 11:00:00,9,142,164
2024-01-10 11:00:00,10,170,160
2024-01-10 12:00:00,1,236,366
2024-01-10 12:00:00,2,237,361
2024-01-10 12:00:00,3,161,281
2024-01-10 12:00:00,4,138,213
2024-01-10 12:00:00,5,186,196
2024-01-10 12:00:00,6,163,184
2024-01-10 12:00:00,7,162,180
2024-01-10 12:00:00,8,170,178
2024-01-10 12:00:00,9,239,160
2024-01-10 12:00:00,10,142,157
2024-01-10 13:00:00,1,161,376
2024-01-10 13:00:00,2,237,366
2024-01-10 13:00:00,3,236,353
2024-01-10 13:00:00,4,162,242
2024-01-10 13:00:00,5,186,187
2024-01-10 13:00:00,6,138,185
2024-01-10 13:00:00,7,170,185
2024-01-10 13:00:00,8,163,184
2024-01-10 13:00:00,9,140,173
2024-01-10 13:00:00,10,142,169
2024-01-10 14:00:00,1,237,460
2024-01-10 14:00:00,2,236,369
2024-01-10 14:00:00,3,161,324
2024-01-10 14:00:00,4,132,248
2024-01-10 14:00:00,5,138,236
2024-01-10 14:00:00,6,162,227
2024-01-10 14:00:00,7,170,215
2024-01-10 14:00:00,8,239,198
2024-01-10 14:00:00,9,140,191
2024-01-10 14:00:00,10,186,188
2024-01-10 15:00:00,1,236,468
2024-01-10 15:00:00,2,237,448
2024-01-10 15:00:00,3,161,369
2024-01-10 15:00:00,4,132,254
2024-01-10 15:00:00,5,162,220
2024-01-10 15:00:00,6,138,207
2024-01-10 15:00:00,7,140,207
2024-01-10 15:00:00,8,170,206
2024-01-10 15:00:00,9,163,199
2024-01-10 15:00:00,10,186,190
2024-01-10 16:00:00,1,237,388
2024-01-10 16:00:00,2,161,362
2024-01-10 16:00:00,3,236,333
2024-01-10 16:00:00,4,132,311
2024-01-10 16:00:00,5,162,276
2024-01-10 16:00:00,6,140,246
2024-01-10 16:00:00,7,230,214
2024-01-10 16:00:00,8,163,199
2024-01-10 16:00:00,9,142,184
2024-01-10 16:00:00,10,170,183
2024-01-10 17:00:00,1,161,529
2024-01-10 17:00:00,2,236,388
2024-01-10 17:00:00,3,237,367
2024-01-10 17:00:00,4,162,321
2024-01-10 17:00:00,5,163,279
2024-01-10 17:00:00,6,132,268
2024-01-10 17:00:00,7,140,263
2024-01-10 17:00:00,8,170,247
2024-01-10 17:00:00,9,230,240
2024-01-10 17:00:00,10,142,224
2024-01-10 18:00:00,1,161,558
2024-01-10 18:00:00,2,236,384
2024-01-10 18:00:00,3,162,383
2024-01-10 18:00:00,4,237,376
2024-01-10 18:00:00,5,163,266
2024-01-10 18:00:00,6,230,266
2024-01-10 18:00:00,7,138,257
2024-01-10 18:00:00,8,170,256
2024-01-10 18:00:00,9,234,245
2024-01-10 18:00:00,10,142,231
2024-01-10 19:00:00,1,161,483
2024-01-10 19:00:00,2,132,306
2024-01-10 19:00:00,3,237,301
2024-01-10 19:00:00,4,162,284
2024-01-10 19:00:00,5,230,254
2024-01-10 19:00:00,6,138,249
2024-01-10 19:00:00,7,236,235
2024-01-10 19:00:00,8,163,225
2024-01-10 19:00:00,9,170,210
2024-01-10 19:00:00,10,234,197
2024-01-10 20:00:00,1,161,409
2024-01-10 20:00:00,2,230,287
2024-01-10 20:00:00,3,162,274
2024-01-10 20:00:00,4,237,253
2024-01-10 20:00:00,5,132,241
2024-01-10 20:00:00,6,236,236
2024-01-10 20:00:00,7,142,219
2024-01-10 20:00:00,8,234,209
2024-01-10 20:00:00,9,163,206
2024-01-10 20:00:00,10,164,199
2024-01-10 21:00:00,1,230,378
2024-01-10 21:00:00,2,161,370
2024-01-10 21:00:00,3,142,336
2024-01-10 21:00:00,4,237,273
2024-01-10 21:00:00,5,162,217
2024-01-10 21:00:00,6,132,215
2024-01-10 21:00:00,7,234,197
2024-01-10 21:00:00,8,186,195
2024-01-10 21:00:00,9,163,179
2024-01-10 21:00:00,10,138,170
2024-01-10 22:00:00,1,230,359
2024-01-10 22:00:00,2,161,245
2024-01-10 22:00:00,3,132,243
2024-01-10 22:00:00,4,48,196
2024-01-10 22:00:00,5,142,179
2024-01-10 22:00:00,6,138,175
2024-01-10 22:00:00,7,249,156
2024-01-10 22:00:00,8,162,145
2024-01-10 22:00:00,9,163,143
2024-01-10 22:00:00,10,237,133
2024-01-10 23:00:00,1,132,209
2024-01-10 23:00:00,2,230,165
2024-01-10 23:00:00,3,138,157
2024-01-10 23:00:00,4,249,129
2024-01-10 23:00:00,5,161,128
2024-01-10 23:00:00,6,48,125
2024-01-10 23:00:00,7,186,94
2024-01-10 23:00:00,8,79,93
2024-01-10 23:00:00,9,237,86
2024-01-10 23:00:00,10,68,82
2024-01-11 00:00:00,1,132,171
2024-01-11 00:00:00,2,230,73
2024-01-11 00:00:00,3,249,68
2024-01-11 00:00:00,4,48,65
2024-01-11 00:00:00,5,138,61
2024-01-11 00:00:00,6,79,57
2024-01-11 00:00:00,7,114,55
2024-01-11 00:00:00,8,162,40
2024-01-11 00:00:00,9,164,37
2024-01-11 00:00:00,10,68,35
2024-01-11 01:00:00,1,132,51
2024-01-11 01:00:00,2,48,42
2024-01-11 01:00:00,3,249,40
2024-01-11 01:00:00,4,246,39
2024-01-11 01:00:00,5,230,36
2024-01-11 01:00:00,6,79,35
2024-01-11 01:00:00,7,114,26
2024-01-11 01:00:00,8,148,21
2024-01-11 01:00:00,9,186,21
2024-01-11 01:00:00,10,234,20
2024-01-11 02:00:00,1,246,30
2024-01-11 02:00:00,2,148,25
2024-01-11 02:00:00,3,249,25
2024-01-11 02:00:00,4,114,21
2024-01-11 02:00:00,5,132,18
2024-01-11 02:00:00,6,48,17
2024-01-11 02:00:00,7,79,16
2024-01-11 02:00:00,8,161,15
2024-01-11 02:00:00,9,68,13
2024-01-11 02:00:00,10,231,13
2024-01-11 03:00:00,1,246,33
2024-01-11 03:00:00,2,132,22
2024-01-11 03:00:00,3,48,20
2024-01-11 03:00:00,4,141,12
2024-01-11 03:00:00,5,148,11
2024-01-11 03:00:00,6,249,10
2024-01-11 03:00:00,7,68,9
2024-01-11 03:00:00,8,79,9
2024-01-11 03:00:00,9,107,9
2024-01-11 03:00:00,10,125,8
2024-01-11 04:00:00,1,230,19
2024-01-11 04:00:00,2,48,18
2024-01-11 04:00:00,3,132,18
2024-01-11 04:00:00,4,263,13
2024-01-11 04:00:00,5,164,12
2024-01-11 04:00:00,6,246,11
2024-01-11 04:00:00,7,162,10
2024-01-11 04:00:00,8,186,10
2024-01-11 04:00:00,9,148,9
2024-01-11 04:00:00,10,107,8
2024-01-11 05:00:00,1,132,60
2024-01-11 05:00:00,2,186,46
2024-01-11 05:00:00,3,100,45
2024-01-11 05:00:00,4,48,31
2024-01-11 05:00:00,5,162,29
2024-01-11 05:00:00,6,140,19
2024-01-11 05:00:00,7,239,17
2024-01-11 05:00:00,8,262,17
2024-01-11 05:00:00,9,263,17
2024-01-11 05:00:00,10,141,16
2024-01-11 06:00:00,1,186,145
2024-01-11 06:00:00,2,132,124
2024-01-11 06:00:00,3,48,115
2024-01-11 06:00:00,4,100,77
2024-01-11 06:00:00,5,236,77
2024-01-11 06:00:00,6,162,70
2024-01-11 06:00:00,7,262,58
2024-01-11 06:00:00,8,170,47
2024-01-11 06:00:00,9,238,45
2024-01-11 06:00:00,10,239,42
2024-01-11 07:00:00,1,236,284
2024-01-11 07:00:00,2,186,181
2024-01-11 07:00:00,3,237,175
2024-01-11 07:00:00,4,239,141
2024-01-11 07:00:00,5,132,139
2024-01-11 07:00:00,6,238,139
2024-01-11 07:00:00,7,162,138
2024-01-11 07:00:00,8,262,135
2024-01-11 07:00:00,9,141,115
2024-01-11 07:00:00,10,142,100
2024-01-11 08:00:00,1,236,345
2024-01-11 08:00:00,2,237,261
2024-01-11 08:00:00,3,186,248
2024-01-11 08:00:00,4,239,216
2024-01-11 08:00:00,5,162,196
2024-01-11 08:00:00,6,140,194
2024-01-11 08:00:00,7,238,183
2024-01-11 08:00:00,8,141,174
2024-01-11 08:00:00,9,142,168
2024-01-11 08:00:00,10,262,154
2024-01-11 09:00:00,1,236,337
2024-01-11 09:00:00,2,237,324
2024-01-11 09:00:00,3,186,254
2024-01-11 09:00:00,4,162,224
2024-01-11 09:00:00,5,239,191
2024-01-11 09:00:00,6,170,183
2024-01-11 09:00:00,7,161,166
2024-01-11 09:00:00,8,141,157
2024-01-11 09:00:00,9,140,152
2024-01-11 09:00:00,10,238,148
2024-01-11 10:00:00,1,236,330
2024-01-11 10:00:00,2,237,290
2024-01-11 10:00:00,3,161,209
2024-01-11 10:00:00,4,162,189
2024-01-11 10:00:00,5,186,183
2024-01-11 10:00:00,6,239,180
2024-01-11 10:00:00,7,138,170
2024-01-11 10:00:00,8,170,157
2024-01-11 10:00:00,9,132,153
2024-01-11 10:00:00,10,140,153
2024-01-11 11:00:00,1,237,354
2024-01-11 11:00:00,2,236,322
2024-01-11 11:00:00,3,161,260
2024-01-11 11:00:00,4,186,216
2024-01-11 11:00:00,5,162,203
2024-01-11 11:00:00,6,140,178
2024-01-11 11:00:00,7,170,177
2024-01-11 11:00:00,8,239,177
2024-01-11 11:00:00,9,138,162
2024-01-11 11:00:00,10,163,160
2024-01-11 12:00:00,1,236,386
2024-01-11 12:00:00,2,237,380
2024-01-11 12:00:00,3,161,305
2024-01-11 12:00:00,4,162,213
2024-01-11 12:00:00,5,163,212
2024-01-11 12:00:00,6,138,191
2024-01-11 12:00:00,7,239,178
2024-01-11 12:00:00,8,170,175
2024-01-11 12:00:00,9,142,165
2024-01-11 12:00:00,10,230,164
2024-01-11 13:00:00,1,237,374
2024-01-11 13:00:00,2,161,357
2024-01-11 13:00:00,3,236,351
2024-01-11 13:00:00,4,162,223
2024-01-11 13:00:00,5,186,195
2024-01-11 13:00:00,6,138,194
2024-01-11 13:00:00,7,142,194
2024-01-11 13:00:00,8,170,184
2024-01-11 13:00:00,9,239,172
2024-01-11 13:00:00,10,234,168
2024-01-11 14:00:00,1,237,442
2024-01-11 14:00:00,2,236,372
2024-01-11 14:00:00,3,138,343
2024-01-11 14:00:00,4,161,341
2024-01-11 14:00:00,5,162,256
2024-01-11 14:00:00,6,132,252
2024-01-11 14:00:00,7,170,223
2024-01-11 14:00:00,8,163,211
2024-01-11 14:00:00,9,140,176
2024-01-11 14:00:00,10,141,171
2024-01-11 15:00:00,1,236,463
2024-01-11 15:00:00,2,237,421
2024-01-11 15:00:00,3,161,380
2024-01-11 15:00:00,4,132,245
2024-01-11 15:00:00,5,138,230
2024-01-11 15:00:00,6,162,223
2024-01-11 15:00:00,7,163,213
2024-01-11 15:00:00,8,170,198
2024-01-11 15:00:00,9,140,195
2024-01-11 15:00:00,10,239,195
2024-01-11 16:00:00,1,161,449
2024-01-11 16:00:00,2,237,398
2024-01-11 16:00:00,3,236,394
2024-01-11 16:00:00,4,132,323
2024-01-11 16:00:00,5,162,283
2024-01-11 16:00:00,6,230,243
2024-01-11 16:00:00,7,234,213
2024-01-11 16:00:00,8,163,203
2024-01-11 16:00:00,9,140,198
2024-01-11 16:00:00,10,170,197
2024-01-11 17:00:00,1,161,526
2024-01-11 17:00:00,2,236,444
2024-01-11 17:00:00,3,237,429
2024-01-11 17:00:00,4,132,354
2024-01-11 17:00:00,5,162,350
2024-01-11 17:00:00,6,230,274
2024-01-11 17:00:00,7,163,267
2024-01-11 17:00:00,8,170,262
2024-01-11 17:00:00,9,138,245
2024-01-11 17:00:00,10,142,229
2024-01-11 18:00:00,1,161,566
2024-01-11 18:00:00,2,237,439
2024-01-11 18:00:00,3,162,388
2024-01-11 18:00:00,4,236,350
2024-01-11 18:00:00,5,163,309
2024-01-11 18:00:00,6,170,289
2024-01-11 18:00:00,7,142,272
2024-01-11 18:00:00,8,234,265
2024-01-11 18:00:00,9,230,260
2024-01-11 18:00:00,10,132,237
2024-01-11 19:00:00,1,161,533
2024-01-11 19:00:00,2,237,370
2024-01-11 19:00:00,3,132,340
2024-01-11 19:00:00,4,162,306
2024-01-11 19:00:00,5,236,296
2024-01-11 19:00:00,6,234,254
2024-01-11 19:00:00,7,230,249
2024-01-11 19:00:00,8,142,245
2024-01-11 19:00:00,9,138,228
2024-01-11 19:00:00,10,163,221
2024-01-11 20:00:00,1,161,406
2024-01-11 20:00:00,2,132,348
2024-01-11 20:00:00,3,162,296
2024-01-11 20:00:00,4,237,254
2024-01-11 20:00:00,5,236,247
2024-01-11 20:00:00,6,230,237
2024-01-11 20:00:00,7,142,231
2024-01-11 20:00:00,8,138,225
2024-01-11 20:00:00,9,234,216
2024-01-11 20:00:00,10,68,209
2024-01-11 21:00:00,1,161,432
2024-01-11 21:00:00,2,230,414
2024-01-11 21:00:00,3,142,385
2024-01-11 21:00:00,4,132,353
2024-01-11 21:00:00,5,237,293
2024-01-11 21:00:00,6,162,255
2024-01-11 21:00:00,7,234,228
2024-01-11 21:00:00,8,249,202
2024-01-11 21:00:00,9,68,200
2024-01-11 21:00:00,10,186,192
2024-01-11 22:00:00,1,142,389
2024-01-11 22:00:00,2,161,343
2024-01-11 22:00:00,3,132,311
2024-01-11 22:00:00,4,230,284
2024-01-11 22:00:00,5,186,266
2024-01-11 22:00:00,6,138,212
2024-01-11 22:00:00,7,249,195
2024-01-11 22:00:00,8,237,182
2024-01-11 22:00:00,9,48,180
2024-01-11 22:00:00,10,79,166
2024-01-11 23:00:00,1,132,294
2024-01-11 23:00:00,2,138,226
2024-01-11 23:00:00,3,186,220
2024-01-11 23:00:00,4,249,189
2024-01-11 23:00:00,5,68,163
2024-01-11 23:00:00,6,230,157
2024-01-11 23:00:00,7,164,155
2024-01-11 23:00:00,8,48,152
2024-01-11 23:00:00,9,79,148
2024-01-11 23:00:00,10,142,136
2024-01-12 00:00:00,1,132,158
2024-01-12 00:00:00,2,249,140
2024-01-12 00:00:00,3,114,121
2024-01-12 00:00:00,4,79,106
2024-01-12 00:00:00,5,48,101
2024-01-12 00:00:00,6,138,78
2024-01-12 00:00:00,7,142,76
2024-01-12 00:00:00,8,68,71
2024-01-12 00:00:00,9,230,70
2024-01-12 00:00:00,10,164,67
2024-01-12 01:00:00,1,132,112
2024-01-12 01:00:00,2,79,75
2024-01-12 01:00:00,3,114,74
2024-01-12 01:00:00,4,249,73
2024-01-12 01:00:00,5,148,57
2024-01-12 01:00:00,6,48,46
2024-01-12 01:00:00,7,144,46
2024-01-12 01:00:00,8,230,42
2024-01-12 01:00:00,9,164,38
2024-01-12 01:00:00,10,161,32
2024-01-12 02:00:00,1,249,59
2024-01-12 02:00:00,2,79,43
2024-01-12 02:00:00,3,114,39
2024-01-12 02:00:00,4,48,35
2024-01-12 02:00:00,5,148,32
2024-01-12 02:00:00,6,68,26
2024-01-12 02:00:00,7,164,25
2024-01-12 02:00:00,8,246,25
2024-01-12 02:00:00,9,144,24
2024-01-12 02:00:00,10,230,24
2024-01-12 03:00:00,1,79,46
2024-01-12 03:00:00,2,48,31
2024-01-12 03:00:00,3,68,27
2024-01-12 03:00:00,4,249,27
2024-01-12 03:00:00,5,148,20
2024-01-12 03:00:00,6,230,16
2024-01-12 03:00:00,7,246,16
2024-01-12 03:00:00,8,164,15
2024-01-12 03:00:00,9,114,14
2024-01-12 03:00:00,10,186,13
2024-01-12 04:00:00,1,230,24
2024-01-12 04:00:00,2,79,23
2024-01-12 04:00:00,3,148,21
2024-01-12 04:00:00,4,164,20
2024-01-12 04:00:00,5,48,18
2024-01-12 04:00:00,6,107,17
2024-01-12 04:00:00,7,249,17
2024-01-12 04:00:00,8,68,13
2024-01-12 04:00:00,9,236,13
2024-01-12 04:00:00,10,186,12
2024-01-12 05:00:00,1,132,73
2024-01-12 05:00:00,2,100,47
2024-01-12 05:00:00,3,186,46
2024-01-12 05:00:00,4,162,30
2024-01-12 05:00:00,5,48,25
2024-01-12 05:00:00,6,141,19
2024-01-12 05:00:00,7,170,18
2024-01-12 05:00:00,8,263,18
2024-01-12 05:00:00,9,230,17
2024-01-12 05:00:00,10,107,15
2024-01-12 06:00:00,1,132,123
2024-01-12 06:00:00,2,186,96
2024-01-12 06:00:00,3,48,86
2024-01-12 06:00:00,4,236,68
2024-01-12 06:00:00,5,100,65
2024-01-12 06:00:00,6,238,55
2024-01-12 06:00:00,7,263,54
2024-01-12 06:00:00,8,262,48
2024-01-12 06:00:00,9,162,45
2024-01-12 06:00:00,10,239,43
2024-01-12 07:00:00,1,236,230
2024-01-12 07:00:00,2,237,171
2024-01-12 07:00:00,3,132,167
2024-01-12 07:00:00,4,262,132
2024-01-12 07:00:00,5,239,126
2024-01-12 07:00:00,6,186,123
2024-01-12 07:00:00,7,238,112
2024-01-12 07:00:00,8,162,106
2024-01-12 07:00:00,9,48,96
2024-01-12 07:00:00,10,140,96
2024-01-12 08:00:00,1,236,336
2024-01-12 08:00:00,2,237,192
2024-01-12 08:00:00,3,238,161
2024-01-12 08:00:00,4,141,152
2024-01-12 08:00:00,5,239,146
2024-01-12 08:00:00,6,262,142
2024-01-12 08:00:00,7,138,140
2024-01-12 08:00:00,8,132,137
2024-01-12 08:00:00,9,186,137
2024-01-12 08:00:00,10,140,129
2024-01-12 09:00:00,1,236,300
2024-01-12 09:00:00,2,237,231
2024-01-12 09:00:00,3,140,156
2024-01-12 09:00:00,4,239,155
2024-01-12 09:00:00,5,142,152
2024-01-12 09:00:00,6,162,151
2024-01-12 09:00:00,7,161,147
2024-01-12 09:00:00,8,132,144
2024-01-12 09:00:00,9,138,139
2024-01-12 09:00:00,10,186,137
2024-01-12 10:00:00,1,237,295
2024-01-12 10:00:00,2,236,278
2024-01-12 10:00:00,3,138,208
2024-01-12 10:00:00,4,140,176
2024-01-12 10:00:00,5,239,171
2024-01-12 10:00:00,6,161,170
2024-01-12 10:00:00,7,162,168
2024-01-12 10:00:00,8,186,164
2024-01-12 10:00:00,9,142,162
2024-01-12 10:00:00,10,229,156
2024-01-12 11:00:00,1,236,333
2024-01-12 11:00:00,2,237,315
2024-01-12 11:00:00,3,161,227
2024-01-12 11:00:00,4,162,190
2024-01-12 11:00:00,5,138,187
2024-01-12 11:00:00,6,239,174
2024-01-12 11:00:00,7,186,169
2024-01-12 11:00:00,8,230,164
2024-01-12 11:00:00,9,163,157
2024-01-12 11:00:00,10,68,156
2024-01-12 12:00:00,1,236,354
2024-01-12 12:00:00,2,237,337
2024-01-12 12:00:00,3,161,242
2024-01-12 12:00:00,4,138,208
2024-01-12 12:00:00,5,230,190
2024-01-12 12:00:00,6,162,180
2024-01-12 12:00:00,7,239,171
2024-01-12 12:00:00,8,163,169
2024-01-12 12:00:00,9,170,164
2024-01-12 12:00:00,10,140,155
2024-01-12 13:00:00,1,237,338
2024-01-12 13:00:00,2,236,329
2024-01-12 13:00:00,3,161,324
2024-01-12 13:00:00,4,162,204
2024-01-12 13:00:00,5,132,202
2024-01-12 13:00:00,6,142,201
2024-01-12 13:00:00,7,239,200
2024-01-12 13:00:00,8,186,187
2024-01-12 13:00:00,9,138,183
2024-01-12 13:00:00,10,163,172
2024-01-12 14:00:00,1,237,383
2024-01-12 14:00:00,2,236,359
2024-01-12 14:00:00,3,161,328
2024-01-12 14:00:00,4,138,326
2024-01-12 14:00:00,5,132,287
2024-01-12 14:00:00,6,186,213
2024-01-12 14:00:00,7,239,200
2024-01-12 14:00:00,8,170,198
2024-01-12 14:00:00,9,163,196
2024-01-12 14:00:00,10,68,189
2024-01-12 15:00:00,1,236,445
2024-01-12 15:00:00,2,237,382
2024-01-12 15:00:00,3,161,360
2024-01-12 15:00:00,4,138,311
2024-01-12 15:00:00,5,132,287
2024-01-12 15:00:00,6,239,237
2024-01-12 15:00:00,7,186,224
2024-01-12 15:00:00,8,162,211
2024-01-12 15:00:00,9,163,190
2024-01-12 15:00:00,10,140,189
2024-01-12 16:00:00,1,236,385
2024-01-12 16:00:00,2,161,374
2024-01-12 16:00:00,3,132,370
2024-01-12 16:00:00,4,237,360
2024-01-12 16:00:00,5,138,245
2024-01-12 16:00:00,6,162,240
2024-01-12 16:00:00,7,163,229
2024-01-12 16:00:00,8,239,188
2024-01-12 16:00:00,9,186,187
2024-01-12 16:00:00,10,142,181
2024-01-12 17:00:00,1,161,413
2024-01-12 17:00:00,2,132,390
2024-01-12 17:00:00,3,237,329
2024-01-12 17:00:00,4,236,325
2024-01-12 17:00:00,5,162,277
2024-01-12 17:00:00,6,186,242
2024-01-12 17:00:00,7,239,211
2024-01-12 17:00:00,8,142,210
2024-01-12 17:00:00,9,170,210
2024-01-12 17:00:00,10,140,199
2024-01-12 18:00:00,1,161,370
2024-01-12 18:00:00,2,236,344
2024-01-12 18:00:00,3,237,315
2024-01-12 18:00:00,4,132,288
2024-01-12 18:00:00,5,186,274
2024-01-12 18:00:00,6,162,267
2024-01-12 18:00:00,7,163,251
2024-01-12 18:00:00,8,138,216
2024-01-12 18:00:00,9,142,216
2024-01-12 18:00:00,10,239,206
2024-01-12 19:00:00,1,161,346
2024-01-12 19:00:00,2,162,315
2024-01-12 19:00:00,3,236,271
2024-01-12 19:00:00,4,186,251
2024-01-12 19:00:00,5,138,250
2024-01-12 19:00:00,6,237,250
2024-01-12 19:00:00,7,132,248
2024-01-12 19:00:00,8,230,209
2024-01-12 19:00:00,9,170,206
2024-01-12 19:00:00,10,142,205
2024-01-12 20:00:00,1,132,280
2024-01-12 20:00:00,2,142,215
2024-01-12 20:00:00,3,237,210
2024-01-12 20:00:00,4,249,186
2024-01-12 20:00:00,5,239,184
2024-01-12 20:00:00,6,234,183
2024-01-12 20:00:00,7,161,180
2024-01-12 20:00:00,8,138,179
2024-01-12 20:00:00,9,79,175
2024-01-12 20:00:00,10,162,173
2024-01-12 21:00:00,1,132,309
2024-01-12 21:00:00,2,230,272
2024-01-12 21:00:00,3,142,269
2024-01-12 21:00:00,4,249,232
2024-01-12 21:00:00,5,237,226
2024-01-12 21:00:00,6,79,214
2024-01-12 21:00:00,7,161,190
2024-01-12 21:00:00,8,138,174
2024-01-12 21:00:00,9,48,171
2024-01-12 21:00:00,10,239,170
2024-01-12 22:00:00,1,142,504
2024-01-12 22:00:00,2,230,402
2024-01-12 22:00:00,3,249,324
2024-01-12 22:00:00,4,79,311
2024-01-12 22:00:00,5,132,278
2024-01-12 22:00:00,6,48,251
2024-01-12 22:00:00,7,186,228
2024-01-12 22:00:00,8,161,226
2024-01-12 22:00:00,9,234,223
2024-01-12 22:00:00,10,138,213
2024-01-12 23:00:00,1,79,442
2024-01-12 23:00:00,2,249,384
2024-01-12 23:00:00,3,48,277
2024-01-12 23:00:00,4,114,275
2024-01-12 23:00:00,5,132,273
2024-01-12 23:00:00,6,230,266
2024-01-12 23:00:00,7,239,239
2024-01-12 23:00:00,8,234,226
2024-01-12 23:00:00,9,142,213
2024-01-12 23:00:00,10,164,202
2024-01-13 00:00:00,1,79,478
2024-01-13 00:00:00,2,249,379
2024-01-13 00:00:00,3,114,336
2024-01-13 00:00:00,4,148,257
2024-01-13 00:00:00,5,48,215
2024-01-13 00:00:00,6,230,146
2024-01-13 00:00:00,7,107,144
2024-01-13 00:00:00,8,234,134
2024-01-13 00:00:00,9,132,133
2024-01-13 00:00:00,10,186,132
2024-01-13 01:00:00,1,79,433
2024-01-13 01:00:00,2,249,345
2024-01-13 01:00:00,3,148,293
2024-01-13 01:00:00,4,114,292
2024-01-13 01:00:00,5,48,141
2024-01-13 01:00:00,6,158,136
2024-01-13 01:00:00,7,107,112
2024-01-13 01:00:00,8,144,99
2024-01-13 01:00:00,9,68,88
2024-01-13 01:00:00,10,234,80
2024-01-13 02:00:00,1,79,403
2024-01-13 02:00:00,2,148,279
2024-01-13 02:00:00,3,249,264
2024-01-13 02:00:00,4,114,229
2024-01-13 02:00:00,5,48,120
2024-01-13 02:00:00,6,158,97
2024-01-13 02:00:00,7,144,95
2024-01-13 02:00:00,8,246,81
2024-01-13 02:00:00,9,113,69
2024-01-13 02:00:00,10,68,68
2024-01-13 03:00:00,1,79,160
2024-01-13 03:00:00,2,148,138
2024-01-13 03:00:00,3,114,119
2024-01-13 03:00:00,4,249,105
2024-01-13 03:00:00,5,246,94
2024-01-13 03:00:00,6,48,83
2024-01-13 03:00:00,7,144,50
2024-01-13 03:00:00,8,68,46
2024-01-13 03:00:00,9,132,44
2024-01-13 03:00:00,10,211,35
2024-01-13 04:00:00,1,79,70
2024-01-13 04:00:00,2,148,64
2024-01-13 04:00:00,3,48,42
2024-01-13 04:00:00,4,144,36
2024-01-13 04:00:00,5,246,35
2024-01-13 04:00:00,6,132,27
2024-01-13 04:00:00,7,249,27
2024-01-13 04:00:00,8,230,24
2024-01-13 04:00:00,9,164,23
2024-01-13 04:00:00,10,68,22
2024-01-13 05:00:00,1,132,60
2024-01-13 05:00:00,2,186,23
2024-01-13 05:00:00,3,48,18
2024-01-13 05:00:00,4,230,17
2024-01-13 05:00:00,5,100,16
2024-01-13 05:00:00,6,79,14
2024-01-13 05:00:00,7,140,14
2024-01-13 05:00:00,8,164,10
2024-01-13 05:00:00,9,263,10
2024-01-13 05:00:00,10,68,8
2024-01-13 06:00:00,1,132,79
2024-01-13 06:00:00,2,186,44
2024-01-13 06:00:00,3,48,33
2024-01-13 06:00:00,4,162,28
2024-01-13 06:00:00,5,230,24
2024-01-13 06:00:00,6,263,23
2024-01-13 06:00:00,7,100,21
2024-01-13 06:00:00,8,141,21
2024-01-13 06:00:00,9,68,19
2024-01-13 06:00:00,10,170,19
2024-01-13 07:00:00,1,132,123
2024-01-13 07:00:00,2,230,50
2024-01-13 07:00:00,3,238,47
2024-01-13 07:00:00,4,48,46
2024-01-13 07:00:00,5,236,46
2024-01-13 07:00:00,6,162,40
2024-01-13 07:00:00,7,186,38
2024-01-13 07:00:00,8,100,37
2024-01-13 07:00:00,9,239,34
2024-01-13 07:00:00,10,263,33
2024-01-13 08:00:00,1,132,116
2024-01-13 08:00:00,2,141,89
2024-01-13 08:00:00,3,239,86
2024-01-13 08:00:00,4,142,81
2024-01-13 08:00:00,5,236,75
2024-01-13 08:00:00,6,238,75
2024-01-13 08:00:00,7,237,69
2024-01-13 08:00:00,8,138,64
2024-01-13 08:00:00,9,140,60
2024-01-13 08:00:00,10,162,60
2024-01-13 09:00:00,1,236,139
2024-01-13 09:00:00,2,239,127
2024-01-13 09:00:00,3,141,116
2024-01-13 09:00:00,4,132,115
2024-01-13 09:00:00,5,237,112
2024-01-13 09:00:00,6,138,111
2024-01-13 09:00:00,7,238,108
2024-01-13 09:00:00,8,230,104
2024-01-13 09:00:00,9,142,102
2024-01-13 09:00:00,10,161,93
2024-01-13 10:00:00,1,239,182
2024-01-13 10:00:00,2,236,168
2024-01-13 10:00:00,3,237,157
2024-01-13 10:00:00,4,186,152
2024-01-13 10:00:00,5,161,147
2024-01-13 10:00:00,6,142,146
2024-01-13 10:00:00,7,230,144
2024-01-13 10:00:00,8,238,131
2024-01-13 10:00:00,9,132,112
2024-01-13 10:00:00,10,48,110
2024-01-13 11:00:00,1,236,229
2024-01-13 11:00:00,2,186,227
2024-01-13 11:00:00,3,239,202
2024-01-13 11:00:00,4,161,190
2024-01-13 11:00:00,5,237,190
2024-01-13 11:00:00,6,230,187
2024-01-13 11:00:00,7,142,172
2024-01-13 11:00:00,8,132,150
2024-01-13 11:00:00,9,163,140
2024-01-13 11:00:00,10,162,136
2024-01-13 12:00:00,1,236,327
2024-01-13 12:00:00,2,237,326
2024-01-13 12:00:00,3,142,260
2024-01-13 12:00:00,4,239,260
2024-01-13 12:00:00,5,161,249
2024-01-13 12:00:00,6,186,236
2024-01-13 12:00:00,7,162,222
2024-01-13 12:00:00,8,230,204
2024-01-13 12:00:00,9,68,194
2024-01-13 12:00:00,10,234,190
2024-01-13 13:00:00,1,237,280
2024-01-13 13:00:00,2,236,260
2024-01-13 13:00:00,3,161,249
2024-01-13 13:00:00,4,239,242
2024-01-13 13:00:00,5,186,240
2024-01-13 13:00:00,6,142,222
2024-01-13 13:00:00,7,132,213
2024-01-13 13:00:00,8,163,199
2024-01-13 13:00:00,9,234,198
2024-01-13 13:00:00,10,68,191
2024-01-13 14:00:00,1,237,314
2024-01-13 14:00:00,2,236,285
2024-01-13 14:00:00,3,161,257
2024-01-13 14:00:00,4,132,245
2024-01-13 14:00:00,5,239,236
2024-01-13 14:00:00,6,186,205
2024-01-13 14:00:00,7,43,203
2024-01-13 14:00:00,8,142,202
2024-01-13 14:00:00,9,234,190
2024-01-13 14:00:00,10,68,187
2024-01-13 15:00:00,1,142,324
2024-01-13 15:00:00,2,237,300
2024-01-13 15:00:00,3,132,293
2024-01-13 15:00:00,4,161,287
2024-01-13 15:00:00,5,236,286
2024-01-13 15:00:00,6,239,225
2024-01-13 15:00:00,7,138,219
2024-01-13 15:00:00,8,230,211
2024-01-13 15:00:00,9,246,209
2024-01-13 15:00:00,10,68,199
2024-01-13 16:00:00,1,230,350
2024-01-13 16:00:00,2,237,319
2024-01-13 16:00:00,3,132,318
2024-01-13 16:00:00,4,236,298
2024-01-13 16:00:00,5,161,286
2024-01-13 16:00:00,6,142,280
2024-01-13 16:00:00,7,239,253
2024-01-13 16:00:00,8,163,223
2024-01-13 16:00:00,9,186,221
2024-01-13 16:00:00,10,246,221
2024-01-13 17:00:00,1,142,359
2024-01-13 17:00:00,2,132,323
2024-01-13 17:00:00,3,161,311
2024-01-13 17:00:00,4,239,294
2024-01-13 17:00:00,5,230,285
2024-01-13 17:00:00,6,237,281
2024-01-13 17:00:00,7,236,274
2024-01-13 17:00:00,8,163,227
2024-01-13 17:00:00,9,68,225
2024-01-13 17:00:00,10,246,224
2024-01-13 18:00:00,1,236,367
2024-01-13 18:00:00,2,161,323
2024-01-13 18:00:00,3,132,310
2024-01-13 18:00:00,4,142,302
2024-01-13 18:00:00,5,230,286
2024-01-13 18:00:00,6,237,286
2024-01-13 18:00:00,7,239,266
2024-01-13 18:00:00,8,186,261
2024-01-13 18:00:00,9,162,230
2024-01-13 18:00:00,10,246,219
2024-01-13 19:00:00,1,161,290
2024-01-13 19:00:00,2,142,282
2024-01-13 19:00:00,3,132,256
2024-01-13 19:00:00,4,236,243
2024-01-13 19:00:00,5,230,239
2024-01-13 19:00:00,6,237,239
2024-01-13 19:00:00,7,48,227
2024-01-13 19:00:00,8,239,227
2024-01-13 19:00:00,9,249,216
2024-01-13 19:00:00,10,79,209
2024-01-13 20:00:00,1,132,277
2024-01-13 20:00:00,2,249,238
2024-01-13 20:00:00,3,142,228
2024-01-13 20:00:00,4,79,226
2024-01-13 20:00:00,5,239,216
2024-01-13 20:00:00,6,234,190
2024-01-13 20:00:00,7,237,189
2024-01-13 20:00:00,8,161,183
2024-01-13 20:00:00,9,230,183
2024-01-13 20:00:00,10,48,171
2024-01-13 21:00:00,1,142,415
2024-01-13 21:00:00,2,249,269
2024-01-13 21:00:00,3,79,253
2024-01-13 21:00:00,4,230,227
2024-01-13 21:00:00,5,132,206
2024-01-13 21:00:00,6,237,206
2024-01-13 21:00:00,7,239,206
2024-01-13 21:00:00,8,114,197
2024-01-13 21:00:00,9,48,181
2024-01-13 21:00:00,10,161,174
2024-01-13 22:00:00,1,142,450
2024-01-13 22:00:00,2,230,428
2024-01-13 22:00:00,3,79,308
2024-01-13 22:00:00,4,132,296
2024-01-13 22:00:00,5,48,295
2024-01-13 22:00:00,6,249,293
2024-01-13 22:00:00,7,161,229
2024-01-13 22:00:00,8,114,212
2024-01-13 22:00:00,9,234,186
2024-01-13 22:00:00,10,237,174
2024-01-13 23:00:00,1,249,394
2024-01-13 23:00:00,2,79,393
2024-01-13 23:00:00,3,142,347
2024-01-13 23:00:00,4,132,327
2024-01-13 23:00:00,5,114,322
2024-01-13 23:00:00,6,230,263
2024-01-13 23:00:00,7,48,250
2024-01-13 23:00:00,8,148,200
2024-01-13 23:00:00,9,107,182
2024-01-13 23:00:00,10,186,182
2024-01-14 00:00:00,1,79,570
2024-01-14 00:00:00,2,249,512
2024-01-14 00:00:00,3,114,353
2024-01-14 00:00:00,4,148,301
2024-01-14 00:00:00,5,48,184
2024-01-14 00:00:00,6,107,175
2024-01-14 00:00:00,7,158,173
2024-01-14 00:00:00,8,144,163
2024-01-14 00:00:00,9,234,154
2024-01-14 00:00:00,10,132,145
2024-01-14 01:00:00,1,79,535
2024-01-14 01:00:00,2,148,365
2024-01-14 01:00:00,3,249,364
2024-01-14 01:00:00,4,114,355
2024-01-14 01:00:00,5,158,192
2024-01-14 01:00:00,6,144,180
2024-01-14 01:00:00,7,48,144
2024-01-14 01:00:00,8,164,108
2024-01-14 01:00:00,9,107,106
2024-01-14 01:00:00,10,113,97
2024-01-14 02:00:00,1,79,380
2024-01-14 02:00:00,2,148,310
2024-01-14 02:00:00,3,114,299
2024-01-14 02:00:00,4,249,240
2024-01-14 02:00:00,5,144,142
2024-01-14 02:00:00,6,48,110
2024-01-14 02:00:00,7,107,101
2024-01-14 02:00:00,8,158,90
2024-01-14 02:00:00,9,246,71
2024-01-14 02:00:00,10,68,67
2024-01-14 03:00:00,1,79,249
2024-01-14 03:00:00,2,148,213
2024-01-14 03:00:00,3,114,168
2024-01-14 03:00:00,4,249,145
2024-01-14 03:00:00,5,246,107
2024-01-14 03:00:00,6,144,92
2024-01-14 03:00:00,7,48,88
2024-01-14 03:00:00,8,158,63
2024-01-14 03:00:00,9,107,55
2024-01-14 03:00:00,10,68,50
2024-01-14 04:00:00,1,79,110
2024-01-14 04:00:00,2,148,85
2024-01-14 04:00:00,3,48,57
2024-01-14 04:00:00,4,144,52
2024-01-14 04:00:00,5,230,40
2024-01-14 04:00:00,6,249,39
2024-01-14 04:00:00,7,164,37
2024-01-14 04:00:00,8,114,34
2024-01-14 04:00:00,9,246,34
2024-01-14 04:00:00,10,107,32
2024-01-14 05:00:00,1,132,63
2024-01-14 05:00:00,2,230,24
2024-01-14 05:00:00,3,186,19
2024-01-14 05:00:00,4,48,18
2024-01-14 05:00:00,5,238,15
2024-01-14 05:00:00,6,164,14
2024-01-14 05:00:00,7,79,13
2024-01-14 05:00:00,8,162,13
2024-01-14 05:00:00,9,163,11
2024-01-14 05:00:00,10,239,11
2024-01-14 06:00:00,1,132,83
2024-01-14 06:00:00,2,48,37
2024-01-14 06:00:00,3,186,30
2024-01-14 06:00:00,4,230,27
2024-01-14 06:00:00,5,100,22
2024-01-14 06:00:00,6,162,20
2024-01-14 06:00:00,7,238,20
2024-01-14 06:00:00,8,68,15
2024-01-14 06:00:00,9,161,15
2024-01-14 06:00:00,10,236,15
2024-01-14 07:00:00,1,132,97
2024-01-14 07:00:00,2,230,85
2024-01-14 07:00:00,3,236,48
2024-01-14 07:00:00,4,48,46
2024-01-14 07:00:00,5,141,39
2024-01-14 07:00:00,6,50,38
2024-01-14 07:00:00,7,162,38
2024-01-14 07:00:00,8,100,37
2024-01-14 07:00:00,9,163,33
2024-01-14 07:00:00,10,161,31
2024-01-14 08:00:00,1,230,161
2024-01-14 08:00:00,2,132,120
2024-01-14 08:00:00,3,162,74
2024-01-14 08:00:00,4,48,70
2024-01-14 08:00:00,5,163,66
2024-01-14 08:00:00,6,161,65
2024-01-14 08:00:00,7,170,63
2024-01-14 08:00:00,8,236,63
2024-01-14 08:00:00,9,50,61
2024-01-14 08:00:00,10,239,59
2024-01-14 09:00:00,1,230,149
2024-01-14 09:00:00,2,132,143
2024-01-14 09:00:00,3,236,115
2024-01-14 09:00:00,4,239,111
2024-01-14 09:00:00,5,162,105
2024-01-14 09:00:00,6,142,102
2024-01-14 09:00:00,7,161,99
2024-01-14 09:00:00,8,238,99
2024-01-14 09:00:00,9,48,98
2024-01-14 09:00:00,10,141,97
2024-01-14 10:00:00,1,230,207
2024-01-14 10:00:00,2,236,186
2024-01-14 10:00:00,3,239,174
2024-01-14 10:00:00,4,161,173
2024-01-14 10:00:00,5,142,161
2024-01-14 10:00:00,6,162,150
2024-01-14 10:00:00,7,237,150
2024-01-14 10:00:00,8,132,142
2024-01-14 10:00:00,9,141,126
2024-01-14 10:00:00,10,138,124
2024-01-14 11:00:00,1,186,234
2024-01-14 11:00:00,2,230,228
2024-01-14 11:00:00,3,161,224
2024-01-14 11:00:00,4,236,217
2024-01-14 11:00:00,5,239,205
2024-01-14 11:00:00,6,138,182
2024-01-14 11:00:00,7,237,172
2024-01-14 11:00:00,8,142,162
2024-01-14 11:00:00,9,162,161
2024-01-14 11:00:00,10,68,151
2024-01-14 12:00:00,1,236,280
2024-01-14 12:00:00,2,237,248
2024-01-14 12:00:00,3,161,235
2024-01-14 12:00:00,4,239,235
2024-01-14 12:00:00,5,142,205
2024-01-14 12:00:00,6,246,205
2024-01-14 12:00:00,7,186,201
2024-01-14 12:00:00,8,162,198
2024-01-14 12:00:00,9,230,195
2024-01-14 12:00:00,10,43,163
2024-01-14 13:00:00,1,239,288
2024-01-14 13:00:00,2,236,268
2024-01-14 13:00:00,3,237,251
2024-01-14 13:00:00,4,161,247
2024-01-14 13:00:00,5,246,219
2024-01-14 13:00:00,6,142,208
2024-01-14 13:00:00,7,230,202
2024-01-14 13:00:00,8,186,194
2024-01-14 13:00:00,9,132,182
2024-01-14 13:00:00,10,162,171
2024-01-14 14:00:00,1,138,273
2024-01-14 14:00:00,2,132,270
2024-01-14 14:00:00,3,237,265
2024-01-14 14:00:00,4,239,250
2024-01-14 14:00:00,5,236,239
2024-01-14 14:00:00,6,246,237
2024-01-14 14:00:00,7,161,235
2024-01-14 14:00:00,8,43,202
2024-01-14 14:00:00,9,186,201
2024-01-14 14:00:00,10,230,196
2024-01-14 15:00:00,1,186,294
2024-01-14 15:00:00,2,246,270
2024-01-14 15:00:00,3,132,263
2024-01-14 15:00:00,4,236,263
2024-01-14 15:00:00,5,161,251
2024-01-14 15:00:00,6,237,235
2024-01-14 15:00:00,7,239,222
2024-01-14 15:00:00,8,142,199
2024-01-14 15:00:00,9,230,190
2024-01-14 15:00:00,10,43,167
2024-01-14 16:00:00,1,132,361
2024-01-14 16:00:00,2,230,285
2024-01-14 16:00:00,3,161,281
2024-01-14 16:00:00,4,236,279
2024-01-14 16:00:00,5,43,253
2024-01-14 16:00:00,6,186,253
2024-01-14 16:00:00,7,239,253
2024-01-14 16:00:00,8,246,253
2024-01-14 16:00:00,9,142,233
2024-01-14 16:00:00,10,237,233
2024-01-14 17:00:00,1,132,359
2024-01-14 17:00:00,2,161,284
2024-01-14 17:00:00,3,230,278
2024-01-14 17:00:00,4,236,254
2024-01-14 17:00:00,5,68,251
2024-01-14 17:00:00,6,142,242
2024-01-14 17:00:00,7,239,225
2024-01-14 17:00:00,8,186,221
2024-01-14 17:00:00,9,237,207
2024-01-14 17:00:00,10,138,203
2024-01-14 18:00:00,1,142,404
2024-01-14 18:00:00,2,230,297
2024-01-14 18:00:00,3,161,256
2024-01-14 18:00:00,4,237,243
2024-01-14 18:00:00,5,132,241
2024-01-14 18:00:00,6,236,223
2024-01-14 18:00:00,7,239,212
2024-01-14 18:00:00,8,68,210
2024-01-14 18:00:00,9,186,210
2024-01-14 18:00:00,10,163,196
2024-01-14 19:00:00,1,132,386
2024-01-14 19:00:00,2,138,266
2024-01-14 19:00:00,3,142,249
2024-01-14 19:00:00,4,230,207
2024-01-14 19:00:00,5,161,191
2024-01-14 19:00:00,6,48,184
2024-01-14 19:00:00,7,79,159
2024-01-14 19:00:00,8,162,153
2024-01-14 19:00:00,9,237,153
2024-01-14 19:00:00,10,249,151
2024-01-14 20:00:00,1,132,306
2024-01-14 20:00:00,2,142,238
2024-01-14 20:00:00,3,230,177
2024-01-14 20:00:00,4,138,158
2024-01-14 20:00:00,5,48,155
2024-01-14 20:00:00,6,249,151
2024-01-14 20:00:00,7,237,145
2024-01-14 20:00:00,8,234,144
2024-01-14 20:00:00,9,79,143
2024-01-14 20:00:00,10,161,141
2024-01-14 21:00:00,1,132,328
2024-01-14 21:00:00,2,230,299
2024-01-14 21:00:00,3,142,215
2024-01-14 21:00:00,4,79,186
2024-01-14 21:00:00,5,138,168
2024-01-14 21:00:00,6,249,156
2024-01-14 21:00:00,7,48,137
2024-01-14 21:00:00,8,114,130
2024-01-14 21:00:00,9,239,130
2024-01-14 21:00:00,10,237,123
2024-01-14 22:00:00,1,132,348
2024-01-14 22:00:00,2,230,284
2024-01-14 22:00:00,3,138,213
2024-01-14 22:00:00,4,48,212
2024-01-14 22:00:00,5,142,196
2024-01-14 22:00:00,6,249,183
2024-01-14 22:00:00,7,79,167
2024-01-14 22:00:00,8,114,121
2024-01-14 22:00:00,9,239,105
2024-01-14 22:00:00,10,163,104
2024-01-14 23:00:00,1,138,347
2024-01-14 23:00:00,2,132,298
2024-01-14 23:00:00,3,249,238
2024-01-14 23:00:00,4,79,234
2024-01-14 23:00:00,5,142,197
2024-01-14 23:00:00,6,114,160
2024-01-14 23:00:00,7,230,143
2024-01-14 23:00:00,8,239,140
2024-01-14 23:00:00,9,48,137
2024-01-14 23:00:00,10,107,108
2024-01-15 00:00:00,1,138,225
2024-01-15 00:00:00,2,132,173
2024-01-15 00:00:00,3,249,153
2024-01-15 00:00:00,4,114,148
2024-01-15 00:00:00,5,79,119
2024-01-15 00:00:00,6,48,104
2024-01-15 00:00:00,7,230,91
2024-01-15 00:00:00,8,142,76
2024-01-15 00:00:00,9,186,75
2024-01-15 00:00:00,10,68,64
2024-01-15 01:00:00,1,249,100
2024-01-15 01:00:00,2,132,86
2024-01-15 01:00:00,3,79,75
2024-01-15 01:00:00,4,114,66
2024-01-15 01:00:00,5,48,61
2024-01-15 01:00:00,6,90,37
2024-01-15 01:00:00,7,246,36
2024-01-15 01:00:00,8,186,35
2024-01-15 01:00:00,9,68,30
2024-01-15 01:00:00,10,148,26
2024-01-15 02:00:00,1,249,74
2024-01-15 02:00:00,2,79,53
2024-01-15 02:00:00,3,114,49
2024-01-15 02:00:00,4,132,48
2024-01-15 02:00:00,5,48,40
2024-01-15 02:00:00,6,186,37
2024-01-15 02:00:00,7,246,30
2024-01-15 02:00:00,8,68,24
2024-01-15 02:00:00,9,230,24
2024-01-15 02:00:00,10,148,20
2024-01-15 03:00:00,1,249,44
2024-01-15 03:00:00,2,246,35
2024-01-15 03:00:00,3,186,34
2024-01-15 03:00:00,4,79,33
2024-01-15 03:00:00,5,48,31
2024-01-15 03:00:00,6,230,25
2024-01-15 03:00:00,7,68,18
2024-01-15 03:00:00,8,125,16
2024-01-15 03:00:00,9,90,14
2024-01-15 03:00:00,10,107,11
2024-01-15 04:00:00,1,48,32
2024-01-15 04:00:00,2,186,24
2024-01-15 04:00:00,3,132,23
2024-01-15 04:00:00,4,249,17
2024-01-15 04:00:00,5,230,16
2024-01-15 04:00:00,6,263,15
2024-01-15 04:00:00,7,68,14
2024-01-15 04:00:00,8,163,12
2024-01-15 04:00:00,9,79,10
2024-01-15 04:00:00,10,125,10
2024-01-15 05:00:00,1,132,90
2024-01-15 05:00:00,2,186,29
2024-01-15 05:00:00,3,230,24
2024-01-15 05:00:00,4,48,23
2024-01-15 05:00:00,5,100,18
2024-01-15 05:00:00,6,162,18
2024-01-15 05:00:00,7,233,13
2024-01-15 05:00:00,8,161,12
2024-01-15 05:00:00,9,164,12
2024-01-15 05:00:00,10,141,11
2024-01-15 06:00:00,1,132,159
2024-01-15 06:00:00,2,48,61
2024-01-15 06:00:00,3,230,59
2024-01-15 06:00:00,4,186,50
2024-01-15 06:00:00,5,161,41
2024-01-15 06:00:00,6,162,32
2024-01-15 06:00:00,7,100,30
2024-01-15 06:00:00,8,170,28
2024-01-15 06:00:00,9,107,24
2024-01-15 06:00:00,10,263,24
2024-01-15 07:00:00,1,132,137
2024-01-15 07:00:00,2,230,77
2024-01-15 07:00:00,3,162,70
2024-01-15 07:00:00,4,186,63
2024-01-15 07:00:00,5,48,56
2024-01-15 07:00:00,6,236,56
2024-01-15 07:00:00,7,163,52
2024-01-15 07:00:00,8,161,48
2024-01-15 07:00:00,9,237,43
2024-01-15 07:00:00,10,238,43
2024-01-15 08:00:00,1,230,203
2024-01-15 08:00:00,2,186,138
2024-01-15 08:00:00,3,236,114
2024-01-15 08:00:00,4,132,100
2024-01-15 08:00:00,5,48,98
2024-01-15 08:00:00,6,162,95
2024-01-15 08:00:00,7,138,87
2024-01-15 08:00:00,8,237,80
2024-01-15 08:00:00,9,161,77
2024-01-15 08:00:00,10,239,76
2024-01-15 09:00:00,1,230,181
2024-01-15 09:00:00,2,237,157
2024-01-15 09:00:00,3,236,153
2024-01-15 09:00:00,4,162,138
2024-01-15 09:00:00,5,138,130
2024-01-15 09:00:00,6,132,127
2024-01-15 09:00:00,7,186,125
2024-01-15 09:00:00,8,161,109
2024-01-15 09:00:00,9,239,106
2024-01-15 09:00:00,10,163,101
2024-01-15 10:00:00,1,230,205
2024-01-15 10:00:00,2,237,194
2024-01-15 10:00:00,3,236,189
2024-01-15 10:00:00,4,162,176
2024-01-15 10:00:00,5,161,162
2024-01-15 10:00:00,6,138,153
2024-01-15 10:00:00,7,132,137
2024-01-15 10:00:00,8,186,128
2024-01-15 10:00:00,9,239,127
2024-01-15 10:00:00,10,142,126
2024-01-15 11:00:00,1,236,258
2024-01-15 11:00:00,2,237,252
2024-01-15 11:00:00,3,161,192
2024-01-15 11:00:00,4,186,188
2024-01-15 11:00:00,5,230,186
2024-01-15 11:00:00,6,239,171
2024-01-15 11:00:00,7,246,168
2024-01-15 11:00:00,8,162,157
2024-01-15 11:00:00,9,138,156
2024-01-15 11:00:00,10,163,147
2024-01-15 12:00:00,1,237,323
2024-01-15 12:00:00,2,236,311
2024-01-15 12:00:00,3,161,255
2024-01-15 12:00:00,4,246,208
2024-01-15 12:00:00,5,239,186
2024-01-15 12:00:00,6,142,168
2024-01-15 12:00:00,7,230,164
2024-01-15 12:00:00,8,138,163
2024-01-15 12:00:00,9,163,161
2024-01-15 12:00:00,10,186,160
2024-01-15 13:00:00,1,132,302
2024-01-15 13:00:00,2,237,302
2024-01-15 13:00:00,3,236,297
2024-01-15 13:00:00,4,161,274
2024-01-15 13:00:00,5,246,249
2024-01-15 13:00:00,6,186,230
2024-01-15 13:00:00,7,162,183
2024-01-15 13:00:00,8,239,179
2024-01-15 13:00:00,9,141,172
2024-01-15 13:00:00,10,163,167
2024-01-15 14:00:00,1,237,376
2024-01-15 14:00:00,2,132,347
2024-01-15 14:00:00,3,161,318
2024-01-15 14:00:00,4,236,312
2024-01-15 14:00:00,5,246,263
2024-01-15 14:00:00,6,138,245
2024-01-15 14:00:00,7,239,216
2024-01-15 14:00:00,8,162,194
2024-01-15 14:00:00,9,163,183
2024-01-15 14:00:00,10,43,182
2024-01-15 15:00:00,1,237,328
2024-01-15 15:00:00,2,246,321
2024-01-15 15:00:00,3,132,290
2024-01-15 15:00:00,4,161,288
2024-01-15 15:00:00,5,236,288
2024-01-15 15:00:00,6,239,222
2024-01-15 15:00:00,7,162,203
2024-01-15 15:00:00,8,163,185
2024-01-15 15:00:00,9,142,183
2024-01-15 15:00:00,10,186,173
2024-01-15 16:00:00,1,132,435
2024-01-15 16:00:00,2,237,300
2024-01-15 16:00:00,3,246,297
2024-01-15 16:00:00,4,236,278
2024-01-15 16:00:00,5,161,262
2024-01-15 16:00:00,6,186,248
2024-01-15 16:00:00,7,138,218
2024-01-15 16:00:00,8,162,202
2024-01-15 16:00:00,9,68,175
2024-01-15 16:00:00,10,239,173
2024-01-15 17:00:00,1,132,377
2024-01-15 17:00:00,2,186,332
2024-01-15 17:00:00,3,161,312
2024-01-15 17:00:00,4,68,260
2024-01-15 17:00:00,5,236,243
2024-01-15 17:00:00,6,237,234
2024-01-15 17:00:00,7,138,206
2024-01-15 17:00:00,8,162,190
2024-01-15 17:00:00,9,230,187
2024-01-15 17:00:00,10,164,178
2024-01-15 18:00:00,1,161,293
2024-01-15 18:00:00,2,237,264
2024-01-15 18:00:00,3,186,256
2024-01-15 18:00:00,4,138,247
2024-01-15 18:00:00,5,132,230
2024-01-15 18:00:00,6,236,229
2024-01-15 18:00:00,7,68,202
2024-01-15 18:00:00,8,142,194
2024-01-15 18:00:00,9,162,189
2024-01-15 18:00:00,10,230,172
2024-01-15 19:00:00,1,132,436
2024-01-15 19:00:00,2,138,280
2024-01-15 19:00:00,3,186,259
2024-01-15 19:00:00,4,161,196
2024-01-15 19:00:00,5,68,187
2024-01-15 19:00:00,6,162,176
2024-01-15 19:00:00,7,230,165
2024-01-15 19:00:00,8,142,147
2024-01-15 19:00:00,9,237,134
2024-01-15 19:00:00,10,236,125
2024-01-15 20:00:00,1,132,397
2024-01-15 20:00:00,2,138,252
2024-01-15 20:00:00,3,186,189
2024-01-15 20:00:00,4,162,154
2024-01-15 20:00:00,5,142,148
2024-01-15 20:00:00,6,237,135
2024-01-15 20:00:00,7,48,133
2024-01-15 20:00:00,8,161,118
2024-01-15 20:00:00,9,230,117
2024-01-15 20:00:00,10,234,116
2024-01-15 21:00:00,1,132,290
2024-01-15 21:00:00,2,230,165
2024-01-15 21:00:00,3,142,146
2024-01-15 21:00:00,4,186,138
2024-01-15 21:00:00,5,161,131
2024-01-15 21:00:00,6,162,128
2024-01-15 21:00:00,7,68,125
2024-01-15 21:00:00,8,138,123
2024-01-15 21:00:00,9,163,119
2024-01-15 21:00:00,10,79,102
2024-01-15 22:00:00,1,132,274
2024-01-15 22:00:00,2,138,262
2024-01-15 22:00:00,3,186,142
2024-01-15 22:00:00,4,68,134
2024-01-15 22:00:00,5,249,104
2024-01-15 22:00:00,6,230,103
2024-01-15 22:00:00,7,48,96
2024-01-15 22:00:00,8,162,89
2024-01-15 22:00:00,9,79,80
2024-01-15 22:00:00,10,142,79
2024-01-15 23:00:00,1,132,420
2024-01-15 23:00:00,2,138,227
2024-01-15 23:00:00,3,186,80
2024-01-15 23:00:00,4,68,73
2024-01-15 23:00:00,5,48,69
2024-01-15 23:00:00,6,249,68
2024-01-15 23:00:00,7,230,65
2024-01-15 23:00:00,8,114,63
2024-01-15 23:00:00,9,162,63
2024-01-15 23:00:00,10,79,58
2024-01-16 00:00:00,1,132,265
2024-01-16 00:00:00,2,138,162
2024-01-16 00:00:00,3,230,65
2024-01-16 00:00:00,4,114,56
2024-01-16 00:00:00,5,186,46
2024-01-16 00:00:00,6,48,44
2024-01-16 00:00:00,7,79,37
2024-01-16 00:00:00,8,68,35
2024-01-16 00:00:00,9,161,26
2024-01-16 00:00:00,10,249,26
2024-01-16 01:00:00,1,132,200
2024-01-16 01:00:00,2,138,45
2024-01-16 01:00:00,3,186,44
2024-01-16 01:00:00,4,114,27
2024-01-16 01:00:00,5,68,26
2024-01-16 01:00:00,6,230,23
2024-01-16 01:00:00,7,48,21
2024-01-16 01:00:00,8,90,21
2024-01-16 01:00:00,9,79,18
2024-01-16 01:00:00,10,161,17
2024-01-16 02:00:00,1,132,47
2024-01-16 02:00:00,2,186,20
2024-01-16 02:00:00,3,48,18
2024-01-16 02:00:00,4,68,18
2024-01-16 02:00:00,5,138,18
2024-01-16 02:00:00,6,79,17
2024-01-16 02:00:00,7,230,15
2024-01-16 02:00:00,8,249,15
2024-01-16 02:00:00,9,90,9
2024-01-16 02:00:00,10,107,7
2024-01-16 03:00:00,1,138,25
2024-01-16 03:00:00,2,132,12
2024-01-16 03:00:00,3,48,11
2024-01-16 03:00:00,4,68,10
2024-01-16 03:00:00,5,230,10
2024-01-16 03:00:00,6,164,9
2024-01-16 03:00:00,7,79,8
2024-01-16 03:00:00,8,186,8
2024-01-16 03:00:00,9,249,7
2024-01-16 03:00:00,10,246,6
2024-01-16 04:00:00,1,48,29
2024-01-16 04:00:00,2,141,12
2024-01-16 04:00:00,3,249,10
2024-01-16 04:00:00,4,68,9
2024-01-16 04:00:00,5,132,9
2024-01-16 04:00:00,6,162,9
2024-01-16 04:00:00,7,140,8
2024-01-16 04:00:00,8,161,8
2024-01-16 04:00:00,9,230,8
2024-01-16 04:00:00,10,263,7
2024-01-16 05:00:00,1,132,98
2024-01-16 05:00:00,2,186,61
2024-01-16 05:00:00,3,100,47
2024-01-16 05:00:00,4,48,33
2024-01-16 05:00:00,5,230,27
2024-01-16 05:00:00,6,162,26
2024-01-16 05:00:00,7,262,21
2024-01-16 05:00:00,8,236,18
2024-01-16 05:00:00,9,239,18
2024-01-16 05:00:00,10,170,15
2024-01-16 06:00:00,1,132,132
2024-01-16 06:00:00,2,186,131
2024-01-16 06:00:00,3,236,69
2024-01-16 06:00:00,4,48,67
2024-01-16 06:00:00,5,100,67
2024-01-16 06:00:00,6,162,62
2024-01-16 06:00:00,7,262,56
2024-01-16 06:00:00,8,263,56
2024-01-16 06:00:00,9,239,53
2024-01-16 06:00:00,10,141,50
2024-01-16 07:00:00,1,236,236
2024-01-16 07:00:00,2,132,190
2024-01-16 07:00:00,3,237,159
2024-01-16 07:00:00,4,162,152
2024-01-16 07:00:00,5,186,133
2024-01-16 07:00:00,6,141,115
2024-01-16 07:00:00,7,140,113
2024-01-16 07:00:00,8,262,108
2024-01-16 07:00:00,9,48,102
2024-01-16 07:00:00,10,263,98
2024-01-16 08:00:00,1,236,294
2024-01-16 08:00:00,2,237,241
2024-01-16 08:00:00,3,186,206
2024-01-16 08:00:00,4,140,169
2024-01-16 08:00:00,5,162,162
2024-01-16 08:00:00,6,238,159
2024-01-16 08:00:00,7,132,153
2024-01-16 08:00:00,8,239,142
2024-01-16 08:00:00,9,142,131
2024-01-16 08:00:00,10,170,131
2024-01-16 09:00:00,1,236,316
2024-01-16 09:00:00,2,237,251
2024-01-16 09:00:00,3,186,194
2024-01-16 09:00:00,4,140,169
2024-01-16 09:00:00,5,162,159
2024-01-16 09:00:00,6,239,153
2024-01-16 09:00:00,7,170,152
2024-01-16 09:00:00,8,141,151
2024-01-16 09:00:00,9,132,141
2024-01-16 09:00:00,10,262,139
2024-01-16 10:00:00,1,236,337
2024-01-16 10:00:00,2,237,293
2024-01-16 10:00:00,3,132,178
2024-01-16 10:00:00,4,162,175
2024-01-16 10:00:00,5,140,168
2024-01-16 10:00:00,6,142,168
2024-01-16 10:00:00,7,186,164
2024-01-16 10:00:00,8,239,151
2024-01-16 10:00:00,9,138,141
2024-01-16 10:00:00,10,141,138
2024-01-16 11:00:00,1,236,358
2024-01-16 11:00:00,2,237,327
2024-01-16 11:00:00,3,140,185
2024-01-16 11:00:00,4,132,173
2024-01-16 11:00:00,5,246,171
2024-01-16 11:00:00,6,186,167
2024-01-16 11:00:00,7,142,165
2024-01-16 11:00:00,8,162,160
2024-01-16 11:00:00,9,141,153
2024-01-16 11:00:00,10,170,139
2024-01-16 12:00:00,1,237,338
2024-01-16 12:00:00,2,236,314
2024-01-16 12:00:00,3,246,213
2024-01-16 12:00:00,4,161,209
2024-01-16 12:00:00,5,138,193
2024-01-16 12:00:00,6,239,176
2024-01-16 12:00:00,7,162,155
2024-01-16 12:00:00,8,140,151
2024-01-16 12:00:00,9,141,145
2024-01-16 12:00:00,10,170,145
2024-01-16 13:00:00,1,237,373
2024-01-16 13:00:00,2,161,325
2024-01-16 13:00:00,3,236,307
2024-01-16 13:00:00,4,246,256
2024-01-16 13:00:00,5,132,236
2024-01-16 13:00:00,6,186,196
2024-01-16 13:00:00,7,162,192
2024-01-16 13:00:00,8,170,167
2024-01-16 13:00:00,9,140,164
2024-01-16 13:00:00,10,141,156
2024-01-16 14:00:00,1,237,412
2024-01-16 14:00:00,2,236,333
2024-01-16 14:00:00,3,161,329
2024-01-16 14:00:00,4,246,259
2024-01-16 14:00:00,5,132,212
2024-01-16 14:00:00,6,140,212
2024-01-16 14:00:00,7,138,200
2024-01-16 14:00:00,8,163,199
2024-01-16 14:00:00,9,239,191
2024-01-16 14:00:00,10,162,183
2024-01-16 15:00:00,1,236,459
2024-01-16 15:00:00,2,237,391
2024-01-16 15:00:00,3,161,316
2024-01-16 15:00:00,4,246,251
2024-01-16 15:00:00,5,132,248
2024-01-16 15:00:00,6,163,218
2024-01-16 15:00:00,7,140,213
2024-01-16 15:00:00,8,162,203
2024-01-16 15:00:00,9,230,191
2024-01-16 15:00:00,10,170,190
2024-01-16 16:00:00,1,236,367
2024-01-16 16:00:00,2,161,364
2024-01-16 16:00:00,3,237,333
2024-01-16 16:00:00,4,132,323
2024-01-16 16:00:00,5,138,271
2024-01-16 16:00:00,6,246,256
2024-01-16 16:00:00,7,230,218
2024-01-16 16:00:00,8,162,217
2024-01-16 16:00:00,9,140,215
2024-01-16 16:00:00,10,68,204
2024-01-16 17:00:00,1,161,521
2024-01-16 17:00:00,2,237,370
2024-01-16 17:00:00,3,236,356
2024-01-16 17:00:00,4,132,352
2024-01-16 17:00:00,5,162,344
2024-01-16 17:00:00,6,230,268
2024-01-16 17:00:00,7,140,241
2024-01-16 17:00:00,8,246,236
2024-01-16 17:00:00,9,163,232
2024-01-16 17:00:00,10,170,221
2024-01-16 18:00:00,1,161,555
2024-01-16 18:00:00,2,162,403
2024-01-16 18:00:00,3,230,321
2024-01-16 18:00:00,4,237,314
2024-01-16 18:00:00,5,236,291
2024-01-16 18:00:00,6,163,280
2024-01-16 18:00:00,7,132,260
2024-01-16 18:00:00,8,138,247
2024-01-16 18:00:00,9,170,246
2024-01-16 18:00:00,10,246,227
2024-01-16 19:00:00,1,161,502
2024-01-16 19:00:00,2,237,328
2024-01-16 19:00:00,3,162,299
2024-01-16 19:00:00,4,230,249
2024-01-16 19:00:00,5,132,233
2024-01-16 19:00:00,6,236,217
2024-01-16 19:00:00,7,163,208
2024-01-16 19:00:00,8,234,193
2024-01-16 19:00:00,9,138,187
2024-01-16 19:00:00,10,186,184
2024-01-16 20:00:00,1,161,476
2024-01-16 20:00:00,2,162,309
2024-01-16 20:00:00,3,230,258
2024-01-16 20:00:00,4,132,253
2024-01-16 20:00:00,5,237,250
2024-01-16 20:00:00,6,163,212
2024-01-16 20:00:00,7,138,200
2024-01-16 20:00:00,8,142,187
2024-01-16 20:00:00,9,68,173
2024-01-16 20:00:00,10,170,171
2024-01-16 21:00:00,1,161,433
2024-01-16 21:00:00,2,230,393
2024-01-16 21:00:00,3,186,378
2024-01-16 21:00:00,4,132,292
2024-01-16 21:00:00,5,138,253
2024-01-16 21:00:00,6,163,234
2024-01-16 21:00:00,7,237,230
2024-01-16 21:00:00,8,162,228
2024-01-16 21:00:00,9,48,217
2024-01-16 21:00:00,10,142,200
2024-01-16 22:00:00,1,132,347
2024-01-16 22:00:00,2,230,314
2024-01-16 22:00:00,3,138,276
2024-01-16 22:00:00,4,161,253
2024-01-16 22:00:00,5,186,184
2024-01-16 22:00:00,6,48,167
2024-01-16 22:00:00,7,234,164
2024-01-16 22:00:00,8,142,163
2024-01-16 22:00:00,9,163,149
2024-01-16 22:00:00,10,249,145
2024-01-16 23:00:00,1,132,325
2024-01-16 23:00:00,2,138,183
2024-01-16 23:00:00,3,142,180
2024-01-16 23:00:00,4,230,160
2024-01-16 23:00:00,5,186,105
2024-01-16 23:00:00,6,68,91
2024-01-16 23:00:00,7,161,81
2024-01-16 23:00:00,8,249,75
2024-01-16 23:00:00,9,48,69
2024-01-16 23:00:00,10,114,68
2024-01-17 00:00:00,1,132,295
2024-01-17 00:00:00,2,138,258
2024-01-17 00:00:00,3,230,59
2024-01-17 00:00:00,4,249,45
2024-01-17 00:00:00,5,48,44
2024-01-17 00:00:00,6,68,41
2024-01-17 00:00:00,7,79,41
2024-01-17 00:00:00,8,70,37
2024-01-17 00:00:00,9,186,37
2024-01-17 00:00:00,10,114,36
2024-01-17 01:00:00,1,132,174
2024-01-17 01:00:00,2,138,78
2024-01-17 01:00:00,3,48,36
2024-01-17 01:00:00,4,79,29
2024-01-17 01:00:00,5,114,25
2024-01-17 01:00:00,6,230,25
2024-01-17 01:00:00,7,249,22
2024-01-17 01:00:00,8,164,16
2024-01-17 01:00:00,9,161,14
2024-01-17 01:00:00,10,186,14
2024-01-17 02:00:00,1,132,63
2024-01-17 02:00:00,2,114,21
2024-01-17 02:00:00,3,79,20
2024-01-17 02:00:00,4,138,20
2024-01-17 02:00:00,5,249,19
2024-01-17 02:00:00,6,186,17
2024-01-17 02:00:00,7,230,15
2024-01-17 02:00:00,8,48,12
2024-01-17 02:00:00,9,100,11
2024-01-17 02:00:00,10,246,11
2024-01-17 03:00:00,1,48,23
2024-01-17 03:00:00,2,230,20
2024-01-17 03:00:00,3,79,16
2024-01-17 03:00:00,4,132,16
2024-01-17 03:00:00,5,249,12
2024-01-17 03:00:00,6,100,11
2024-01-17 03:00:00,7,163,11
2024-01-17 03:00:00,8,186,7
2024-01-17 03:00:00,9,161,6
2024-01-17 03:00:00,10,162,6
2024-01-17 04:00:00,1,48,25
2024-01-17 04:00:00,2,132,21
2024-01-17 04:00:00,3,230,20
2024-01-17 04:00:00,4,163,11
2024-01-17 04:00:00,5,162,8
2024-01-17 04:00:00,6,263,8
2024-01-17 04:00:00,7,79,7
2024-01-17 04:00:00,8,141,7
2024-01-17 04:00:00,9,186,7
2024-01-17 04:00:00,10,237,7
2024-01-17 05:00:00,1,132,68
2024-01-17 05:00:00,2,186,64
2024-01-17 05:00:00,3,100,51
2024-01-17 05:00:00,4,48,42
2024-01-17 05:00:00,5,230,37
2024-01-17 05:00:00,6,162,23
2024-01-17 05:00:00,7,238,22
2024-01-17 05:00:00,8,262,20
2024-01-17 05:00:00,9,161,18
2024-01-17 05:00:00,10,263,18
2024-01-17 06:00:00,1,186,150
2024-01-17 06:00:00,2,132,109
2024-01-17 06:00:00,3,48,95
2024-01-17 06:00:00,4,100,95
2024-01-17 06:00:00,5,236,89
2024-01-17 06:00:00,6,262,85
2024-01-17 06:00:00,7,162,84
2024-01-17 06:00:00,8,238,64
2024-01-17 06:00:00,9,141,58
2024-01-17 06:00:00,10,263,55
2024-01-17 07:00:00,1,236,308
2024-01-17 07:00:00,2,237,236
2024-01-17 07:00:00,3,186,193
2024-01-17 07:00:00,4,162,169
2024-01-17 07:00:00,5,132,139
2024-01-17 07:00:00,6,140,136
2024-01-17 07:00:00,7,238,134
2024-01-17 07:00:00,8,262,132
2024-01-17 07:00:00,9,141,130
2024-01-17 07:00:00,10,48,127
2024-01-17 08:00:00,1,236,402
2024-01-17 08:00:00,2,237,301
2024-01-17 08:00:00,3,186,229
2024-01-17 08:00:00,4,141,222
2024-01-17 08:00:00,5,162,213
2024-01-17 08:00:00,6,140,207
2024-01-17 08:00:00,7,170,182
2024-01-17 08:00:00,8,229,174
2024-01-17 08:00:00,9,142,152
2024-01-17 08:00:00,10,238,152
2024-01-17 09:00:00,1,236,367
2024-01-17 09:00:00,2,237,331
2024-01-17 09:00:00,3,186,290
2024-01-17 09:00:00,4,162,216
2024-01-17 09:00:00,5,161,215
2024-01-17 09:00:00,6,170,202
2024-01-17 09:00:00,7,140,198
2024-01-17 09:00:00,8,138,190
2024-01-17 09:00:00,9,141,172
2024-01-17 09:00:00,10,229,171
2024-01-17 10:00:00,1,236,353
2024-01-17 10:00:00,2,237,328
2024-01-17 10:00:00,3,186,310
2024-01-17 10:00:00,4,161,240
2024-01-17 10:00:00,5,138,223
2024-01-17 10:00:00,6,162,194
2024-01-17 10:00:00,7,170,186
2024-01-17 10:00:00,8,140,172
2024-01-17 10:00:00,9,239,166
2024-01-17 10:00:00,10,230,159
2024-01-17 11:00:00,1,237,390
2024-01-17 11:00:00,2,236,378
2024-01-17 11:00:00,3,161,296
2024-01-17 11:00:00,4,186,227
2024-01-17 11:00:00,5,162,207
2024-01-17 11:00:00,6,170,196
2024-01-17 11:00:00,7,142,194
2024-01-17 11:00:00,8,140,192
2024-01-17 11:00:00,9,239,182
2024-01-17 11:00:00,10,230,178
2024-01-17 12:00:00,1,237,418
2024-01-17 12:00:00,2,236,383
2024-01-17 12:00:00,3,161,325
2024-01-17 12:00:00,4,162,219
2024-01-17 12:00:00,5,186,215
2024-01-17 12:00:00,6,138,200
2024-01-17 12:00:00,7,239,195
2024-01-17 12:00:00,8,170,189
2024-01-17 12:00:00,9,142,182
2024-01-17 12:00:00,10,140,178
2024-01-17 13:00:00,1,237,365
2024-01-17 13:00:00,2,161,363
2024-01-17 13:00:00,3,236,296
2024-01-17 13:00:00,4,162,230
2024-01-17 13:00:00,5,170,217
2024-01-17 13:00:00,6,186,194
2024-01-17 13:00:00,7,138,190
2024-01-17 13:00:00,8,230,189
2024-01-17 13:00:00,9,163,186
2024-01-17 13:00:00,10,142,177
2024-01-17 14:00:00,1,237,447
2024-01-17 14:00:00,2,161,411
2024-01-17 14:00:00,3,236,349
2024-01-17 14:00:00,4,132,243
2024-01-17 14:00:00,5,162,241
2024-01-17 14:00:00,6,138,239
2024-01-17 14:00:00,7,163,226
2024-01-17 14:00:00,8,170,217
2024-01-17 14:00:00,9,142,195
2024-01-17 14:00:00,10,230,192
2024-01-17 15:00:00,1,236,546
2024-01-17 15:00:00,2,237,446
2024-01-17 15:00:00,3,161,392
2024-01-17 15:00:00,4,140,262
2024-01-17 15:00:00,5,162,248
2024-01-17 15:00:00,6,163,239
2024-01-17 15:00:00,7,170,227
2024-01-17 15:00:00,8,132,223
2024-01-17 15:00:00,9,138,219
2024-01-17 15:00:00,10,142,205
2024-01-17 16:00:00,1,161,470
2024-01-17 16:00:00,2,237,400
2024-01-17 16:00:00,3,236,386
2024-01-17 16:00:00,4,230,308
2024-01-17 16:00:00,5,162,303
2024-01-17 16:00:00,6,132,270
2024-01-17 16:00:00,7,163,246
2024-01-17 16:00:00,8,170,242
2024-01-17 16:00:00,9,142,221
2024-01-17 16:00:00,10,234,217
2024-01-17 17:00:00,1,161,621
2024-01-17 17:00:00,2,162,445
2024-01-17 17:00:00,3,236,431
2024-01-17 17:00:00,4,237,386
2024-01-17 17:00:00,5,230,320
2024-01-17 17:00:00,6,170,308
2024-01-17 17:00:00,7,163,303
2024-01-17 17:00:00,8,132,299
2024-01-17 17:00:00,9,140,264
2024-01-17 17:00:00,10,234,261
2024-01-17 18:00:00,1,161,661
2024-01-17 18:00:00,2,162,522
2024-01-17 18:00:00,3,237,439
2024-01-17 18:00:00,4,236,438
2024-01-17 18:00:00,5,230,371
2024-01-17 18:00:00,6,163,370
2024-01-17 18:00:00,7,170,343
2024-01-17 18:00:00,8,234,282
2024-01-17 18:00:00,9,68,251
2024-01-17 18:00:00,10,164,249
2024-01-17 19:00:00,1,161,684
2024-01-17 19:00:00,2,162,395
2024-01-17 19:00:00,3,237,384
2024-01-17 19:00:00,4,230,315
2024-01-17 19:00:00,5,163,261
2024-01-17 19:00:00,6,236,257
2024-01-17 19:00:00,7,234,252
2024-01-17 19:00:00,8,170,235
2024-01-17 19:00:00,9,142,229
2024-01-17 19:00:00,10,138,213
2024-01-17 20:00:00,1,161,613
2024-01-17 20:00:00,2,237,330
2024-01-17 20:00:00,3,230,326
2024-01-17 20:00:00,4,162,313
2024-01-17 20:00:00,5,132,311
2024-01-17 20:00:00,6,163,246
2024-01-17 20:00:00,7,234,235
2024-01-17 20:00:00,8,142,232
2024-01-17 20:00:00,9,170,211
2024-01-17 20:00:00,10,138,197
2024-01-17 21:00:00,1,161,538
2024-01-17 21:00:00,2,230,396
2024-01-17 21:00:00,3,162,324
2024-01-17 21:00:00,4,237,315
2024-01-17 21:00:00,5,163,265
2024-01-17 21:00:00,6,234,260
2024-01-17 21:00:00,7,186,244
2024-01-17 21:00:00,8,142,222
2024-01-17 21:00:00,9,170,221
2024-01-17 21:00:00,10,132,217
2024-01-17 22:00:00,1,230,404
2024-01-17 22:00:00,2,161,334
2024-01-17 22:00:00,3,186,258
2024-01-17 22:00:00,4,48,257
2024-01-17 22:00:00,5,132,217
2024-01-17 22:00:00,6,138,217
2024-01-17 22:00:00,7,237,205
2024-01-17 22:00:00,8,249,203
2024-01-17 22:00:00,9,164,199
2024-01-17 22:00:00,10,234,195
2024-01-17 23:00:00,1,132,212
2024-01-17 23:00:00,2,142,205
2024-01-17 23:00:00,3,138,177
2024-01-17 23:00:00,4,230,171
2024-01-17 23:00:00,5,48,139
2024-01-17 23:00:00,6,161,116
2024-01-17 23:00:00,7,249,115
2024-01-17 23:00:00,8,186,96
2024-01-17 23:00:00,9,79,87
2024-01-17 23:00:00,10,164,87
2024-01-18 00:00:00,1,132,217
2024-01-18 00:00:00,2,230,70
2024-01-18 00:00:00,3,114,68
2024-01-18 00:00:00,4,249,67
2024-01-18 00:00:00,5,48,49
2024-01-18 00:00:00,6,161,48
2024-01-18 00:00:00,7,138,45
2024-01-18 00:00:00,8,68,41
2024-01-18 00:00:00,9,79,40
2024-01-18 00:00:00,10,234,39
2024-01-18 01:00:00,1,249,39
2024-01-18 01:00:00,2,132,38
2024-01-18 01:00:00,3,230,36
2024-01-18 01:00:00,4,114,34
2024-01-18 01:00:00,5,79,31
2024-01-18 01:00:00,6,186,31
2024-01-18 01:00:00,7,48,29
2024-01-18 01:00:00,8,148,26
2024-01-18 01:00:00,9,246,24
2024-01-18 01:00:00,10,164,22
2024-01-18 02:00:00,1,246,36
2024-01-18 02:00:00,2,249,33
2024-01-18 02:00:00,3,186,22
2024-01-18 02:00:00,4,68,19
2024-01-18 02:00:00,5,79,18
2024-01-18 02:00:00,6,148,16
2024-01-18 02:00:00,7,230,16
2024-01-18 02:00:00,8,231,16
2024-01-18 02:00:00,9,114,15
2024-01-18 02:00:00,10,48,14
2024-01-18 03:00:00,1,246,29
2024-01-18 03:00:00,2,48,17
2024-01-18 03:00:00,3,79,15
2024-01-18 03:00:00,4,148,13
2024-01-18 03:00:00,5,230,11
2024-01-18 03:00:00,6,132,8
2024-01-18 03:00:00,7,249,7
2024-01-18 03:00:00,8,68,6
2024-01-18 03:00:00,9,100,6
2024-01-18 03:00:00,10,161,6
2024-01-18 04:00:00,1,48,23
2024-01-18 04:00:00,2,79,15
2024-01-18 04:00:00,3,230,15
2024-01-18 04:00:00,4,148,11
2024-01-18 04:00:00,5,68,9
2024-01-18 04:00:00,6,132,9
2024-01-18 04:00:00,7,163,8
2024-01-18 04:00:00,8,238,8
2024-01-18 04:00:00,9,162,7
2024-01-18 04:00:00,10,237,7
2024-01-18 05:00:00,1,186,70
2024-01-18 05:00:00,2,132,57
2024-01-18 05:00:00,3,48,45
2024-01-18 05:00:00,4,100,38
2024-01-18 05:00:00,5,162,31
2024-01-18 05:00:00,6,230,18
2024-01-18 05:00:00,7,170,16
2024-01-18 05:00:00,8,238,16
2024-01-18 05:00:00,9,237,15
2024-01-18 05:00:00,10,239,15
2024-01-18 06:00:00,1,132,143
2024-01-18 06:00:00,2,186,123
2024-01-18 06:00:00,3,48,104
2024-01-18 06:00:00,4,162,96
2024-01-18 06:00:00,5,236,87
2024-01-18 06:00:00,6,100,74
2024-01-18 06:00:00,7,262,72
2024-01-18 06:00:00,8,141,57
2024-01-18 06:00:00,9,238,55
2024-01-18 06:00:00,10,263,55
2024-01-18 07:00:00,1,236,284
2024-01-18 07:00:00,2,186,216
2024-01-18 07:00:00,3,237,195
2024-01-18 07:00:00,4,162,162
2024-01-18 07:00:00,5,239,141
2024-01-18 07:00:00,6,262,138
2024-01-18 07:00:00,7,238,134
2024-01-18 07:00:00,8,141,130
2024-01-18 07:00:00,9,142,126
2024-01-18 07:00:00,10,48,125
2024-01-18 08:00:00,1,236,399
2024-01-18 08:00:00,2,186,297
2024-01-18 08:00:00,3,237,276
2024-01-18 08:00:00,4,162,245
2024-01-18 08:00:00,5,238,202
2024-01-18 08:00:00,6,239,196
2024-01-18 08:00:00,7,141,190
2024-01-18 08:00:00,8,140,186
2024-01-18 08:00:00,9,170,184
2024-01-18 08:00:00,10,263,169
2024-01-18 09:00:00,1,236,372
2024-01-18 09:00:00,2,237,289
2024-01-18 09:00:00,3,162,247
2024-01-18 09:00:00,4,186,247
2024-01-18 09:00:00,5,161,202
2024-01-18 09:00:00,6,239,198
2024-01-18 09:00:00,7,170,191
2024-01-18 09:00:00,8,238,181
2024-01-18 09:00:00,9,140,179
2024-01-18 09:00:00,10,142,172
2024-01-18 10:00:00,1,236,376
2024-01-18 10:00:00,2,237,343
2024-01-18 10:00:00,3,161,272
2024-01-18 10:00:00,4,162,237
2024-01-18 10:00:00,5,138,207
2024-01-18 10:00:00,6,186,192
2024-01-18 10:00:00,7,142,188
2024-01-18 10:00:00,8,170,176
2024-01-18 10:00:00,9,239,176
2024-01-18 10:00:00,10,140,172
2024-01-18 11:00:00,1,237,373
2024-01-18 11:00:00,2,236,368
2024-01-18 11:00:00,3,161,280
2024-01-18 11:00:00,4,186,219
2024-01-18 11:00:00,5,170,210
2024-01-18 11:00:00,6,162,203
2024-01-18 11:00:00,7,140,179
2024-01-18 11:00:00,8,230,175
2024-01-18 11:00:00,9,142,159
2024-01-18 11:00:00,10,141,157
2024-01-18 12:00:00,1,237,427
2024-01-18 12:00:00,2,236,397
2024-01-18 12:00:00,3,161,328
2024-01-18 12:00:00,4,162,242
2024-01-18 12:00:00,5,140,193
2024-01-18 12:00:00,6,170,187
2024-01-18 12:00:00,7,163,175
2024-01-18 12:00:00,8,186,175
2024-01-18 12:00:00,9,142,166
2024-01-18 12:00:00,10,238,166
2024-01-18 13:00:00,1,237,388
2024-01-18 13:00:00,2,236,364
2024-01-18 13:00:00,3,161,353
2024-01-18 13:00:00,4,162,231
2024-01-18 13:00:00,5,163,194
2024-01-18 13:00:00,6,234,190
2024-01-18 13:00:00,7,239,190
2024-01-18 13:00:00,8,170,189
2024-01-18 13:00:00,9,141,168
2024-01-18 13:00:00,10,140,161
2024-01-18 14:00:00,1,237,471
2024-01-18 14:00:00,2,161,419
2024-01-18 14:00:00,3,236,407
2024-01-18 14:00:00,4,138,257
2024-01-18 14:00:00,5,162,254
2024-01-18 14:00:00,6,163,221
2024-01-18 14:00:00,7,170,205
2024-01-18 14:00:00,8,230,205
2024-01-18 14:00:00,9,239,194
2024-01-18 14:00:00,10,140,193
2024-01-18 15:00:00,1,236,495
2024-01-18 15:00:00,2,237,429
2024-01-18 15:00:00,3,161,410
2024-01-18 15:00:00,4,132,272
2024-01-18 15:00:00,5,162,254
2024-01-18 15:00:00,6,163,233
2024-01-18 15:00:00,7,140,231
2024-01-18 15:00:00,8,138,221
2024-01-18 15:00:00,9,142,219
2024-01-18 15:00:00,10,238,203
2024-01-18 16:00:00,1,161,476
2024-01-18 16:00:00,2,236,399
2024-01-18 16:00:00,3,237,357
2024-01-18 16:00:00,4,132,334
2024-01-18 16:00:00,5,162,293
2024-01-18 16:00:00,6,230,251
2024-01-18 16:00:00,7,140,220
2024-01-18 16:00:00,8,170,216
2024-01-18 16:00:00,9,142,215
2024-01-18 16:00:00,10,163,214
2024-01-18 17:00:00,1,161,609
2024-01-18 17:00:00,2,162,453
2024-01-18 17:00:00,3,236,402
2024-01-18 17:00:00,4,237,399
2024-01-18 17:00:00,5,170,306
2024-01-18 17:00:00,6,132,255
2024-01-18 17:00:00,7,163,253
2024-01-18 17:00:00,8,230,242
2024-01-18 17:00:00,9,234,235
2024-01-18 17:00:00,10,142,228
2024-01-18 18:00:00,1,161,696
2024-01-18 18:00:00,2,237,522
2024-01-18 18:00:00,3,162,487
2024-01-18 18:00:00,4,236,400
2024-01-18 18:00:00,5,163,378
2024-01-18 18:00:00,6,230,311
2024-01-18 18:00:00,7,170,305
2024-01-18 18:00:00,8,142,300
2024-01-18 18:00:00,9,234,259
2024-01-18 18:00:00,10,141,249
2024-01-18 19:00:00,1,161,600
2024-01-18 19:00:00,2,237,472
2024-01-18 19:00:00,3,162,402
2024-01-18 19:00:00,4,230,303
2024-01-18 19:00:00,5,163,268
2024-01-18 19:00:00,6,138,252
2024-01-18 19:00:00,7,141,251
2024-01-18 19:00:00,8,170,248
2024-01-18 19:00:00,9,236,242
2024-01-18 19:00:00,10,132,241
2024-01-18 20:00:00,1,161,599
2024-01-18 20:00:00,2,237,423
2024-01-18 20:00:00,3,162,323
2024-01-18 20:00:00,4,230,311
2024-01-18 20:00:00,5,132,261
2024-01-18 20:00:00,6,163,240
2024-01-18 20:00:00,7,138,226
2024-01-18 20:00:00,8,142,219
2024-01-18 20:00:00,9,234,216
2024-01-18 20:00:00,10,164,211
2024-01-18 21:00:00,1,161,499
2024-01-18 21:00:00,2,230,417
2024-01-18 21:00:00,3,237,416
2024-01-18 21:00:00,4,186,312
2024-01-18 21:00:00,5,132,296
2024-01-18 21:00:00,6,162,270
2024-01-18 21:00:00,7,163,224
2024-01-18 21:00:00,8,138,211
2024-01-18 21:00:00,9,234,211
2024-01-18 21:00:00,10,142,209
2024-01-18 22:00:00,1,230,382
2024-01-18 22:00:00,2,161,350
2024-01-18 22:00:00,3,186,319
2024-01-18 22:00:00,4,237,284
2024-01-18 22:00:00,5,142,272
2024-01-18 22:00:00,6,48,258
2024-01-18 22:00:00,7,132,241
2024-01-18 22:00:00,8,234,237
2024-01-18 22:00:00,9,164,224
2024-01-18 22:00:00,10,68,219
2024-01-18 23:00:00,1,249,264
2024-01-18 23:00:00,2,132,243
2024-01-18 23:00:00,3,79,217
2024-01-18 23:00:00,4,230,190
2024-01-18 23:00:00,5,138,174
2024-01-18 23:00:00,6,161,169
2024-01-18 23:00:00,7,186,169
2024-01-18 23:00:00,8,68,155
2024-01-18 23:00:00,9,234,150
2024-01-18 23:00:00,10,48,138
2024-01-19 00:00:00,1,132,144
2024-01-19 00:00:00,2,249,123
2024-01-19 00:00:00,3,79,120
2024-01-19 00:00:00,4,114,98
2024-01-19 00:00:00,5,230,90
2024-01-19 00:00:00,6,48,83
2024-01-19 00:00:00,7,164,72
2024-01-19 00:00:00,8,186,65
2024-01-19 00:00:00,9,234,63
2024-01-19 00:00:00,10,237,59
2024-01-19 01:00:00,1,249,95
2024-01-19 01:00:00,2,132,87
2024-01-19 01:00:00,3,114,84
2024-01-19 01:00:00,4,148,70
2024-01-19 01:00:00,5,79,66
2024-01-19 01:00:00,6,48,56
2024-01-19 01:00:00,7,164,50
2024-01-19 01:00:00,8,230,43
2024-01-19 01:00:00,9,144,40
2024-01-19 01:00:00,10,186,39
2024-01-19 02:00:00,1,148,60
2024-01-19 02:00:00,2,249,45
2024-01-19 02:00:00,3,79,38
2024-01-19 02:00:00,4,114,33
2024-01-19 02:00:00,5,144,33
2024-01-19 02:00:00,6,107,26
2024-01-19 02:00:00,7,164,25
2024-01-19 02:00:00,8,48,23
2024-01-19 02:00:00,9,68,22
2024-01-19 02:00:00,10,230,22
2024-01-19 03:00:00,1,148,48
2024-01-19 03:00:00,2,79,32
2024-01-19 03:00:00,3,249,28
2024-01-19 03:00:00,4,125,21
2024-01-19 03:00:00,5,48,19
2024-01-19 03:00:00,6,68,17
2024-01-19 03:00:00,7,246,16
2024-01-19 03:00:00,8,164,15
2024-01-19 03:00:00,9,230,15
2024-01-19 03:00:00,10,186,13
2024-01-19 04:00:00,1,230,26
2024-01-19 04:00:00,2,79,23
2024-01-19 04:00:00,3,48,22
2024-01-19 04:00:00,4,148,18
2024-01-19 04:00:00,5,162,15
2024-01-19 04:00:00,6,249,14
2024-01-19 04:00:00,7,161,11
2024-01-19 04:00:00,8,164,11
2024-01-19 04:00:00,9,237,11
2024-01-19 04:00:00,10,132,10
2024-01-19 05:00:00,1,132,60
2024-01-19 05:00:00,2,162,39
2024-01-19 05:00:00,3,186,39
2024-01-19 05:00:00,4,100,34
2024-01-19 05:00:00,5,48,33
2024-01-19 05:00:00,6,230,30
2024-01-19 05:00:00,7,170,20
2024-01-19 05:00:00,8,140,16
2024-01-19 05:00:00,9,164,15
2024-01-19 05:00:00,10,263,15
2024-01-19 06:00:00,1,132,92
2024-01-19 06:00:00,2,186,92
2024-01-19 06:00:00,3,48,62
2024-01-19 06:00:00,4,162,61
2024-01-19 06:00:00,5,236,58
2024-01-19 06:00:00,6,100,52
2024-01-19 06:00:00,7,141,50
2024-01-19 06:00:00,8,262,49
2024-01-19 06:00:00,9,263,47
2024-01-19 06:00:00,10,238,41
2024-01-19 07:00:00,1,236,241
2024-01-19 07:00:00,2,237,153
2024-01-19 07:00:00,3,186,141
2024-01-19 07:00:00,4,239,134
2024-01-19 07:00:00,5,132,131
2024-01-19 07:00:00,6,262,130
2024-01-19 07:00:00,7,238,120
2024-01-19 07:00:00,8,141,113
2024-01-19 07:00:00,9,263,106
2024-01-19 07:00:00,10,162,105
2024-01-19 08:00:00,1,236,344
2024-01-19 08:00:00,2,237,243
2024-01-19 08:00:00,3,239,198
2024-01-19 08:00:00,4,238,168
2024-01-19 08:00:00,5,262,160
2024-01-19 08:00:00,6,186,146
2024-01-19 08:00:00,7,140,143
2024-01-19 08:00:00,8,162,140
2024-01-19 08:00:00,9,141,139
2024-01-19 08:00:00,10,263,133
2024-01-19 09:00:00,1,236,313
2024-01-19 09:00:00,2,237,263
2024-01-19 09:00:00,3,140,180
2024-01-19 09:00:00,4,162,175
2024-01-19 09:00:00,5,239,175
2024-01-19 09:00:00,6,238,162
2024-01-19 09:00:00,7,161,161
2024-01-19 09:00:00,8,141,154
2024-01-19 09:00:00,9,170,148
2024-01-19 09:00:00,10,186,141
2024-01-19 10:00:00,1,236,331
2024-01-19 10:00:00,2,237,311
2024-01-19 10:00:00,3,161,183
2024-01-19 10:00:00,4,162,166
2024-01-19 10:00:00,5,239,163
2024-01-19 10:00:00,6,140,158
2024-01-19 10:00:00,7,186,147
2024-01-19 10:00:00,8,142,142
2024-01-19 10:00:00,9,141,140
2024-01-19 10:00:00,10,170,140
2024-01-19 11:00:00,1,237,333
2024-01-19 11:00:00,2,236,323
2024-01-19 11:00:00,3,161,231
2024-01-19 11:00:00,4,162,169
2024-01-19 11:00:00,5,239,168
2024-01-19 11:00:00,6,170,148
2024-01-19 11:00:00,7,142,147
2024-01-19 11:00:00,8,186,145
2024-01-19 11:00:00,9,163,138
2024-01-19 11:00:00,10,140,131
2024-01-19 12:00:00,1,237,361
2024-01-19 12:00:00,2,236,332
2024-01-19 12:00:00,3,161,263
2024-01-19 12:00:00,4,186,183
2024-01-19 12:00:00,5,230,175
2024-01-19 12:00:00,6,162,172
2024-01-19 12:00:00,7,142,166
2024-01-19 12:00:00,8,163,165
2024-01-19 12:00:00,9,132,146
2024-01-19 12:00:00,10,140,146
2024-01-19 13:00:00,1,237,335
2024-01-19 13:00:00,2,236,323
2024-01-19 13:00:00,3,161,278
2024-01-19 13:00:00,4,162,206
2024-01-19 13:00:00,5,132,189
2024-01-19 13:00:00,6,163,185
2024-01-19 13:00:00,7,170,185
2024-01-19 13:00:00,8,186,160
2024-01-19 13:00:00,9,142,158
2024-01-19 13:00:00,10,141,143
2024-01-19 14:00:00,1,237,428
2024-01-19 14:00:00,2,236,347
2024-01-19 14:00:00,3,161,336
2024-01-19 14:00:00,4,132,256
2024-01-19 14:00:00,5,162,203
2024-01-19 14:00:00,6,163,193
2024-01-19 14:00:00,7,142,185
2024-01-19 14:00:00,8,170,182
2024-01-19 14:00:00,9,140,171
2024-01-19 14:00:00,10,186,168
2024-01-19 15:00:00,1,236,441
2024-01-19 15:00:00,2,237,367
2024-01-19 15:00:00,3,161,350
2024-01-19 15:00:00,4,132,266
2024-01-19 15:00:00,5,162,227
2024-01-19 15:00:00,6,140,212
2024-01-19 15:00:00,7,239,205
2024-01-19 15:00:00,8,163,192
2024-01-19 15:00:00,9,142,173
2024-01-19 15:00:00,10,238,165
2024-01-19 16:00:00,1,237,386
2024-01-19 16:00:00,2,161,368
2024-01-19 16:00:00,3,236,346
2024-01-19 16:00:00,4,132,279
2024-01-19 16:00:00,5,138,244
2024-01-19 16:00:00,6,162,228
2024-01-19 16:00:00,7,163,225
2024-01-19 16:00:00,8,230,192
2024-01-19 16:00:00,9,239,184
2024-01-19 16:00:00,10,234,177
2024-01-19 17:00:00,1,161,402
2024-01-19 17:00:00,2,236,384
2024-01-19 17:00:00,3,237,360
2024-01-19 17:00:00,4,162,294
2024-01-19 17:00:00,5,186,251
2024-01-19 17:00:00,6,132,239
2024-01-19 17:00:00,7,163,228
2024-01-19 17:00:00,8,140,217
2024-01-19 17:00:00,9,170,201
2024-01-19 17:00:00,10,239,197
2024-01-19 18:00:00,1,161,386
2024-01-19 18:00:00,2,237,346
2024-01-19 18:00:00,3,236,344
2024-01-19 18:00:00,4,162,323
2024-01-19 18:00:00,5,163,240
2024-01-19 18:00:00,6,132,236
2024-01-19 18:00:00,7,186,236
2024-01-19 18:00:00,8,170,225
2024-01-19 18:00:00,9,239,224
2024-01-19 18:00:00,10,230,215
2024-01-19 19:00:00,1,161,309
2024-01-19 19:00:00,2,237,295
2024-01-19 19:00:00,3,236,274
2024-01-19 19:00:00,4,186,261
2024-01-19 19:00:00,5,138,257
2024-01-19 19:00:00,6,162,237
2024-01-19 19:00:00,7,132,215
2024-01-19 19:00:00,8,170,198
2024-01-19 19:00:00,9,142,191
2024-01-19 19:00:00,10,163,189
2024-01-19 20:00:00,1,237,257
2024-01-19 20:00:00,2,161,198
2024-01-19 20:00:00,3,132,192
2024-01-19 20:00:00,4,138,192
2024-01-19 20:00:00,5,236,182
2024-01-19 20:00:00,6,68,170
2024-01-19 20:00:00,7,230,162
2024-01-19 20:00:00,8,249,158
2024-01-19 20:00:00,9,79,157
2024-01-19 20:00:00,10,142,156
2024-01-19 21:00:00,1,230,333
2024-01-19 21:00:00,2,237,223
2024-01-19 21:00:00,3,79,204
2024-01-19 21:00:00,4,161,204
2024-01-19 21:00:00,5,132,196
2024-01-19 21:00:00,6,249,190
2024-01-19 21:00:00,7,142,185
2024-01-19 21:00:00,8,48,183
2024-01-19 21:00:00,9,138,174
2024-01-19 21:00:00,10,163,163
2024-01-19 22:00:00,1,230,410
2024-01-19 22:00:00,2,79,292
2024-01-19 22:00:00,3,142,290
2024-01-19 22:00:00,4,249,259
2024-01-19 22:00:00,5,48,232
2024-01-19 22:00:00,6,132,220
2024-01-19 22:00:00,7,161,213
2024-01-19 22:00:00,8,237,206
2024-01-19 22:00:00,9,234,170
2024-01-19 22:00:00,10,141,161
2024-01-19 23:00:00,1,249,388
2024-01-19 23:00:00,2,142,297
2024-01-19 23:00:00,3,79,291
2024-01-19 23:00:00,4,230,289
2024-01-19 23:00:00,5,114,239
2024-01-19 23:00:00,6,48,218
2024-01-19 23:00:00,7,132,218
2024-01-19 23:00:00,8,161,184
2024-01-19 23:00:00,9,148,173
2024-01-19 23:00:00,10,234,160
2024-01-20 00:00:00,1,79,587
2024-01-20 00:00:00,2,249,438
2024-01-20 00:00:00,3,114,395
2024-01-20 00:00:00,4,148,305
2024-01-20 00:00:00,5,48,178
2024-01-20 00:00:00,6,144,174
2024-01-20 00:00:00,7,107,163
2024-01-20 00:00:00,8,132,154
2024-01-20 00:00:00,9,230,141
2024-01-20 00:00:00,10,234,141
2024-01-20 01:00:00,1,79,476
2024-01-20 01:00:00,2,249,403
2024-01-20 01:00:00,3,114,364
2024-01-20 01:00:00,4,148,346
2024-01-20 01:00:00,5,48,142
2024-01-20 01:00:00,6,158,134
2024-01-20 01:00:00,7,144,132
2024-01-20 01:00:00,8,107,114
2024-01-20 01:00:00,9,113,108
2024-01-20 01:00:00,10,231,99
2024-01-20 02:00:00,1,79,347
2024-01-20 02:00:00,2,148,263
2024-01-20 02:00:00,3,114,254
2024-01-20 02:00:00,4,249,229
2024-01-20 02:00:00,5,144,129
2024-01-20 02:00:00,6,48,99
2024-01-20 02:00:00,7,107,94
2024-01-20 02:00:00,8,113,86
2024-01-20 02:00:00,9,158,71
2024-01-20 02:00:00,10,246,59
2024-01-20 03:00:00,1,79,209
2024-01-20 03:00:00,2,148,152
2024-01-20 03:00:00,3,114,113
2024-01-20 03:00:00,4,249,113
2024-01-20 03:00:00,5,144,98
2024-01-20 03:00:00,6,246,93
2024-01-20 03:00:00,7,48,90
2024-01-20 03:00:00,8,68,42
2024-01-20 03:00:00,9,107,42
2024-01-20 03:00:00,10,231,40
2024-01-20 04:00:00,1,148,78
2024-01-20 04:00:00,2,79,56
2024-01-20 04:00:00,3,48,54
2024-01-20 04:00:00,4,249,52
2024-01-20 04:00:00,5,68,44
2024-01-20 04:00:00,6,114,38
2024-01-20 04:00:00,7,144,38
2024-01-20 04:00:00,8,107,29
2024-01-20 04:00:00,9,164,27
2024-01-20 04:00:00,10,246,23
2024-01-20 05:00:00,1,132,38
2024-01-20 05:00:00,2,48,20
2024-01-20 05:00:00,3,186,18
2024-01-20 05:00:00,4,68,12
2024-01-20 05:00:00,5,107,11
2024-01-20 05:00:00,6,163,10
2024-01-20 05:00:00,7,79,9
2024-01-20 05:00:00,8,164,9
2024-01-20 05:00:00,9,230,9
2024-01-20 05:00:00,10,100,8
2024-01-20 06:00:00,1,132,76
2024-01-20 06:00:00,2,186,40
2024-01-20 06:00:00,3,48,37
2024-01-20 06:00:00,4,162,34
2024-01-20 06:00:00,5,100,33
2024-01-20 06:00:00,6,238,26
2024-01-20 06:00:00,7,236,25
2024-01-20 06:00:00,8,263,24
2024-01-20 06:00:00,9,230,21
2024-01-20 06:00:00,10,141,20
2024-01-20 07:00:00,1,132,94
2024-01-20 07:00:00,2,239,48
2024-01-20 07:00:00,3,236,40
2024-01-20 07:00:00,4,141,39
2024-01-20 07:00:00,5,238,39
2024-01-20 07:00:00,6,142,37
2024-01-20 07:00:00,7,186,35
2024-01-20 07:00:00,8,162,34
2024-01-20 07:00:00,9,263,34
2024-01-20 07:00:00,10,237,33
2024-01-20 08:00:00,1,236,109
2024-01-20 08:00:00,2,239,97
2024-01-20 08:00:00,3,237,91
2024-01-20 08:00:00,4,132,88
2024-01-20 08:00:00,5,238,84
2024-01-20 08:00:00,6,141,77
2024-01-20 08:00:00,7,263,73
2024-01-20 08:00:00,8,142,69
2024-01-20 08:00:00,9,186,59
2024-01-20 08:00:00,10,48,58
2024-01-20 09:00:00,1,236,197
2024-01-20 09:00:00,2,239,183
2024-01-20 09:00:00,3,237,164
2024-01-20 09:00:00,4,141,145
2024-01-20 09:00:00,5,238,135
2024-01-20 09:00:00,6,142,122
2024-01-20 09:00:00,7,262,116
2024-01-20 09:00:00,8,132,105
2024-01-20 09:00:00,9,170,100
2024-01-20 09:00:00,10,263,100
2024-01-20 10:00:00,1,236,289
2024-01-20 10:00:00,2,237,226
2024-01-20 10:00:00,3,239,213
2024-01-20 10:00:00,4,141,169
2024-01-20 10:00:00,5,238,165
2024-01-20 10:00:00,6,142,164
2024-01-20 10:00:00,7,230,142
2024-01-20 10:00:00,8,162,141
2024-01-20 10:00:00,9,161,140
2024-01-20 10:00:00,10,263,140
2024-01-20 11:00:00,1,237,288
2024-01-20 11:00:00,2,236,283
2024-01-20 11:00:00,3,239,233
2024-01-20 11:00:00,4,186,199
2024-01-20 11:00:00,5,142,190
2024-01-20 11:00:00,6,161,173
2024-01-20 11:00:00,7,163,168
2024-01-20 11:00:00,8,162,167
2024-01-20 11:00:00,9,170,163
2024-01-20 11:00:00,10,68,159
2024-01-20 12:00:00,1,236,360
2024-01-20 12:00:00,2,237,332
2024-01-20 12:00:00,3,239,290
2024-01-20 12:00:00,4,186,227
2024-01-20 12:00:00,5,142,223
2024-01-20 12:00:00,6,161,214
2024-01-20 12:00:00,7,141,190
2024-01-20 12:00:00,8,263,184
2024-01-20 12:00:00,9,163,176
2024-01-20 12:00:00,10,238,174
2024-01-20 13:00:00,1,236,354
2024-01-20 13:00:00,2,237,333
2024-01-20 13:00:00,3,239,261
2024-01-20 13:00:00,4,142,232
2024-01-20 13:00:00,5,161,215
2024-01-20 13:00:00,6,132,209
2024-01-20 13:00:00,7,141,203
2024-01-20 13:00:00,8,186,201
2024-01-20 13:00:00,9,43,196
2024-01-20 13:00:00,10,238,187
2024-01-20 14:00:00,1,237,423
2024-01-20 14:00:00,2,236,346
2024-01-20 14:00:00,3,161,248
2024-01-20 14:00:00,4,186,233
2024-01-20 14:00:00,5,142,232
2024-01-20 14:00:00,6,239,227
2024-01-20 14:00:00,7,43,207
2024-01-20 14:00:00,8,162,204
2024-01-20 14:00:00,9,141,194
2024-01-20 14:00:00,10,68,179
2024-01-20 15:00:00,1,237,411
2024-01-20 15:00:00,2,236,324
2024-01-20 15:00:00,3,132,297
2024-01-20 15:00:00,4,142,279
2024-01-20 15:00:00,5,239,266
2024-01-20 15:00:00,6,161,255
2024-01-20 15:00:00,7,234,226
2024-01-20 15:00:00,8,163,220
2024-01-20 15:00:00,9,186,214
2024-01-20 15:00:00,10,43,199
2024-01-20 16:00:00,1,237,404
2024-01-20 16:00:00,2,230,377
2024-01-20 16:00:00,3,142,365
2024-01-20 16:00:00,4,236,315
2024-01-20 16:00:00,5,132,287
2024-01-20 16:00:00,6,161,282
2024-01-20 16:00:00,7,239,279
2024-01-20 16:00:00,8,234,239
2024-01-20 16:00:00,9,43,223
2024-01-20 16:00:00,10,186,209
2024-01-20 17:00:00,1,237,380
2024-01-20 17:00:00,2,161,352
2024-01-20 17:00:00,3,236,339
2024-01-20 17:00:00,4,142,299
2024-01-20 17:00:00,5,239,273
2024-01-20 17:00:00,6,230,266
2024-01-20 17:00:00,7,132,259
2024-01-20 17:00:00,8,186,221
2024-01-20 17:00:00,9,43,220
2024-01-20 17:00:00,10,163,207
2024-01-20 18:00:00,1,236,377
2024-01-20 18:00:00,2,237,377
2024-01-20 18:00:00,3,142,313
2024-01-20 18:00:00,4,239,270
2024-01-20 18:00:00,5,230,256
2024-01-20 18:00:00,6,161,239
2024-01-20 18:00:00,7,186,234
2024-01-20 18:00:00,8,162,225
2024-01-20 18:00:00,9,132,221
2024-01-20 18:00:00,10,141,212
2024-01-20 19:00:00,1,142,316
2024-01-20 19:00:00,2,237,315
2024-01-20 19:00:00,3,236,311
2024-01-20 19:00:00,4,132,302
2024-01-20 19:00:00,5,239,277
2024-01-20 19:00:00,6,141,265
2024-01-20 19:00:00,7,170,243
2024-01-20 19:00:00,8,263,234
2024-01-20 19:00:00,9,161,227
2024-01-20 19:00:00,10,249,226
2024-01-20 20:00:00,1,249,279
2024-01-20 20:00:00,2,142,277
2024-01-20 20:00:00,3,132,241
2024-01-20 20:00:00,4,236,240
2024-01-20 20:00:00,5,237,219
2024-01-20 20:00:00,6,79,215
2024-01-20 20:00:00,7,141,181
2024-01-20 20:00:00,8,234,177
2024-01-20 20:00:00,9,239,173
2024-01-20 20:00:00,10,263,172
2024-01-20 21:00:00,1,249,295
2024-01-20 21:00:00,2,79,274
2024-01-20 21:00:00,3,142,251
2024-01-20 21:00:00,4,186,247
2024-01-20 21:00:00,5,132,240
2024-01-20 21:00:00,6,230,220
2024-01-20 21:00:00,7,239,188
2024-01-20 21:00:00,8,263,162
2024-01-20 21:00:00,9,48,159
2024-01-20 21:00:00,10,237,157
2024-01-20 22:00:00,1,230,452
2024-01-20 22:00:00,2,249,361
2024-01-20 22:00:00,3,79,326
2024-01-20 22:00:00,4,48,306
2024-01-20 22:00:00,5,186,264
2024-01-20 22:00:00,6,142,247
2024-01-20 22:00:00,7,114,218
2024-01-20 22:00:00,8,163,217
2024-01-20 22:00:00,9,161,207
2024-01-20 22:00:00,10,132,205
2024-01-20 23:00:00,1,79,466
2024-01-20 23:00:00,2,249,423
2024-01-20 23:00:00,3,230,362
2024-01-20 23:00:00,4,48,324
2024-01-20 23:00:00,5,107,283
2024-01-20 23:00:00,6,114,273
2024-01-20 23:00:00,7,234,245
2024-01-20 23:00:00,8,148,221
2024-01-20 23:00:00,9,164,215
2024-01-20 23:00:00,10,132,205
2024-01-21 00:00:00,1,79,494
2024-01-21 00:00:00,2,249,468
2024-01-21 00:00:00,3,114,342
2024-01-21 00:00:00,4,148,281
2024-01-21 00:00:00,5,48,202
2024-01-21 00:00:00,6,234,184
2024-01-21 00:00:00,7,132,177
2024-01-21 00:00:00,8,107,166
2024-01-21 00:00:00,9,230,155
2024-01-21 00:00:00,10,68,129
2024-01-21 01:00:00,1,79,520
2024-01-21 01:00:00,2,249,390
2024-01-21 01:00:00,3,148,373
2024-01-21 01:00:00,4,114,372
2024-01-21 01:00:00,5,144,167
2024-01-21 01:00:00,6,158,148
2024-01-21 01:00:00,7,48,135
2024-01-21 01:00:00,8,107,123
2024-01-21 01:00:00,9,230,120
2024-01-21 01:00:00,10,90,104
2024-01-21 02:00:00,1,79,518
2024-01-21 02:00:00,2,148,361
2024-01-21 02:00:00,3,114,342
2024-01-21 02:00:00,4,249,342
2024-01-21 02:00:00,5,144,173
2024-01-21 02:00:00,6,48,116
2024-01-21 02:00:00,7,158,104
2024-01-21 02:00:00,8,113,102
2024-01-21 02:00:00,9,211,94
2024-01-21 02:00:00,10,68,92
2024-01-21 03:00:00,1,79,251
2024-01-21 03:00:00,2,148,209
2024-01-21 03:00:00,3,249,154
2024-01-21 03:00:00,4,114,114
2024-01-21 03:00:00,5,246,102
2024-01-21 03:00:00,6,48,100
2024-01-21 03:00:00,7,144,97
2024-01-21 03:00:00,8,68,55
2024-01-21 03:00:00,9,231,52
2024-01-21 03:00:00,10,107,44
2024-01-21 04:00:00,1,148,96
2024-01-21 04:00:00,2,79,70
2024-01-21 04:00:00,3,48,49
2024-01-21 04:00:00,4,68,42
2024-01-21 04:00:00,5,144,42
2024-01-21 04:00:00,6,164,42
2024-01-21 04:00:00,7,249,40
2024-01-21 04:00:00,8,246,39
2024-01-21 04:00:00,9,230,32
2024-01-21 04:00:00,10,114,21
2024-01-21 05:00:00,1,132,64
2024-01-21 05:00:00,2,48,22
2024-01-21 05:00:00,3,230,19
2024-01-21 05:00:00,4,79,17
2024-01-21 05:00:00,5,68,14
2024-01-21 05:00:00,6,107,13
2024-01-21 05:00:00,7,148,10
2024-01-21 05:00:00,8,186,10
2024-01-21 05:00:00,9,75,9
2024-01-21 05:00:00,10,90,9
2024-01-21 06:00:00,1,132,118
2024-01-21 06:00:00,2,48,29
2024-01-21 06:00:00,3,230,26
2024-01-21 06:00:00,4,162,23
2024-01-21 06:00:00,5,100,21
2024-01-21 06:00:00,6,263,21
2024-01-21 06:00:00,7,238,18
2024-01-21 06:00:00,8,262,17
2024-01-21 06:00:00,9,68,15
2024-01-21 06:00:00,10,186,15
2024-01-21 07:00:00,1,132,133
2024-01-21 07:00:00,2,238,40
2024-01-21 07:00:00,3,236,36
2024-01-21 07:00:00,4,239,35
2024-01-21 07:00:00,5,230,32
2024-01-21 07:00:00,6,48,31
2024-01-21 07:00:00,7,140,29
2024-01-21 07:00:00,8,186,26
2024-01-21 07:00:00,9,263,26
2024-01-21 07:00:00,10,107,24
2024-01-21 08:00:00,1,236,78
2024-01-21 08:00:00,2,132,70
2024-01-21 08:00:00,3,239,70
2024-01-21 08:00:00,4,230,65
2024-01-21 08:00:00,5,238,63
2024-01-21 08:00:00,6,141,57
2024-01-21 08:00:00,7,262,52
2024-01-21 08:00:00,8,229,46
2024-01-21 08:00:00,9,48,43
2024-01-21 08:00:00,10,186,42
2024-01-21 09:00:00,1,236,165
2024-01-21 09:00:00,2,132,120
2024-01-21 09:00:00,3,237,117
2024-01-21 09:00:00,4,238,113
2024-01-21 09:00:00,5,142,108
2024-01-21 09:00:00,6,239,104
2024-01-21 09:00:00,7,230,103
2024-01-21 09:00:00,8,141,91
2024-01-21 09:00:00,9,161,81
2024-01-21 09:00:00,10,163,78
2024-01-21 10:00:00,1,236,226
2024-01-21 10:00:00,2,239,195
2024-01-21 10:00:00,3,237,187
2024-01-21 10:00:00,4,230,159
2024-01-21 10:00:00,5,161,144
2024-01-21 10:00:00,6,238,140
2024-01-21 10:00:00,7,132,132
2024-01-21 10:00:00,8,263,132
2024-01-21 10:00:00,9,142,131
2024-01-21 10:00:00,10,141,126
2024-01-21 11:00:00,1,236,275
2024-01-21 11:00:00,2,237,249
2024-01-21 11:00:00,3,239,217
2024-01-21 11:00:00,4,230,194
2024-01-21 11:00:00,5,141,188
2024-01-21 11:00:00,6,142,174
2024-01-21 11:00:00,7,238,166
2024-01-21 11:00:00,8,161,158
2024-01-21 11:00:00,9,186,158
2024-01-21 11:00:00,10,263,154
2024-01-21 12:00:00,1,236,350
2024-01-21 12:00:00,2,237,284
2024-01-21 12:00:00,3,239,279
2024-01-21 12:00:00,4,142,218
2024-01-21 12:00:00,5,141,191
2024-01-21 12:00:00,6,161,190
2024-01-21 12:00:00,7,238,189
2024-01-21 12:00:00,8,186,180
2024-01-21 12:00:00,9,138,173
2024-01-21 12:00:00,10,162,164
2024-01-21 13:00:00,1,236,304
2024-01-21 13:00:00,2,239,295
2024-01-21 13:00:00,3,237,294
2024-01-21 13:00:00,4,132,220
2024-01-21 13:00:00,5,142,203
2024-01-21 13:00:00,6,161,191
2024-01-21 13:00:00,7,162,189
2024-01-21 13:00:00,8,238,178
2024-01-21 13:00:00,9,138,176
2024-01-21 13:00:00,10,43,163
2024-01-21 14:00:00,1,236,339
2024-01-21 14:00:00,2,237,292
2024-01-21 14:00:00,3,239,279
2024-01-21 14:00:00,4,138,266
2024-01-21 14:00:00,5,132,232
2024-01-21 14:00:00,6,161,230
2024-01-21 14:00:00,7,142,222
2024-01-21 14:00:00,8,186,199
2024-01-21 14:00:00,9,238,172
2024-01-21 14:00:00,10,141,170
2024-01-21 15:00:00,1,236,313
2024-01-21 15:00:00,2,132,300
2024-01-21 15:00:00,3,237,277
2024-01-21 15:00:00,4,142,256
2024-01-21 15:00:00,5,239,253
2024-01-21 15:00:00,6,161,245
2024-01-21 15:00:00,7,138,217
2024-01-21 15:00:00,8,186,187
2024-01-21 15:00:00,9,141,167
2024-01-21 15:00:00,10,230,165
2024-01-21 16:00:00,1,132,385
2024-01-21 16:00:00,2,236,265
2024-01-21 16:00:00,3,237,253
2024-01-21 16:00:00,4,230,221
2024-01-21 16:00:00,5,161,201
2024-01-21 16:00:00,6,239,199
2024-01-21 16:00:00,7,163,196
2024-01-21 16:00:00,8,142,193
2024-01-21 16:00:00,9,43,186
2024-01-21 16:00:00,10,138,180
2024-01-21 17:00:00,1,132,366
2024-01-21 17:00:00,2,230,322
2024-01-21 17:00:00,3,161,266
2024-01-21 17:00:00,4,142,263
2024-01-21 17:00:00,5,237,253
2024-01-21 17:00:00,6,138,248
2024-01-21 17:00:00,7,236,229
2024-01-21 17:00:00,8,186,213
2024-01-21 17:00:00,9,239,207
2024-01-21 17:00:00,10,163,160
2024-01-21 18:00:00,1,132,294
2024-01-21 18:00:00,2,138,291
2024-01-21 18:00:00,3,142,264
2024-01-21 18:00:00,4,237,234
2024-01-21 18:00:00,5,236,211
2024-01-21 18:00:00,6,230,200
2024-01-21 18:00:00,7,161,198
2024-01-21 18:00:00,8,186,167
2024-01-21 18:00:00,9,239,162
2024-01-21 18:00:00,10,48,154
2024-01-21 19:00:00,1,132,355
2024-01-21 19:00:00,2,138,289
2024-01-21 19:00:00,3,186,170
2024-01-21 19:00:00,4,142,154
2024-01-21 19:00:00,5,237,152
2024-01-21 19:00:00,6,162,149
2024-01-21 19:00:00,7,48,132
2024-01-21 19:00:00,8,236,123
2024-01-21 19:00:00,9,239,120
2024-01-21 19:00:00,10,68,116
2024-01-21 20:00:00,1,132,301
2024-01-21 20:00:00,2,138,236
2024-01-21 20:00:00,3,186,164
2024-01-21 20:00:00,4,142,145
2024-01-21 20:00:00,5,236,131
2024-01-21 20:00:00,6,162,128
2024-01-21 20:00:00,7,48,127
2024-01-21 20:00:00,8,230,120
2024-01-21 20:00:00,9,237,112
2024-01-21 20:00:00,10,249,110
2024-01-21 21:00:00,1,132,442
2024-01-21 21:00:00,2,138,242
2024-01-21 21:00:00,3,230,167
2024-01-21 21:00:00,4,142,133
2024-01-21 21:00:00,5,186,131
2024-01-21 21:00:00,6,249,120
2024-01-21 21:00:00,7,48,114
2024-01-21 21:00:00,8,237,113
2024-01-21 21:00:00,9,79,109
2024-01-21 21:00:00,10,239,104
2024-01-21 22:00:00,1,132,362
2024-01-21 22:00:00,2,138,219
2024-01-21 22:00:00,3,186,142
2024-01-21 22:00:00,4,48,104
2024-01-21 22:00:00,5,230,92
2024-01-21 22:00:00,6,249,87
2024-01-21 22:00:00,7,68,86
2024-01-21 22:00:00,8,79,77
2024-01-21 22:00:00,9,142,74
2024-01-21 22:00:00,10,162,67
2024-01-21 23:00:00,1,132,319
2024-01-21 23:00:00,2,138,259
2024-01-21 23:00:00,3,186,72
2024-01-21 23:00:00,4,48,60
2024-01-21 23:00:00,5,114,51
2024-01-21 23:00:00,6,162,46
2024-01-21 23:00:00,7,249,46
2024-01-21 23:00:00,8,68,45
2024-01-21 23:00:00,9,161,42
2024-01-21 23:00:00,10,79,40
2024-01-22 00:00:00,1,132,233
2024-01-22 00:00:00,2,138,86
2024-01-22 00:00:00,3,114,48
2024-01-22 00:00:00,4,79,45
2024-01-22 00:00:00,5,230,39
2024-01-22 00:00:00,6,48,29
2024-01-22 00:00:00,7,249,28
2024-01-22 00:00:00,8,161,26
2024-01-22 00:00:00,9,170,25
2024-01-22 00:00:00,10,186,23
2024-01-22 01:00:00,1,132,77
2024-01-22 01:00:00,2,48,46
2024-01-22 01:00:00,3,186,24
2024-01-22 01:00:00,4,68,22
2024-01-22 01:00:00,5,114,16
2024-01-22 01:00:00,6,79,15
2024-01-22 01:00:00,7,230,14
2024-01-22 01:00:00,8,164,12
2024-01-22 01:00:00,9,249,12
2024-01-22 01:00:00,10,162,11
2024-01-22 02:00:00,1,48,22
2024-01-22 02:00:00,2,249,16
2024-01-22 02:00:00,3,230,15
2024-01-22 02:00:00,4,79,13
2024-01-22 02:00:00,5,132,12
2024-01-22 02:00:00,6,246,11
2024-01-22 02:00:00,7,164,9
2024-01-22 02:00:00,8,125,8
2024-01-22 02:00:00,9,148,8
2024-01-22 02:00:00,10,186,8
2024-01-22 03:00:00,1,48,13
2024-01-22 03:00:00,2,230,12
2024-01-22 03:00:00,3,246,12
2024-01-22 03:00:00,4,137,10
2024-01-22 03:00:00,5,186,10
2024-01-22 03:00:00,6,125,9
2024-01-22 03:00:00,7,249,9
2024-01-22 03:00:00,8,90,8
2024-01-22 03:00:00,9,141,8
2024-01-22 03:00:00,10,68,5
2024-01-22 04:00:00,1,48,19
2024-01-22 04:00:00,2,132,15
2024-01-22 04:00:00,3,230,15
2024-01-22 04:00:00,4,141,13
2024-01-22 04:00:00,5,246,11
2024-01-22 04:00:00,6,125,8
2024-01-22 04:00:00,7,249,8
2024-01-22 04:00:00,8,263,8
2024-01-22 04:00:00,9,90,7
2024-01-22 04:00:00,10,186,7
2024-01-22 05:00:00,1,132,93
2024-01-22 05:00:00,2,186,56
2024-01-22 05:00:00,3,48,46
2024-01-22 05:00:00,4,100,34
2024-01-22 05:00:00,5,141,19
2024-01-22 05:00:00,6,162,18
2024-01-22 05:00:00,7,236,17
2024-01-22 05:00:00,8,263,16
2024-01-22 05:00:00,9,79,12
2024-01-22 05:00:00,10,170,12
2024-01-22 06:00:00,1,132,155
2024-01-22 06:00:00,2,186,117
2024-01-22 06:00:00,3,100,82
2024-01-22 06:00:00,4,48,81
2024-01-22 06:00:00,5,236,81
2024-01-22 06:00:00,6,162,76
2024-01-22 06:00:00,7,262,68
2024-01-22 06:00:00,8,238,49
2024-01-22 06:00:00,9,239,49
2024-01-22 06:00:00,10,263,49
2024-01-22 07:00:00,1,236,252
2024-01-22 07:00:00,2,132,158
2024-01-22 07:00:00,3,186,146
2024-01-22 07:00:00,4,237,138
2024-01-22 07:00:00,5,239,137
2024-01-22 07:00:00,6,262,133
2024-01-22 07:00:00,7,141,128
2024-01-22 07:00:00,8,162,125
2024-01-22 07:00:00,9,238,117
2024-01-22 07:00:00,10,140,104
2024-01-22 08:00:00,1,236,348
2024-01-22 08:00:00,2,237,244
2024-01-22 08:00:00,3,186,226
2024-01-22 08:00:00,4,239,177
2024-01-22 08:00:00,5,238,176
2024-01-22 08:00:00,6,141,172
2024-01-22 08:00:00,7,162,169
2024-01-22 08:00:00,8,142,161
2024-01-22 08:00:00,9,140,151
2024-01-22 08:00:00,10,107,150
2024-01-22 09:00:00,1,236,329
2024-01-22 09:00:00,2,237,289
2024-01-22 09:00:00,3,186,228
2024-01-22 09:00:00,4,162,197
2024-01-22 09:00:00,5,141,183
2024-01-22 09:00:00,6,163,168
2024-01-22 09:00:00,7,161,166
2024-01-22 09:00:00,8,170,159
2024-01-22 09:00:00,9,140,158
2024-01-22 09:00:00,10,138,154
2024-01-22 10:00:00,1,237,298
2024-01-22 10:00:00,2,236,271
2024-01-22 10:00:00,3,138,230
2024-01-22 10:00:00,4,161,189
2024-01-22 10:00:00,5,186,175
2024-01-22 10:00:00,6,162,143
2024-01-22 10:00:00,7,132,140
2024-01-22 10:00:00,8,238,139
2024-01-22 10:00:00,9,239,138
2024-01-22 10:00:00,10,140,137
2024-01-22 11:00:00,1,236,328
2024-01-22 11:00:00,2,237,285
2024-01-22 11:00:00,3,161,235
2024-01-22 11:00:00,4,162,163
2024-01-22 11:00:00,5,142,159
2024-01-22 11:00:00,6,140,149
2024-01-22 11:00:00,7,186,143
2024-01-22 11:00:00,8,132,140
2024-01-22 11:00:00,9,170,139
2024-01-22 11:00:00,10,239,137
2024-01-22 12:00:00,1,237,344
2024-01-22 12:00:00,2,236,317
2024-01-22 12:00:00,3,161,263
2024-01-22 12:00:00,4,186,206
2024-01-22 12:00:00,5,142,166
2024-01-22 12:00:00,6,140,163
2024-01-22 12:00:00,7,138,160
2024-01-22 12:00:00,8,162,160
2024-01-22 12:00:00,9,170,157
2024-01-22 12:00:00,10,239,151
2024-01-22 13:00:00,1,236,324
2024-01-22 13:00:00,2,237,308
2024-01-22 13:00:00,3,161,265
2024-01-22 13:00:00,4,162,190
2024-01-22 13:00:00,5,138,189
2024-01-22 13:00:00,6,132,175
2024-01-22 13:00:00,7,170,158
2024-01-22 13:00:00,8,142,154
2024-01-22 13:00:00,9,141,153
2024-01-22 13:00:00,10,239,151
2024-01-22 14:00:00,1,236,369
2024-01-22 14:00:00,2,237,368
2024-01-22 14:00:00,3,161,354
2024-01-22 14:00:00,4,132,327
2024-01-22 14:00:00,5,138,293
2024-01-22 14:00:00,6,162,196
2024-01-22 14:00:00,7,163,190
2024-01-22 14:00:00,8,239,179
2024-01-22 14:00:00,9,140,171
2024-01-22 14:00:00,10,170,168
2024-01-22 15:00:00,1,236,432
2024-01-22 15:00:00,2,237,401
2024-01-22 15:00:00,3,161,317
2024-01-22 15:00:00,4,132,259
2024-01-22 15:00:00,5,162,209
2024-01-22 15:00:00,6,138,198
2024-01-22 15:00:00,7,140,190
2024-01-22 15:00:00,8,239,182
2024-01-22 15:00:00,9,163,175
2024-01-22 15:00:00,10,170,169
2024-01-22 16:00:00,1,132,378
2024-01-22 16:00:00,2,161,354
2024-01-22 16:00:00,3,237,353
2024-01-22 16:00:00,4,236,340
2024-01-22 16:00:00,5,162,214
2024-01-22 16:00:00,6,140,205
2024-01-22 16:00:00,7,163,185
2024-01-22 16:00:00,8,170,185
2024-01-22 16:00:00,9,138,177
2024-01-22 16:00:00,10,239,173
2024-01-22 17:00:00,1,161,438
2024-01-22 17:00:00,2,237,351
2024-01-22 17:00:00,3,236,349
2024-01-22 17:00:00,4,132,344
2024-01-22 17:00:00,5,162,272
2024-01-22 17:00:00,6,163,233
2024-01-22 17:00:00,7,142,216
2024-01-22 17:00:00,8,186,203
2024-01-22 17:00:00,9,170,202
2024-01-22 17:00:00,10,140,199
2024-01-22 18:00:00,1,161,519
2024-01-22 18:00:00,2,236,354
2024-01-22 18:00:00,3,162,350
2024-01-22 18:00:00,4,237,342
2024-01-22 18:00:00,5,132,283
2024-01-22 18:00:00,6,163,236
2024-01-22 18:00:00,7,138,223
2024-01-22 18:00:00,8,230,209
2024-01-22 18:00:00,9,234,208
2024-01-22 18:00:00,10,142,192
2024-01-22 19:00:00,1,161,432
2024-01-22 19:00:00,2,162,322
2024-01-22 19:00:00,3,138,258
2024-01-22 19:00:00,4,237,254
2024-01-22 19:00:00,5,132,253
2024-01-22 19:00:00,6,163,221
2024-01-22 19:00:00,7,236,203
2024-01-22 19:00:00,8,230,185
2024-01-22 19:00:00,9,142,174
2024-01-22 19:00:00,10,234,172
2024-01-22 20:00:00,1,161,373
2024-01-22 20:00:00,2,132,346
2024-01-22 20:00:00,3,237,263
2024-01-22 20:00:00,4,162,259
2024-01-22 20:00:00,5,138,237
2024-01-22 20:00:00,6,142,209
2024-01-22 20:00:00,7,236,204
2024-01-22 20:00:00,8,163,199
2024-01-22 20:00:00,9,230,179
2024-01-22 20:00:00,10,234,158
2024-01-22 21:00:00,1,132,380
2024-01-22 21:00:00,2,161,315
2024-01-22 21:00:00,3,237,285
2024-01-22 21:00:00,4,142,204
2024-01-22 21:00:00,5,162,198
2024-01-22 21:00:00,6,138,166
2024-01-22 21:00:00,7,163,162
2024-01-22 21:00:00,8,230,162
2024-01-22 21:00:00,9,234,137
2024-01-22 21:00:00,10,68,136
2024-01-22 22:00:00,1,132,270
2024-01-22 22:00:00,2,138,229
2024-01-22 22:00:00,3,161,143
2024-01-22 22:00:00,4,237,125
2024-01-22 22:00:00,5,230,107
2024-01-22 22:00:00,6,186,97
2024-01-22 22:00:00,7,68,95
2024-01-22 22:00:00,8,162,95
2024-01-22 22:00:00,9,163,90
2024-01-22 22:00:00,10,142,88
2024-01-22 23:00:00,1,132,268
2024-01-22 23:00:00,2,186,183
2024-01-22 23:00:00,3,138,166
2024-01-22 23:00:00,4,68,82
2024-01-22 23:00:00,5,48,66
2024-01-22 23:00:00,6,161,66
2024-01-22 23:00:00,7,249,65
2024-01-22 23:00:00,8,162,58
2024-01-22 23:00:00,9,230,54
2024-01-22 23:00:00,10,163,53
2024-01-23 00:00:00,1,186,239
2024-01-23 00:00:00,2,132,162
2024-01-23 00:00:00,3,164,130
2024-01-23 00:00:00,4,68,106
2024-01-23 00:00:00,5,100,87
2024-01-23 00:00:00,6,230,49
2024-01-23 00:00:00,7,249,44
2024-01-23 00:00:00,8,138,40
2024-01-23 00:00:00,9,48,39
2024-01-23 00:00:00,10,114,35
2024-01-23 01:00:00,1,132,76
2024-01-23 01:00:00,2,48,30
2024-01-23 01:00:00,3,186,29
2024-01-23 01:00:00,4,230,27
2024-01-23 01:00:00,5,249,27
2024-01-23 01:00:00,6,79,21
2024-01-23 01:00:00,7,68,20
2024-01-23 01:00:00,8,114,19
2024-01-23 01:00:00,9,161,18
2024-01-23 01:00:00,10,164,18
2024-01-23 02:00:00,1,48,22
2024-01-23 02:00:00,2,132,21
2024-01-23 02:00:00,3,249,18
2024-01-23 02:00:00,4,186,15
2024-01-23 02:00:00,5,230,13
2024-01-23 02:00:00,6,79,12
2024-01-23 02:00:00,7,100,10
2024-01-23 02:00:00,8,68,9
2024-01-23 02:00:00,9,164,9
2024-01-23 02:00:00,10,229,7
2024-01-23 03:00:00,1,48,21
2024-01-23 03:00:00,2,79,13
2024-01-23 03:00:00,3,132,13
2024-01-23 03:00:00,4,230,9
2024-01-23 03:00:00,5,249,9
2024-01-23 03:00:00,6,186,8
2024-01-23 03:00:00,7,100,7
2024-01-23 03:00:00,8,164,6
2024-01-23 03:00:00,9,246,6
2024-01-23 03:00:00,10,141,5
2024-01-23 04:00:00,1,48,19
2024-01-23 04:00:00,2,230,8
2024-01-23 04:00:00,3,263,8
2024-01-23 04:00:00,4,132,7
2024-01-23 04:00:00,5,141,7
2024-01-23 04:00:00,6,163,7
2024-01-23 04:00:00,7,229,7
2024-01-23 04:00:00,8,79,6
2024-01-23 04:00:00,9,162,6
2024-01-23 04:00:00,10,249,6
2024-01-23 05:00:00,1,132,50
2024-01-23 05:00:00,2,186,46
2024-01-23 05:00:00,3,48,39
2024-01-23 05:00:00,4,100,33
2024-01-23 05:00:00,5,162,17
2024-01-23 05:00:00,6,170,17
2024-01-23 05:00:00,7,236,17
2024-01-23 05:00:00,8,262,17
2024-01-23 05:00:00,9,239,15
2024-01-23 05:00:00,10,263,14
2024-01-23 06:00:00,1,186,118
2024-01-23 06:00:00,2,132,109
2024-01-23 06:00:00,3,48,93
2024-01-23 06:00:00,4,236,80
2024-01-23 06:00:00,5,100,79
2024-01-23 06:00:00,6,162,70
2024-01-23 06:00:00,7,141,59
2024-01-23 06:00:00,8,262,55
2024-01-23 06:00:00,9,239,48
2024-01-23 06:00:00,10,263,48
2024-01-23 07:00:00,1,236,272
2024-01-23 07:00:00,2,186,212
2024-01-23 07:00:00,3,237,161
2024-01-23 07:00:00,4,162,143
2024-01-23 07:00:00,5,262,141
2024-01-23 07:00:00,6,239,135
2024-01-23 07:00:00,7,141,128
2024-01-23 07:00:00,8,263,124
2024-01-23 07:00:00,9,48,121
2024-01-23 07:00:00,10,140,113
2024-01-23 08:00:00,1,236,375
2024-01-23 08:00:00,2,186,293
2024-01-23 08:00:00,3,237,242
2024-01-23 08:00:00,4,162,205
2024-01-23 08:00:00,5,140,191
2024-01-23 08:00:00,6,239,185
2024-01-23 08:00:00,7,262,172
2024-01-23 08:00:00,8,238,168
2024-01-23 08:00:00,9,142,167
2024-01-23 08:00:00,10,170,163
2024-01-23 09:00:00,1,236,360
2024-01-23 09:00:00,2,186,291
2024-01-23 09:00:00,3,237,281
2024-01-23 09:00:00,4,162,229
2024-01-23 09:00:00,5,138,194
2024-01-23 09:00:00,6,161,191
2024-01-23 09:00:00,7,170,190
2024-01-23 09:00:00,8,239,186
2024-01-23 09:00:00,9,140,168
2024-01-23 09:00:00,10,142,166
2024-01-23 10:00:00,1,236,365
2024-01-23 10:00:00,2,237,318
2024-01-23 10:00:00,3,161,246
2024-01-23 10:00:00,4,162,212
2024-01-23 10:00:00,5,186,211
2024-01-23 10:00:00,6,239,184
2024-01-23 10:00:00,7,170,179
2024-01-23 10:00:00,8,142,173
2024-01-23 10:00:00,9,140,171
2024-01-23 10:00:00,10,68,160
2024-01-23 11:00:00,1,236,433
2024-01-23 11:00:00,2,237,387
2024-01-23 11:00:00,3,161,305
2024-01-23 11:00:00,4,186,240
2024-01-23 11:00:00,5,162,233
2024-01-23 11:00:00,6,170,220
2024-01-23 11:00:00,7,140,212
2024-01-23 11:00:00,8,163,200
2024-01-23 11:00:00,9,230,181
2024-01-23 11:00:00,10,142,174
2024-01-23 12:00:00,1,236,399
2024-01-23 12:00:00,2,237,398
2024-01-23 12:00:00,3,161,335
2024-01-23 12:00:00,4,162,246
2024-01-23 12:00:00,5,170,218
2024-01-23 12:00:00,6,138,202
2024-01-23 12:00:00,7,142,188
2024-01-23 12:00:00,8,163,177
2024-01-23 12:00:00,9,186,176
2024-01-23 12:00:00,10,239,175
2024-01-23 13:00:00,1,237,396
2024-01-23 13:00:00,2,161,339
2024-01-23 13:00:00,3,236,317
2024-01-23 13:00:00,4,162,246
2024-01-23 13:00:00,5,170,196
2024-01-23 13:00:00,6,163,191
2024-01-23 13:00:00,7,132,190
2024-01-23 13:00:00,8,140,184
2024-01-23 13:00:00,9,234,180
2024-01-23 13:00:00,10,142,173
2024-01-23 14:00:00,1,237,443
2024-01-23 14:00:00,2,161,409
2024-01-23 14:00:00,3,236,396
2024-01-23 14:00:00,4,132,227
2024-01-23 14:00:00,5,163,219
2024-01-23 14:00:00,6,162,213
2024-01-23 14:00:00,7,140,206
2024-01-23 14:00:00,8,234,205
2024-01-23 14:00:00,9,138,203
2024-01-23 14:00:00,10,239,184
2024-01-23 15:00:00,1,236,435
2024-01-23 15:00:00,2,237,418
2024-01-23 15:00:00,3,161,387
2024-01-23 15:00:00,4,162,252
2024-01-23 15:00:00,5,140,246
2024-01-23 15:00:00,6,170,228
2024-01-23 15:00:00,7,163,209
2024-01-23 15:00:00,8,239,199
2024-01-23 15:00:00,9,132,198
2024-01-23 15:00:00,10,230,183
2024-01-23 16:00:00,1,161,431
2024-01-23 16:00:00,2,236,364
2024-01-23 16:00:00,3,237,359
2024-01-23 16:00:00,4,132,304
2024-01-23 16:00:00,5,162,277
2024-01-23 16:00:00,6,163,209
2024-01-23 16:00:00,7,170,202
2024-01-23 16:00:00,8,234,199
2024-01-23 16:00:00,9,140,197
2024-01-23 16:00:00,10,230,193
2024-01-23 17:00:00,1,161,551
2024-01-23 17:00:00,2,162,404
2024-01-23 17:00:00,3,236,394
2024-01-23 17:00:00,4,237,394
2024-01-23 17:00:00,5,132,267
2024-01-23 17:00:00,6,163,248
2024-01-23 17:00:00,7,170,244
2024-01-23 17:00:00,8,140,241
2024-01-23 17:00:00,9,186,220
2024-01-23 17:00:00,10,230,215
2024-01-23 18:00:00,1,161,620
2024-01-23 18:00:00,2,237,450
2024-01-23 18:00:00,3,162,413
2024-01-23 18:00:00,4,236,327
2024-01-23 18:00:00,5,170,271
2024-01-23 18:00:00,6,230,246
2024-01-23 18:00:00,7,234,245
2024-01-23 18:00:00,8,163,238
2024-01-23 18:00:00,9,68,229
2024-01-23 18:00:00,10,164,229
2024-01-23 19:00:00,1,161,461
2024-01-23 19:00:00,2,237,415
2024-01-23 19:00:00,3,162,373
2024-01-23 19:00:00,4,230,259
2024-01-23 19:00:00,5,163,230
2024-01-23 19:00:00,6,236,214
2024-01-23 19:00:00,7,142,211
2024-01-23 19:00:00,8,170,206
2024-01-23 19:00:00,9,234,201
2024-01-23 19:00:00,10,138,179
2024-01-23 20:00:00,1,161,471
2024-01-23 20:00:00,2,237,415
2024-01-23 20:00:00,3,162,283
2024-01-23 20:00:00,4,230,254
2024-01-23 20:00:00,5,132,244
2024-01-23 20:00:00,6,234,232
2024-01-23 20:00:00,7,163,230
2024-01-23 20:00:00,8,236,209
2024-01-23 20:00:00,9,142,196
2024-01-23 20:00:00,10,170,191
2024-01-23 21:00:00,1,161,558
2024-01-23 21:00:00,2,230,460
2024-01-23 21:00:00,3,237,309
2024-01-23 21:00:00,4,162,278
2024-01-23 21:00:00,5,132,275
2024-01-23 21:00:00,6,142,275
2024-01-23 21:00:00,7,163,231
2024-01-23 21:00:00,8,234,225
2024-01-23 21:00:00,9,48,222
2024-01-23 21:00:00,10,170,180
2024-01-23 22:00:00,1,142,448
2024-01-23 22:00:00,2,161,305
2024-01-23 22:00:00,3,163,280
2024-01-23 22:00:00,4,230,271
2024-01-23 22:00:00,5,48,200
2024-01-23 22:00:00,6,132,199
2024-01-23 22:00:00,7,234,197
2024-01-23 22:00:00,8,162,186
2024-01-23 22:00:00,9,237,166
2024-01-23 22:00:00,10,249,151
2024-01-23 23:00:00,1,142,322
2024-01-23 23:00:00,2,186,219
2024-01-23 23:00:00,3,132,170
2024-01-23 23:00:00,4,138,148
2024-01-23 23:00:00,5,163,148
2024-01-23 23:00:00,6,230,136
2024-01-23 23:00:00,7,249,126
2024-01-23 23:00:00,8,161,112
2024-01-23 23:00:00,9,162,112
2024-01-23 23:00:00,10,48,94
2024-01-24 00:00:00,1,186,221
2024-01-24 00:00:00,2,164,179
2024-01-24 00:00:00,3,68,125
2024-01-24 00:00:00,4,132,102
2024-01-24 00:00:00,5,100,80
2024-01-24 00:00:00,6,163,78
2024-01-24 00:00:00,7,230,64
2024-01-24 00:00:00,8,249,63
2024-01-24 00:00:00,9,48,53
2024-01-24 00:00:00,10,161,53
2024-01-24 01:00:00,1,249,39
2024-01-24 01:00:00,2,186,33
2024-01-24 01:00:00,3,114,28
2024-01-24 01:00:00,4,79,26
2024-01-24 01:00:00,5,48,24
2024-01-24 01:00:00,6,161,22
2024-01-24 01:00:00,7,163,22
2024-01-24 01:00:00,8,90,19
2024-01-24 01:00:00,9,263,19
2024-01-24 01:00:00,10,132,18
2024-01-24 02:00:00,1,48,31
2024-01-24 02:00:00,2,79,22
2024-01-24 02:00:00,3,230,21
2024-01-24 02:00:00,4,249,20
2024-01-24 02:00:00,5,161,16
2024-01-24 02:00:00,6,246,16
2024-01-24 02:00:00,7,231,15
2024-01-24 02:00:00,8,186,13
2024-01-24 02:00:00,9,164,12
2024-01-24 02:00:00,10,141,11
2024-01-24 03:00:00,1,48,22
2024-01-24 03:00:00,2,230,18
2024-01-24 03:00:00,3,249,15
2024-01-24 03:00:00,4,100,10
2024-01-24 03:00:00,5,246,10
2024-01-24 03:00:00,6,186,9
2024-01-24 03:00:00,7,231,9
2024-01-24 03:00:00,8,79,7
2024-01-24 03:00:00,9,164,7
2024-01-24 03:00:00,10,237,7
2024-01-24 04:00:00,1,230,17
2024-01-24 04:00:00,2,132,10
2024-01-24 04:00:00,3,141,10
2024-01-24 04:00:00,4,79,9
2024-01-24 04:00:00,5,162,9
2024-01-24 04:00:00,6,239,9
2024-01-24 04:00:00,7,249,9
2024-01-24 04:00:00,8,186,7
2024-01-24 04:00:00,9,229,7
2024-01-24 04:00:00,10,233,7
2024-01-24 05:00:00,1,186,60
2024-01-24 05:00:00,2,132,51
2024-01-24 05:00:00,3,48,39
2024-01-24 05:00:00,4,100,32
2024-01-24 05:00:00,5,162,28
2024-01-24 05:00:00,6,238,16
2024-01-24 05:00:00,7,161,15
2024-01-24 05:00:00,8,236,15
2024-01-24 05:00:00,9,170,13
2024-01-24 05:00:00,10,230,13
2024-01-24 06:00:00,1,186,124
2024-01-24 06:00:00,2,236,90
2024-01-24 06:00:00,3,162,84
2024-01-24 06:00:00,4,48,83
2024-01-24 06:00:00,5,132,80
2024-01-24 06:00:00,6,100,72
2024-01-24 06:00:00,7,262,58
2024-01-24 06:00:00,8,141,56
2024-01-24 06:00:00,9,238,47
2024-01-24 06:00:00,10,239,45
2024-01-24 07:00:00,1,236,292
2024-01-24 07:00:00,2,186,218
2024-01-24 07:00:00,3,237,200
2024-01-24 07:00:00,4,239,171
2024-01-24 07:00:00,5,162,153
2024-01-24 07:00:00,6,48,133
2024-01-24 07:00:00,7,141,133
2024-01-24 07:00:00,8,262,132
2024-01-24 07:00:00,9,132,129
2024-01-24 07:00:00,10,140,127
2024-01-24 08:00:00,1,236,372
2024-01-24 08:00:00,2,186,306
2024-01-24 08:00:00,3,237,271
2024-01-24 08:00:00,4,162,222
2024-01-24 08:00:00,5,239,197
2024-01-24 08:00:00,6,238,194
2024-01-24 08:00:00,7,140,187
2024-01-24 08:00:00,8,142,171
2024-01-24 08:00:00,9,141,167
2024-01-24 08:00:00,10,170,149
2024-01-24 09:00:00,1,236,368
2024-01-24 09:00:00,2,237,284
2024-01-24 09:00:00,3,186,276
2024-01-24 09:00:00,4,162,252
2024-01-24 09:00:00,5,161,195
2024-01-24 09:00:00,6,170,169
2024-01-24 09:00:00,7,140,166
2024-01-24 09:00:00,8,262,158
2024-01-24 09:00:00,9,142,156
2024-01-24 09:00:00,10,239,153
2024-01-24 10:00:00,1,236,308
2024-01-24 10:00:00,2,237,286
2024-01-24 10:00:00,3,161,209
2024-01-24 10:00:00,4,186,208
2024-01-24 10:00:00,5,162,183
2024-01-24 10:00:00,6,170,174
2024-01-24 10:00:00,7,239,166
2024-01-24 10:00:00,8,140,163
2024-01-24 10:00:00,9,138,155
2024-01-24 10:00:00,10,142,151
2024-01-24 11:00:00,1,236,365
2024-01-24 11:00:00,2,237,362
2024-01-24 11:00:00,3,161,267
2024-01-24 11:00:00,4,186,203
2024-01-24 11:00:00,5,170,193
2024-01-24 11:00:00,6,239,187
2024-01-24 11:00:00,7,162,178
2024-01-24 11:00:00,8,163,163
2024-01-24 11:00:00,9,142,152
2024-01-24 11:00:00,10,140,150
2024-01-24 12:00:00,1,237,435
2024-01-24 12:00:00,2,236,392
2024-01-24 12:00:00,3,161,320
2024-01-24 12:00:00,4,162,233
2024-01-24 12:00:00,5,142,216
2024-01-24 12:00:00,6,186,201
2024-01-24 12:00:00,7,170,181
2024-01-24 12:00:00,8,239,179
2024-01-24 12:00:00,9,163,178
2024-01-24 12:00:00,10,140,176
2024-01-24 13:00:00,1,237,436
2024-01-24 13:00:00,2,161,355
2024-01-24 13:00:00,3,236,327
2024-01-24 13:00:00,4,162,222
2024-01-24 13:00:00,5,163,221
2024-01-24 13:00:00,6,170,219
2024-01-24 13:00:00,7,239,175
2024-01-24 13:00:00,8,234,171
2024-01-24 13:00:00,9,238,169
2024-01-24 13:00:00,10,230,162
2024-01-24 14:00:00,1,237,459
2024-01-24 14:00:00,2,161,442
2024-01-24 14:00:00,3,236,347
2024-01-24 14:00:00,4,162,260
2024-01-24 14:00:00,5,170,247
2024-01-24 14:00:00,6,163,246
2024-01-24 14:00:00,7,142,218
2024-01-24 14:00:00,8,140,207
2024-01-24 14:00:00,9,234,202
2024-01-24 14:00:00,10,239,193
2024-01-24 15:00:00,1,237,475
2024-01-24 15:00:00,2,236,467
2024-01-24 15:00:00,3,161,384
2024-01-24 15:00:00,4,162,292
2024-01-24 15:00:00,5,132,250
2024-01-24 15:00:00,6,163,213
2024-01-24 15:00:00,7,234,213
2024-01-24 15:00:00,8,140,212
2024-01-24 15:00:00,9,142,209
2024-01-24 15:00:00,10,170,201
2024-01-24 16:00:00,1,161,446
2024-01-24 16:00:00,2,237,411
2024-01-24 16:00:00,3,236,359
2024-01-24 16:00:00,4,162,302
2024-01-24 16:00:00,5,132,284
2024-01-24 16:00:00,6,230,273
2024-01-24 16:00:00,7,163,231
2024-01-24 16:00:00,8,170,227
2024-01-24 16:00:00,9,140,219
2024-01-24 16:00:00,10,138,210
2024-01-24 17:00:00,1,161,615
2024-01-24 17:00:00,2,237,417
2024-01-24 17:00:00,3,162,408
2024-01-24 17:00:00,4,236,401
2024-01-24 17:00:00,5,163,286
2024-01-24 17:00:00,6,230,282
2024-01-24 17:00:00,7,170,278
2024-01-24 17:00:00,8,140,245
2024-01-24 17:00:00,9,132,243
2024-01-24 17:00:00,10,234,242
2024-01-24 18:00:00,1,161,722
2024-01-24 18:00:00,2,162,474
2024-01-24 18:00:00,3,237,444
2024-01-24 18:00:00,4,236,366
2024-01-24 18:00:00,5,163,324
2024-01-24 18:00:00,6,230,313
2024-01-24 18:00:00,7,234,274
2024-01-24 18:00:00,8,170,268
2024-01-24 18:00:00,9,142,253
2024-01-24 18:00:00,10,68,213
2024-01-24 19:00:00,1,161,575
2024-01-24 19:00:00,2,237,395
2024-01-24 19:00:00,3,162,377
2024-01-24 19:00:00,4,230,281
2024-01-24 19:00:00,5,163,276
2024-01-24 19:00:00,6,138,262
2024-01-24 19:00:00,7,236,254
2024-01-24 19:00:00,8,170,249
2024-01-24 19:00:00,9,142,240
2024-01-24 19:00:00,10,234,232
2024-01-24 20:00:00,1,161,563
2024-01-24 20:00:00,2,237,343
2024-01-24 20:00:00,3,162,331
2024-01-24 20:00:00,4,230,286
2024-01-24 20:00:00,5,234,239
2024-01-24 20:00:00,6,163,234
2024-01-24 20:00:00,7,236,228
2024-01-24 20:00:00,8,132,226
2024-01-24 20:00:00,9,68,219
2024-01-24 20:00:00,10,142,199
2024-01-24 21:00:00,1,161,462
2024-01-24 21:00:00,2,230,366
2024-01-24 21:00:00,3,142,322
2024-01-24 21:00:00,4,237,322
2024-01-24 21:00:00,5,162,247
2024-01-24 21:00:00,6,234,247
2024-01-24 21:00:00,7,170,213
2024-01-24 21:00:00,8,163,209
2024-01-24 21:00:00,9,132,196
2024-01-24 21:00:00,10,68,193
2024-01-24 22:00:00,1,142,409
2024-01-24 22:00:00,2,230,373
2024-01-24 22:00:00,3,161,314
2024-01-24 22:00:00,4,186,244
2024-01-24 22:00:00,5,163,242
2024-01-24 22:00:00,6,48,226
2024-01-24 22:00:00,7,162,222
2024-01-24 22:00:00,8,249,220
2024-01-24 22:00:00,9,234,218
2024-01-24 22:00:00,10,237,201
2024-01-24 23:00:00,1,142,317
2024-01-24 23:00:00,2,132,274
2024-01-24 23:00:00,3,186,170
2024-01-24 23:00:00,4,230,155
2024-01-24 23:00:00,5,249,154
2024-01-24 23:00:00,6,138,149
2024-01-24 23:00:00,7,164,145
2024-01-24 23:00:00,8,161,137
2024-01-24 23:00:00,9,48,127
2024-01-24 23:00:00,10,234,119
2024-01-25 00:00:00,1,186,135
2024-01-25 00:00:00,2,132,125
2024-01-25 00:00:00,3,230,81
2024-01-25 00:00:00,4,48,79
2024-01-25 00:00:00,5,114,71
2024-01-25 00:00:00,6,249,68
2024-01-25 00:00:00,7,79,66
2024-01-25 00:00:00,8,164,62
2024-01-25 00:00:00,9,161,56
2024-01-25 00:00:00,10,234,56
2024-01-25 01:00:00,1,48,42
2024-01-25 01:00:00,2,249,37
2024-01-25 01:00:00,3,164,35
2024-01-25 01:00:00,4,186,35
2024-01-25 01:00:00,5,230,34
2024-01-25 01:00:00,6,79,33
2024-01-25 01:00:00,7,246,30
2024-01-25 01:00:00,8,114,28
2024-01-25 01:00:00,9,161,27
2024-01-25 01:00:00,10,148,26
2024-01-25 02:00:00,1,246,34
2024-01-25 02:00:00,2,48,23
2024-01-25 02:00:00,3,249,23
2024-01-25 02:00:00,4,148,22
2024-01-25 02:00:00,5,68,17
2024-01-25 02:00:00,6,114,17
2024-01-25 02:00:00,7,230,17
2024-01-25 02:00:00,8,132,11
2024-01-25 02:00:00,9,231,11
2024-01-25 02:00:00,10,79,10
2024-01-25 03:00:00,1,246,33
2024-01-25 03:00:00,2,79,19
2024-01-25 03:00:00,3,148,19
2024-01-25 03:00:00,4,186,14
2024-01-25 03:00:00,5,230,13
2024-01-25 03:00:00,6,48,9
2024-01-25 03:00:00,7,68,8
2024-01-25 03:00:00,8,164,8
2024-01-25 03:00:00,9,249,8
2024-01-25 03:00:00,10,90,7
2024-01-25 04:00:00,1,48,19
2024-01-25 04:00:00,2,79,16
2024-01-25 04:00:00,3,148,13
2024-01-25 04:00:00,4,162,13
2024-01-25 04:00:00,5,249,11
2024-01-25 04:00:00,6,246,10
2024-01-25 04:00:00,7,163,8
2024-01-25 04:00:00,8,164,8
2024-01-25 04:00:00,9,186,8
2024-01-25 04:00:00,10,230,8
2024-01-25 05:00:00,1,132,73
2024-01-25 05:00:00,2,186,63
2024-01-25 05:00:00,3,48,55
2024-01-25 05:00:00,4,100,39
2024-01-25 05:00:00,5,162,32
2024-01-25 05:00:00,6,262,25
2024-01-25 05:00:00,7,170,21
2024-01-25 05:00:00,8,161,20
2024-01-25 05:00:00,9,230,18
2024-01-25 05:00:00,10,263,18
2024-01-25 06:00:00,1,186,148
2024-01-25 06:00:00,2,48,119
2024-01-25 06:00:00,3,162,114
2024-01-25 06:00:00,4,132,90
2024-01-25 06:00:00,5,236,78
2024-01-25 06:00:00,6,100,66
2024-01-25 06:00:00,7,262,60
2024-01-25 06:00:00,8,238,56
2024-01-25 06:00:00,9,239,56
2024-01-25 06:00:00,10,141,54
2024-01-25 07:00:00,1,236,285
2024-01-25 07:00:00,2,186,206
2024-01-25 07:00:00,3,237,178
2024-01-25 07:00:00,4,239,166
2024-01-25 07:00:00,5,48,156
2024-01-25 07:00:00,6,162,148
2024-01-25 07:00:00,7,262,144
2024-01-25 07:00:00,8,142,135
2024-01-25 07:00:00,9,132,127
2024-01-25 07:00:00,10,141,127
2024-01-25 08:00:00,1,236,398
2024-01-25 08:00:00,2,186,278
2024-01-25 08:00:00,3,237,266
2024-01-25 08:00:00,4,162,250
2024-01-25 08:00:00,5,140,214
2024-01-25 08:00:00,6,238,202
2024-01-25 08:00:00,7,141,193
2024-01-25 08:00:00,8,239,190
2024-01-25 08:00:00,9,142,183
2024-01-25 08:00:00,10,170,168
2024-01-25 09:00:00,1,236,363
2024-01-25 09:00:00,2,237,323
2024-01-25 09:00:00,3,186,283
2024-01-25 09:00:00,4,162,279
2024-01-25 09:00:00,5,161,219
2024-01-25 09:00:00,6,142,193
2024-01-25 09:00:00,7,170,189
2024-01-25 09:00:00,8,239,186
2024-01-25 09:00:00,9,140,175
2024-01-25 09:00:00,10,238,163
2024-01-25 10:00:00,1,236,397
2024-01-25 10:00:00,2,237,275
2024-01-25 10:00:00,3,186,233
2024-01-25 10:00:00,4,161,231
2024-01-25 10:00:00,5,170,194
2024-01-25 10:00:00,6,162,187
2024-01-25 10:00:00,7,138,158
2024-01-25 10:00:00,8,142,157
2024-01-25 10:00:00,9,239,153
2024-01-25 10:00:00,10,140,152
2024-01-25 11:00:00,1,236,342
2024-01-25 11:00:00,2,237,332
2024-01-25 11:00:00,3,161,295
2024-01-25 11:00:00,4,186,203
2024-01-25 11:00:00,5,162,192
2024-01-25 11:00:00,6,170,192
2024-01-25 11:00:00,7,230,164
2024-01-25 11:00:00,8,140,161
2024-01-25 11:00:00,9,163,156
2024-01-25 11:00:00,10,239,148
2024-01-25 12:00:00,1,237,371
2024-01-25 12:00:00,2,236,321
2024-01-25 12:00:00,3,161,294
2024-01-25 12:00:00,4,138,204
2024-01-25 12:00:00,5,162,183
2024-01-25 12:00:00,6,186,180
2024-01-25 12:00:00,7,230,164
2024-01-25 12:00:00,8,140,163
2024-01-25 12:00:00,9,170,160
2024-01-25 12:00:00,10,68,158
2024-01-25 13:00:00,1,237,385
2024-01-25 13:00:00,2,161,338
2024-01-25 13:00:00,3,236,291
2024-01-25 13:00:00,4,163,223
2024-01-25 13:00:00,5,162,212
2024-01-25 13:00:00,6,230,189
2024-01-25 13:00:00,7,170,186
2024-01-25 13:00:00,8,68,179
2024-01-25 13:00:00,9,132,177
2024-01-25 13:00:00,10,138,176
2024-01-25 14:00:00,1,237,436
2024-01-25 14:00:00,2,161,432
2024-01-25 14:00:00,3,236,381
2024-01-25 14:00:00,4,138,282
2024-01-25 14:00:00,5,162,239
2024-01-25 14:00:00,6,132,227
2024-01-25 14:00:00,7,170,226
2024-01-25 14:00:00,8,163,193
2024-01-25 14:00:00,9,140,182
2024-01-25 14:00:00,10,142,181
2024-01-25 15:00:00,1,236,474
2024-01-25 15:00:00,2,237,427
2024-01-25 15:00:00,3,161,378
2024-01-25 15:00:00,4,132,272
2024-01-25 15:00:00,5,162,261
2024-01-25 15:00:00,6,163,229
2024-01-25 15:00:00,7,170,221
2024-01-25 15:00:00,8,140,217
2024-01-25 15:00:00,9,230,203
2024-01-25 15:00:00,10,138,190
2024-01-25 16:00:00,1,161,411
2024-01-25 16:00:00,2,236,362
2024-01-25 16:00:00,3,237,352
2024-01-25 16:00:00,4,132,277
2024-01-25 16:00:00,5,162,272
2024-01-25 16:00:00,6,138,254
2024-01-25 16:00:00,7,230,227
2024-01-25 16:00:00,8,163,222
2024-01-25 16:00:00,9,140,205
2024-01-25 16:00:00,10,170,200
2024-01-25 17:00:00,1,161,569
2024-01-25 17:00:00,2,237,443
2024-01-25 17:00:00,3,236,435
2024-01-25 17:00:00,4,162,348
2024-01-25 17:00:00,5,163,299
2024-01-25 17:00:00,6,132,290
2024-01-25 17:00:00,7,170,248
2024-01-25 17:00:00,8,230,231
2024-01-25 17:00:00,9,234,229
2024-01-25 17:00:00,10,68,215
2024-01-25 18:00:00,1,161,630
2024-01-25 18:00:00,2,162,501
2024-01-25 18:00:00,3,237,429
2024-01-25 18:00:00,4,236,394
2024-01-25 18:00:00,5,163,320
2024-01-25 18:00:00,6,170,313
2024-01-25 18:00:00,7,246,303
2024-01-25 18:00:00,8,230,302
2024-01-25 18:00:00,9,68,290
2024-01-25 18:00:00,10,234,283
2024-01-25 19:00:00,1,161,530
2024-01-25 19:00:00,2,162,398
2024-01-25 19:00:00,3,237,395
2024-01-25 19:00:00,4,170,274
2024-01-25 19:00:00,5,236,268
2024-01-25 19:00:00,6,163,251
2024-01-25 19:00:00,7,68,248
2024-01-25 19:00:00,8,230,244
2024-01-25 19:00:00,9,138,241
2024-01-25 19:00:00,10,246,239
2024-01-25 20:00:00,1,161,503
2024-01-25 20:00:00,2,237,369
2024-01-25 20:00:00,3,162,305
2024-01-25 20:00:00,4,170,262
2024-01-25 20:00:00,5,230,249
2024-01-25 20:00:00,6,234,244
2024-01-25 20:00:00,7,236,244
2024-01-25 20:00:00,8,132,229
2024-01-25 20:00:00,9,142,218
2024-01-25 20:00:00,10,138,213
2024-01-25 21:00:00,1,161,535
2024-01-25 21:00:00,2,237,427
2024-01-25 21:00:00,3,230,389
2024-01-25 21:00:00,4,186,325
2024-01-25 21:00:00,5,142,305
2024-01-25 21:00:00,6,162,295
2024-01-25 21:00:00,7,164,266
2024-01-25 21:00:00,8,132,250
2024-01-25 21:00:00,9,170,241
2024-01-25 21:00:00,10,234,235
2024-01-25 22:00:00,1,161,385
2024-01-25 22:00:00,2,237,331
2024-01-25 22:00:00,3,142,314
2024-01-25 22:00:00,4,230,309
2024-01-25 22:00:00,5,249,295
2024-01-25 22:00:00,6,48,266
2024-01-25 22:00:00,7,163,264
2024-01-25 22:00:00,8,162,254
2024-01-25 22:00:00,9,132,240
2024-01-25 22:00:00,10,234,235
2024-01-25 23:00:00,1,249,293
2024-01-25 23:00:00,2,230,242
2024-01-25 23:00:00,3,132,238
2024-01-25 23:00:00,4,48,226
2024-01-25 23:00:00,5,79,193
2024-01-25 23:00:00,6,186,178
2024-01-25 23:00:00,7,237,177
2024-01-25 23:00:00,8,161,170
2024-01-25 23:00:00,9,114,164
2024-01-25 23:00:00,10,164,162
2024-01-26 00:00:00,1,249,167
2024-01-26 00:00:00,2,132,161
2024-01-26 00:00:00,3,114,150
2024-01-26 00:00:00,4,79,148
2024-01-26 00:00:00,5,48,124
2024-01-26 00:00:00,6,148,104
2024-01-26 00:00:00,7,230,98
2024-01-26 00:00:00,8,164,84
2024-01-26 00:00:00,9,237,79
2024-01-26 00:00:00,10,186,71
2024-01-26 01:00:00,1,249,104
2024-01-26 01:00:00,2,79,97
2024-01-26 01:00:00,3,114,78
2024-01-26 01:00:00,4,48,75
2024-01-26 01:00:00,5,148,69
2024-01-26 01:00:00,6,144,57
2024-01-26 01:00:00,7,230,48
2024-01-26 01:00:00,8,186,42
2024-01-26 01:00:00,9,132,41
2024-01-26 01:00:00,10,164,40
2024-01-26 02:00:00,1,249,67
2024-01-26 02:00:00,2,148,62
2024-01-26 02:00:00,3,79,59
2024-01-26 02:00:00,4,48,53
2024-01-26 02:00:00,5,114,50
2024-01-26 02:00:00,6,144,39
2024-01-26 02:00:00,7,68,35
2024-01-26 02:00:00,8,230,30
2024-01-26 02:00:00,9,246,28
2024-01-26 02:00:00,10,163,20
2024-01-26 03:00:00,1,79,56
2024-01-26 03:00:00,2,148,51
2024-01-26 03:00:00,3,48,39
2024-01-26 03:00:00,4,249,39
2024-01-26 03:00:00,5,68,28
2024-01-26 03:00:00,6,246,28
2024-01-26 03:00:00,7,164,20
2024-01-26 03:00:00,8,231,18
2024-01-26 03:00:00,9,230,17
2024-01-26 03:00:00,10,114,14
2024-01-26 04:00:00,1,230,27
2024-01-26 04:00:00,2,48,25
2024-01-26 04:00:00,3,90,21
2024-01-26 04:00:00,4,79,19
2024-01-26 04:00:00,5,144,18
2024-01-26 04:00:00,6,148,18
2024-01-26 04:00:00,7,249,16
2024-01-26 04:00:00,8,263,15
2024-01-26 04:00:00,9,141,12
2024-01-26 04:00:00,10,114,11
2024-01-26 05:00:00,1,186,49
2024-01-26 05:00:00,2,132,45
2024-01-26 05:00:00,3,162,42
2024-01-26 05:00:00,4,48,41
2024-01-26 05:00:00,5,100,34
2024-01-26 05:00:00,6,230,28
2024-01-26 05:00:00,7,141,21
2024-01-26 05:00:00,8,161,21
2024-01-26 05:00:00,9,236,19
2024-01-26 05:00:00,10,239,19
2024-01-26 06:00:00,1,162,114
2024-01-26 06:00:00,2,186,113
2024-01-26 06:00:00,3,132,112
2024-01-26 06:00:00,4,236,99
2024-01-26 06:00:00,5,48,87
2024-01-26 06:00:00,6,262,74
2024-01-26 06:00:00,7,237,73
2024-01-26 06:00:00,8,100,63
2024-01-26 06:00:00,9,263,58
2024-01-26 06:00:00,10,238,53
2024-01-26 07:00:00,1,236,308
2024-01-26 07:00:00,2,237,239
2024-01-26 07:00:00,3,162,184
2024-01-26 07:00:00,4,262,143
2024-01-26 07:00:00,5,239,140
2024-01-26 07:00:00,6,141,137
2024-01-26 07:00:00,7,132,128
2024-01-26 07:00:00,8,186,124
2024-01-26 07:00:00,9,263,124
2024-01-26 07:00:00,10,238,123
2024-01-26 08:00:00,1,236,365
2024-01-26 08:00:00,2,237,289
2024-01-26 08:00:00,3,162,181
2024-01-26 08:00:00,4,140,172
2024-01-26 08:00:00,5,186,170
2024-01-26 08:00:00,6,239,169
2024-01-26 08:00:00,7,141,157
2024-01-26 08:00:00,8,262,157
2024-01-26 08:00:00,9,238,153
2024-01-26 08:00:00,10,142,151
2024-01-26 09:00:00,1,236,321
2024-01-26 09:00:00,2,237,271
2024-01-26 09:00:00,3,239,195
2024-01-26 09:00:00,4,186,188
2024-01-26 09:00:00,5,161,169
2024-01-26 09:00:00,6,162,161
2024-01-26 09:00:00,7,238,158
2024-01-26 09:00:00,8,142,149
2024-01-26 09:00:00,9,138,148
2024-01-26 09:00:00,10,141,147
2024-01-26 10:00:00,1,236,358
2024-01-26 10:00:00,2,237,335
2024-01-26 10:00:00,3,162,208
2024-01-26 10:00:00,4,161,205
2024-01-26 10:00:00,5,186,186
2024-01-26 10:00:00,6,138,174
2024-01-26 10:00:00,7,230,169
2024-01-26 10:00:00,8,239,168
2024-01-26 10:00:00,9,142,164
2024-01-26 10:00:00,10,170,163
2024-01-26 11:00:00,1,237,327
2024-01-26 11:00:00,2,236,310
2024-01-26 11:00:00,3,161,254
2024-01-26 11:00:00,4,142,175
2024-01-26 11:00:00,5,162,166
2024-01-26 11:00:00,6,138,163
2024-01-26 11:00:00,7,170,162
2024-01-26 11:00:00,8,186,159
2024-01-26 11:00:00,9,163,153
2024-01-26 11:00:00,10,239,148
2024-01-26 12:00:00,1,236,341
2024-01-26 12:00:00,2,237,327
2024-01-26 12:00:00,3,161,268
2024-01-26 12:00:00,4,138,204
2024-01-26 12:00:00,5,162,189
2024-01-26 12:00:00,6,186,187
2024-01-26 12:00:00,7,132,182
2024-01-26 12:00:00,8,140,178
2024-01-26 12:00:00,9,163,178
2024-01-26 12:00:00,10,170,170
2024-01-26 13:00:00,1,237,403
2024-01-26 13:00:00,2,236,345
2024-01-26 13:00:00,3,161,312
2024-01-26 13:00:00,4,162,203
2024-01-26 13:00:00,5,138,196
2024-01-26 13:00:00,6,170,195
2024-01-26 13:00:00,7,68,190
2024-01-26 13:00:00,8,239,185
2024-01-26 13:00:00,9,186,173
2024-01-26 13:00:00,10,142,167
2024-01-26 14:00:00,1,237,433
2024-01-26 14:00:00,2,236,407
2024-01-26 14:00:00,3,161,352
2024-01-26 14:00:00,4,138,257
2024-01-26 14:00:00,5,162,235
2024-01-26 14:00:00,6,132,207
2024-01-26 14:00:00,7,239,206
2024-01-26 14:00:00,8,170,205
2024-01-26 14:00:00,9,163,194
2024-01-26 14:00:00,10,186,193
2024-01-26 15:00:00,1,236,455
2024-01-26 15:00:00,2,237,388
2024-01-26 15:00:00,3,161,370
2024-01-26 15:00:00,4,132,248
2024-01-26 15:00:00,5,186,224
2024-01-26 15:00:00,6,142,217
2024-01-26 15:00:00,7,162,215
2024-01-26 15:00:00,8,239,215
2024-01-26 15:00:00,9,163,197
2024-01-26 15:00:00,10,238,196
2024-01-26 16:00:00,1,161,373
2024-01-26 16:00:00,2,236,360
2024-01-26 16:00:00,3,237,335
2024-01-26 16:00:00,4,132,309
2024-01-26 16:00:00,5,162,260
2024-01-26 16:00:00,6,163,207
2024-01-26 16:00:00,7,170,206
2024-01-26 16:00:00,8,186,198
2024-01-26 16:00:00,9,239,187
2024-01-26 16:00:00,10,138,179
2024-01-26 17:00:00,1,161,424
2024-01-26 17:00:00,2,236,364
2024-01-26 17:00:00,3,237,351
2024-01-26 17:00:00,4,162,305
2024-01-26 17:00:00,5,132,303
2024-01-26 17:00:00,6,170,273
2024-01-26 17:00:00,7,163,243
2024-01-26 17:00:00,8,142,229
2024-01-26 17:00:00,9,186,222
2024-01-26 17:00:00,10,140,216
2024-01-26 18:00:00,1,161,406
2024-01-26 18:00:00,2,237,400
2024-01-26 18:00:00,3,236,374
2024-01-26 18:00:00,4,162,317
2024-01-26 18:00:00,5,186,237
2024-01-26 18:00:00,6,142,232
2024-01-26 18:00:00,7,170,219
2024-01-26 18:00:00,8,230,218
2024-01-26 18:00:00,9,132,214
2024-01-26 18:00:00,10,163,213
2024-01-26 19:00:00,1,237,368
2024-01-26 19:00:00,2,236,305
2024-01-26 19:00:00,3,161,281
2024-01-26 19:00:00,4,162,275
2024-01-26 19:00:00,5,138,235
2024-01-26 19:00:00,6,132,234
2024-01-26 19:00:00,7,170,227
2024-01-26 19:00:00,8,141,221
2024-01-26 19:00:00,9,186,202
2024-01-26 19:00:00,10,68,192
2024-01-26 20:00:00,1,237,300
2024-01-26 20:00:00,2,236,202
2024-01-26 20:00:00,3,142,197
2024-01-26 20:00:00,4,161,193
2024-01-26 20:00:00,5,234,191
2024-01-26 20:00:00,6,249,184
2024-01-26 20:00:00,7,138,182
2024-01-26 20:00:00,8,132,177
2024-01-26 20:00:00,9,79,171
2024-01-26 20:00:00,10,68,158
2024-01-26 21:00:00,1,186,325
2024-01-26 21:00:00,2,230,286
2024-01-26 21:00:00,3,237,267
2024-01-26 21:00:00,4,132,224
2024-01-26 21:00:00,5,249,216
2024-01-26 21:00:00,6,161,205
2024-01-26 21:00:00,7,142,202
2024-01-26 21:00:00,8,79,200
2024-01-26 21:00:00,9,48,196
2024-01-26 21:00:00,10,236,186
2024-01-26 22:00:00,1,142,537
2024-01-26 22:00:00,2,230,314
2024-01-26 22:00:00,3,249,286
2024-01-26 22:00:00,4,237,279
2024-01-26 22:00:00,5,79,263
2024-01-26 22:00:00,6,161,256
2024-01-26 22:00:00,7,132,252
2024-01-26 22:00:00,8,48,234
2024-01-26 22:00:00,9,163,233
2024-01-26 22:00:00,10,186,197
2024-01-26 23:00:00,1,249,427
2024-01-26 23:00:00,2,79,338
2024-01-26 23:00:00,3,142,273
2024-01-26 23:00:00,4,48,264
2024-01-26 23:00:00,5,114,249
2024-01-26 23:00:00,6,234,239
2024-01-26 23:00:00,7,230,235
2024-01-26 23:00:00,8,237,232
2024-01-26 23:00:00,9,148,178
2024-01-26 23:00:00,10,68,174
2024-01-27 00:00:00,1,79,542
2024-01-27 00:00:00,2,249,511
2024-01-27 00:00:00,3,114,311
2024-01-27 00:00:00,4,148,280
2024-01-27 00:00:00,5,48,185
2024-01-27 00:00:00,6,234,173
2024-01-27 00:00:00,7,107,157
2024-01-27 00:00:00,8,164,143
2024-01-27 00:00:00,9,144,142
2024-01-27 00:00:00,10,158,141
2024-01-27 01:00:00,1,79,628
2024-01-27 01:00:00,2,249,446
2024-01-27 01:00:00,3,148,433
2024-01-27 01:00:00,4,114,347
2024-01-27 01:00:00,5,158,173
2024-01-27 01:00:00,6,144,156
2024-01-27 01:00:00,7,113,129
2024-01-27 01:00:00,8,48,127
2024-01-27 01:00:00,9,234,118
2024-01-27 01:00:00,10,211,115
2024-01-27 02:00:00,1,79,543
2024-01-27 02:00:00,2,148,373
2024-01-27 02:00:00,3,249,315
2024-01-27 02:00:00,4,114,311
2024-01-27 02:00:00,5,144,185
2024-01-27 02:00:00,6,158,127
2024-01-27 02:00:00,7,48,106
2024-01-27 02:00:00,8,107,101
2024-01-27 02:00:00,9,211,90
2024-01-27 02:00:00,10,4,87
2024-01-27 03:00:00,1,79,264
2024-01-27 03:00:00,2,148,205
2024-01-27 03:00:00,3,114,140
2024-01-27 03:00:00,4,249,138
2024-01-27 03:00:00,5,144,130
2024-01-27 03:00:00,6,48,102
2024-01-27 03:00:00,7,246,68
2024-01-27 03:00:00,8,68,62
2024-01-27 03:00:00,9,107,51
2024-01-27 03:00:00,10,231,50
2024-01-27 04:00:00,1,79,101
2024-01-27 04:00:00,2,148,98
2024-01-27 04:00:00,3,48,61
2024-01-27 04:00:00,4,144,59
2024-01-27 04:00:00,5,246,46
2024-01-27 04:00:00,6,249,41
2024-01-27 04:00:00,7,164,36
2024-01-27 04:00:00,8,68,35
2024-01-27 04:00:00,9,107,32
2024-01-27 04:00:00,10,114,31
2024-01-27 05:00:00,1,132,71
2024-01-27 05:00:00,2,48,25
2024-01-27 05:00:00,3,186,22
2024-01-27 05:00:00,4,230,16
2024-01-27 05:00:00,5,68,14
2024-01-27 05:00:00,6,229,14
2024-01-27 05:00:00,7,100,13
2024-01-27 05:00:00,8,79,12
2024-01-27 05:00:00,9,90,12
2024-01-27 05:00:00,10,262,11
2024-01-27 06:00:00,1,132,83
2024-01-27 06:00:00,2,186,35
2024-01-27 06:00:00,3,162,34
2024-01-27 06:00:00,4,100,27
2024-01-27 06:00:00,5,237,24
2024-01-27 06:00:00,6,263,24
2024-01-27 06:00:00,7,48,23
2024-01-27 06:00:00,8,141,19
2024-01-27 06:00:00,9,161,19
2024-01-27 06:00:00,10,236,19
2024-01-27 07:00:00,1,132,105
2024-01-27 07:00:00,2,236,55
2024-01-27 07:00:00,3,141,48
2024-01-27 07:00:00,4,48,46
2024-01-27 07:00:00,5,162,44
2024-01-27 07:00:00,6,140,36
2024-01-27 07:00:00,7,230,36
2024-01-27 07:00:00,8,239,36
2024-01-27 07:00:00,9,142,34
2024-01-27 07:00:00,10,107,33
2024-01-27 08:00:00,1,236,101
2024-01-27 08:00:00,2,132,97
2024-01-27 08:00:00,3,237,96
2024-01-27 08:00:00,4,238,85
2024-01-27 08:00:00,5,239,82
2024-01-27 08:00:00,6,186,81
2024-01-27 08:00:00,7,262,76
2024-01-27 08:00:00,8,141,73
2024-01-27 08:00:00,9,107,68
2024-01-27 08:00:00,10,263,65
2024-01-27 09:00:00,1,236,168
2024-01-27 09:00:00,2,237,148
2024-01-27 09:00:00,3,239,145
2024-01-27 09:00:00,4,141,119
2024-01-27 09:00:00,5,238,119
2024-01-27 09:00:00,6,162,104
2024-01-27 09:00:00,7,142,101
2024-01-27 09:00:00,8,262,100
2024-01-27 09:00:00,9,186,91
2024-01-27 09:00:00,10,229,91
2024-01-27 10:00:00,1,236,253
2024-01-27 10:00:00,2,237,194
2024-01-27 10:00:00,3,186,180
2024-01-27 10:00:00,4,230,173
2024-01-27 10:00:00,5,239,166
2024-01-27 10:00:00,6,141,158
2024-01-27 10:00:00,7,170,141
2024-01-27 10:00:00,8,238,141
2024-01-27 10:00:00,9,142,140
2024-01-27 10:00:00,10,161,139
2024-01-27 11:00:00,1,236,283
2024-01-27 11:00:00,2,237,234
2024-01-27 11:00:00,3,186,229
2024-01-27 11:00:00,4,239,203
2024-01-27 11:00:00,5,162,186
2024-01-27 11:00:00,6,142,178
2024-01-27 11:00:00,7,68,175
2024-01-27 11:00:00,8,161,172
2024-01-27 11:00:00,9,141,161
2024-01-27 11:00:00,10,230,158
2024-01-27 12:00:00,1,236,350
2024-01-27 12:00:00,2,237,315
2024-01-27 12:00:00,3,186,272
2024-01-27 12:00:00,4,161,224
2024-01-27 12:00:00,5,246,212
2024-01-27 12:00:00,6,239,204
2024-01-27 12:00:00,7,162,192
2024-01-27 12:00:00,8,142,182
2024-01-27 12:00:00,9,170,175
2024-01-27 12:00:00,10,141,173
2024-01-27 13:00:00,1,237,352
2024-01-27 13:00:00,2,236,329
2024-01-27 13:00:00,3,161,278
2024-01-27 13:00:00,4,246,258
2024-01-27 13:00:00,5,239,217
2024-01-27 13:00:00,6,142,216
2024-01-27 13:00:00,7,68,213
2024-01-27 13:00:00,8,186,206
2024-01-27 13:00:00,9,141,194
2024-01-27 13:00:00,10,163,187
2024-01-27 14:00:00,1,237,361
2024-01-27 14:00:00,2,236,313
2024-01-27 14:00:00,3,246,300
2024-01-27 14:00:00,4,161,251
2024-01-27 14:00:00,5,132,216
2024-01-27 14:00:00,6,186,205
2024-01-27 14:00:00,7,239,203
2024-01-27 14:00:00,8,234,197
2024-01-27 14:00:00,9,68,191
2024-01-27 14:00:00,10,141,182
2024-01-27 15:00:00,1,237,370
2024-01-27 15:00:00,2,246,303
2024-01-27 15:00:00,3,236,291
2024-01-27 15:00:00,4,161,226
2024-01-27 15:00:00,5,239,226
2024-01-27 15:00:00,6,234,203
2024-01-27 15:00:00,7,142,201
2024-01-27 15:00:00,8,132,198
2024-01-27 15:00:00,9,68,185
2024-01-27 15:00:00,10,163,173
2024-01-27 16:00:00,1,142,362
2024-01-27 16:00:00,2,161,332
2024-01-27 16:00:00,3,237,315
2024-01-27 16:00:00,4,132,285
2024-01-27 16:00:00,5,246,281
2024-01-27 16:00:00,6,236,269
2024-01-27 16:00:00,7,230,252
2024-01-27 16:00:00,8,239,204
2024-01-27 16:00:00,9,43,195
2024-01-27 16:00:00,10,234,192
2024-01-27 17:00:00,1,237,335
2024-01-27 17:00:00,2,236,301
2024-01-27 17:00:00,3,161,284
2024-01-27 17:00:00,4,186,283
2024-01-27 17:00:00,5,142,282
2024-01-27 17:00:00,6,239,222
2024-01-27 17:00:00,7,132,219
2024-01-27 17:00:00,8,246,219
2024-01-27 17:00:00,9,230,202
2024-01-27 17:00:00,10,68,198
2024-01-27 18:00:00,1,237,355
2024-01-27 18:00:00,2,236,331
2024-01-27 18:00:00,3,142,292
2024-01-27 18:00:00,4,161,286
2024-01-27 18:00:00,5,186,278
2024-01-27 18:00:00,6,141,232
2024-01-27 18:00:00,7,239,221
2024-01-27 18:00:00,8,249,211
2024-01-27 18:00:00,9,162,198
2024-01-27 18:00:00,10,170,196
2024-01-27 19:00:00,1,236,289
2024-01-27 19:00:00,2,237,289
2024-01-27 19:00:00,3,142,238
2024-01-27 19:00:00,4,249,234
2024-01-27 19:00:00,5,132,230
2024-01-27 19:00:00,6,161,226
2024-01-27 19:00:00,7,141,217
2024-01-27 19:00:00,8,79,199
2024-01-27 19:00:00,9,162,199
2024-01-27 19:00:00,10,163,199
2024-01-27 20:00:00,1,249,257
2024-01-27 20:00:00,2,237,222
2024-01-27 20:00:00,3,132,212
2024-01-27 20:00:00,4,79,208
2024-01-27 20:00:00,5,142,201
2024-01-27 20:00:00,6,234,179
2024-01-27 20:00:00,7,236,172
2024-01-27 20:00:00,8,141,169
2024-01-27 20:00:00,9,163,161
2024-01-27 20:00:00,10,161,158
2024-01-27 21:00:00,1,142,389
2024-01-27 21:00:00,2,249,363
2024-01-27 21:00:00,3,79,285
2024-01-27 21:00:00,4,230,266
2024-01-27 21:00:00,5,132,244
2024-01-27 21:00:00,6,239,232
2024-01-27 21:00:00,7,161,229
2024-01-27 21:00:00,8,237,226
2024-01-27 21:00:00,9,48,222
2024-01-27 21:00:00,10,186,219
2024-01-27 22:00:00,1,142,422
2024-01-27 22:00:00,2,230,415
2024-01-27 22:00:00,3,249,405
2024-01-27 22:00:00,4,79,337
2024-01-27 22:00:00,5,48,315
2024-01-27 22:00:00,6,161,275
2024-01-27 22:00:00,7,239,251
2024-01-27 22:00:00,8,132,239
2024-01-27 22:00:00,9,234,220
2024-01-27 22:00:00,10,163,216
2024-01-27 23:00:00,1,249,467
2024-01-27 23:00:00,2,142,445
2024-01-27 23:00:00,3,79,438
2024-01-27 23:00:00,4,114,329
2024-01-27 23:00:00,5,230,327
2024-01-27 23:00:00,6,48,308
2024-01-27 23:00:00,7,234,244
2024-01-27 23:00:00,8,107,228
2024-01-27 23:00:00,9,186,213
2024-01-27 23:00:00,10,148,200
2024-01-28 00:00:00,1,79,619
2024-01-28 00:00:00,2,249,446
2024-01-28 00:00:00,3,148,302
2024-01-28 00:00:00,4,114,290
2024-01-28 00:00:00,5,107,276
2024-01-28 00:00:00,6,48,263
2024-01-28 00:00:00,7,142,239
2024-01-28 00:00:00,8,234,203
2024-01-28 00:00:00,9,90,193
2024-01-28 00:00:00,10,164,193
2024-01-28 01:00:00,1,79,682
2024-01-28 01:00:00,2,249,501
2024-01-28 01:00:00,3,148,384
2024-01-28 01:00:00,4,114,332
2024-01-28 01:00:00,5,107,251
2024-01-28 01:00:00,6,234,219
2024-01-28 01:00:00,7,158,186
2024-01-28 01:00:00,8,144,185
2024-01-28 01:00:00,9,48,180
2024-01-28 01:00:00,10,90,163
2024-01-28 02:00:00,1,79,528
2024-01-28 02:00:00,2,148,405
2024-01-28 02:00:00,3,114,363
2024-01-28 02:00:00,4,249,323
2024-01-28 02:00:00,5,48,159
2024-01-28 02:00:00,6,144,146
2024-01-28 02:00:00,7,158,127
2024-01-28 02:00:00,8,246,123
2024-01-28 02:00:00,9,107,114
2024-01-28 02:00:00,10,68,107
2024-01-28 03:00:00,1,79,334
2024-01-28 03:00:00,2,148,273
2024-01-28 03:00:00,3,249,240
2024-01-28 03:00:00,4,114,174
2024-01-28 03:00:00,5,48,144
2024-01-28 03:00:00,6,246,138
2024-01-28 03:00:00,7,144,127
2024-01-28 03:00:00,8,68,95
2024-01-28 03:00:00,9,107,77
2024-01-28 03:00:00,10,158,76
2024-01-28 04:00:00,1,79,171
2024-01-28 04:00:00,2,148,144
2024-01-28 04:00:00,3,48,101
2024-01-28 04:00:00,4,249,84
2024-01-28 04:00:00,5,144,79
2024-01-28 04:00:00,6,246,74
2024-01-28 04:00:00,7,68,66
2024-01-28 04:00:00,8,164,64
2024-01-28 04:00:00,9,230,51
2024-01-28 04:00:00,10,114,45
2024-01-28 05:00:00,1,132,57
2024-01-28 05:00:00,2,48,28
2024-01-28 05:00:00,3,230,23
2024-01-28 05:00:00,4,164,19
2024-01-28 05:00:00,5,186,15
2024-01-28 05:00:00,6,170,14
2024-01-28 05:00:00,7,68,13
2024-01-28 05:00:00,8,229,13
2024-01-28 05:00:00,9,100,12
2024-01-28 05:00:00,10,163,12
2024-01-28 06:00:00,1,132,67
2024-01-28 06:00:00,2,186,38
2024-01-28 06:00:00,3,230,37
2024-01-28 06:00:00,4,48,31
2024-01-28 06:00:00,5,263,26
2024-01-28 06:00:00,6,162,24
2024-01-28 06:00:00,7,100,22
2024-01-28 06:00:00,8,79,21
2024-01-28 06:00:00,9,164,21
2024-01-28 06:00:00,10,107,18
2024-01-28 07:00:00,1,132,147
2024-01-28 07:00:00,2,230,53
2024-01-28 07:00:00,3,236,48
2024-01-28 07:00:00,4,162,43
2024-01-28 07:00:00,5,186,43
2024-01-28 07:00:00,6,48,42
2024-01-28 07:00:00,7,141,39
2024-01-28 07:00:00,8,142,38
2024-01-28 07:00:00,9,237,37
2024-01-28 07:00:00,10,262,33
2024-01-28 08:00:00,1,132,88
2024-01-28 08:00:00,2,230,82
2024-01-28 08:00:00,3,236,78
2024-01-28 08:00:00,4,239,78
2024-01-28 08:00:00,5,48,65
2024-01-28 08:00:00,6,238,62
2024-01-28 08:00:00,7,161,58
2024-01-28 08:00:00,8,163,56
2024-01-28 08:00:00,9,141,54
2024-01-28 08:00:00,10,162,54
2024-01-28 09:00:00,1,236,156
2024-01-28 09:00:00,2,230,137
2024-01-28 09:00:00,3,239,130
2024-01-28 09:00:00,4,161,123
2024-01-28 09:00:00,5,238,121
2024-01-28 09:00:00,6,237,108
2024-01-28 09:00:00,7,142,100
2024-01-28 09:00:00,8,132,92
2024-01-28 09:00:00,9,162,88
2024-01-28 09:00:00,10,141,87
2024-01-28 10:00:00,1,236,254
2024-01-28 10:00:00,2,230,175
2024-01-28 10:00:00,3,237,162
2024-01-28 10:00:00,4,239,158
2024-01-28 10:00:00,5,142,138
2024-01-28 10:00:00,6,132,137
2024-01-28 10:00:00,7,238,134
2024-01-28 10:00:00,8,263,130
2024-01-28 10:00:00,9,161,127
2024-01-28 10:00:00,10,186,127
2024-01-28 11:00:00,1,236,260
2024-01-28 11:00:00,2,237,256
2024-01-28 11:00:00,3,142,230
2024-01-28 11:00:00,4,239,224
2024-01-28 11:00:00,5,230,208
2024-01-28 11:00:00,6,161,188
2024-01-28 11:00:00,7,263,161
2024-01-28 11:00:00,8,141,156
2024-01-28 11:00:00,9,162,153
2024-01-28 11:00:00,10,186,148
2024-01-28 12:00:00,1,236,327
2024-01-28 12:00:00,2,186,277
2024-01-28 12:00:00,3,237,268
2024-01-28 12:00:00,4,239,245
2024-01-28 12:00:00,5,161,235
2024-01-28 12:00:00,6,142,222
2024-01-28 12:00:00,7,230,201
2024-01-28 12:00:00,8,141,190
2024-01-28 12:00:00,9,246,185
2024-01-28 12:00:00,10,162,180
2024-01-28 13:00:00,1,236,357
2024-01-28 13:00:00,2,237,319
2024-01-28 13:00:00,3,239,305
2024-01-28 13:00:00,4,142,287
2024-01-28 13:00:00,5,161,262
2024-01-28 13:00:00,6,186,254
2024-01-28 13:00:00,7,246,237
2024-01-28 13:00:00,8,141,227
2024-01-28 13:00:00,9,132,209
2024-01-28 13:00:00,10,68,203
2024-01-28 14:00:00,1,237,348
2024-01-28 14:00:00,2,236,312
2024-01-28 14:00:00,3,142,273
2024-01-28 14:00:00,4,161,251
2024-01-28 14:00:00,5,246,246
2024-01-28 14:00:00,6,239,240
2024-01-28 14:00:00,7,186,223
2024-01-28 14:00:00,8,138,216
2024-01-28 14:00:00,9,132,211
2024-01-28 14:00:00,10,68,185
2024-01-28 15:00:00,1,132,297
2024-01-28 15:00:00,2,236,280
2024-01-28 15:00:00,3,237,275
2024-01-28 15:00:00,4,246,264
2024-01-28 15:00:00,5,161,241
2024-01-28 15:00:00,6,239,232
2024-01-28 15:00:00,7,142,222
2024-01-28 15:00:00,8,186,203
2024-01-28 15:00:00,9,138,195
2024-01-28 15:00:00,10,234,185
2024-01-28 16:00:00,1,132,256
2024-01-28 16:00:00,2,237,248
2024-01-28 16:00:00,3,186,247
2024-01-28 16:00:00,4,138,245
2024-01-28 16:00:00,5,161,244
2024-01-28 16:00:00,6,246,230
2024-01-28 16:00:00,7,230,224
2024-01-28 16:00:00,8,163,215
2024-01-28 16:00:00,9,239,200
2024-01-28 16:00:00,10,236,198
2024-01-28 17:00:00,1,132,344
2024-01-28 17:00:00,2,230,269
2024-01-28 17:00:00,3,236,246
2024-01-28 17:00:00,4,142,236
2024-01-28 17:00:00,5,237,220
2024-01-28 17:00:00,6,161,219
2024-01-28 17:00:00,7,186,207
2024-01-28 17:00:00,8,239,198
2024-01-28 17:00:00,9,138,191
2024-01-28 17:00:00,10,162,161
2024-01-28 18:00:00,1,132,278
2024-01-28 18:00:00,2,138,237
2024-01-28 18:00:00,3,186,219
2024-01-28 18:00:00,4,236,209
2024-01-28 18:00:00,5,161,204
2024-01-28 18:00:00,6,237,199
2024-01-28 18:00:00,7,162,175
2024-01-28 18:00:00,8,142,173
2024-01-28 18:00:00,9,230,173
2024-01-28 18:00:00,10,68,168
2024-01-28 19:00:00,1,132,300
2024-01-28 19:00:00,2,138,212
2024-01-28 19:00:00,3,142,191
2024-01-28 19:00:00,4,237,151
2024-01-28 19:00:00,5,186,139
2024-01-28 19:00:00,6,161,135
2024-01-28 19:00:00,7,68,133
2024-01-28 19:00:00,8,162,133
2024-01-28 19:00:00,9,230,132
2024-01-28 19:00:00,10,236,122
2024-01-28 20:00:00,1,132,413
2024-01-28 20:00:00,2,138,302
2024-01-28 20:00:00,3,186,218
2024-01-28 20:00:00,4,142,133
2024-01-28 20:00:00,5,230,126
2024-01-28 20:00:00,6,161,125
2024-01-28 20:00:00,7,162,122
2024-01-28 20:00:00,8,236,112
2024-01-28 20:00:00,9,237,107
2024-01-28 20:00:00,10,68,105
2024-01-28 21:00:00,1,132,385
2024-01-28 21:00:00,2,138,233
2024-01-28 21:00:00,3,142,179
2024-01-28 21:00:00,4,230,179
2024-01-28 21:00:00,5,163,160
2024-01-28 21:00:00,6,186,149
2024-01-28 21:00:00,7,48,128
2024-01-28 21:00:00,8,249,109
2024-01-28 21:00:00,9,237,107
2024-01-28 21:00:00,10,161,106
2024-01-28 22:00:00,1,132,397
2024-01-28 22:00:00,2,138,292
2024-01-28 22:00:00,3,163,119
2024-01-28 22:00:00,4,186,109
2024-01-28 22:00:00,5,230,107
2024-01-28 22:00:00,6,48,93
2024-01-28 22:00:00,7,249,93
2024-01-28 22:00:00,8,79,86
2024-01-28 22:00:00,9,142,75
2024-01-28 22:00:00,10,114,67
2024-01-28 23:00:00,1,132,283
2024-01-28 23:00:00,2,138,242
2024-01-28 23:00:00,3,186,94
2024-01-28 23:00:00,4,48,69
2024-01-28 23:00:00,5,230,61
2024-01-28 23:00:00,6,68,60
2024-01-28 23:00:00,7,163,59
2024-01-28 23:00:00,8,142,57
2024-01-28 23:00:00,9,249,55
2024-01-28 23:00:00,10,114,51
2024-01-29 00:00:00,1,132,189
2024-01-29 00:00:00,2,138,135
2024-01-29 00:00:00,3,186,74
2024-01-29 00:00:00,4,48,54
2024-01-29 00:00:00,5,68,41
2024-01-29 00:00:00,6,114,39
2024-01-29 00:00:00,7,230,34
2024-01-29 00:00:00,8,79,29
2024-01-29 00:00:00,9,249,29
2024-01-29 00:00:00,10,234,23
2024-01-29 01:00:00,1,132,113
2024-01-29 01:00:00,2,48,31
2024-01-29 01:00:00,3,79,23
2024-01-29 01:00:00,4,186,22
2024-01-29 01:00:00,5,114,21
2024-01-29 01:00:00,6,230,19
2024-01-29 01:00:00,7,246,19
2024-01-29 01:00:00,8,249,18
2024-01-29 01:00:00,9,138,15
2024-01-29 01:00:00,10,263,14
2024-01-29 02:00:00,1,48,26
2024-01-29 02:00:00,2,138,25
2024-01-29 02:00:00,3,246,18
2024-01-29 02:00:00,4,249,14
2024-01-29 02:00:00,5,68,13
2024-01-29 02:00:00,6,79,13
2024-01-29 02:00:00,7,230,10
2024-01-29 02:00:00,8,125,9
2024-01-29 02:00:00,9,132,9
2024-01-29 02:00:00,10,186,9
2024-01-29 03:00:00,1,132,21
2024-01-29 03:00:00,2,48,19
2024-01-29 03:00:00,3,246,17
2024-01-29 03:00:00,4,79,13
2024-01-29 03:00:00,5,249,12
2024-01-29 03:00:00,6,230,10
2024-01-29 03:00:00,7,68,9
2024-01-29 03:00:00,8,125,9
2024-01-29 03:00:00,9,186,8
2024-01-29 03:00:00,10,141,6
2024-01-29 04:00:00,1,132,24
2024-01-29 04:00:00,2,230,13
2024-01-29 04:00:00,3,100,12
2024-01-29 04:00:00,4,79,11
2024-01-29 04:00:00,5,48,9
2024-01-29 04:00:00,6,249,9
2024-01-29 04:00:00,7,163,8
2024-01-29 04:00:00,8,229,8
2024-01-29 04:00:00,9,164,7
2024-01-29 04:00:00,10,186,7
2024-01-29 05:00:00,1,186,62
2024-01-29 05:00:00,2,100,55
2024-01-29 05:00:00,3,132,55
2024-01-29 05:00:00,4,48,30
2024-01-29 05:00:00,5,236,24
2024-01-29 05:00:00,6,262,23
2024-01-29 05:00:00,7,141,22
2024-01-29 05:00:00,8,162,22
2024-01-29 05:00:00,9,263,19
2024-01-29 05:00:00,10,170,18
2024-01-29 06:00:00,1,132,130
2024-01-29 06:00:00,2,186,114
2024-01-29 06:00:00,3,48,83
2024-01-29 06:00:00,4,162,82
2024-01-29 06:00:00,5,236,79
2024-01-29 06:00:00,6,262,62
2024-01-29 06:00:00,7,100,55
2024-01-29 06:00:00,8,263,52
2024-01-29 06:00:00,9,239,43
2024-01-29 06:00:00,10,238,39
2024-01-29 07:00:00,1,236,253
2024-01-29 07:00:00,2,186,163
2024-01-29 07:00:00,3,237,154
2024-01-29 07:00:00,4,132,153
2024-01-29 07:00:00,5,238,131
2024-01-29 07:00:00,6,262,131
2024-01-29 07:00:00,7,239,123
2024-01-29 07:00:00,8,141,116
2024-01-29 07:00:00,9,162,114
2024-01-29 07:00:00,10,263,98
2024-01-29 08:00:00,1,236,319
2024-01-29 08:00:00,2,237,246
2024-01-29 08:00:00,3,186,192
2024-01-29 08:00:00,4,140,168
2024-01-29 08:00:00,5,239,168
2024-01-29 08:00:00,6,162,163
2024-01-29 08:00:00,7,238,162
2024-01-29 08:00:00,8,262,150
2024-01-29 08:00:00,9,263,146
2024-01-29 08:00:00,10,142,144
2024-01-29 09:00:00,1,236,360
2024-01-29 09:00:00,2,237,289
2024-01-29 09:00:00,3,186,209
2024-01-29 09:00:00,4,138,208
2024-01-29 09:00:00,5,162,161
2024-01-29 09:00:00,6,238,148
2024-01-29 09:00:00,7,239,145
2024-01-29 09:00:00,8,161,144
2024-01-29 09:00:00,9,140,143
2024-01-29 09:00:00,10,142,140
2024-01-29 10:00:00,1,236,291
2024-01-29 10:00:00,2,237,290
2024-01-29 10:00:00,3,138,212
2024-01-29 10:00:00,4,186,208
2024-01-29 10:00:00,5,161,166
2024-01-29 10:00:00,6,140,160
2024-01-29 10:00:00,7,132,138
2024-01-29 10:00:00,8,170,137
2024-01-29 10:00:00,9,162,136
2024-01-29 10:00:00,10,68,133
2024-01-29 11:00:00,1,237,318
2024-01-29 11:00:00,2,236,271
2024-01-29 11:00:00,3,161,219
2024-01-29 11:00:00,4,162,168
2024-01-29 11:00:00,5,138,163
2024-01-29 11:00:00,6,140,162
2024-01-29 11:00:00,7,239,156
2024-01-29 11:00:00,8,170,155
2024-01-29 11:00:00,9,186,155
2024-01-29 11:00:00,10,230,140
2024-01-29 12:00:00,1,237,307
2024-01-29 12:00:00,2,236,281
2024-01-29 12:00:00,3,161,251
2024-01-29 12:00:00,4,162,207
2024-01-29 12:00:00,5,140,184
2024-01-29 12:00:00,6,186,168
2024-01-29 12:00:00,7,239,167
2024-01-29 12:00:00,8,138,161
2024-01-29 12:00:00,9,141,152
2024-01-29 12:00:00,10,132,150
2024-01-29 13:00:00,1,236,306
2024-01-29 13:00:00,2,237,299
2024-01-29 13:00:00,3,161,273
2024-01-29 13:00:00,4,138,243
2024-01-29 13:00:00,5,132,216
2024-01-29 13:00:00,6,142,192
2024-01-29 13:00:00,7,162,175
2024-01-29 13:00:00,8,163,157
2024-01-29 13:00:00,9,170,153
2024-01-29 13:00:00,10,186,153
2024-01-29 14:00:00,1,237,382
2024-01-29 14:00:00,2,236,350
2024-01-29 14:00:00,3,161,309
2024-01-29 14:00:00,4,132,269
2024-01-29 14:00:00,5,138,233
2024-01-29 14:00:00,6,142,193
2024-01-29 14:00:00,7,162,192
2024-01-29 14:00:00,8,140,190
2024-01-29 14:00:00,9,239,178
2024-01-29 14:00:00,10,141,170
2024-01-29 15:00:00,1,236,435
2024-01-29 15:00:00,2,237,351
2024-01-29 15:00:00,3,161,312
2024-01-29 15:00:00,4,132,268
2024-01-29 15:00:00,5,140,236
2024-01-29 15:00:00,6,162,195
2024-01-29 15:00:00,7,186,189
2024-01-29 15:00:00,8,238,181
2024-01-29 15:00:00,9,163,174
2024-01-29 15:00:00,10,170,170
2024-01-29 16:00:00,1,161,421
2024-01-29 16:00:00,2,236,362
2024-01-29 16:00:00,3,132,338
2024-01-29 16:00:00,4,237,323
2024-01-29 16:00:00,5,162,236
2024-01-29 16:00:00,6,163,221
2024-01-29 16:00:00,7,140,219
2024-01-29 16:00:00,8,138,184
2024-01-29 16:00:00,9,170,179
2024-01-29 16:00:00,10,142,154
2024-01-29 17:00:00,1,161,453
2024-01-29 17:00:00,2,236,390
2024-01-29 17:00:00,3,237,361
2024-01-29 17:00:00,4,162,322
2024-01-29 17:00:00,5,132,317
2024-01-29 17:00:00,6,163,255
2024-01-29 17:00:00,7,138,204
2024-01-29 17:00:00,8,140,201
2024-01-29 17:00:00,9,230,200
2024-01-29 17:00:00,10,170,194
2024-01-29 18:00:00,1,161,466
2024-01-29 18:00:00,2,162,374
2024-01-29 18:00:00,3,237,335
2024-01-29 18:00:00,4,236,333
2024-01-29 18:00:00,5,163,278
2024-01-29 18:00:00,6,132,239
2024-01-29 18:00:00,7,186,207
2024-01-29 18:00:00,8,230,206
2024-01-29 18:00:00,9,170,197
2024-01-29 18:00:00,10,142,193
2024-01-29 19:00:00,1,161,375
2024-01-29 19:00:00,2,132,336
2024-01-29 19:00:00,3,237,288
2024-01-29 19:00:00,4,162,263
2024-01-29 19:00:00,5,138,253
2024-01-29 19:00:00,6,163,229
2024-01-29 19:00:00,7,230,192
2024-01-29 19:00:00,8,234,192
2024-01-29 19:00:00,9,142,185
2024-01-29 19:00:00,10,236,179
2024-01-29 20:00:00,1,161,326
2024-01-29 20:00:00,2,237,284
2024-01-29 20:00:00,3,162,254
2024-01-29 20:00:00,4,132,252
2024-01-29 20:00:00,5,138,235
2024-01-29 20:00:00,6,163,204
2024-01-29 20:00:00,7,230,194
2024-01-29 20:00:00,8,234,167
2024-01-29 20:00:00,9,236,166
2024-01-29 20:00:00,10,142,160
2024-01-29 21:00:00,1,132,310
2024-01-29 21:00:00,2,161,289
2024-01-29 21:00:00,3,237,246
2024-01-29 21:00:00,4,230,188
2024-01-29 21:00:00,5,163,184
2024-01-29 21:00:00,6,138,180
2024-01-29 21:00:00,7,234,157
2024-01-29 21:00:00,8,162,136
2024-01-29 21:00:00,9,68,131
2024-01-29 21:00:00,10,142,127
2024-01-29 22:00:00,1,132,293
2024-01-29 22:00:00,2,138,217
2024-01-29 22:00:00,3,163,174
2024-01-29 22:00:00,4,161,173
2024-01-29 22:00:00,5,237,142
2024-01-29 22:00:00,6,230,128
2024-01-29 22:00:00,7,234,104
2024-01-29 22:00:00,8,162,100
2024-01-29 22:00:00,9,68,85
2024-01-29 22:00:00,10,186,85
2024-01-29 23:00:00,1,132,268
2024-01-29 23:00:00,2,186,195
2024-01-29 23:00:00,3,138,194
2024-01-29 23:00:00,4,161,83
2024-01-29 23:00:00,5,230,76
2024-01-29 23:00:00,6,68,71
2024-01-29 23:00:00,7,48,63
2024-01-29 23:00:00,8,163,57
2024-01-29 23:00:00,9,162,54
2024-01-29 23:00:00,10,234,54
2024-01-30 00:00:00,1,186,249
2024-01-30 00:00:00,2,132,195
2024-01-30 00:00:00,3,68,148
2024-01-30 00:00:00,4,164,144
2024-01-30 00:00:00,5,100,102
2024-01-30 00:00:00,6,230,56
2024-01-30 00:00:00,7,48,47
2024-01-30 00:00:00,8,234,42
2024-01-30 00:00:00,9,138,40
2024-01-30 00:00:00,10,161,40
2024-01-30 01:00:00,1,132,55
2024-01-30 01:00:00,2,186,34
2024-01-30 01:00:00,3,230,27
2024-01-30 01:00:00,4,114,22
2024-01-30 01:00:00,5,68,21
2024-01-30 01:00:00,6,48,20
2024-01-30 01:00:00,7,161,20
2024-01-30 01:00:00,8,249,19
2024-01-30 01:00:00,9,79,18
2024-01-30 01:00:00,10,164,16
2024-01-30 02:00:00,1,249,25
2024-01-30 02:00:00,2,48,20
2024-01-30 02:00:00,3,230,16
2024-01-30 02:00:00,4,186,15
2024-01-30 02:00:00,5,164,14
2024-01-30 02:00:00,6,79,11
2024-01-30 02:00:00,7,114,11
2024-01-30 02:00:00,8,132,11
2024-01-30 02:00:00,9,246,10
2024-01-30 02:00:00,10,263,7
2024-01-30 03:00:00,1,246,15
2024-01-30 03:00:00,2,48,13
2024-01-30 03:00:00,3,186,8
2024-01-30 03:00:00,4,230,8
2024-01-30 03:00:00,5,132,7
2024-01-30 03:00:00,6,79,6
2024-01-30 03:00:00,7,114,6
2024-01-30 03:00:00,8,68,5
2024-01-30 03:00:00,9,141,5
2024-01-30 03:00:00,10,158,5
2024-01-30 04:00:00,1,132,14
2024-01-30 04:00:00,2,48,12
2024-01-30 04:00:00,3,186,9
2024-01-30 04:00:00,4,230,9
2024-01-30 04:00:00,5,79,8
2024-01-30 04:00:00,6,140,7
2024-01-30 04:00:00,7,163,7
2024-01-30 04:00:00,8,164,7
2024-01-30 04:00:00,9,263,7
2024-01-30 04:00:00,10,68,6
2024-01-30 05:00:00,1,132,83
2024-01-30 05:00:00,2,186,56
2024-01-30 05:00:00,3,48,43
2024-01-30 05:00:00,4,100,37
2024-01-30 05:00:00,5,162,24
2024-01-30 05:00:00,6,263,19
2024-01-30 05:00:00,7,262,18
2024-01-30 05:00:00,8,239,17
2024-01-30 05:00:00,9,141,16
2024-01-30 05:00:00,10,236,13
2024-01-30 06:00:00,1,132,157
2024-01-30 06:00:00,2,186,122
2024-01-30 06:00:00,3,236,86
2024-01-30 06:00:00,4,48,85
2024-01-30 06:00:00,5,100,76
2024-01-30 06:00:00,6,162,73
2024-01-30 06:00:00,7,263,63
2024-01-30 06:00:00,8,262,54
2024-01-30 06:00:00,9,239,45
2024-01-30 06:00:00,10,141,44
2024-01-30 07:00:00,1,236,269
2024-01-30 07:00:00,2,186,207
2024-01-30 07:00:00,3,237,179
2024-01-30 07:00:00,4,262,166
2024-01-30 07:00:00,5,162,154
2024-01-30 07:00:00,6,239,146
2024-01-30 07:00:00,7,238,140
2024-01-30 07:00:00,8,140,122
2024-01-30 07:00:00,9,263,120
2024-01-30 07:00:00,10,141,118
2024-01-30 08:00:00,1,236,392
2024-01-30 08:00:00,2,186,259
2024-01-30 08:00:00,3,237,241
2024-01-30 08:00:00,4,162,214
2024-01-30 08:00:00,5,239,204
2024-01-30 08:00:00,6,140,190
2024-01-30 08:00:00,7,238,186
2024-01-30 08:00:00,8,262,172
2024-01-30 08:00:00,9,142,164
2024-01-30 08:00:00,10,141,160
2024-01-30 09:00:00,1,236,378
2024-01-30 09:00:00,2,237,307
2024-01-30 09:00:00,3,162,229
2024-01-30 09:00:00,4,186,229
2024-01-30 09:00:00,5,161,191
2024-01-30 09:00:00,6,239,180
2024-01-30 09:00:00,7,140,175
2024-01-30 09:00:00,8,262,166
2024-01-30 09:00:00,9,142,155
2024-01-30 09:00:00,10,170,153
2024-01-30 10:00:00,1,236,354
2024-01-30 10:00:00,2,237,305
2024-01-30 10:00:00,3,186,246
2024-01-30 10:00:00,4,161,214
2024-01-30 10:00:00,5,138,204
2024-01-30 10:00:00,6,162,195
2024-01-30 10:00:00,7,68,168
2024-01-30 10:00:00,8,140,166
2024-01-30 10:00:00,9,238,151
2024-01-30 10:00:00,10,239,149
2024-01-30 11:00:00,1,237,374
2024-01-30 11:00:00,2,236,365
2024-01-30 11:00:00,3,161,265
2024-01-30 11:00:00,4,162,231
2024-01-30 11:00:00,5,186,184
2024-01-30 11:00:00,6,140,171
2024-01-30 11:00:00,7,142,170
2024-01-30 11:00:00,8,163,163
2024-01-30 11:00:00,9,170,157
2024-01-30 11:00:00,10,230,144
2024-01-30 12:00:00,1,237,350
2024-01-30 12:00:00,2,236,346
2024-01-30 12:00:00,3,161,311
2024-01-30 12:00:00,4,162,228
2024-01-30 12:00:00,5,142,206
2024-01-30 12:00:00,6,138,200
2024-01-30 12:00:00,7,170,198
2024-01-30 12:00:00,8,239,172
2024-01-30 12:00:00,9,141,168
2024-01-30 12:00:00,10,140,167
2024-01-30 13:00:00,1,237,398
2024-01-30 13:00:00,2,161,358
2024-01-30 13:00:00,3,236,349
2024-01-30 13:00:00,4,162,205
2024-01-30 13:00:00,5,170,193
2024-01-30 13:00:00,6,140,183
2024-01-30 13:00:00,7,68,176
2024-01-30 13:00:00,8,142,167
2024-01-30 13:00:00,9,163,162
2024-01-30 13:00:00,10,239,162
2024-01-30 14:00:00,1,237,465
2024-01-30 14:00:00,2,236,402
2024-01-30 14:00:00,3,161,381
2024-01-30 14:00:00,4,162,269
2024-01-30 14:00:00,5,138,226
2024-01-30 14:00:00,6,163,221
2024-01-30 14:00:00,7,170,211
2024-01-30 14:00:00,8,140,210
2024-01-30 14:00:00,9,132,205
2024-01-30 14:00:00,10,234,204
2024-01-30 15:00:00,1,236,478
2024-01-30 15:00:00,2,237,427
2024-01-30 15:00:00,3,161,404
2024-01-30 15:00:00,4,162,250
2024-01-30 15:00:00,5,163,245
2024-01-30 15:00:00,6,140,237
2024-01-30 15:00:00,7,132,227
2024-01-30 15:00:00,8,142,191
2024-01-30 15:00:00,9,239,189
2024-01-30 15:00:00,10,141,186
2024-01-30 16:00:00,1,161,448
2024-01-30 16:00:00,2,237,402
2024-01-30 16:00:00,3,236,367
2024-01-30 16:00:00,4,162,303
2024-01-30 16:00:00,5,132,281
2024-01-30 16:00:00,6,170,222
2024-01-30 16:00:00,7,140,199
2024-01-30 16:00:00,8,163,185
2024-01-30 16:00:00,9,234,183
2024-01-30 16:00:00,10,239,167
2024-01-30 17:00:00,1,161,554
2024-01-30 17:00:00,2,236,423
2024-01-30 17:00:00,3,162,390
2024-01-30 17:00:00,4,237,370
2024-01-30 17:00:00,5,230,294
2024-01-30 17:00:00,6,170,270
2024-01-30 17:00:00,7,163,241
2024-01-30 17:00:00,8,234,233
2024-01-30 17:00:00,9,132,223
2024-01-30 17:00:00,10,68,212
2024-01-30 18:00:00,1,161,651
2024-01-30 18:00:00,2,162,457
2024-01-30 18:00:00,3,237,443
2024-01-30 18:00:00,4,236,375
2024-01-30 18:00:00,5,230,336
2024-01-30 18:00:00,6,163,286
2024-01-30 18:00:00,7,234,263
2024-01-30 18:00:00,8,170,253
2024-01-30 18:00:00,9,142,227
2024-01-30 18:00:00,10,68,221
2024-01-30 19:00:00,1,161,609
2024-01-30 19:00:00,2,237,452
2024-01-30 19:00:00,3,162,429
2024-01-30 19:00:00,4,230,306
2024-01-30 19:00:00,5,236,305
2024-01-30 19:00:00,6,234,300
2024-01-30 19:00:00,7,163,290
2024-01-30 19:00:00,8,170,246
2024-01-30 19:00:00,9,132,230
2024-01-30 19:00:00,10,138,225
2024-01-30 20:00:00,1,161,679
2024-01-30 20:00:00,2,162,340
2024-01-30 20:00:00,3,237,324
2024-01-30 20:00:00,4,230,319
2024-01-30 20:00:00,5,234,296
2024-01-30 20:00:00,6,163,254
2024-01-30 20:00:00,7,142,248
2024-01-30 20:00:00,8,170,245
2024-01-30 20:00:00,9,236,223
2024-01-30 20:00:00,10,132,199
2024-01-30 21:00:00,1,161,518
2024-01-30 21:00:00,2,230,466
2024-01-30 21:00:00,3,237,348
2024-01-30 21:00:00,4,186,334
2024-01-30 21:00:00,5,163,306
2024-01-30 21:00:00,6,162,302
2024-01-30 21:00:00,7,142,272
2024-01-30 21:00:00,8,234,260
2024-01-30 21:00:00,9,48,225
2024-01-30 21:00:00,10,170,210
2024-01-30 22:00:00,1,161,356
2024-01-30 22:00:00,2,163,295
2024-01-30 22:00:00,3,230,295
2024-01-30 22:00:00,4,186,235
2024-01-30 22:00:00,5,48,216
2024-01-30 22:00:00,6,234,192
2024-01-30 22:00:00,7,132,191
2024-01-30 22:00:00,8,68,190
2024-01-30 22:00:00,9,237,183
2024-01-30 22:00:00,10,142,179
2024-01-30 23:00:00,1,230,167
2024-01-30 23:00:00,2,132,141
2024-01-30 23:00:00,3,163,124
2024-01-30 23:00:00,4,249,107
2024-01-30 23:00:00,5,138,106
2024-01-30 23:00:00,6,68,101
2024-01-30 23:00:00,7,48,100
2024-01-30 23:00:00,8,161,99
2024-01-30 23:00:00,9,158,97
2024-01-30 23:00:00,10,234,91
2024-01-31 00:00:00,1,132,144
2024-01-31 00:00:00,2,158,75
2024-01-31 00:00:00,3,161,72
2024-01-31 00:00:00,4,230,61
2024-01-31 00:00:00,5,186,60
2024-01-31 00:00:00,6,249,60
2024-01-31 00:00:00,7,48,47
2024-01-31 00:00:00,8,163,45
2024-01-31 00:00:00,9,114,43
2024-01-31 00:00:00,10,68,42
2024-01-31 01:00:00,1,48,36
2024-01-31 01:00:00,2,249,36
2024-01-31 01:00:00,3,79,34
2024-01-31 01:00:00,4,230,33
2024-01-31 01:00:00,5,114,27
2024-01-31 01:00:00,6,161,21
2024-01-31 01:00:00,7,132,20
2024-01-31 01:00:00,8,158,17
2024-01-31 01:00:00,9,163,17
2024-01-31 01:00:00,10,186,17
2024-01-31 02:00:00,1,230,22
2024-01-31 02:00:00,2,249,22
2024-01-31 02:00:00,3,48,19
2024-01-31 02:00:00,4,79,19
2024-01-31 02:00:00,5,164,19
2024-01-31 02:00:00,6,100,18
2024-01-31 02:00:00,7,138,12
2024-01-31 02:00:00,8,186,12
2024-01-31 02:00:00,9,163,11
2024-01-31 02:00:00,10,161,9
2024-01-31 03:00:00,1,48,17
2024-01-31 03:00:00,2,79,15
2024-01-31 03:00:00,3,230,14
2024-01-31 03:00:00,4,249,13
2024-01-31 03:00:00,5,163,9
2024-01-31 03:00:00,6,100,8
2024-01-31 03:00:00,7,164,7
2024-01-31 03:00:00,8,140,6
2024-01-31 03:00:00,9,186,6
2024-01-31 03:00:00,10,90,5
2024-01-31 04:00:00,1,79,22
2024-01-31 04:00:00,2,230,19
2024-01-31 04:00:00,3,132,17
2024-01-31 04:00:00,4,48,15
2024-01-31 04:00:00,5,164,14
2024-01-31 04:00:00,6,162,9
2024-01-31 04:00:00,7,163,9
2024-01-31 04:00:00,8,161,6
2024-01-31 04:00:00,9,231,6
2024-01-31 04:00:00,10,238,6
2024-01-31 05:00:00,1,132,58
2024-01-31 05:00:00,2,186,55
2024-01-31 05:00:00,3,48,42
2024-01-31 05:00:00,4,100,35
2024-01-31 05:00:00,5,162,28
2024-01-31 05:00:00,6,107,17
2024-01-31 05:00:00,7,237,17
2024-01-31 05:00:00,8,236,16
2024-01-31 05:00:00,9,239,16
2024-01-31 05:00:00,10,262,16
2024-01-31 06:00:00,1,186,130
2024-01-31 06:00:00,2,48,108
2024-01-31 06:00:00,3,236,85
2024-01-31 06:00:00,4,162,82
2024-01-31 06:00:00,5,262,79
2024-01-31 06:00:00,6,132,75
2024-01-31 06:00:00,7,100,71
2024-01-31 06:00:00,8,141,58
2024-01-31 06:00:00,9,238,51
2024-01-31 06:00:00,10,263,50
2024-01-31 07:00:00,1,236,288
2024-01-31 07:00:00,2,186,229
2024-01-31 07:00:00,3,237,180
2024-01-31 07:00:00,4,262,157
2024-01-31 07:00:00,5,239,156
2024-01-31 07:00:00,6,141,141
2024-01-31 07:00:00,7,238,135
2024-01-31 07:00:00,8,162,129
2024-01-31 07:00:00,9,263,129
2024-01-31 07:00:00,10,140,119
2024-01-31 08:00:00,1,236,394
2024-01-31 08:00:00,2,237,277
2024-01-31 08:00:00,3,186,244
2024-01-31 08:00:00,4,162,205
2024-01-31 08:00:00,5,262,200
2024-01-31 08:00:00,6,239,196
2024-01-31 08:00:00,7,238,194
2024-01-31 08:00:00,8,140,178
2024-01-31 08:00:00,9,142,159
2024-01-31 08:00:00,10,170,156
2024-01-31 09:00:00,1,236,381
2024-01-31 09:00:00,2,237,342
2024-01-31 09:00:00,3,186,279
2024-01-31 09:00:00,4,162,211
2024-01-31 09:00:00,5,161,210
2024-01-31 09:00:00,6,170,194
2024-01-31 09:00:00,7,140,188
2024-01-31 09:00:00,8,239,183
2024-01-31 09:00:00,9,238,177
2024-01-31 09:00:00,10,262,172
2024-01-31 10:00:00,1,236,348
2024-01-31 10:00:00,2,237,297
2024-01-31 10:00:00,3,161,228
2024-01-31 10:00:00,4,186,223
2024-01-31 10:00:00,5,162,214
2024-01-31 10:00:00,6,239,178
2024-01-31 10:00:00,7,140,170
2024-01-31 10:00:00,8,238,162
2024-01-31 10:00:00,9,170,159
2024-01-31 10:00:00,10,141,151
2024-01-31 11:00:00,1,237,342
2024-01-31 11:00:00,2,236,335
2024-01-31 11:00:00,3,161,294
2024-01-31 11:00:00,4,162,199
2024-01-31 11:00:00,5,142,177
2024-01-31 11:00:00,6,163,176
2024-01-31 11:00:00,7,140,170
2024-01-31 11:00:00,8,186,166
2024-01-31 11:00:00,9,230,166
2024-01-31 11:00:00,10,170,156
2024-01-31 12:00:00,1,237,365
2024-01-31 12:00:00,2,236,340
2024-01-31 12:00:00,3,161,313
2024-01-31 12:00:00,4,162,245
2024-01-31 12:00:00,5,186,212
2024-01-31 12:00:00,6,140,189
2024-01-31 12:00:00,7,170,188
2024-01-31 12:00:00,8,163,182
2024-01-31 12:00:00,9,142,174
2024-01-31 12:00:00,10,141,172
2024-01-31 13:00:00,1,237,402
2024-01-31 13:00:00,2,161,352
2024-01-31 13:00:00,3,236,310
2024-01-31 13:00:00,4,162,221
2024-01-31 13:00:00,5,170,221
2024-01-31 13:00:00,6,163,208
2024-01-31 13:00:00,7,230,179
2024-01-31 13:00:00,8,142,177
2024-01-31 13:00:00,9,239,172
2024-01-31 13:00:00,10,140,166
2024-01-31 14:00:00,1,237,454
2024-01-31 14:00:00,2,161,377
2024-01-31 14:00:00,3,236,328
2024-01-31 14:00:00,4,162,261
2024-01-31 14:00:00,5,230,238
2024-01-31 14:00:00,6,163,227
2024-01-31 14:00:00,7,170,226
2024-01-31 14:00:00,8,142,218
2024-01-31 14:00:00,9,140,205
2024-01-31 14:00:00,10,138,193
2024-01-31 15:00:00,1,236,424
2024-01-31 15:00:00,2,237,389
2024-01-31 15:00:00,3,161,380
2024-01-31 15:00:00,4,140,255
2024-01-31 15:00:00,5,162,229
2024-01-31 15:00:00,6,163,221
2024-01-31 15:00:00,7,230,221
2024-01-31 15:00:00,8,132,195
2024-01-31 15:00:00,9,239,192
2024-01-31 15:00:00,10,142,187
2024-01-31 16:00:00,1,161,529
2024-01-31 16:00:00,2,236,407
2024-01-31 16:00:00,3,237,336
2024-01-31 16:00:00,4,132,278
2024-01-31 16:00:00,5,230,269
2024-01-31 16:00:00,6,162,263
2024-01-31 16:00:00,7,170,215
2024-01-31 16:00:00,8,140,208
2024-01-31 16:00:00,9,234,189
2024-01-31 16:00:00,10,163,188
2024-01-31 17:00:00,1,161,526
2024-01-31 17:00:00,2,236,381
2024-01-31 17:00:00,3,237,380
2024-01-31 17:00:00,4,162,360
2024-01-31 17:00:00,5,230,303
2024-01-31 17:00:00,6,170,262
2024-01-31 17:00:00,7,163,257
2024-01-31 17:00:00,8,132,239
2024-01-31 17:00:00,9,234,232
2024-01-31 17:00:00,10,142,219
2024-01-31 18:00:00,1,161,608
2024-01-31 18:00:00,2,162,466
2024-01-31 18:00:00,3,237,393
2024-01-31 18:00:00,4,236,386
2024-01-31 18:00:00,5,163,329
2024-01-31 18:00:00,6,230,292
2024-01-31 18:00:00,7,170,261
2024-01-31 18:00:00,8,132,242
2024-01-31 18:00:00,9,234,242
2024-01-31 18:00:00,10,142,238
2024-01-31 19:00:00,1,161,554
2024-01-31 19:00:00,2,162,332
2024-01-31 19:00:00,3,163,298
2024-01-31 19:00:00,4,237,294
2024-01-31 19:00:00,5,236,267
2024-01-31 19:00:00,6,230,266
2024-01-31 19:00:00,7,234,241
2024-01-31 19:00:00,8,132,229
2024-01-31 19:00:00,9,164,213
2024-01-31 19:00:00,10,170,206
2024-01-31 20:00:00,1,161,520
2024-01-31 20:00:00,2,162,335
2024-01-31 20:00:00,3,237,302
2024-01-31 20:00:00,4,230,295
2024-01-31 20:00:00,5,234,248
2024-01-31 20:00:00,6,163,238
2024-01-31 20:00:00,7,142,225
2024-01-31 20:00:00,8,170,223
2024-01-31 20:00:00,9,236,222
2024-01-31 20:00:00,10,138,196
2024-01-31 21:00:00,1,161,564
2024-01-31 21:00:00,2,142,463
2024-01-31 21:00:00,3,230,435
2024-01-31 21:00:00,4,162,280
2024-01-31 21:00:00,5,132,255
2024-01-31 21:00:00,6,237,245
2024-01-31 21:00:00,7,163,243
2024-01-31 21:00:00,8,234,233
2024-01-31 21:00:00,9,48,221
2024-01-31 21:00:00,10,249,197
2024-01-31 22:00:00,1,230,409
2024-01-31 22:00:00,2,161,333
2024-01-31 22:00:00,3,48,251
2024-01-31 22:00:00,4,234,244
2024-01-31 22:00:00,5,163,237
2024-01-31 22:00:00,6,142,220
2024-01-31 22:00:00,7,132,212
2024-01-31 22:00:00,8,138,210
2024-01-31 22:00:00,9,79,194
2024-01-31 22:00:00,10,162,192
2024-01-31 23:00:00,1,132,189
2024-01-31 23:00:00,2,138,137
2024-01-31 23:00:00,3,230,135
2024-01-31 23:00:00,4,48,125
2024-01-31 23:00:00,5,114,125
2024-01-31 23:00:00,6,249,123
2024-01-31 23:00:00,7,234,119
2024-01-31 23:00:00,8,161,118
2024-01-31 23:00:00,9,79,114
2024-01-31 23:00:00,10,68,108
2024-02-01 00:00:00,1,138,1
2024-02-01 00:00:00,2,161,1
2024-02-01 00:00:00,3,186,1
